2026/07/16 1:56:55 にビルドを開始しました。
ログの詳細度は次のように設定されています: Detailed。プロセス = "C:\Program Files\Microsoft Visual Studio\18\Community\MSBuild\Current\Bin\MSBuild.exe"
MSBuild 実行可能ファイルのパス = "C:\Program Files\Microsoft Visual Studio\18\Community\MSBuild\Current\Bin\MSBuild.exe"
コマンド ライン引数 = ""C:\Program Files\Microsoft Visual Studio\18\Community\MSBuild\Current\Bin\MSBuild.exe" Project\ONEngine.sln /t:Rebuild /p:Configuration=Debug /p:Platform=x64 /fl /flp:logfile=build_after.log"
現在のディレクトリ = "C:\Users\k023g\source\repos\TD4-2-Clone2"
MSBuild バージョン = "18.7.8+1ac568fee"
Windows レジストリ キー LongPathsEnabled に基づいて、LongPaths 機能は有効です。
Windows レジストリ キー VerifiedAndReputablePolicyState に基づいて、SAC 状態 = 0: オフ。
コマンド ラインの一部のスイッチは自動応答ファイル "C:\Program Files\Microsoft Visual Studio\18\Community\MSBuild\Current\Bin\MSBuild.rsp" から読み取られたものです。このファイルを無効にするには、"-noAutoResponse" スイッチをご使用ください。

プロパティの再代入: $(MSBuildExtensionsPath)="C:\Program Files\Microsoft Visual Studio\18\Community\MSBuild" (以前の値: "C:\Program Files (x86)\MSBuild") 
プロパティの再代入: $(MSBuildExtensionsPath32)="C:\Program Files\Microsoft Visual Studio\18\Community\MSBuild" (以前の値: "C:\Program Files (x86)\MSBuild") 
$(MSBuildExtensionsPath) で使用されている検索パスは C:\Program Files\Microsoft Visual Studio\18\Community\MSBuild;$(MSBuildProgramFiles32)\MSBuild です
$(MSBuildExtensionsPath) で使用されている検索パスは C:\Program Files\Microsoft Visual Studio\18\Community\MSBuild;$(MSBuildProgramFiles32)\MSBuild です
拡張パス C:\Program Files\Microsoft Visual Studio\18\Community\MSBuild を使用して C:\Program Files\Microsoft Visual Studio\18\Community\MSBuild\$(MSBuildToolsVersion)\SolutionFile\ImportAfter\* をインポートしようとしています
C:\Program Files\Microsoft Visual Studio\18\Community\Common7\IDE\CommonExtensions\Microsoft\NuGet\NuGet.targets(125,5): message : プロパティの再代入: $(_GenerateRestoreGraphProjectEntryInputProperties)="
C:\Program Files\Microsoft Visual Studio\18\Community\Common7\IDE\CommonExtensions\Microsoft\NuGet\NuGet.targets(125,5): message :       ExcludeRestorePackageImports=true;
C:\Program Files\Microsoft Visual Studio\18\Community\Common7\IDE\CommonExtensions\Microsoft\NuGet\NuGet.targets(125,5): message :       _RestoreSolutionFileUsed=true;
C:\Program Files\Microsoft Visual Studio\18\Community\Common7\IDE\CommonExtensions\Microsoft\NuGet\NuGet.targets(125,5): message :       SolutionDir=C:\Users\k023g\source\repos\TD4-2-Clone2\Project\;
C:\Program Files\Microsoft Visual Studio\18\Community\Common7\IDE\CommonExtensions\Microsoft\NuGet\NuGet.targets(125,5): message :       SolutionName=ONEngine;
C:\Program Files\Microsoft Visual Studio\18\Community\Common7\IDE\CommonExtensions\Microsoft\NuGet\NuGet.targets(125,5): message :       SolutionFileName=ONEngine.sln;
C:\Program Files\Microsoft Visual Studio\18\Community\Common7\IDE\CommonExtensions\Microsoft\NuGet\NuGet.targets(125,5): message :       SolutionPath=C:\Users\k023g\source\repos\TD4-2-Clone2\Project\ONEngine.sln;
C:\Program Files\Microsoft Visual Studio\18\Community\Common7\IDE\CommonExtensions\Microsoft\NuGet\NuGet.targets(125,5): message :       SolutionExt=.sln;
C:\Program Files\Microsoft Visual Studio\18\Community\Common7\IDE\CommonExtensions\Microsoft\NuGet\NuGet.targets(125,5): message :     " (以前の値: "ExcludeRestorePackageImports=true") C:\Program Files\Microsoft Visual Studio\18\Community\Common7\IDE\CommonExtensions\Microsoft\NuGet\NuGet.targets (125,5)
"C:\Program Files\Microsoft Visual Studio\18\Community\Common7\IDE\CommonExtensions\Microsoft\NuGet\NuGet.targets (705,11)" にある BeforeTargets 属性に一覧表示されているターゲット "_CheckForInvalidConfigurationAndPlatform" はプロジェクト内に存在しないため、無視されます。
ノード 1 上のプロジェクト "C:\Users\k023g\source\repos\TD4-2-Clone2\Project\ONEngine.sln" (Rebuild ターゲット)。
ファイル "C:\Users\k023g\source\repos\TD4-2-Clone2\Project\ONEngine.sln.metaproj" 内にある、プロジェクト "C:\Users\k023g\source\repos\TD4-2-Clone2\Project\ONEngine.sln" からのターゲット "ValidateSolutionConfiguration" (エントリ ポイント):
"Message" タスクをアセンブリ "Microsoft.Build.Tasks.Core, Version=15.1.0.0, Culture=neutral, PublicKeyToken=b03f5f7f11d50a3a" から使用しています。
タスク "Message"
  ソリューション構成 "Debug|x64" をビルドしています。
タスク "Message" の実行が終了しました。
プロジェクト "ONEngine.sln" 内のターゲット "ValidateSolutionConfiguration" のビルドが終了しました。
ファイル "C:\Users\k023g\source\repos\TD4-2-Clone2\Project\ONEngine.sln.metaproj" 内にある、プロジェクト "C:\Users\k023g\source\repos\TD4-2-Clone2\Project\ONEngine.sln" からのターゲット "ValidateToolsVersions" (エントリ ポイント):
プロジェクト "ONEngine.sln" 内のターゲット "ValidateToolsVersions" のビルドが終了しました。
ファイル "C:\Users\k023g\source\repos\TD4-2-Clone2\Project\ONEngine.sln.metaproj" 内にある、プロジェクト "C:\Users\k023g\source\repos\TD4-2-Clone2\Project\ONEngine.sln" からのターゲット "ValidateProjects" (エントリ ポイント):
プロジェクト "ONEngine.sln" 内のターゲット "ValidateProjects" のビルドが終了しました。
ファイル "C:\Users\k023g\source\repos\TD4-2-Clone2\Project\ONEngine.sln.metaproj" 内にある、プロジェクト "C:\Users\k023g\source\repos\TD4-2-Clone2\Project\ONEngine.sln" からのターゲット "Rebuild" (エントリ ポイント):
"MSBuild" タスクをアセンブリ "Microsoft.Build.Tasks.Core, Version=15.1.0.0, Culture=neutral, PublicKeyToken=b03f5f7f11d50a3a" から使用しています。
タスク "MSBuild"
  グローバル プロパティ:
    BuildingSolutionFile=true
    CurrentSolutionConfigurationContents=<SolutionConfiguration>
    <ProjectConfiguration Project="{58413781-440E-928C-6D27-80345953C71A}" AbsolutePath="C:\Users\k023g\source\repos\TD4-2-Clone2\Project\ONEngine.vcxproj" BuildProjectInSolution="True">Debug|x64<ProjectDependency Project="{A90EE592-95C6-26E0-FECD-FF3BEAA4C1D0}" /><ProjectDependency Project="{C0FF640D-2C14-8DBE-F595-301E616989EF}" /></ProjectConfiguration>
    <ProjectConfiguration Project="{A90EE592-95C6-26E0-FECD-FF3BEAA4C1D0}" AbsolutePath="C:\Users\k023g\source\repos\TD4-2-Clone2\Project\Externals\DirectXTex\DirectXTex.vcxproj" BuildProjectInSolution="True">Debug|x64</ProjectConfiguration>
    <ProjectConfiguration Project="{C0FF640D-2C14-8DBE-F595-301E616989EF}" AbsolutePath="C:\Users\k023g\source\repos\TD4-2-Clone2\Project\Externals\ImGui\ImGui.vcxproj" BuildProjectInSolution="True">Debug|x64</ProjectConfiguration>
  </SolutionConfiguration>
    SolutionDir=C:\Users\k023g\source\repos\TD4-2-Clone2\Project\
    SolutionExt=.sln
    SolutionFileName=ONEngine.sln
    SolutionName=ONEngine
    SolutionPath=C:\Users\k023g\source\repos\TD4-2-Clone2\Project\ONEngine.sln
  プロジェクト "C:\Users\k023g\source\repos\TD4-2-Clone2\Project\ONEngine.vcxproj.metaproj" の追加のプロパティ:
    Configuration=Debug
    Platform=x64
  プロジェクト "C:\Users\k023g\source\repos\TD4-2-Clone2\Project\Externals\DirectXTex\DirectXTex.vcxproj" の追加のプロパティ:
    Configuration=Debug
    Platform=x64
  プロジェクト "C:\Users\k023g\source\repos\TD4-2-Clone2\Project\Externals\ImGui\ImGui.vcxproj" の追加のプロパティ:
    Configuration=Debug
    Platform=x64
プロジェクト "C:\Users\k023g\source\repos\TD4-2-Clone2\Project\ONEngine.sln" (1) は、ノード 1 上に "C:\Users\k023g\source\repos\TD4-2-Clone2\Project\ONEngine.vcxproj.metaproj" (2) をビルドしています (Rebuild ターゲット)。
プロジェクト "C:\Users\k023g\source\repos\TD4-2-Clone2\Project\ONEngine.vcxproj.metaproj" 内のターゲット"Rebuild" (エントリ ポイント):
タスク "MSBuild"
  グローバル プロパティ:
    BuildingSolutionFile=true
    CurrentSolutionConfigurationContents=<SolutionConfiguration>
    <ProjectConfiguration Project="{58413781-440E-928C-6D27-80345953C71A}" AbsolutePath="C:\Users\k023g\source\repos\TD4-2-Clone2\Project\ONEngine.vcxproj" BuildProjectInSolution="True">Debug|x64<ProjectDependency Project="{A90EE592-95C6-26E0-FECD-FF3BEAA4C1D0}" /><ProjectDependency Project="{C0FF640D-2C14-8DBE-F595-301E616989EF}" /></ProjectConfiguration>
    <ProjectConfiguration Project="{A90EE592-95C6-26E0-FECD-FF3BEAA4C1D0}" AbsolutePath="C:\Users\k023g\source\repos\TD4-2-Clone2\Project\Externals\DirectXTex\DirectXTex.vcxproj" BuildProjectInSolution="True">Debug|x64</ProjectConfiguration>
    <ProjectConfiguration Project="{C0FF640D-2C14-8DBE-F595-301E616989EF}" AbsolutePath="C:\Users\k023g\source\repos\TD4-2-Clone2\Project\Externals\ImGui\ImGui.vcxproj" BuildProjectInSolution="True">Debug|x64</ProjectConfiguration>
  </SolutionConfiguration>
    SolutionDir=C:\Users\k023g\source\repos\TD4-2-Clone2\Project\
    SolutionExt=.sln
    SolutionFileName=ONEngine.sln
    SolutionName=ONEngine
    SolutionPath=C:\Users\k023g\source\repos\TD4-2-Clone2\Project\ONEngine.sln
  プロジェクト "C:\Users\k023g\source\repos\TD4-2-Clone2\Project\Externals\DirectXTex\DirectXTex.vcxproj" の追加のプロパティ:
    Configuration=Debug
    Platform=x64
  プロジェクト "C:\Users\k023g\source\repos\TD4-2-Clone2\Project\Externals\ImGui\ImGui.vcxproj" の追加のプロパティ:
    Configuration=Debug
    Platform=x64
プロパティの再代入: $(MSBuildExtensionsPath)="C:\Program Files\Microsoft Visual Studio\18\Community\MSBuild" (以前の値: "C:\Program Files (x86)\MSBuild") 
プロパティの再代入: $(MSBuildExtensionsPath32)="C:\Program Files\Microsoft Visual Studio\18\Community\MSBuild" (以前の値: "C:\Program Files (x86)\MSBuild") 
$(MSBuildExtensionsPath) で使用されている検索パスは C:\Program Files\Microsoft Visual Studio\18\Community\MSBuild;$(MSBuildProgramFiles32)\MSBuild です
拡張パス C:\Program Files\Microsoft Visual Studio\18\Community\MSBuild を使用して C:\Program Files\Microsoft Visual Studio\18\Community\MSBuild\$(MSBuildToolsVersion)\Microsoft.Common.props をインポートしようとしています
C:\Program Files\Microsoft Visual Studio\18\Community\MSBuild\Current\Microsoft.Common.props(60,5): message : プロパティの再代入: $(MSBuildProjectExtensionsPath)="C:\Users\k023g\source\repos\TD4-2-Clone2\Project\Externals\DirectXTex\obj\" (以前の値: "obj\") C:\Program Files\Microsoft Visual Studio\18\Community\MSBuild\Current\Microsoft.Common.props (60,5)
C:\Program Files\Microsoft Visual Studio\18\Community\MSBuild\Current\Microsoft.Common.props(84,119): message : 環境から展開された 'C:\Users\k023g\AppData\Local\Microsoft\MSBuild' 値を持つプロパティ 'MSBuildUserExtensionsPath'。
$(MSBuildExtensionsPath) で使用されている検索パスは C:\Program Files\Microsoft Visual Studio\18\Community\MSBuild;$(MSBuildProgramFiles32)\MSBuild です
拡張パス C:\Program Files\Microsoft Visual Studio\18\Community\MSBuild を使用して C:\Program Files\Microsoft Visual Studio\18\Community\MSBuild\$(MSBuildToolsVersion)\Imports\Microsoft.Common.props\ImportBefore\* をインポートしようとしています
Evaluation 中にアセンブリが読み込まれました: mscorlib.resources, Version=4.0.0.0, Culture=ja, PublicKeyToken=b77a5c561934e089 (場所: C:\WINDOWS\Microsoft.Net\assembly\GAC_MSIL\mscorlib.resources\v4.0_4.0.0.0_ja_b77a5c561934e089\mscorlib.resources.dll、MVID: 9152f142-b623-4faa-a3fe-a0d03f3f4569、AppDomain: [Default])
"Configuration" プロパティはグローバル プロパティであり、変更できません。
$(MSBuildExtensionsPath) で使用されている検索パスは C:\Program Files\Microsoft Visual Studio\18\Community\MSBuild;$(MSBuildProgramFiles32)\MSBuild です
拡張パス C:\Program Files\Microsoft Visual Studio\18\Community\MSBuild を使用して C:\Program Files\Microsoft Visual Studio\18\Community\MSBuild\$(MSBuildToolsVersion)\Microsoft.VisualStudioVersion.v*.Common.props をインポートしようとしています
拡張パス C:\Program Files (x86)\MSBuild を使用して C:\Program Files (x86)\MSBuild\$(MSBuildToolsVersion)\Microsoft.VisualStudioVersion.v*.Common.props をインポートしようとしています
$(MSBuildExtensionsPath) で使用されている検索パスは C:\Program Files\Microsoft Visual Studio\18\Community\MSBuild;$(MSBuildProgramFiles32)\MSBuild です
"Configuration" プロパティはグローバル プロパティであり、変更できません。
"SolutionDir" プロパティはグローバル プロパティであり、変更できません。
C:\Program Files\Microsoft Visual Studio\18\Community\MSBuild\Microsoft\VC\v180\Microsoft.Cpp.Default.props(227,5): message : 環境から展開された 'C:\Users\k023g\AppData\Local' 値を持つプロパティ 'LOCALAPPDATA'。
C:\Users\k023g\source\repos\TD4-2-Clone2\Project\Externals\DirectXTex\DirectXTex.vcxproj(26,5): message : プロパティの再代入: $(ConfigurationType)="StaticLibrary" (以前の値: "Application") C:\Users\k023g\source\repos\TD4-2-Clone2\Project\Externals\DirectXTex\DirectXTex.vcxproj (26,5)
C:\Users\k023g\source\repos\TD4-2-Clone2\Project\Externals\DirectXTex\DirectXTex.vcxproj(27,5): message : プロパティの再代入: $(UseDebugLibraries)="true" (以前の値: "false") C:\Users\k023g\source\repos\TD4-2-Clone2\Project\Externals\DirectXTex\DirectXTex.vcxproj (27,5)
C:\Users\k023g\source\repos\TD4-2-Clone2\Project\Externals\DirectXTex\DirectXTex.vcxproj(28,5): message : プロパティの再代入: $(CharacterSet)="Unicode" (以前の値: "NotSet") C:\Users\k023g\source\repos\TD4-2-Clone2\Project\Externals\DirectXTex\DirectXTex.vcxproj (28,5)
C:\Program Files\Microsoft Visual Studio\18\Community\MSBuild\Microsoft\VC\v180\Microsoft.Cpp.ToolsetLocation.props(81,32): message : 環境から展開された 'x86' 値を持つプロパティ 'PROCESSOR_ARCHITECTURE'。
C:\Program Files\Microsoft Visual Studio\18\Community\MSBuild\Microsoft\VC\v180\Microsoft.Cpp.WindowsSDK.props(46,5): message : プロパティの再代入: $(NETFXSDK_Version)="4.8" (以前の値: "4.8.1") C:\Program Files\Microsoft Visual Studio\18\Community\MSBuild\Microsoft\VC\v180\Microsoft.Cpp.WindowsSDK.props (46,5)
C:\Program Files\Microsoft Visual Studio\18\Community\MSBuild\Microsoft\VC\v180\Microsoft.Cpp.WindowsSDK.props(50,5): message : プロパティの再代入: $(NETFXKitsDir)="C:\Program Files (x86)\Windows Kits\NETFXSDK\4.8\" (以前の値: "") C:\Program Files\Microsoft Visual Studio\18\Community\MSBuild\Microsoft\VC\v180\Microsoft.Cpp.WindowsSDK.props (50,5)
C:\Program Files\Microsoft Visual Studio\18\Community\MSBuild\Microsoft\VC\v180\Microsoft.Cpp.WindowsSDK.props(53,5): message : プロパティの再代入: $(NETFXSDKDir)="C:\Program Files (x86)\Microsoft SDKs\Windows\v10.0A\" (以前の値: "") C:\Program Files\Microsoft Visual Studio\18\Community\MSBuild\Microsoft\VC\v180\Microsoft.Cpp.WindowsSDK.props (53,5)
C:\Program Files\Microsoft Visual Studio\18\Community\MSBuild\Microsoft\VC\v180\Microsoft.Cpp.WindowsSDK.props(197,5): message : プロパティの再代入: $(WindowsSDK_ExecutablePath_x86)="C:\Program Files (x86)\Windows Kits\10\bin\10.0.26100.0\x86;;C:\Program Files (x86)\Microsoft SDKs\Windows\v10.0A\bin\NETFX 4.8 Tools" (以前の値: "C:\Program Files (x86)\Windows Kits\10\bin\10.0.26100.0\x86;") C:\Program Files\Microsoft Visual Studio\18\Community\MSBuild\Microsoft\VC\v180\Microsoft.Cpp.WindowsSDK.props (197,5)
C:\Program Files\Microsoft Visual Studio\18\Community\MSBuild\Microsoft\VC\v180\Microsoft.Cpp.WindowsSDK.props(198,5): message : プロパティの再代入: $(WindowsSDK_ExecutablePath_x64)="C:\Program Files (x86)\Windows Kits\10\bin\10.0.26100.0\x64;;C:\Program Files (x86)\Microsoft SDKs\Windows\v10.0A\bin\NETFX 4.8 Tools\x64" (以前の値: "C:\Program Files (x86)\Windows Kits\10\bin\10.0.26100.0\x64;") C:\Program Files\Microsoft Visual Studio\18\Community\MSBuild\Microsoft\VC\v180\Microsoft.Cpp.WindowsSDK.props (198,5)
C:\Program Files\Microsoft Visual Studio\18\Community\MSBuild\Microsoft\VC\v180\Microsoft.Cpp.Common.props(43,5): message : プロパティの再代入: $(TargetExt)=".lib" (以前の値: "") C:\Program Files\Microsoft Visual Studio\18\Community\MSBuild\Microsoft\VC\v180\Microsoft.Cpp.Common.props (43,5)
C:\Program Files\Microsoft Visual Studio\18\Community\MSBuild\Microsoft\VC\v180\Microsoft.Cpp.Common.props(89,5): message : プロパティの再代入: $(VC_ExecutablePath_Loc)="C:\Program Files\Microsoft Visual Studio\18\Community\VC\Tools\MSVC\14.51.36231\bin\HostX64\x64\1033;C:\Program Files\Microsoft Visual Studio\18\Community\VC\Tools\MSVC\14.51.36231\bin\HostX64\x86\1033;;;" (以前の値: "C:\Program Files\Microsoft Visual Studio\18\Community\VC\Tools\MSVC\14.51.36231\bin\HostX64\x86\1033;;") C:\Program Files\Microsoft Visual Studio\18\Community\MSBuild\Microsoft\VC\v180\Microsoft.Cpp.Common.props (89,5)
C:\Program Files\Microsoft Visual Studio\18\Community\MSBuild\Microsoft\VC\v180\Microsoft.Cpp.Common.props(90,5): message : プロパティの再代入: $(VC_ExecutablePath_Loc)="C:\Program Files\Microsoft Visual Studio\18\Community\VC\Tools\MSVC\14.51.36231\bin\HostX64\arm\1033;C:\Program Files\Microsoft Visual Studio\18\Community\VC\Tools\MSVC\14.51.36231\bin\HostX64\x64\1033;C:\Program Files\Microsoft Visual Studio\18\Community\VC\Tools\MSVC\14.51.36231\bin\HostX64\x86\1033;;;;" (以前の値: "C:\Program Files\Microsoft Visual Studio\18\Community\VC\Tools\MSVC\14.51.36231\bin\HostX64\x64\1033;C:\Program Files\Microsoft Visual Studio\18\Community\VC\Tools\MSVC\14.51.36231\bin\HostX64\x86\1033;;;") C:\Program Files\Microsoft Visual Studio\18\Community\MSBuild\Microsoft\VC\v180\Microsoft.Cpp.Common.props (90,5)
C:\Program Files\Microsoft Visual Studio\18\Community\MSBuild\Microsoft\VC\v180\Microsoft.Cpp.Common.props(91,5): message : プロパティの再代入: $(VC_ExecutablePath_Loc)="C:\Program Files\Microsoft Visual Studio\18\Community\VC\Tools\MSVC\14.51.36231\bin\HostX64\arm64\1033;C:\Program Files\Microsoft Visual Studio\18\Community\VC\Tools\MSVC\14.51.36231\bin\HostX64\arm\1033;C:\Program Files\Microsoft Visual Studio\18\Community\VC\Tools\MSVC\14.51.36231\bin\HostX64\x64\1033;C:\Program Files\Microsoft Visual Studio\18\Community\VC\Tools\MSVC\14.51.36231\bin\HostX64\x86\1033;;;;;" (以前の値: "C:\Program Files\Microsoft Visual Studio\18\Community\VC\Tools\MSVC\14.51.36231\bin\HostX64\arm\1033;C:\Program Files\Microsoft Visual Studio\18\Community\VC\Tools\MSVC\14.51.36231\bin\HostX64\x64\1033;C:\Program Files\Microsoft Visual Studio\18\Community\VC\Tools\MSVC\14.51.36231\bin\HostX64\x86\1033;;;;") C:\Program Files\Microsoft Visual Studio\18\Community\MSBuild\Microsoft\VC\v180\Microsoft.Cpp.Common.props (91,5)
C:\Program Files\Microsoft Visual Studio\18\Community\MSBuild\Microsoft\VC\v180\Microsoft.Cpp.Common.props(92,5): message : プロパティの再代入: $(VC_ExecutablePath_Loc)="C:\Program Files\Microsoft Visual Studio\18\Community\VC\Tools\MSVC\14.51.36231\bin\HostX86\x86\1033;C:\Program Files\Microsoft Visual Studio\18\Community\VC\Tools\MSVC\14.51.36231\bin\HostX64\arm64\1033;C:\Program Files\Microsoft Visual Studio\18\Community\VC\Tools\MSVC\14.51.36231\bin\HostX64\arm\1033;C:\Program Files\Microsoft Visual Studio\18\Community\VC\Tools\MSVC\14.51.36231\bin\HostX64\x64\1033;C:\Program Files\Microsoft Visual Studio\18\Community\VC\Tools\MSVC\14.51.36231\bin\HostX64\x86\1033;;;;;;" (以前の値: "C:\Program Files\Microsoft Visual Studio\18\Community\VC\Tools\MSVC\14.51.36231\bin\HostX64\arm64\1033;C:\Program Files\Microsoft Visual Studio\18\Community\VC\Tools\MSVC\14.51.36231\bin\HostX64\arm\1033;C:\Program Files\Microsoft Visual Studio\18\Community\VC\Tools\MSVC\14.51.36231\bin\HostX64\x64\1033;C:\Program Files\Microsoft Visual Studio\18\Community\VC\Tools\MSVC\14.51.36231\bin\HostX64\x86\1033;;;;;") C:\Program Files\Microsoft Visual Studio\18\Community\MSBuild\Microsoft\VC\v180\Microsoft.Cpp.Common.props (92,5)
C:\Program Files\Microsoft Visual Studio\18\Community\MSBuild\Microsoft\VC\v180\Microsoft.Cpp.Common.props(93,5): message : プロパティの再代入: $(VC_ExecutablePath_Loc)="C:\Program Files\Microsoft Visual Studio\18\Community\VC\Tools\MSVC\14.51.36231\bin\HostX86\x64\1033;C:\Program Files\Microsoft Visual Studio\18\Community\VC\Tools\MSVC\14.51.36231\bin\HostX86\x86\1033;C:\Program Files\Microsoft Visual Studio\18\Community\VC\Tools\MSVC\14.51.36231\bin\HostX64\arm64\1033;C:\Program Files\Microsoft Visual Studio\18\Community\VC\Tools\MSVC\14.51.36231\bin\HostX64\arm\1033;C:\Program Files\Microsoft Visual Studio\18\Community\VC\Tools\MSVC\14.51.36231\bin\HostX64\x64\1033;C:\Program Files\Microsoft Visual Studio\18\Community\VC\Tools\MSVC\14.51.36231\bin\HostX64\x86\1033;;;;;;;" (以前の値: "C:\Program Files\Microsoft Visual Studio\18\Community\VC\Tools\MSVC\14.51.36231\bin\HostX86\x86\1033;C:\Program Files\Microsoft Visual Studio\18\Community\VC\Tools\MSVC\14.51.36231\bin\HostX64\arm64\1033;C:\Program Files\Microsoft Visual Studio\18\Community\VC\Tools\MSVC\14.51.36231\bin\HostX64\arm\1033;C:\Program Files\Microsoft Visual Studio\18\Community\VC\Tools\MSVC\14.51.36231\bin\HostX64\x64\1033;C:\Program Files\Microsoft Visual Studio\18\Community\VC\Tools\MSVC\14.51.36231\bin\HostX64\x86\1033;;;;;;") C:\Program Files\Microsoft Visual Studio\18\Community\MSBuild\Microsoft\VC\v180\Microsoft.Cpp.Common.props (93,5)
C:\Program Files\Microsoft Visual Studio\18\Community\MSBuild\Microsoft\VC\v180\Microsoft.Cpp.Common.props(94,5): message : プロパティの再代入: $(VC_ExecutablePath_Loc)="C:\Program Files\Microsoft Visual Studio\18\Community\VC\Tools\MSVC\14.51.36231\bin\HostX86\arm64\1033;C:\Program Files\Microsoft Visual Studio\18\Community\VC\Tools\MSVC\14.51.36231\bin\HostX86\x64\1033;C:\Program Files\Microsoft Visual Studio\18\Community\VC\Tools\MSVC\14.51.36231\bin\HostX86\x86\1033;C:\Program Files\Microsoft Visual Studio\18\Community\VC\Tools\MSVC\14.51.36231\bin\HostX64\arm64\1033;C:\Program Files\Microsoft Visual Studio\18\Community\VC\Tools\MSVC\14.51.36231\bin\HostX64\arm\1033;C:\Program Files\Microsoft Visual Studio\18\Community\VC\Tools\MSVC\14.51.36231\bin\HostX64\x64\1033;C:\Program Files\Microsoft Visual Studio\18\Community\VC\Tools\MSVC\14.51.36231\bin\HostX64\x86\1033;;;;;;;;" (以前の値: "C:\Program Files\Microsoft Visual Studio\18\Community\VC\Tools\MSVC\14.51.36231\bin\HostX86\x64\1033;C:\Program Files\Microsoft Visual Studio\18\Community\VC\Tools\MSVC\14.51.36231\bin\HostX86\x86\1033;C:\Program Files\Microsoft Visual Studio\18\Community\VC\Tools\MSVC\14.51.36231\bin\HostX64\arm64\1033;C:\Program Files\Microsoft Visual Studio\18\Community\VC\Tools\MSVC\14.51.36231\bin\HostX64\arm\1033;C:\Program Files\Microsoft Visual Studio\18\Community\VC\Tools\MSVC\14.51.36231\bin\HostX64\x64\1033;C:\Program Files\Microsoft Visual Studio\18\Community\VC\Tools\MSVC\14.51.36231\bin\HostX64\x86\1033;;;;;;;") C:\Program Files\Microsoft Visual Studio\18\Community\MSBuild\Microsoft\VC\v180\Microsoft.Cpp.Common.props (94,5)
C:\Program Files\Microsoft Visual Studio\18\Community\MSBuild\Microsoft\VC\v180\Microsoft.Cpp.Common.props(95,5): message : プロパティの再代入: $(VC_ExecutablePath_Loc)="C:\Program Files\Microsoft Visual Studio\18\Community\VC\Tools\MSVC\14.51.36231\bin\HostArm64\x86\1033;C:\Program Files\Microsoft Visual Studio\18\Community\VC\Tools\MSVC\14.51.36231\bin\HostX86\arm64\1033;C:\Program Files\Microsoft Visual Studio\18\Community\VC\Tools\MSVC\14.51.36231\bin\HostX86\x64\1033;C:\Program Files\Microsoft Visual Studio\18\Community\VC\Tools\MSVC\14.51.36231\bin\HostX86\x86\1033;C:\Program Files\Microsoft Visual Studio\18\Community\VC\Tools\MSVC\14.51.36231\bin\HostX64\arm64\1033;C:\Program Files\Microsoft Visual Studio\18\Community\VC\Tools\MSVC\14.51.36231\bin\HostX64\arm\1033;C:\Program Files\Microsoft Visual Studio\18\Community\VC\Tools\MSVC\14.51.36231\bin\HostX64\x64\1033;C:\Program Files\Microsoft Visual Studio\18\Community\VC\Tools\MSVC\14.51.36231\bin\HostX64\x86\1033;;;;;;;;;" (以前の値: "C:\Program Files\Microsoft Visual Studio\18\Community\VC\Tools\MSVC\14.51.36231\bin\HostX86\arm64\1033;C:\Program Files\Microsoft Visual Studio\18\Community\VC\Tools\MSVC\14.51.36231\bin\HostX86\x64\1033;C:\Program Files\Microsoft Visual Studio\18\Community\VC\Tools\MSVC\14.51.36231\bin\HostX86\x86\1033;C:\Program Files\Microsoft Visual Studio\18\Community\VC\Tools\MSVC\14.51.36231\bin\HostX64\arm64\1033;C:\Program Files\Microsoft Visual Studio\18\Community\VC\Tools\MSVC\14.51.36231\bin\HostX64\arm\1033;C:\Program Files\Microsoft Visual Studio\18\Community\VC\Tools\MSVC\14.51.36231\bin\HostX64\x64\1033;C:\Program Files\Microsoft Visual Studio\18\Community\VC\Tools\MSVC\14.51.36231\bin\HostX64\x86\1033;;;;;;;;") C:\Program Files\Microsoft Visual Studio\18\Community\MSBuild\Microsoft\VC\v180\Microsoft.Cpp.Common.props (95,5)
C:\Program Files\Microsoft Visual Studio\18\Community\MSBuild\Microsoft\VC\v180\Microsoft.Cpp.Common.props(96,5): message : プロパティの再代入: $(VC_ExecutablePath_Loc)="C:\Program Files\Microsoft Visual Studio\18\Community\VC\Tools\MSVC\14.51.36231\bin\HostArm64\x64\1033;C:\Program Files\Microsoft Visual Studio\18\Community\VC\Tools\MSVC\14.51.36231\bin\HostArm64\x86\1033;C:\Program Files\Microsoft Visual Studio\18\Community\VC\Tools\MSVC\14.51.36231\bin\HostX86\arm64\1033;C:\Program Files\Microsoft Visual Studio\18\Community\VC\Tools\MSVC\14.51.36231\bin\HostX86\x64\1033;C:\Program Files\Microsoft Visual Studio\18\Community\VC\Tools\MSVC\14.51.36231\bin\HostX86\x86\1033;C:\Program Files\Microsoft Visual Studio\18\Community\VC\Tools\MSVC\14.51.36231\bin\HostX64\arm64\1033;C:\Program Files\Microsoft Visual Studio\18\Community\VC\Tools\MSVC\14.51.36231\bin\HostX64\arm\1033;C:\Program Files\Microsoft Visual Studio\18\Community\VC\Tools\MSVC\14.51.36231\bin\HostX64\x64\1033;C:\Program Files\Microsoft Visual Studio\18\Community\VC\Tools\MSVC\14.51.36231\bin\HostX64\x86\1033;;;;;;;;;;" (以前の値: "C:\Program Files\Microsoft Visual Studio\18\Community\VC\Tools\MSVC\14.51.36231\bin\HostArm64\x86\1033;C:\Program Files\Microsoft Visual Studio\18\Community\VC\Tools\MSVC\14.51.36231\bin\HostX86\arm64\1033;C:\Program Files\Microsoft Visual Studio\18\Community\VC\Tools\MSVC\14.51.36231\bin\HostX86\x64\1033;C:\Program Files\Microsoft Visual Studio\18\Community\VC\Tools\MSVC\14.51.36231\bin\HostX86\x86\1033;C:\Program Files\Microsoft Visual Studio\18\Community\VC\Tools\MSVC\14.51.36231\bin\HostX64\arm64\1033;C:\Program Files\Microsoft Visual Studio\18\Community\VC\Tools\MSVC\14.51.36231\bin\HostX64\arm\1033;C:\Program Files\Microsoft Visual Studio\18\Community\VC\Tools\MSVC\14.51.36231\bin\HostX64\x64\1033;C:\Program Files\Microsoft Visual Studio\18\Community\VC\Tools\MSVC\14.51.36231\bin\HostX64\x86\1033;;;;;;;;;") C:\Program Files\Microsoft Visual Studio\18\Community\MSBuild\Microsoft\VC\v180\Microsoft.Cpp.Common.props (96,5)
C:\Program Files\Microsoft Visual Studio\18\Community\MSBuild\Microsoft\VC\v180\Microsoft.Cpp.Common.props(97,5): message : プロパティの再代入: $(VC_ExecutablePath_Loc)="C:\Program Files\Microsoft Visual Studio\18\Community\VC\Tools\MSVC\14.51.36231\bin\HostArm64\arm\1033;C:\Program Files\Microsoft Visual Studio\18\Community\VC\Tools\MSVC\14.51.36231\bin\HostArm64\x64\1033;C:\Program Files\Microsoft Visual Studio\18\Community\VC\Tools\MSVC\14.51.36231\bin\HostArm64\x86\1033;C:\Program Files\Microsoft Visual Studio\18\Community\VC\Tools\MSVC\14.51.36231\bin\HostX86\arm64\1033;C:\Program Files\Microsoft Visual Studio\18\Community\VC\Tools\MSVC\14.51.36231\bin\HostX86\x64\1033;C:\Program Files\Microsoft Visual Studio\18\Community\VC\Tools\MSVC\14.51.36231\bin\HostX86\x86\1033;C:\Program Files\Microsoft Visual Studio\18\Community\VC\Tools\MSVC\14.51.36231\bin\HostX64\arm64\1033;C:\Program Files\Microsoft Visual Studio\18\Community\VC\Tools\MSVC\14.51.36231\bin\HostX64\arm\1033;C:\Program Files\Microsoft Visual Studio\18\Community\VC\Tools\MSVC\14.51.36231\bin\HostX64\x64\1033;C:\Program Files\Microsoft Visual Studio\18\Community\VC\Tools\MSVC\14.51.36231\bin\HostX64\x86\1033;;;;;;;;;;;" (以前の値: "C:\Program Files\Microsoft Visual Studio\18\Community\VC\Tools\MSVC\14.51.36231\bin\HostArm64\x64\1033;C:\Program Files\Microsoft Visual Studio\18\Community\VC\Tools\MSVC\14.51.36231\bin\HostArm64\x86\1033;C:\Program Files\Microsoft Visual Studio\18\Community\VC\Tools\MSVC\14.51.36231\bin\HostX86\arm64\1033;C:\Program Files\Microsoft Visual Studio\18\Community\VC\Tools\MSVC\14.51.36231\bin\HostX86\x64\1033;C:\Program Files\Microsoft Visual Studio\18\Community\VC\Tools\MSVC\14.51.36231\bin\HostX86\x86\1033;C:\Program Files\Microsoft Visual Studio\18\Community\VC\Tools\MSVC\14.51.36231\bin\HostX64\arm64\1033;C:\Program Files\Microsoft Visual Studio\18\Community\VC\Tools\MSVC\14.51.36231\bin\HostX64\arm\1033;C:\Program Files\Microsoft Visual Studio\18\Community\VC\Tools\MSVC\14.51.36231\bin\HostX64\x64\1033;C:\Program Files\Microsoft Visual Studio\18\Community\VC\Tools\MSVC\14.51.36231\bin\HostX64\x86\1033;;;;;;;;;;") C:\Program Files\Microsoft Visual Studio\18\Community\MSBuild\Microsoft\VC\v180\Microsoft.Cpp.Common.props (97,5)
C:\Program Files\Microsoft Visual Studio\18\Community\MSBuild\Microsoft\VC\v180\Microsoft.Cpp.Common.props(98,5): message : プロパティの再代入: $(VC_ExecutablePath_Loc)="C:\Program Files\Microsoft Visual Studio\18\Community\VC\Tools\MSVC\14.51.36231\bin\HostArm64\arm64\1033;C:\Program Files\Microsoft Visual Studio\18\Community\VC\Tools\MSVC\14.51.36231\bin\HostArm64\arm\1033;C:\Program Files\Microsoft Visual Studio\18\Community\VC\Tools\MSVC\14.51.36231\bin\HostArm64\x64\1033;C:\Program Files\Microsoft Visual Studio\18\Community\VC\Tools\MSVC\14.51.36231\bin\HostArm64\x86\1033;C:\Program Files\Microsoft Visual Studio\18\Community\VC\Tools\MSVC\14.51.36231\bin\HostX86\arm64\1033;C:\Program Files\Microsoft Visual Studio\18\Community\VC\Tools\MSVC\14.51.36231\bin\HostX86\x64\1033;C:\Program Files\Microsoft Visual Studio\18\Community\VC\Tools\MSVC\14.51.36231\bin\HostX86\x86\1033;C:\Program Files\Microsoft Visual Studio\18\Community\VC\Tools\MSVC\14.51.36231\bin\HostX64\arm64\1033;C:\Program Files\Microsoft Visual Studio\18\Community\VC\Tools\MSVC\14.51.36231\bin\HostX64\arm\1033;C:\Program Files\Microsoft Visual Studio\18\Community\VC\Tools\MSVC\14.51.36231\bin\HostX64\x64\1033;C:\Program Files\Microsoft Visual Studio\18\Community\VC\Tools\MSVC\14.51.36231\bin\HostX64\x86\1033;;;;;;;;;;;;" (以前の値: "C:\Program Files\Microsoft Visual Studio\18\Community\VC\Tools\MSVC\14.51.36231\bin\HostArm64\arm\1033;C:\Program Files\Microsoft Visual Studio\18\Community\VC\Tools\MSVC\14.51.36231\bin\HostArm64\x64\1033;C:\Program Files\Microsoft Visual Studio\18\Community\VC\Tools\MSVC\14.51.36231\bin\HostArm64\x86\1033;C:\Program Files\Microsoft Visual Studio\18\Community\VC\Tools\MSVC\14.51.36231\bin\HostX86\arm64\1033;C:\Program Files\Microsoft Visual Studio\18\Community\VC\Tools\MSVC\14.51.36231\bin\HostX86\x64\1033;C:\Program Files\Microsoft Visual Studio\18\Community\VC\Tools\MSVC\14.51.36231\bin\HostX86\x86\1033;C:\Program Files\Microsoft Visual Studio\18\Community\VC\Tools\MSVC\14.51.36231\bin\HostX64\arm64\1033;C:\Program Files\Microsoft Visual Studio\18\Community\VC\Tools\MSVC\14.51.36231\bin\HostX64\arm\1033;C:\Program Files\Microsoft Visual Studio\18\Community\VC\Tools\MSVC\14.51.36231\bin\HostX64\x64\1033;C:\Program Files\Microsoft Visual Studio\18\Community\VC\Tools\MSVC\14.51.36231\bin\HostX64\x86\1033;;;;;;;;;;;") C:\Program Files\Microsoft Visual Studio\18\Community\MSBuild\Microsoft\VC\v180\Microsoft.Cpp.Common.props (98,5)
C:\Program Files\Microsoft Visual Studio\18\Community\MSBuild\Microsoft\VC\v180\Microsoft.Cpp.Common.props(146,5): message : 環境から展開された 'MSI' 値を持つプロパティ 'COMPUTERNAME'。
C:\Program Files\Microsoft Visual Studio\18\Community\MSBuild\Microsoft\VC\v180\Microsoft.Cpp.Common.props(152,5): message : プロパティの再代入: $(RemoteDebuggerDeployDebugCppRuntime)="true" (以前の値: "false") C:\Program Files\Microsoft Visual Studio\18\Community\MSBuild\Microsoft\VC\v180\Microsoft.Cpp.Common.props (152,5)
C:\Program Files\Microsoft Visual Studio\18\Community\MSBuild\Microsoft\VC\v180\Microsoft.Cpp.Common.props(213,5): message : プロパティの再代入: $(MultiProcMaxCount)="0" (以前の値: "") C:\Program Files\Microsoft Visual Studio\18\Community\MSBuild\Microsoft\VC\v180\Microsoft.Cpp.Common.props (213,5)
C:\Program Files\Microsoft Visual Studio\18\Community\MSBuild\Microsoft\VC\v180\Microsoft.Cpp.Analysis.props(29,5): message : プロパティの再代入: $(MsvcAnalysisToolsPath)="C:\Program Files\Microsoft Visual Studio\18\Community\VC\Tools\MSVC\14.51.36231\bin\HostX86\x64" (以前の値: "C:\Program Files\Microsoft Visual Studio\18\Community\VC\Tools\MSVC\14.51.36231\bin\HostX64\x64") C:\Program Files\Microsoft Visual Studio\18\Community\MSBuild\Microsoft\VC\v180\Microsoft.Cpp.Analysis.props (29,5)
C:\Program Files\Microsoft Visual Studio\18\Community\MSBuild\Microsoft\VC\v180\Microsoft.Cpp.Analysis.props(33,5): message : プロパティの再代入: $(MsvcAnalysisPluginPath)="C:\Program Files\Microsoft Visual Studio\18\Community\VC\Tools\MSVC\14.51.36231\bin\HostX86\x64" (以前の値: "C:\Program Files\Microsoft Visual Studio\18\Community\VC\Tools\MSVC\14.51.36231\bin\HostX64\x64") C:\Program Files\Microsoft Visual Studio\18\Community\MSBuild\Microsoft\VC\v180\Microsoft.Cpp.Analysis.props (33,5)
C:\Program Files\Microsoft Visual Studio\18\Community\MSBuild\Microsoft\VC\v180\Microsoft.CodeAnalysis.Extensions.props(21,5): message : プロパティの再代入: $(EspXtensions)="EnumIndex.dll;CppCoreCheck.dll;" (以前の値: "CppCoreCheck.dll;") C:\Program Files\Microsoft Visual Studio\18\Community\MSBuild\Microsoft\VC\v180\Microsoft.CodeAnalysis.Extensions.props (21,5)
C:\Program Files\Microsoft Visual Studio\18\Community\MSBuild\Microsoft\VC\v180\Microsoft.CodeAnalysis.Extensions.props(24,5): message : プロパティの再代入: $(EspXtensions)="HResultCheck.dll;EnumIndex.dll;CppCoreCheck.dll;" (以前の値: "EnumIndex.dll;CppCoreCheck.dll;") C:\Program Files\Microsoft Visual Studio\18\Community\MSBuild\Microsoft\VC\v180\Microsoft.CodeAnalysis.Extensions.props (24,5)
C:\Program Files\Microsoft Visual Studio\18\Community\MSBuild\Microsoft\VC\v180\Microsoft.CodeAnalysis.Extensions.props(27,5): message : プロパティの再代入: $(EspXtensions)="VariantClear.dll;HResultCheck.dll;EnumIndex.dll;CppCoreCheck.dll;" (以前の値: "HResultCheck.dll;EnumIndex.dll;CppCoreCheck.dll;") C:\Program Files\Microsoft Visual Studio\18\Community\MSBuild\Microsoft\VC\v180\Microsoft.CodeAnalysis.Extensions.props (27,5)
C:\Program Files\Microsoft Visual Studio\18\Community\MSBuild\Microsoft\VC\v180\Microsoft.CodeAnalysis.Extensions.props(33,5): message : プロパティの再代入: $(ConcurrencyCheckPath)="C:\Program Files\Microsoft Visual Studio\18\Community\VC\Tools\MSVC\14.51.36231\bin\HostX86\x64\ConcurrencyCheck.dll" (以前の値: "C:\Program Files\Microsoft Visual Studio\18\Community\VC\Tools\MSVC\14.51.36231\bin\HostX86\x86\ConcurrencyCheck.dll") C:\Program Files\Microsoft Visual Studio\18\Community\MSBuild\Microsoft\VC\v180\Microsoft.CodeAnalysis.Extensions.props (33,5)
C:\Program Files\Microsoft Visual Studio\18\Community\MSBuild\Microsoft\VC\v180\Microsoft.CodeAnalysis.Extensions.props(34,5): message : プロパティの再代入: $(EspXtensions)="ConcurrencyCheck.dll;VariantClear.dll;HResultCheck.dll;EnumIndex.dll;CppCoreCheck.dll;" (以前の値: "VariantClear.dll;HResultCheck.dll;EnumIndex.dll;CppCoreCheck.dll;") C:\Program Files\Microsoft Visual Studio\18\Community\MSBuild\Microsoft\VC\v180\Microsoft.CodeAnalysis.Extensions.props (34,5)
C:\Program Files\Microsoft Visual Studio\18\Community\MSBuild\Microsoft\VC\v180\Microsoft.Cpp.UnitTest.props(17,5): message : プロパティの再代入: $(VC_IncludePath)="C:\Program Files\Microsoft Visual Studio\18\Community\VC\Tools\MSVC\14.51.36231\include;;C:\Program Files\Microsoft Visual Studio\18\Community\VC\Tools\MSVC\14.51.36231\atlmfc\include;;C:\Program Files\Microsoft Visual Studio\18\Community\VC\Auxiliary\VS\include;;C:\Program Files (x86)\Windows Kits\10\Include\10.0.26100.0\ucrt;;;C:\Program Files\Microsoft Visual Studio\18\Community\VC\Auxiliary\VS\UnitTest\include" (以前の値: "C:\Program Files\Microsoft Visual Studio\18\Community\VC\Tools\MSVC\14.51.36231\include;;C:\Program Files\Microsoft Visual Studio\18\Community\VC\Tools\MSVC\14.51.36231\atlmfc\include;;C:\Program Files\Microsoft Visual Studio\18\Community\VC\Auxiliary\VS\include;;C:\Program Files (x86)\Windows Kits\10\Include\10.0.26100.0\ucrt;;") C:\Program Files\Microsoft Visual Studio\18\Community\MSBuild\Microsoft\VC\v180\Microsoft.Cpp.UnitTest.props (17,5)
C:\Program Files\Microsoft Visual Studio\18\Community\MSBuild\Microsoft\VC\v180\Microsoft.Cpp.UnitTest.props(19,5): message : プロパティの再代入: $(VC_LibraryPath_x86)="C:\Program Files\Microsoft Visual Studio\18\Community\VC\Tools\MSVC\14.51.36231\lib\x86;;C:\Program Files\Microsoft Visual Studio\18\Community\VC\Tools\MSVC\14.51.36231\atlmfc\lib\x86;;C:\Program Files\Microsoft Visual Studio\18\Community\VC\Auxiliary\VS\lib\x86;;C:\Program Files (x86)\Windows Kits\10\lib\10.0.26100.0\ucrt\x86;;;C:\Program Files\Microsoft Visual Studio\18\Community\VC\Auxiliary\VS\UnitTest\lib" (以前の値: "C:\Program Files\Microsoft Visual Studio\18\Community\VC\Tools\MSVC\14.51.36231\lib\x86;;C:\Program Files\Microsoft Visual Studio\18\Community\VC\Tools\MSVC\14.51.36231\atlmfc\lib\x86;;C:\Program Files\Microsoft Visual Studio\18\Community\VC\Auxiliary\VS\lib\x86;;C:\Program Files (x86)\Windows Kits\10\lib\10.0.26100.0\ucrt\x86;;") C:\Program Files\Microsoft Visual Studio\18\Community\MSBuild\Microsoft\VC\v180\Microsoft.Cpp.UnitTest.props (19,5)
C:\Program Files\Microsoft Visual Studio\18\Community\MSBuild\Microsoft\VC\v180\Microsoft.Cpp.UnitTest.props(20,5): message : プロパティの再代入: $(VC_LibraryPath_x64)="C:\Program Files\Microsoft Visual Studio\18\Community\VC\Tools\MSVC\14.51.36231\lib\x64;;C:\Program Files\Microsoft Visual Studio\18\Community\VC\Tools\MSVC\14.51.36231\atlmfc\lib\x64;;C:\Program Files\Microsoft Visual Studio\18\Community\VC\Auxiliary\VS\lib\x64;;C:\Program Files (x86)\Windows Kits\10\lib\10.0.26100.0\ucrt\x64;;;C:\Program Files\Microsoft Visual Studio\18\Community\VC\Auxiliary\VS\UnitTest\lib" (以前の値: "C:\Program Files\Microsoft Visual Studio\18\Community\VC\Tools\MSVC\14.51.36231\lib\x64;;C:\Program Files\Microsoft Visual Studio\18\Community\VC\Tools\MSVC\14.51.36231\atlmfc\lib\x64;;C:\Program Files\Microsoft Visual Studio\18\Community\VC\Auxiliary\VS\lib\x64;;C:\Program Files (x86)\Windows Kits\10\lib\10.0.26100.0\ucrt\x64;;") C:\Program Files\Microsoft Visual Studio\18\Community\MSBuild\Microsoft\VC\v180\Microsoft.Cpp.UnitTest.props (20,5)
C:\Program Files\Microsoft Visual Studio\18\Community\MSBuild\Microsoft\VC\v180\Microsoft.Cpp.UnitTest.props(21,5): message : プロパティの再代入: $(VC_LibraryPath_ARM)="C:\Program Files\Microsoft Visual Studio\18\Community\VC\Tools\MSVC\14.51.36231\lib\ARM;;C:\Program Files\Microsoft Visual Studio\18\Community\VC\Tools\MSVC\14.51.36231\atlmfc\lib\ARM;;C:\Program Files\Microsoft Visual Studio\18\Community\VC\Auxiliary\VS\lib\ARM;;C:\Program Files (x86)\Windows Kits\10\lib\10.0.26100.0\ucrt\arm;;;C:\Program Files\Microsoft Visual Studio\18\Community\VC\Auxiliary\VS\UnitTest\lib" (以前の値: "C:\Program Files\Microsoft Visual Studio\18\Community\VC\Tools\MSVC\14.51.36231\lib\ARM;;C:\Program Files\Microsoft Visual Studio\18\Community\VC\Tools\MSVC\14.51.36231\atlmfc\lib\ARM;;C:\Program Files\Microsoft Visual Studio\18\Community\VC\Auxiliary\VS\lib\ARM;;C:\Program Files (x86)\Windows Kits\10\lib\10.0.26100.0\ucrt\arm;;") C:\Program Files\Microsoft Visual Studio\18\Community\MSBuild\Microsoft\VC\v180\Microsoft.Cpp.UnitTest.props (21,5)
C:\Program Files\Microsoft Visual Studio\18\Community\MSBuild\Microsoft\VC\v180\Microsoft.Cpp.UnitTest.props(22,5): message : プロパティの再代入: $(VC_LibraryPath_ARM64)="C:\Program Files\Microsoft Visual Studio\18\Community\VC\Tools\MSVC\14.51.36231\lib\ARM64;;C:\Program Files\Microsoft Visual Studio\18\Community\VC\Tools\MSVC\14.51.36231\atlmfc\lib\ARM64;;;C:\Program Files (x86)\Windows Kits\10\lib\10.0.26100.0\ucrt\arm64;;;C:\Program Files\Microsoft Visual Studio\18\Community\VC\Auxiliary\VS\UnitTest\lib" (以前の値: "C:\Program Files\Microsoft Visual Studio\18\Community\VC\Tools\MSVC\14.51.36231\lib\ARM64;;C:\Program Files\Microsoft Visual Studio\18\Community\VC\Tools\MSVC\14.51.36231\atlmfc\lib\ARM64;;;C:\Program Files (x86)\Windows Kits\10\lib\10.0.26100.0\ucrt\arm64;;") C:\Program Files\Microsoft Visual Studio\18\Community\MSBuild\Microsoft\VC\v180\Microsoft.Cpp.UnitTest.props (22,5)
C:\Program Files\Microsoft Visual Studio\18\Community\MSBuild\Microsoft\VC\v180\Microsoft.Cpp.unicodesupport.props(15,5): message : プロパティの再代入: $(_PropertySheetDisplayName)="Unicode Support" (以前の値: "Core Windows Libraries") C:\Program Files\Microsoft Visual Studio\18\Community\MSBuild\Microsoft\VC\v180\Microsoft.Cpp.unicodesupport.props (15,5)
C:\Program Files\Microsoft Visual Studio\18\Community\MSBuild\Microsoft\VC\v180\Microsoft.Cpp.MSVC.Toolset.Common.props(55,5): message : 環境から展開された 'C:/Users/k023g/.gemini/antigravity/bin;C:\Users\k023g\AppData\Roaming\Antigravity\bin;C:\Python27\;C:\Python27\Scripts;C:\Program Files\Microsoft\jdk-11.0.16.101-hotspot\bin;C:\Windows\system32;C:\Windows;C:\Windows\System32\Wbem;C:\Windows\System32\WindowsPowerShell\v1.0\;C:\Windows\System32\OpenSSH\;C:\Program Files\Microsoft SQL Server\150\Tools\Binn\;C:\WINDOWS\system32;C:\WINDOWS;C:\WINDOWS\System32\Wbem;C:\WINDOWS\System32\WindowsPowerShell\v1.0\;C:\WINDOWS\System32\OpenSSH\;C:\Program Files\Microsoft SQL Server\Client SDK\ODBC\170\Tools\Binn\;C:\Program Files (x86)\NVIDIA Corporation\PhysX\Common;C:\Program Files\nodejs\;C:\ProgramData\chocolatey\bin;C:\Program Files (x86)\Windows Kits\10\Windows Performance Toolkit\;C:\Users\k023g\source\repos\2024_PG3\tools\premake5.exe;C:\Program Files\Git LFS;C:\Program Files\NVIDIA Corporation\NVIDIA App\NvDLISR;C:\Program Files\Microsoft SQL Server\170\Tools\Binn\;C:\Program Files\CMake\bin;C:\Program Files\LLVM\bin;C:\Program Files (x86)\LLVM\bin;C:\Program Files\Git\cmd;C:\Program Files\dotnet\;C:\Program Files (x86)\mingw64\bin;C:\Program Files\PowerShell\7\;C:\Users\k023g\AppData\Local\Programs\Python\Python313\Scripts\;C:\Users\k023g\AppData\Local\Programs\Python\Python313\;C:\Users\k023g\source\repos\2024B_GE_ET1\cocos2d-x\templates;C:\Users\k023g\source\repos\2024B_GE_ET1\cocos2d-x\tools\cocos2d-console\bin;C:\Users\k023g\AppData\Local\Programs\Python\Python39\Scripts\;C:\Users\k023g\AppData\Local\Programs\Python\Python39\;C:\Users\k023g\AppData\Local\Microsoft\WindowsApps;C:\Users\k023g\AppData\Local\Programs\Microsoft VS Code\bin;C:\Users\k023g\AppData\Local\GitHubDesktop\bin;C:\Users\k023g\AppData\Roaming\npm;C:\Users\k023g\source\repos\2024B_GE_ET1\cocos2d-x;C:\Users\k023g\AppData\Local\Programs\Antigravity\bin;C:\Users\k023g\.dotnet\tools;C:\Users\k023g\AppData\Local\Python\bin;C:\tools;C:\Users\k023g\AppData\Local\Programs\Antigravity IDE\bin' 値を持つプロパティ 'PATH'。
C:\Program Files\Microsoft Visual Studio\18\Community\MSBuild\Microsoft\VC\v180\Microsoft.Cpp.MSVC.Toolset.Common.props(56,5): message : 環境から展開された 'C:\WINDOWS' 値を持つプロパティ 'SystemRoot'。
C:\Users\k023g\source\repos\TD4-2-Clone2\Project\Externals\DirectXTex\DirectXTex.vcxproj(57,5): message : プロパティの再代入: $(OutDir)="C:\Users\k023g\source\repos\TD4-2-Clone2\Project\Externals\DirectXTex\..\..\..\Generated\Outputs\Debug\" (以前の値: "C:\Users\k023g\source\repos\TD4-2-Clone2\Project\x64\Debug\") C:\Users\k023g\source\repos\TD4-2-Clone2\Project\Externals\DirectXTex\DirectXTex.vcxproj (57,5)
C:\Users\k023g\source\repos\TD4-2-Clone2\Project\Externals\DirectXTex\DirectXTex.vcxproj(58,5): message : プロパティの再代入: $(IntDir)="C:\Users\k023g\source\repos\TD4-2-Clone2\Project\Externals\DirectXTex\..\..\..\Generated\Obj\Debug\DirectXTex\" (以前の値: "x64\Debug\") C:\Users\k023g\source\repos\TD4-2-Clone2\Project\Externals\DirectXTex\DirectXTex.vcxproj (58,5)
"SolutionExt" プロパティはグローバル プロパティであり、変更できません。
C:\Program Files\Microsoft Visual Studio\18\Community\MSBuild\Microsoft\VC\v180\Microsoft.CppCommon.targets(40,5): message : プロパティの再代入: $(ExtensionsToDeleteOnClean)="*.cdf;*.cache;*.obj;*.obj.enc;*.ilk;*.ipdb;*.iobj;*.resources;*.tlb;*.tli;*.tlh;*.tmp;*.rsp;*.pgc;*.pgd;*.meta;*.tlog;*.manifest;*.res;*.pch;*.exp;*.idb;*.rep;*.xdc;*.pdb;*_manifest.rc;*.bsc;*.sbr;*.xml;*.metagen;*.bi;C:\Users\k023g\source\repos\TD4-2-Clone2\Generated\Outputs\Debug\DirectXTex.lib.manifest;C:\Users\k023g\source\repos\TD4-2-Clone2\Project\Externals\DirectXTex\..\..\..\Generated\Outputs\Debug\DirectXTex.tlb;C:\Users\k023g\source\repos\TD4-2-Clone2\Project\Externals\DirectXTex\..\..\..\Generated\Outputs\Debug\DirectXTex.pdb;C:\Users\k023g\source\repos\TD4-2-Clone2\Generated\Outputs\Debug\DirectXTex.lib;C:\Users\k023g\source\repos\TD4-2-Clone2\Project\Externals\DirectXTex\..\..\..\Generated\Outputs\Debug\DirectXTex.bsc;C:\Users\k023g\source\repos\TD4-2-Clone2\Project\Externals\DirectXTex\..\..\..\Generated\Outputs\Debug\DirectXTex.ilk;C:\Users\k023g\source\repos\TD4-2-Clone2\Generated\Outputs\Debug\DirectXTex.lib.intermediate.manifest;C:\Users\k023g\source\repos\TD4-2-Clone2\Project\Externals\DirectXTex\..\..\..\Generated\Obj\Debug\DirectXTex\DirectXTex.vcxproj.FileListAbsolute.txt" (以前の値: "*.cdf;*.cache;*.obj;*.obj.enc;*.ilk;*.ipdb;*.iobj;*.resources;*.tlb;*.tli;*.tlh;*.tmp;*.rsp;*.pgc;*.pgd;*.meta;*.tlog;*.manifest;*.res;*.pch;*.exp;*.idb;*.rep;*.xdc;*.pdb;*_manifest.rc;*.bsc;*.sbr;*.xml;*.metagen;*.bi") C:\Program Files\Microsoft Visual Studio\18\Community\MSBuild\Microsoft\VC\v180\Microsoft.CppCommon.targets (40,5)
C:\Program Files\Microsoft Visual Studio\18\Community\MSBuild\Microsoft\VC\v180\Microsoft.BuildSteps.Targets(32,5): message : プロパティの再代入: $(DebugType)="none" (以前の値: "") C:\Program Files\Microsoft Visual Studio\18\Community\MSBuild\Microsoft\VC\v180\Microsoft.BuildSteps.Targets (32,5)
$(MSBuildExtensionsPath) で使用されている検索パスは C:\Program Files\Microsoft Visual Studio\18\Community\MSBuild;$(MSBuildProgramFiles32)\MSBuild です
$(MSBuildExtensionsPath) で使用されている検索パスは C:\Program Files\Microsoft Visual Studio\18\Community\MSBuild;$(MSBuildProgramFiles32)\MSBuild です
拡張パス C:\Program Files\Microsoft Visual Studio\18\Community\MSBuild を使用して C:\Program Files\Microsoft Visual Studio\18\Community\MSBuild\$(MSBuildToolsVersion)\Microsoft.Common.targets\ImportBefore\* をインポートしようとしています
"Configuration" プロパティはグローバル プロパティであり、変更できません。
C:\Program Files\Microsoft Visual Studio\18\Community\MSBuild\Current\Bin\Microsoft.Common.CurrentVersion.targets(185,5): message : プロパティの再代入: $(_DocumentationFileProduced)="false" (以前の値: "true") C:\Program Files\Microsoft Visual Studio\18\Community\MSBuild\Current\Bin\Microsoft.Common.CurrentVersion.targets (185,5)
"SolutionName" プロパティはグローバル プロパティであり、変更できません。
"SolutionFileName" プロパティはグローバル プロパティであり、変更できません。
"SolutionPath" プロパティはグローバル プロパティであり、変更できません。
"SolutionDir" プロパティはグローバル プロパティであり、変更できません。
"SolutionExt" プロパティはグローバル プロパティであり、変更できません。
C:\Program Files\Microsoft Visual Studio\18\Community\MSBuild\Current\Bin\Microsoft.Common.CurrentVersion.targets(392,5): message : プロパティの再代入: $(MSBuildCopyMarkerName)="DirectXT.880A45E4" (以前の値: "DirectXTex.vcxproj") C:\Program Files\Microsoft Visual Studio\18\Community\MSBuild\Current\Bin\Microsoft.Common.CurrentVersion.targets (392,5)
C:\Program Files\Microsoft Visual Studio\18\Community\MSBuild\Current\Bin\Microsoft.Common.CurrentVersion.targets(393,5): message : プロパティの再代入: $(MSBuildCopyMarkerName)="DirectXT.880A45E4.Up2Date" (以前の値: "DirectXT.880A45E4") C:\Program Files\Microsoft Visual Studio\18\Community\MSBuild\Current\Bin\Microsoft.Common.CurrentVersion.targets (393,5)
C:\Program Files\Microsoft Visual Studio\18\Community\MSBuild\Current\Bin\Microsoft.Common.CurrentVersion.targets(528,5): message : プロパティの再代入: $(ProcessorArchitecture)="amd64" (以前の値: "x64") C:\Program Files\Microsoft Visual Studio\18\Community\MSBuild\Current\Bin\Microsoft.Common.CurrentVersion.targets (528,5)
C:\Program Files\Microsoft Visual Studio\18\Community\MSBuild\Current\Bin\Microsoft.Common.CurrentVersion.targets(562,42): message : 環境から展開された 'C:\Program Files\MSBuild' 値を持つプロパティ 'MSBuildExtensionsPath64'。
C:\Program Files\Microsoft Visual Studio\18\Community\MSBuild\Current\Bin\Microsoft.Common.CurrentVersion.targets(580,5): message : プロパティの再代入: $(DelaySign)="" (以前の値: "false") C:\Program Files\Microsoft Visual Studio\18\Community\MSBuild\Current\Bin\Microsoft.Common.CurrentVersion.targets (580,5)
C:\Program Files\Microsoft Visual Studio\18\Community\MSBuild\Current\Bin\Microsoft.Common.CurrentVersion.targets(649,5): message : プロパティの再代入: $(AssemblySearchPaths)="{CandidateAssemblyFiles};C:\Program Files\Microsoft Visual Studio\18\Community\VC\Tools\MSVC\14.51.36231\atlmfc\lib\x64;;C:\Program Files\Microsoft Visual Studio\18\Community\VC\Tools\MSVC\14.51.36231\lib\x64;" (以前の値: "{CandidateAssemblyFiles}") C:\Program Files\Microsoft Visual Studio\18\Community\MSBuild\Current\Bin\Microsoft.Common.CurrentVersion.targets (649,5)
C:\Program Files\Microsoft Visual Studio\18\Community\MSBuild\Current\Bin\Microsoft.Common.CurrentVersion.targets(650,5): message : プロパティの再代入: $(AssemblySearchPaths)="{CandidateAssemblyFiles};C:\Program Files\Microsoft Visual Studio\18\Community\VC\Tools\MSVC\14.51.36231\atlmfc\lib\x64;;C:\Program Files\Microsoft Visual Studio\18\Community\VC\Tools\MSVC\14.51.36231\lib\x64;;{HintPathFromItem}" (以前の値: "{CandidateAssemblyFiles};C:\Program Files\Microsoft Visual Studio\18\Community\VC\Tools\MSVC\14.51.36231\atlmfc\lib\x64;;C:\Program Files\Microsoft Visual Studio\18\Community\VC\Tools\MSVC\14.51.36231\lib\x64;") C:\Program Files\Microsoft Visual Studio\18\Community\MSBuild\Current\Bin\Microsoft.Common.CurrentVersion.targets (650,5)
C:\Program Files\Microsoft Visual Studio\18\Community\MSBuild\Current\Bin\Microsoft.Common.CurrentVersion.targets(651,5): message : プロパティの再代入: $(AssemblySearchPaths)="{CandidateAssemblyFiles};C:\Program Files\Microsoft Visual Studio\18\Community\VC\Tools\MSVC\14.51.36231\atlmfc\lib\x64;;C:\Program Files\Microsoft Visual Studio\18\Community\VC\Tools\MSVC\14.51.36231\lib\x64;;{HintPathFromItem};{TargetFrameworkDirectory}" (以前の値: "{CandidateAssemblyFiles};C:\Program Files\Microsoft Visual Studio\18\Community\VC\Tools\MSVC\14.51.36231\atlmfc\lib\x64;;C:\Program Files\Microsoft Visual Studio\18\Community\VC\Tools\MSVC\14.51.36231\lib\x64;;{HintPathFromItem}") C:\Program Files\Microsoft Visual Studio\18\Community\MSBuild\Current\Bin\Microsoft.Common.CurrentVersion.targets (651,5)
C:\Program Files\Microsoft Visual Studio\18\Community\MSBuild\Current\Bin\Microsoft.Common.CurrentVersion.targets(652,5): message : プロパティの再代入: $(AssemblySearchPaths)="{CandidateAssemblyFiles};C:\Program Files\Microsoft Visual Studio\18\Community\VC\Tools\MSVC\14.51.36231\atlmfc\lib\x64;;C:\Program Files\Microsoft Visual Studio\18\Community\VC\Tools\MSVC\14.51.36231\lib\x64;;{HintPathFromItem};{TargetFrameworkDirectory};{AssemblyFoldersFromConfig:C:\Program Files\Microsoft Visual Studio\18\Community\MSBuild\Current\Bin\AssemblyFolders.config,};" (以前の値: "{CandidateAssemblyFiles};C:\Program Files\Microsoft Visual Studio\18\Community\VC\Tools\MSVC\14.51.36231\atlmfc\lib\x64;;C:\Program Files\Microsoft Visual Studio\18\Community\VC\Tools\MSVC\14.51.36231\lib\x64;;{HintPathFromItem};{TargetFrameworkDirectory}") C:\Program Files\Microsoft Visual Studio\18\Community\MSBuild\Current\Bin\Microsoft.Common.CurrentVersion.targets (652,5)
C:\Program Files\Microsoft Visual Studio\18\Community\MSBuild\Current\Bin\Microsoft.Common.CurrentVersion.targets(653,5): message : プロパティの再代入: $(AssemblySearchPaths)="{CandidateAssemblyFiles};C:\Program Files\Microsoft Visual Studio\18\Community\VC\Tools\MSVC\14.51.36231\atlmfc\lib\x64;;C:\Program Files\Microsoft Visual Studio\18\Community\VC\Tools\MSVC\14.51.36231\lib\x64;;{HintPathFromItem};{TargetFrameworkDirectory};{AssemblyFoldersFromConfig:C:\Program Files\Microsoft Visual Studio\18\Community\MSBuild\Current\Bin\AssemblyFolders.config,};;{Registry:Software\Microsoft\,,AssemblyFoldersEx}" (以前の値: "{CandidateAssemblyFiles};C:\Program Files\Microsoft Visual Studio\18\Community\VC\Tools\MSVC\14.51.36231\atlmfc\lib\x64;;C:\Program Files\Microsoft Visual Studio\18\Community\VC\Tools\MSVC\14.51.36231\lib\x64;;{HintPathFromItem};{TargetFrameworkDirectory};{AssemblyFoldersFromConfig:C:\Program Files\Microsoft Visual Studio\18\Community\MSBuild\Current\Bin\AssemblyFolders.config,};") C:\Program Files\Microsoft Visual Studio\18\Community\MSBuild\Current\Bin\Microsoft.Common.CurrentVersion.targets (653,5)
C:\Program Files\Microsoft Visual Studio\18\Community\MSBuild\Current\Bin\Microsoft.Common.CurrentVersion.targets(654,5): message : プロパティの再代入: $(AssemblySearchPaths)="{CandidateAssemblyFiles};C:\Program Files\Microsoft Visual Studio\18\Community\VC\Tools\MSVC\14.51.36231\atlmfc\lib\x64;;C:\Program Files\Microsoft Visual Studio\18\Community\VC\Tools\MSVC\14.51.36231\lib\x64;;{HintPathFromItem};{TargetFrameworkDirectory};{AssemblyFoldersFromConfig:C:\Program Files\Microsoft Visual Studio\18\Community\MSBuild\Current\Bin\AssemblyFolders.config,};;{Registry:Software\Microsoft\,,AssemblyFoldersEx};{AssemblyFolders}" (以前の値: "{CandidateAssemblyFiles};C:\Program Files\Microsoft Visual Studio\18\Community\VC\Tools\MSVC\14.51.36231\atlmfc\lib\x64;;C:\Program Files\Microsoft Visual Studio\18\Community\VC\Tools\MSVC\14.51.36231\lib\x64;;{HintPathFromItem};{TargetFrameworkDirectory};{AssemblyFoldersFromConfig:C:\Program Files\Microsoft Visual Studio\18\Community\MSBuild\Current\Bin\AssemblyFolders.config,};;{Registry:Software\Microsoft\,,AssemblyFoldersEx}") C:\Program Files\Microsoft Visual Studio\18\Community\MSBuild\Current\Bin\Microsoft.Common.CurrentVersion.targets (654,5)
C:\Program Files\Microsoft Visual Studio\18\Community\MSBuild\Current\Bin\Microsoft.Common.CurrentVersion.targets(655,5): message : プロパティの再代入: $(AssemblySearchPaths)="{CandidateAssemblyFiles};C:\Program Files\Microsoft Visual Studio\18\Community\VC\Tools\MSVC\14.51.36231\atlmfc\lib\x64;;C:\Program Files\Microsoft Visual Studio\18\Community\VC\Tools\MSVC\14.51.36231\lib\x64;;{HintPathFromItem};{TargetFrameworkDirectory};{AssemblyFoldersFromConfig:C:\Program Files\Microsoft Visual Studio\18\Community\MSBuild\Current\Bin\AssemblyFolders.config,};;{Registry:Software\Microsoft\,,AssemblyFoldersEx};{AssemblyFolders};{GAC}" (以前の値: "{CandidateAssemblyFiles};C:\Program Files\Microsoft Visual Studio\18\Community\VC\Tools\MSVC\14.51.36231\atlmfc\lib\x64;;C:\Program Files\Microsoft Visual Studio\18\Community\VC\Tools\MSVC\14.51.36231\lib\x64;;{HintPathFromItem};{TargetFrameworkDirectory};{AssemblyFoldersFromConfig:C:\Program Files\Microsoft Visual Studio\18\Community\MSBuild\Current\Bin\AssemblyFolders.config,};;{Registry:Software\Microsoft\,,AssemblyFoldersEx};{AssemblyFolders}") C:\Program Files\Microsoft Visual Studio\18\Community\MSBuild\Current\Bin\Microsoft.Common.CurrentVersion.targets (655,5)
C:\Program Files\Microsoft Visual Studio\18\Community\MSBuild\Current\Bin\Microsoft.Common.CurrentVersion.targets(656,5): message : プロパティの再代入: $(AssemblySearchPaths)="{CandidateAssemblyFiles};C:\Program Files\Microsoft Visual Studio\18\Community\VC\Tools\MSVC\14.51.36231\atlmfc\lib\x64;;C:\Program Files\Microsoft Visual Studio\18\Community\VC\Tools\MSVC\14.51.36231\lib\x64;;{HintPathFromItem};{TargetFrameworkDirectory};{AssemblyFoldersFromConfig:C:\Program Files\Microsoft Visual Studio\18\Community\MSBuild\Current\Bin\AssemblyFolders.config,};;{Registry:Software\Microsoft\,,AssemblyFoldersEx};{AssemblyFolders};{GAC};{RawFileName}" (以前の値: "{CandidateAssemblyFiles};C:\Program Files\Microsoft Visual Studio\18\Community\VC\Tools\MSVC\14.51.36231\atlmfc\lib\x64;;C:\Program Files\Microsoft Visual Studio\18\Community\VC\Tools\MSVC\14.51.36231\lib\x64;;{HintPathFromItem};{TargetFrameworkDirectory};{AssemblyFoldersFromConfig:C:\Program Files\Microsoft Visual Studio\18\Community\MSBuild\Current\Bin\AssemblyFolders.config,};;{Registry:Software\Microsoft\,,AssemblyFoldersEx};{AssemblyFolders};{GAC}") C:\Program Files\Microsoft Visual Studio\18\Community\MSBuild\Current\Bin\Microsoft.Common.CurrentVersion.targets (656,5)
C:\Program Files\Microsoft Visual Studio\18\Community\MSBuild\Current\Bin\Microsoft.Common.CurrentVersion.targets(657,5): message : プロパティの再代入: $(AssemblySearchPaths)="{CandidateAssemblyFiles};C:\Program Files\Microsoft Visual Studio\18\Community\VC\Tools\MSVC\14.51.36231\atlmfc\lib\x64;;C:\Program Files\Microsoft Visual Studio\18\Community\VC\Tools\MSVC\14.51.36231\lib\x64;;{HintPathFromItem};{TargetFrameworkDirectory};{AssemblyFoldersFromConfig:C:\Program Files\Microsoft Visual Studio\18\Community\MSBuild\Current\Bin\AssemblyFolders.config,};;{Registry:Software\Microsoft\,,AssemblyFoldersEx};{AssemblyFolders};{GAC};{RawFileName};C:\Users\k023g\source\repos\TD4-2-Clone2\Project\Externals\DirectXTex\..\..\..\Generated\Outputs\Debug\" (以前の値: "{CandidateAssemblyFiles};C:\Program Files\Microsoft Visual Studio\18\Community\VC\Tools\MSVC\14.51.36231\atlmfc\lib\x64;;C:\Program Files\Microsoft Visual Studio\18\Community\VC\Tools\MSVC\14.51.36231\lib\x64;;{HintPathFromItem};{TargetFrameworkDirectory};{AssemblyFoldersFromConfig:C:\Program Files\Microsoft Visual Studio\18\Community\MSBuild\Current\Bin\AssemblyFolders.config,};;{Registry:Software\Microsoft\,,AssemblyFoldersEx};{AssemblyFolders};{GAC};{RawFileName}") C:\Program Files\Microsoft Visual Studio\18\Community\MSBuild\Current\Bin\Microsoft.Common.CurrentVersion.targets (657,5)
C:\Program Files\Microsoft Visual Studio\18\Community\MSBuild\Current\Bin\Microsoft.Common.CurrentVersion.targets(3950,5): message : プロパティの再代入: $(_SGenGenerateSerializationAssembliesConfig)="Auto" (以前の値: "") C:\Program Files\Microsoft Visual Studio\18\Community\MSBuild\Current\Bin\Microsoft.Common.CurrentVersion.targets (3950,5)
C:\Program Files\Microsoft Visual Studio\18\Community\MSBuild\Current\Bin\Microsoft.Common.CurrentVersion.targets(3951,5): message : プロパティの再代入: $(_SGenGenerateSerializationAssembliesConfig)="Off" (以前の値: "Auto") C:\Program Files\Microsoft Visual Studio\18\Community\MSBuild\Current\Bin\Microsoft.Common.CurrentVersion.targets (3951,5)
C:\Program Files\Microsoft Visual Studio\18\Community\MSBuild\Current\Bin\Microsoft.Common.CurrentVersion.targets(5162,5): message : プロパティの再代入: $(_TargetsThatPrepareProjectReferences)="
C:\Program Files\Microsoft Visual Studio\18\Community\MSBuild\Current\Bin\Microsoft.Common.CurrentVersion.targets(5162,5): message :       AssignProjectConfiguration;
C:\Program Files\Microsoft Visual Studio\18\Community\MSBuild\Current\Bin\Microsoft.Common.CurrentVersion.targets(5162,5): message :       _SplitProjectReferencesByFileExistence
C:\Program Files\Microsoft Visual Studio\18\Community\MSBuild\Current\Bin\Microsoft.Common.CurrentVersion.targets(5162,5): message :     " (以前の値: "_SplitProjectReferencesByFileExistence") C:\Program Files\Microsoft Visual Studio\18\Community\MSBuild\Current\Bin\Microsoft.Common.CurrentVersion.targets (5162,5)
C:\Program Files\Microsoft Visual Studio\18\Community\MSBuild\Microsoft\VisualStudio\v18.0\CodeAnalysis\Microsoft.CodeAnalysis.targets(125,5): message : プロパティの再代入: $(_CodeAnalysisTreatWarningsAsErrors)="false" (以前の値: "") C:\Program Files\Microsoft Visual Studio\18\Community\MSBuild\Microsoft\VisualStudio\v18.0\CodeAnalysis\Microsoft.CodeAnalysis.targets (125,5)
C:\Program Files\Microsoft Visual Studio\18\Community\MSBuild\Microsoft\VisualStudio\v18.0\CodeAnalysis\Microsoft.CodeAnalysis.targets(235,5): message : プロパティの再代入: $(CAExcludePath)="C:\Program Files (x86)\Windows Kits\10\Include\10.0.26100.0\ucrt;;C:\Program Files (x86)\Windows Kits\10\Include\10.0.26100.0\um;C:\Program Files (x86)\Windows Kits\10\Include\10.0.26100.0\shared;C:\Program Files (x86)\Windows Kits\10\Include\10.0.26100.0\winrt;C:\Program Files (x86)\Windows Kits\10\Include\10.0.26100.0\cppwinrt;C:\Program Files (x86)\Windows Kits\NETFXSDK\4.8\Include\um;" (以前の値: "C:\Program Files (x86)\Windows Kits\10\Include\10.0.26100.0\um;C:\Program Files (x86)\Windows Kits\10\Include\10.0.26100.0\shared;C:\Program Files (x86)\Windows Kits\10\Include\10.0.26100.0\winrt;C:\Program Files (x86)\Windows Kits\10\Include\10.0.26100.0\cppwinrt;C:\Program Files (x86)\Windows Kits\NETFXSDK\4.8\Include\um;") C:\Program Files\Microsoft Visual Studio\18\Community\MSBuild\Microsoft\VisualStudio\v18.0\CodeAnalysis\Microsoft.CodeAnalysis.targets (235,5)
C:\Program Files\Microsoft Visual Studio\18\Community\MSBuild\Microsoft\VisualStudio\v18.0\CodeAnalysis\Microsoft.CodeAnalysis.targets(236,5): message : プロパティの再代入: $(CAExcludePath)="C:\Program Files\Microsoft Visual Studio\18\Community\VC\Tools\MSVC\14.51.36231\include;C:\Program Files (x86)\Windows Kits\10\Include\10.0.26100.0\ucrt;;C:\Program Files (x86)\Windows Kits\10\Include\10.0.26100.0\um;C:\Program Files (x86)\Windows Kits\10\Include\10.0.26100.0\shared;C:\Program Files (x86)\Windows Kits\10\Include\10.0.26100.0\winrt;C:\Program Files (x86)\Windows Kits\10\Include\10.0.26100.0\cppwinrt;C:\Program Files (x86)\Windows Kits\NETFXSDK\4.8\Include\um;" (以前の値: "C:\Program Files (x86)\Windows Kits\10\Include\10.0.26100.0\ucrt;;C:\Program Files (x86)\Windows Kits\10\Include\10.0.26100.0\um;C:\Program Files (x86)\Windows Kits\10\Include\10.0.26100.0\shared;C:\Program Files (x86)\Windows Kits\10\Include\10.0.26100.0\winrt;C:\Program Files (x86)\Windows Kits\10\Include\10.0.26100.0\cppwinrt;C:\Program Files (x86)\Windows Kits\NETFXSDK\4.8\Include\um;") C:\Program Files\Microsoft Visual Studio\18\Community\MSBuild\Microsoft\VisualStudio\v18.0\CodeAnalysis\Microsoft.CodeAnalysis.targets (236,5)
C:\Program Files\Microsoft Visual Studio\18\Community\MSBuild\Microsoft\VisualStudio\v18.0\CodeAnalysis\Microsoft.CodeAnalysis.targets(237,5): message : プロパティの再代入: $(CAExcludePath)="C:\Program Files\Microsoft Visual Studio\18\Community\VC\Tools\MSVC\14.51.36231\atlmfc\include;C:\Program Files\Microsoft Visual Studio\18\Community\VC\Tools\MSVC\14.51.36231\include;C:\Program Files (x86)\Windows Kits\10\Include\10.0.26100.0\ucrt;;C:\Program Files (x86)\Windows Kits\10\Include\10.0.26100.0\um;C:\Program Files (x86)\Windows Kits\10\Include\10.0.26100.0\shared;C:\Program Files (x86)\Windows Kits\10\Include\10.0.26100.0\winrt;C:\Program Files (x86)\Windows Kits\10\Include\10.0.26100.0\cppwinrt;C:\Program Files (x86)\Windows Kits\NETFXSDK\4.8\Include\um;" (以前の値: "C:\Program Files\Microsoft Visual Studio\18\Community\VC\Tools\MSVC\14.51.36231\include;C:\Program Files (x86)\Windows Kits\10\Include\10.0.26100.0\ucrt;;C:\Program Files (x86)\Windows Kits\10\Include\10.0.26100.0\um;C:\Program Files (x86)\Windows Kits\10\Include\10.0.26100.0\shared;C:\Program Files (x86)\Windows Kits\10\Include\10.0.26100.0\winrt;C:\Program Files (x86)\Windows Kits\10\Include\10.0.26100.0\cppwinrt;C:\Program Files (x86)\Windows Kits\NETFXSDK\4.8\Include\um;") C:\Program Files\Microsoft Visual Studio\18\Community\MSBuild\Microsoft\VisualStudio\v18.0\CodeAnalysis\Microsoft.CodeAnalysis.targets (237,5)
C:\Program Files\Microsoft Visual Studio\18\Community\MSBuild\Microsoft\VisualStudio\v18.0\CodeAnalysis\Microsoft.CodeAnalysis.targets(240,5): message : プロパティの再代入: $(PrepareForBuildDependsOn)=";GetFrameworkPaths;GetReferenceAssemblyPaths;AssignLinkMetadata;SetCABuildNativeEnvironmentVariables" (以前の値: ";GetFrameworkPaths;GetReferenceAssemblyPaths;AssignLinkMetadata") C:\Program Files\Microsoft Visual Studio\18\Community\MSBuild\Microsoft\VisualStudio\v18.0\CodeAnalysis\Microsoft.CodeAnalysis.targets (240,5)
C:\WINDOWS\Microsoft.NET\Framework\v4.0.30319\Microsoft.Xaml.targets(35,5): message : プロパティの再代入: $(PrepareResourcesDependsOn)="
C:\WINDOWS\Microsoft.NET\Framework\v4.0.30319\Microsoft.Xaml.targets(35,5): message :       XamlMarkupCompilePass1;
C:\WINDOWS\Microsoft.NET\Framework\v4.0.30319\Microsoft.Xaml.targets(35,5): message :       XamlMarkupCompilePass2;
C:\WINDOWS\Microsoft.NET\Framework\v4.0.30319\Microsoft.Xaml.targets(35,5): message :       
C:\WINDOWS\Microsoft.NET\Framework\v4.0.30319\Microsoft.Xaml.targets(35,5): message :       ;
C:\WINDOWS\Microsoft.NET\Framework\v4.0.30319\Microsoft.Xaml.targets(35,5): message :       PrepareResourceNames;
C:\WINDOWS\Microsoft.NET\Framework\v4.0.30319\Microsoft.Xaml.targets(35,5): message :       ResGen;
C:\WINDOWS\Microsoft.NET\Framework\v4.0.30319\Microsoft.Xaml.targets(35,5): message :       CompileLicxFiles
C:\WINDOWS\Microsoft.NET\Framework\v4.0.30319\Microsoft.Xaml.targets(35,5): message :      
C:\WINDOWS\Microsoft.NET\Framework\v4.0.30319\Microsoft.Xaml.targets(35,5): message :     " (以前の値: "
C:\WINDOWS\Microsoft.NET\Framework\v4.0.30319\Microsoft.Xaml.targets(35,5): message :       ;
C:\WINDOWS\Microsoft.NET\Framework\v4.0.30319\Microsoft.Xaml.targets(35,5): message :       PrepareResourceNames;
C:\WINDOWS\Microsoft.NET\Framework\v4.0.30319\Microsoft.Xaml.targets(35,5): message :       ResGen;
C:\WINDOWS\Microsoft.NET\Framework\v4.0.30319\Microsoft.Xaml.targets(35,5): message :       CompileLicxFiles
C:\WINDOWS\Microsoft.NET\Framework\v4.0.30319\Microsoft.Xaml.targets(35,5): message :     ") C:\WINDOWS\Microsoft.NET\Framework\v4.0.30319\Microsoft.Xaml.targets (35,5)
C:\Program Files\Microsoft Visual Studio\18\Community\MSBuild\Microsoft\VisualStudio\v18.0\TeamTest\Microsoft.TeamTest.targets(4,5): message : プロパティの再代入: $(ResolveReferencesDependsOn)="
C:\Program Files\Microsoft Visual Studio\18\Community\MSBuild\Microsoft\VisualStudio\v18.0\TeamTest\Microsoft.TeamTest.targets(4,5): message :       
C:\Program Files\Microsoft Visual Studio\18\Community\MSBuild\Microsoft\VisualStudio\v18.0\TeamTest\Microsoft.TeamTest.targets(4,5): message :       BeforeResolveReferences;
C:\Program Files\Microsoft Visual Studio\18\Community\MSBuild\Microsoft\VisualStudio\v18.0\TeamTest\Microsoft.TeamTest.targets(4,5): message :       AssignProjectConfiguration;
C:\Program Files\Microsoft Visual Studio\18\Community\MSBuild\Microsoft\VisualStudio\v18.0\TeamTest\Microsoft.TeamTest.targets(4,5): message :       ResolveProjectReferences;
C:\Program Files\Microsoft Visual Studio\18\Community\MSBuild\Microsoft\VisualStudio\v18.0\TeamTest\Microsoft.TeamTest.targets(4,5): message :       FindInvalidProjectReferences;
C:\Program Files\Microsoft Visual Studio\18\Community\MSBuild\Microsoft\VisualStudio\v18.0\TeamTest\Microsoft.TeamTest.targets(4,5): message :       ResolveNativeReferences;
C:\Program Files\Microsoft Visual Studio\18\Community\MSBuild\Microsoft\VisualStudio\v18.0\TeamTest\Microsoft.TeamTest.targets(4,5): message :       ResolveAssemblyReferences;
C:\Program Files\Microsoft Visual Studio\18\Community\MSBuild\Microsoft\VisualStudio\v18.0\TeamTest\Microsoft.TeamTest.targets(4,5): message :       GenerateBindingRedirects;
C:\Program Files\Microsoft Visual Studio\18\Community\MSBuild\Microsoft\VisualStudio\v18.0\TeamTest\Microsoft.TeamTest.targets(4,5): message :       GenerateBindingRedirectsUpdateAppConfig;
C:\Program Files\Microsoft Visual Studio\18\Community\MSBuild\Microsoft\VisualStudio\v18.0\TeamTest\Microsoft.TeamTest.targets(4,5): message :       ResolveComReferences;
C:\Program Files\Microsoft Visual Studio\18\Community\MSBuild\Microsoft\VisualStudio\v18.0\TeamTest\Microsoft.TeamTest.targets(4,5): message :       AfterResolveReferences
C:\Program Files\Microsoft Visual Studio\18\Community\MSBuild\Microsoft\VisualStudio\v18.0\TeamTest\Microsoft.TeamTest.targets(4,5): message :     ;
C:\Program Files\Microsoft Visual Studio\18\Community\MSBuild\Microsoft\VisualStudio\v18.0\TeamTest\Microsoft.TeamTest.targets(4,5): message :       ResolveTestReferences
C:\Program Files\Microsoft Visual Studio\18\Community\MSBuild\Microsoft\VisualStudio\v18.0\TeamTest\Microsoft.TeamTest.targets(4,5): message :     " (以前の値: "
C:\Program Files\Microsoft Visual Studio\18\Community\MSBuild\Microsoft\VisualStudio\v18.0\TeamTest\Microsoft.TeamTest.targets(4,5): message :       BeforeResolveReferences;
C:\Program Files\Microsoft Visual Studio\18\Community\MSBuild\Microsoft\VisualStudio\v18.0\TeamTest\Microsoft.TeamTest.targets(4,5): message :       AssignProjectConfiguration;
C:\Program Files\Microsoft Visual Studio\18\Community\MSBuild\Microsoft\VisualStudio\v18.0\TeamTest\Microsoft.TeamTest.targets(4,5): message :       ResolveProjectReferences;
C:\Program Files\Microsoft Visual Studio\18\Community\MSBuild\Microsoft\VisualStudio\v18.0\TeamTest\Microsoft.TeamTest.targets(4,5): message :       FindInvalidProjectReferences;
C:\Program Files\Microsoft Visual Studio\18\Community\MSBuild\Microsoft\VisualStudio\v18.0\TeamTest\Microsoft.TeamTest.targets(4,5): message :       ResolveNativeReferences;
C:\Program Files\Microsoft Visual Studio\18\Community\MSBuild\Microsoft\VisualStudio\v18.0\TeamTest\Microsoft.TeamTest.targets(4,5): message :       ResolveAssemblyReferences;
C:\Program Files\Microsoft Visual Studio\18\Community\MSBuild\Microsoft\VisualStudio\v18.0\TeamTest\Microsoft.TeamTest.targets(4,5): message :       GenerateBindingRedirects;
C:\Program Files\Microsoft Visual Studio\18\Community\MSBuild\Microsoft\VisualStudio\v18.0\TeamTest\Microsoft.TeamTest.targets(4,5): message :       GenerateBindingRedirectsUpdateAppConfig;
C:\Program Files\Microsoft Visual Studio\18\Community\MSBuild\Microsoft\VisualStudio\v18.0\TeamTest\Microsoft.TeamTest.targets(4,5): message :       ResolveComReferences;
C:\Program Files\Microsoft Visual Studio\18\Community\MSBuild\Microsoft\VisualStudio\v18.0\TeamTest\Microsoft.TeamTest.targets(4,5): message :       AfterResolveReferences
C:\Program Files\Microsoft Visual Studio\18\Community\MSBuild\Microsoft\VisualStudio\v18.0\TeamTest\Microsoft.TeamTest.targets(4,5): message :     ") C:\Program Files\Microsoft Visual Studio\18\Community\MSBuild\Microsoft\VisualStudio\v18.0\TeamTest\Microsoft.TeamTest.targets (4,5)
$(MSBuildExtensionsPath) で使用されている検索パスは C:\Program Files\Microsoft Visual Studio\18\Community\MSBuild;$(MSBuildProgramFiles32)\MSBuild です
拡張パス C:\Program Files\Microsoft Visual Studio\18\Community\MSBuild を使用して C:\Program Files\Microsoft Visual Studio\18\Community\MSBuild\$(MSBuildToolsVersion)\Microsoft.Common.targets\ImportAfter\* をインポートしようとしています
$(MSBuildExtensionsPath) で使用されている検索パスは C:\Program Files\Microsoft Visual Studio\18\Community\MSBuild;$(MSBuildProgramFiles32)\MSBuild です
拡張パス C:\Program Files\Microsoft Visual Studio\18\Community\MSBuild を使用して C:\Program Files\Microsoft Visual Studio\18\Community\MSBuild\Sdks\Microsoft.Docker.Sdk\build\Microsoft.Docker.targets をインポートしようとしています
C:\Program Files\Microsoft Visual Studio\18\Community\MSBuild\Microsoft\NuGet\18.0\Microsoft.NuGet.targets(74,5): message : プロパティの再代入: $(ProjectLockFile)="obj\project.assets.json" (以前の値: "C:\Users\k023g\source\repos\TD4-2-Clone2\Project\Externals\DirectXTex\obj\project.assets.json") C:\Program Files\Microsoft Visual Studio\18\Community\MSBuild\Microsoft\NuGet\18.0\Microsoft.NuGet.targets (74,5)
C:\Program Files\Microsoft Visual Studio\18\Community\MSBuild\Microsoft\NuGet\18.0\Microsoft.NuGet.targets(185,5): message : プロパティの再代入: $(ResolveAssemblyReferencesDependsOn)="
C:\Program Files\Microsoft Visual Studio\18\Community\MSBuild\Microsoft\NuGet\18.0\Microsoft.NuGet.targets(185,5): message :       ResolveProjectReferences;
C:\Program Files\Microsoft Visual Studio\18\Community\MSBuild\Microsoft\NuGet\18.0\Microsoft.NuGet.targets(185,5): message :       FindInvalidProjectReferences;
C:\Program Files\Microsoft Visual Studio\18\Community\MSBuild\Microsoft\NuGet\18.0\Microsoft.NuGet.targets(185,5): message :       GetFrameworkPaths;
C:\Program Files\Microsoft Visual Studio\18\Community\MSBuild\Microsoft\NuGet\18.0\Microsoft.NuGet.targets(185,5): message :       GetReferenceAssemblyPaths;
C:\Program Files\Microsoft Visual Studio\18\Community\MSBuild\Microsoft\NuGet\18.0\Microsoft.NuGet.targets(185,5): message :       PrepareForBuild;
C:\Program Files\Microsoft Visual Studio\18\Community\MSBuild\Microsoft\NuGet\18.0\Microsoft.NuGet.targets(185,5): message :       ResolveSDKReferences;
C:\Program Files\Microsoft Visual Studio\18\Community\MSBuild\Microsoft\NuGet\18.0\Microsoft.NuGet.targets(185,5): message :       ExpandSDKReferences;
C:\Program Files\Microsoft Visual Studio\18\Community\MSBuild\Microsoft\NuGet\18.0\Microsoft.NuGet.targets(185,5): message :     ;ResolveNuGetPackageAssets" (以前の値: "
C:\Program Files\Microsoft Visual Studio\18\Community\MSBuild\Microsoft\NuGet\18.0\Microsoft.NuGet.targets(185,5): message :       ResolveProjectReferences;
C:\Program Files\Microsoft Visual Studio\18\Community\MSBuild\Microsoft\NuGet\18.0\Microsoft.NuGet.targets(185,5): message :       FindInvalidProjectReferences;
C:\Program Files\Microsoft Visual Studio\18\Community\MSBuild\Microsoft\NuGet\18.0\Microsoft.NuGet.targets(185,5): message :       GetFrameworkPaths;
C:\Program Files\Microsoft Visual Studio\18\Community\MSBuild\Microsoft\NuGet\18.0\Microsoft.NuGet.targets(185,5): message :       GetReferenceAssemblyPaths;
C:\Program Files\Microsoft Visual Studio\18\Community\MSBuild\Microsoft\NuGet\18.0\Microsoft.NuGet.targets(185,5): message :       PrepareForBuild;
C:\Program Files\Microsoft Visual Studio\18\Community\MSBuild\Microsoft\NuGet\18.0\Microsoft.NuGet.targets(185,5): message :       ResolveSDKReferences;
C:\Program Files\Microsoft Visual Studio\18\Community\MSBuild\Microsoft\NuGet\18.0\Microsoft.NuGet.targets(185,5): message :       ExpandSDKReferences;
C:\Program Files\Microsoft Visual Studio\18\Community\MSBuild\Microsoft\NuGet\18.0\Microsoft.NuGet.targets(185,5): message :     ") C:\Program Files\Microsoft Visual Studio\18\Community\MSBuild\Microsoft\NuGet\18.0\Microsoft.NuGet.targets (185,5)
C:\Program Files\Microsoft Visual Studio\18\Community\MSBuild\Microsoft\NuGet\18.0\Microsoft.NuGet.targets(186,5): message : プロパティの再代入: $(PrepareResourcesDependsOn)="ResolveNuGetPackageAssets;
C:\Program Files\Microsoft Visual Studio\18\Community\MSBuild\Microsoft\NuGet\18.0\Microsoft.NuGet.targets(186,5): message :       XamlMarkupCompilePass1;
C:\Program Files\Microsoft Visual Studio\18\Community\MSBuild\Microsoft\NuGet\18.0\Microsoft.NuGet.targets(186,5): message :       XamlMarkupCompilePass2;
C:\Program Files\Microsoft Visual Studio\18\Community\MSBuild\Microsoft\NuGet\18.0\Microsoft.NuGet.targets(186,5): message :       
C:\Program Files\Microsoft Visual Studio\18\Community\MSBuild\Microsoft\NuGet\18.0\Microsoft.NuGet.targets(186,5): message :       ;
C:\Program Files\Microsoft Visual Studio\18\Community\MSBuild\Microsoft\NuGet\18.0\Microsoft.NuGet.targets(186,5): message :       PrepareResourceNames;
C:\Program Files\Microsoft Visual Studio\18\Community\MSBuild\Microsoft\NuGet\18.0\Microsoft.NuGet.targets(186,5): message :       ResGen;
C:\Program Files\Microsoft Visual Studio\18\Community\MSBuild\Microsoft\NuGet\18.0\Microsoft.NuGet.targets(186,5): message :       CompileLicxFiles
C:\Program Files\Microsoft Visual Studio\18\Community\MSBuild\Microsoft\NuGet\18.0\Microsoft.NuGet.targets(186,5): message :      
C:\Program Files\Microsoft Visual Studio\18\Community\MSBuild\Microsoft\NuGet\18.0\Microsoft.NuGet.targets(186,5): message :     " (以前の値: "
C:\Program Files\Microsoft Visual Studio\18\Community\MSBuild\Microsoft\NuGet\18.0\Microsoft.NuGet.targets(186,5): message :       XamlMarkupCompilePass1;
C:\Program Files\Microsoft Visual Studio\18\Community\MSBuild\Microsoft\NuGet\18.0\Microsoft.NuGet.targets(186,5): message :       XamlMarkupCompilePass2;
C:\Program Files\Microsoft Visual Studio\18\Community\MSBuild\Microsoft\NuGet\18.0\Microsoft.NuGet.targets(186,5): message :       
C:\Program Files\Microsoft Visual Studio\18\Community\MSBuild\Microsoft\NuGet\18.0\Microsoft.NuGet.targets(186,5): message :       ;
C:\Program Files\Microsoft Visual Studio\18\Community\MSBuild\Microsoft\NuGet\18.0\Microsoft.NuGet.targets(186,5): message :       PrepareResourceNames;
C:\Program Files\Microsoft Visual Studio\18\Community\MSBuild\Microsoft\NuGet\18.0\Microsoft.NuGet.targets(186,5): message :       ResGen;
C:\Program Files\Microsoft Visual Studio\18\Community\MSBuild\Microsoft\NuGet\18.0\Microsoft.NuGet.targets(186,5): message :       CompileLicxFiles
C:\Program Files\Microsoft Visual Studio\18\Community\MSBuild\Microsoft\NuGet\18.0\Microsoft.NuGet.targets(186,5): message :      
C:\Program Files\Microsoft Visual Studio\18\Community\MSBuild\Microsoft\NuGet\18.0\Microsoft.NuGet.targets(186,5): message :     ") C:\Program Files\Microsoft Visual Studio\18\Community\MSBuild\Microsoft\NuGet\18.0\Microsoft.NuGet.targets (186,5)
$(MSBuildExtensionsPath) で使用されている検索パスは C:\Program Files\Microsoft Visual Studio\18\Community\MSBuild;$(MSBuildProgramFiles32)\MSBuild です
$(MSBuildExtensionsPath) で使用されている検索パスは C:\Program Files\Microsoft Visual Studio\18\Community\MSBuild;$(MSBuildProgramFiles32)\MSBuild です
拡張パス C:\Program Files\Microsoft Visual Studio\18\Community\MSBuild を使用して C:\Program Files\Microsoft Visual Studio\18\Community\MSBuild\Microsoft\VisualStudio\WebTools.Aspire\Microsoft.WebTools.Aspire.targets をインポートしようとしています
C:\Program Files\Microsoft Visual Studio\18\Community\MSBuild\Microsoft\VisualStudio\WebTools.Aspire\Microsoft.WebTools.Aspire.targets(25,5): message : プロパティの再代入: $(JsonSchemaCombinedFilePath)="C:\Users\k023g\source\repos\TD4-2-Clone2\Generated\Obj\Debug\DirectXTex\CombinedComponentSchema.json" (以前の値: "C:\Users\k023g\source\repos\TD4-2-Clone2\Project\Externals\DirectXTex\..\..\..\Generated\Obj\Debug\DirectXTex\\CombinedComponentSchema.json") C:\Program Files\Microsoft Visual Studio\18\Community\MSBuild\Microsoft\VisualStudio\WebTools.Aspire\Microsoft.WebTools.Aspire.targets (25,5)
C:\Program Files\Microsoft Visual Studio\18\Community\MSBuild\Microsoft\VisualStudio\WebTools.Aspire\Microsoft.WebTools.Aspire.targets(27,5): message : プロパティの再代入: $(AppSettingsJsonSchemaCombinedFilePath)="C:\Users\k023g\source\repos\TD4-2-Clone2\Generated\Obj\Debug\DirectXTex\AppSettingsSchema.json" (以前の値: "C:\Users\k023g\source\repos\TD4-2-Clone2\Project\Externals\DirectXTex\..\..\..\Generated\Obj\Debug\DirectXTex\\AppSettingsSchema.json") C:\Program Files\Microsoft Visual Studio\18\Community\MSBuild\Microsoft\VisualStudio\WebTools.Aspire\Microsoft.WebTools.Aspire.targets (27,5)
C:\Program Files\Microsoft Visual Studio\18\Community\MSBuild\Xamarin\Xamarin.Sdk.targets(9,9): message : プロパティの再代入: $(PrepareForRunDependsOn)="
C:\Program Files\Microsoft Visual Studio\18\Community\MSBuild\Xamarin\Xamarin.Sdk.targets(9,9): message :             _CalculatePostXamarinTelemetry;
C:\Program Files\Microsoft Visual Studio\18\Community\MSBuild\Xamarin\Xamarin.Sdk.targets(9,9): message :             _PostXamarinTelemetry;
C:\Program Files\Microsoft Visual Studio\18\Community\MSBuild\Xamarin\Xamarin.Sdk.targets(9,9): message :             
C:\Program Files\Microsoft Visual Studio\18\Community\MSBuild\Xamarin\Xamarin.Sdk.targets(9,9): message :       CopyFilesToOutputDirectory
C:\Program Files\Microsoft Visual Studio\18\Community\MSBuild\Xamarin\Xamarin.Sdk.targets(9,9): message :     
C:\Program Files\Microsoft Visual Studio\18\Community\MSBuild\Xamarin\Xamarin.Sdk.targets(9,9): message :         " (以前の値: "
C:\Program Files\Microsoft Visual Studio\18\Community\MSBuild\Xamarin\Xamarin.Sdk.targets(9,9): message :       CopyFilesToOutputDirectory
C:\Program Files\Microsoft Visual Studio\18\Community\MSBuild\Xamarin\Xamarin.Sdk.targets(9,9): message :     ") C:\Program Files\Microsoft Visual Studio\18\Community\MSBuild\Xamarin\Xamarin.Sdk.targets (9,9)
C:\Program Files\Microsoft Visual Studio\18\Community\MSBuild\Microsoft\VC\v180\Microsoft.BuildSteps.Targets(39,5): message : プロパティの再代入: $(DebugType)="" (以前の値: "none") C:\Program Files\Microsoft Visual Studio\18\Community\MSBuild\Microsoft\VC\v180\Microsoft.BuildSteps.Targets (39,5)
C:\Program Files\Microsoft Visual Studio\18\Community\MSBuild\Microsoft\VC\v180\Microsoft.BuildSteps.Targets(122,5): message : プロパティの再代入: $(BuildDependsOn)="
C:\Program Files\Microsoft Visual Studio\18\Community\MSBuild\Microsoft\VC\v180\Microsoft.BuildSteps.Targets(122,5): message :       _PrepareForBuild;
C:\Program Files\Microsoft Visual Studio\18\Community\MSBuild\Microsoft\VC\v180\Microsoft.BuildSteps.Targets(122,5): message :       
C:\Program Files\Microsoft Visual Studio\18\Community\MSBuild\Microsoft\VC\v180\Microsoft.BuildSteps.Targets(122,5): message :       ResolveReferences;
C:\Program Files\Microsoft Visual Studio\18\Community\MSBuild\Microsoft\VC\v180\Microsoft.BuildSteps.Targets(122,5): message :       PrepareForBuild;
C:\Program Files\Microsoft Visual Studio\18\Community\MSBuild\Microsoft\VC\v180\Microsoft.BuildSteps.Targets(122,5): message :       InitializeBuildStatus;
C:\Program Files\Microsoft Visual Studio\18\Community\MSBuild\Microsoft\VC\v180\Microsoft.BuildSteps.Targets(122,5): message :       BuildGenerateSources;
C:\Program Files\Microsoft Visual Studio\18\Community\MSBuild\Microsoft\VC\v180\Microsoft.BuildSteps.Targets(122,5): message :       BuildCompile;
C:\Program Files\Microsoft Visual Studio\18\Community\MSBuild\Microsoft\VC\v180\Microsoft.BuildSteps.Targets(122,5): message :       BuildLink;
C:\Program Files\Microsoft Visual Studio\18\Community\MSBuild\Microsoft\VC\v180\Microsoft.BuildSteps.Targets(122,5): message :     ;
C:\Program Files\Microsoft Visual Studio\18\Community\MSBuild\Microsoft\VC\v180\Microsoft.BuildSteps.Targets(122,5): message :       AfterBuild;
C:\Program Files\Microsoft Visual Studio\18\Community\MSBuild\Microsoft\VC\v180\Microsoft.BuildSteps.Targets(122,5): message :       IncrementalClean;
C:\Program Files\Microsoft Visual Studio\18\Community\MSBuild\Microsoft\VC\v180\Microsoft.BuildSteps.Targets(122,5): message :       TlogCleanup;
C:\Program Files\Microsoft Visual Studio\18\Community\MSBuild\Microsoft\VC\v180\Microsoft.BuildSteps.Targets(122,5): message :       FinalizeBuildStatus;
C:\Program Files\Microsoft Visual Studio\18\Community\MSBuild\Microsoft\VC\v180\Microsoft.BuildSteps.Targets(122,5): message :     " (以前の値: "
C:\Program Files\Microsoft Visual Studio\18\Community\MSBuild\Microsoft\VC\v180\Microsoft.BuildSteps.Targets(122,5): message :       BeforeBuild;
C:\Program Files\Microsoft Visual Studio\18\Community\MSBuild\Microsoft\VC\v180\Microsoft.BuildSteps.Targets(122,5): message :       CoreBuild;
C:\Program Files\Microsoft Visual Studio\18\Community\MSBuild\Microsoft\VC\v180\Microsoft.BuildSteps.Targets(122,5): message :       AfterBuild
C:\Program Files\Microsoft Visual Studio\18\Community\MSBuild\Microsoft\VC\v180\Microsoft.BuildSteps.Targets(122,5): message :     ") C:\Program Files\Microsoft Visual Studio\18\Community\MSBuild\Microsoft\VC\v180\Microsoft.BuildSteps.Targets (122,5)
C:\Program Files\Microsoft Visual Studio\18\Community\MSBuild\Microsoft\VC\v180\Microsoft.BuildSteps.Targets(131,5): message : プロパティの再代入: $(RebuildDependsOn)="
C:\Program Files\Microsoft Visual Studio\18\Community\MSBuild\Microsoft\VC\v180\Microsoft.BuildSteps.Targets(131,5): message :       _PrepareForRebuild;
C:\Program Files\Microsoft Visual Studio\18\Community\MSBuild\Microsoft\VC\v180\Microsoft.BuildSteps.Targets(131,5): message :       
C:\Program Files\Microsoft Visual Studio\18\Community\MSBuild\Microsoft\VC\v180\Microsoft.BuildSteps.Targets(131,5): message :       BeforeRebuild;
C:\Program Files\Microsoft Visual Studio\18\Community\MSBuild\Microsoft\VC\v180\Microsoft.BuildSteps.Targets(131,5): message :       Clean;
C:\Program Files\Microsoft Visual Studio\18\Community\MSBuild\Microsoft\VC\v180\Microsoft.BuildSteps.Targets(131,5): message :       Build;
C:\Program Files\Microsoft Visual Studio\18\Community\MSBuild\Microsoft\VC\v180\Microsoft.BuildSteps.Targets(131,5): message :       AfterRebuild;
C:\Program Files\Microsoft Visual Studio\18\Community\MSBuild\Microsoft\VC\v180\Microsoft.BuildSteps.Targets(131,5): message :     ;
C:\Program Files\Microsoft Visual Studio\18\Community\MSBuild\Microsoft\VC\v180\Microsoft.BuildSteps.Targets(131,5): message :     " (以前の値: "
C:\Program Files\Microsoft Visual Studio\18\Community\MSBuild\Microsoft\VC\v180\Microsoft.BuildSteps.Targets(131,5): message :       BeforeRebuild;
C:\Program Files\Microsoft Visual Studio\18\Community\MSBuild\Microsoft\VC\v180\Microsoft.BuildSteps.Targets(131,5): message :       Clean;
C:\Program Files\Microsoft Visual Studio\18\Community\MSBuild\Microsoft\VC\v180\Microsoft.BuildSteps.Targets(131,5): message :       Build;
C:\Program Files\Microsoft Visual Studio\18\Community\MSBuild\Microsoft\VC\v180\Microsoft.BuildSteps.Targets(131,5): message :       AfterRebuild;
C:\Program Files\Microsoft Visual Studio\18\Community\MSBuild\Microsoft\VC\v180\Microsoft.BuildSteps.Targets(131,5): message :     ") C:\Program Files\Microsoft Visual Studio\18\Community\MSBuild\Microsoft\VC\v180\Microsoft.BuildSteps.Targets (131,5)
C:\Program Files\Microsoft Visual Studio\18\Community\MSBuild\Microsoft\VC\v180\Microsoft.BuildSteps.Targets(136,5): message : プロパティの再代入: $(CleanDependsOn)="
C:\Program Files\Microsoft Visual Studio\18\Community\MSBuild\Microsoft\VC\v180\Microsoft.BuildSteps.Targets(136,5): message :       _PrepareForClean;
C:\Program Files\Microsoft Visual Studio\18\Community\MSBuild\Microsoft\VC\v180\Microsoft.BuildSteps.Targets(136,5): message :       
C:\Program Files\Microsoft Visual Studio\18\Community\MSBuild\Microsoft\VC\v180\Microsoft.BuildSteps.Targets(136,5): message :       BeforeClean;
C:\Program Files\Microsoft Visual Studio\18\Community\MSBuild\Microsoft\VC\v180\Microsoft.BuildSteps.Targets(136,5): message :       UnmanagedUnregistration;
C:\Program Files\Microsoft Visual Studio\18\Community\MSBuild\Microsoft\VC\v180\Microsoft.BuildSteps.Targets(136,5): message :       CoreClean;
C:\Program Files\Microsoft Visual Studio\18\Community\MSBuild\Microsoft\VC\v180\Microsoft.BuildSteps.Targets(136,5): message :       CleanReferencedProjects;
C:\Program Files\Microsoft Visual Studio\18\Community\MSBuild\Microsoft\VC\v180\Microsoft.BuildSteps.Targets(136,5): message :       CleanPublishFolder;
C:\Program Files\Microsoft Visual Studio\18\Community\MSBuild\Microsoft\VC\v180\Microsoft.BuildSteps.Targets(136,5): message :       AfterClean
C:\Program Files\Microsoft Visual Studio\18\Community\MSBuild\Microsoft\VC\v180\Microsoft.BuildSteps.Targets(136,5): message :     ;
C:\Program Files\Microsoft Visual Studio\18\Community\MSBuild\Microsoft\VC\v180\Microsoft.BuildSteps.Targets(136,5): message :     " (以前の値: "
C:\Program Files\Microsoft Visual Studio\18\Community\MSBuild\Microsoft\VC\v180\Microsoft.BuildSteps.Targets(136,5): message :       BeforeClean;
C:\Program Files\Microsoft Visual Studio\18\Community\MSBuild\Microsoft\VC\v180\Microsoft.BuildSteps.Targets(136,5): message :       UnmanagedUnregistration;
C:\Program Files\Microsoft Visual Studio\18\Community\MSBuild\Microsoft\VC\v180\Microsoft.BuildSteps.Targets(136,5): message :       CoreClean;
C:\Program Files\Microsoft Visual Studio\18\Community\MSBuild\Microsoft\VC\v180\Microsoft.BuildSteps.Targets(136,5): message :       CleanReferencedProjects;
C:\Program Files\Microsoft Visual Studio\18\Community\MSBuild\Microsoft\VC\v180\Microsoft.BuildSteps.Targets(136,5): message :       CleanPublishFolder;
C:\Program Files\Microsoft Visual Studio\18\Community\MSBuild\Microsoft\VC\v180\Microsoft.BuildSteps.Targets(136,5): message :       AfterClean
C:\Program Files\Microsoft Visual Studio\18\Community\MSBuild\Microsoft\VC\v180\Microsoft.BuildSteps.Targets(136,5): message :     ") C:\Program Files\Microsoft Visual Studio\18\Community\MSBuild\Microsoft\VC\v180\Microsoft.BuildSteps.Targets (136,5)
C:\Program Files\Microsoft Visual Studio\18\Community\MSBuild\Microsoft\VC\v180\Microsoft.CppBuild.targets(60,5): message : プロパティの再代入: $(BeforeBuildGenerateSourcesTargets)="
C:\Program Files\Microsoft Visual Studio\18\Community\MSBuild\Microsoft\VC\v180\Microsoft.CppBuild.targets(60,5): message :       
C:\Program Files\Microsoft Visual Studio\18\Community\MSBuild\Microsoft\VC\v180\Microsoft.CppBuild.targets(60,5): message :       ;
C:\Program Files\Microsoft Visual Studio\18\Community\MSBuild\Microsoft\VC\v180\Microsoft.CppBuild.targets(60,5): message :       BeforeBuildGenerateSources;
C:\Program Files\Microsoft Visual Studio\18\Community\MSBuild\Microsoft\VC\v180\Microsoft.CppBuild.targets(60,5): message :     ;
C:\Program Files\Microsoft Visual Studio\18\Community\MSBuild\Microsoft\VC\v180\Microsoft.CppBuild.targets(60,5): message :     " (以前の値: "
C:\Program Files\Microsoft Visual Studio\18\Community\MSBuild\Microsoft\VC\v180\Microsoft.CppBuild.targets(60,5): message :       ;
C:\Program Files\Microsoft Visual Studio\18\Community\MSBuild\Microsoft\VC\v180\Microsoft.CppBuild.targets(60,5): message :       BeforeBuildGenerateSources;
C:\Program Files\Microsoft Visual Studio\18\Community\MSBuild\Microsoft\VC\v180\Microsoft.CppBuild.targets(60,5): message :     ") C:\Program Files\Microsoft Visual Studio\18\Community\MSBuild\Microsoft\VC\v180\Microsoft.CppBuild.targets (60,5)
C:\Program Files\Microsoft Visual Studio\18\Community\MSBuild\Microsoft\VC\v180\Microsoft.CppBuild.targets(71,5): message : プロパティの再代入: $(AfterBuildGenerateSourcesTargets)="
C:\Program Files\Microsoft Visual Studio\18\Community\MSBuild\Microsoft\VC\v180\Microsoft.CppBuild.targets(71,5): message :       
C:\Program Files\Microsoft Visual Studio\18\Community\MSBuild\Microsoft\VC\v180\Microsoft.CppBuild.targets(71,5): message :       ;
C:\Program Files\Microsoft Visual Studio\18\Community\MSBuild\Microsoft\VC\v180\Microsoft.CppBuild.targets(71,5): message :       AfterBuildGenerateSources;
C:\Program Files\Microsoft Visual Studio\18\Community\MSBuild\Microsoft\VC\v180\Microsoft.CppBuild.targets(71,5): message :     ;
C:\Program Files\Microsoft Visual Studio\18\Community\MSBuild\Microsoft\VC\v180\Microsoft.CppBuild.targets(71,5): message :       AfterBuildGenerateSourcesEvent;
C:\Program Files\Microsoft Visual Studio\18\Community\MSBuild\Microsoft\VC\v180\Microsoft.CppBuild.targets(71,5): message :     " (以前の値: "
C:\Program Files\Microsoft Visual Studio\18\Community\MSBuild\Microsoft\VC\v180\Microsoft.CppBuild.targets(71,5): message :       ;
C:\Program Files\Microsoft Visual Studio\18\Community\MSBuild\Microsoft\VC\v180\Microsoft.CppBuild.targets(71,5): message :       AfterBuildGenerateSources;
C:\Program Files\Microsoft Visual Studio\18\Community\MSBuild\Microsoft\VC\v180\Microsoft.CppBuild.targets(71,5): message :     ") C:\Program Files\Microsoft Visual Studio\18\Community\MSBuild\Microsoft\VC\v180\Microsoft.CppBuild.targets (71,5)
C:\Program Files\Microsoft Visual Studio\18\Community\MSBuild\Microsoft\VC\v180\Microsoft.CppBuild.targets(140,5): message : プロパティの再代入: $(BuildGenerateSourcesAction)="_BuildGenerateSourcesAction" (以前の値: "Build") C:\Program Files\Microsoft Visual Studio\18\Community\MSBuild\Microsoft\VC\v180\Microsoft.CppBuild.targets (140,5)
C:\Program Files\Microsoft Visual Studio\18\Community\MSBuild\Microsoft\VC\v180\Microsoft.CppBuild.targets(141,5): message : プロパティの再代入: $(BuildCompileAction)="_BuildCompileAction" (以前の値: "Build") C:\Program Files\Microsoft Visual Studio\18\Community\MSBuild\Microsoft\VC\v180\Microsoft.CppBuild.targets (141,5)
C:\Program Files\Microsoft Visual Studio\18\Community\MSBuild\Microsoft\VC\v180\Microsoft.CppBuild.targets(142,5): message : プロパティの再代入: $(BuildLinkAction)="_BuildLinkAction" (以前の値: "Build") C:\Program Files\Microsoft Visual Studio\18\Community\MSBuild\Microsoft\VC\v180\Microsoft.CppBuild.targets (142,5)
C:\Program Files\Microsoft Visual Studio\18\Community\MSBuild\Microsoft\VC\v180\Microsoft.CppBuild.targets(258,5): message : プロパティの再代入: $(DetermineProjectTypeTargets)="_PrepareForReferenceResolution;
C:\Program Files\Microsoft Visual Studio\18\Community\MSBuild\Microsoft\VC\v180\Microsoft.CppBuild.targets(258,5): message :       ;
C:\Program Files\Microsoft Visual Studio\18\Community\MSBuild\Microsoft\VC\v180\Microsoft.CppBuild.targets(258,5): message :       AddExternalIncludDirectoriesToPaths
C:\Program Files\Microsoft Visual Studio\18\Community\MSBuild\Microsoft\VC\v180\Microsoft.CppBuild.targets(258,5): message :     " (以前の値: "
C:\Program Files\Microsoft Visual Studio\18\Community\MSBuild\Microsoft\VC\v180\Microsoft.CppBuild.targets(258,5): message :       ;
C:\Program Files\Microsoft Visual Studio\18\Community\MSBuild\Microsoft\VC\v180\Microsoft.CppBuild.targets(258,5): message :       AddExternalIncludDirectoriesToPaths
C:\Program Files\Microsoft Visual Studio\18\Community\MSBuild\Microsoft\VC\v180\Microsoft.CppBuild.targets(258,5): message :     ") C:\Program Files\Microsoft Visual Studio\18\Community\MSBuild\Microsoft\VC\v180\Microsoft.CppBuild.targets (258,5)
C:\Program Files\Microsoft Visual Studio\18\Community\MSBuild\Microsoft\VC\v180\Microsoft.CppBuild.targets(323,5): message : プロパティの再代入: $(ResolveReferencesDependsOn)="_PrepareForReferenceResolution;ComputeCrtSDKReference;
C:\Program Files\Microsoft Visual Studio\18\Community\MSBuild\Microsoft\VC\v180\Microsoft.CppBuild.targets(323,5): message :       
C:\Program Files\Microsoft Visual Studio\18\Community\MSBuild\Microsoft\VC\v180\Microsoft.CppBuild.targets(323,5): message :       BeforeResolveReferences;
C:\Program Files\Microsoft Visual Studio\18\Community\MSBuild\Microsoft\VC\v180\Microsoft.CppBuild.targets(323,5): message :       AssignProjectConfiguration;
C:\Program Files\Microsoft Visual Studio\18\Community\MSBuild\Microsoft\VC\v180\Microsoft.CppBuild.targets(323,5): message :       ResolveProjectReferences;
C:\Program Files\Microsoft Visual Studio\18\Community\MSBuild\Microsoft\VC\v180\Microsoft.CppBuild.targets(323,5): message :       FindInvalidProjectReferences;
C:\Program Files\Microsoft Visual Studio\18\Community\MSBuild\Microsoft\VC\v180\Microsoft.CppBuild.targets(323,5): message :       ResolveNativeReferences;
C:\Program Files\Microsoft Visual Studio\18\Community\MSBuild\Microsoft\VC\v180\Microsoft.CppBuild.targets(323,5): message :       ResolveAssemblyReferences;
C:\Program Files\Microsoft Visual Studio\18\Community\MSBuild\Microsoft\VC\v180\Microsoft.CppBuild.targets(323,5): message :       GenerateBindingRedirects;
C:\Program Files\Microsoft Visual Studio\18\Community\MSBuild\Microsoft\VC\v180\Microsoft.CppBuild.targets(323,5): message :       GenerateBindingRedirectsUpdateAppConfig;
C:\Program Files\Microsoft Visual Studio\18\Community\MSBuild\Microsoft\VC\v180\Microsoft.CppBuild.targets(323,5): message :       ResolveComReferences;
C:\Program Files\Microsoft Visual Studio\18\Community\MSBuild\Microsoft\VC\v180\Microsoft.CppBuild.targets(323,5): message :       AfterResolveReferences
C:\Program Files\Microsoft Visual Studio\18\Community\MSBuild\Microsoft\VC\v180\Microsoft.CppBuild.targets(323,5): message :     ;
C:\Program Files\Microsoft Visual Studio\18\Community\MSBuild\Microsoft\VC\v180\Microsoft.CppBuild.targets(323,5): message :       ResolveTestReferences
C:\Program Files\Microsoft Visual Studio\18\Community\MSBuild\Microsoft\VC\v180\Microsoft.CppBuild.targets(323,5): message :     " (以前の値: "
C:\Program Files\Microsoft Visual Studio\18\Community\MSBuild\Microsoft\VC\v180\Microsoft.CppBuild.targets(323,5): message :       
C:\Program Files\Microsoft Visual Studio\18\Community\MSBuild\Microsoft\VC\v180\Microsoft.CppBuild.targets(323,5): message :       BeforeResolveReferences;
C:\Program Files\Microsoft Visual Studio\18\Community\MSBuild\Microsoft\VC\v180\Microsoft.CppBuild.targets(323,5): message :       AssignProjectConfiguration;
C:\Program Files\Microsoft Visual Studio\18\Community\MSBuild\Microsoft\VC\v180\Microsoft.CppBuild.targets(323,5): message :       ResolveProjectReferences;
C:\Program Files\Microsoft Visual Studio\18\Community\MSBuild\Microsoft\VC\v180\Microsoft.CppBuild.targets(323,5): message :       FindInvalidProjectReferences;
C:\Program Files\Microsoft Visual Studio\18\Community\MSBuild\Microsoft\VC\v180\Microsoft.CppBuild.targets(323,5): message :       ResolveNativeReferences;
C:\Program Files\Microsoft Visual Studio\18\Community\MSBuild\Microsoft\VC\v180\Microsoft.CppBuild.targets(323,5): message :       ResolveAssemblyReferences;
C:\Program Files\Microsoft Visual Studio\18\Community\MSBuild\Microsoft\VC\v180\Microsoft.CppBuild.targets(323,5): message :       GenerateBindingRedirects;
C:\Program Files\Microsoft Visual Studio\18\Community\MSBuild\Microsoft\VC\v180\Microsoft.CppBuild.targets(323,5): message :       GenerateBindingRedirectsUpdateAppConfig;
C:\Program Files\Microsoft Visual Studio\18\Community\MSBuild\Microsoft\VC\v180\Microsoft.CppBuild.targets(323,5): message :       ResolveComReferences;
C:\Program Files\Microsoft Visual Studio\18\Community\MSBuild\Microsoft\VC\v180\Microsoft.CppBuild.targets(323,5): message :       AfterResolveReferences
C:\Program Files\Microsoft Visual Studio\18\Community\MSBuild\Microsoft\VC\v180\Microsoft.CppBuild.targets(323,5): message :     ;
C:\Program Files\Microsoft Visual Studio\18\Community\MSBuild\Microsoft\VC\v180\Microsoft.CppBuild.targets(323,5): message :       ResolveTestReferences
C:\Program Files\Microsoft Visual Studio\18\Community\MSBuild\Microsoft\VC\v180\Microsoft.CppBuild.targets(323,5): message :     ") C:\Program Files\Microsoft Visual Studio\18\Community\MSBuild\Microsoft\VC\v180\Microsoft.CppBuild.targets (323,5)
C:\Program Files\Microsoft Visual Studio\18\Community\MSBuild\Microsoft\VC\v180\Microsoft.CppBuild.targets(324,5): message : プロパティの再代入: $(ResolveAssemblyReferencesDependsOn)="_PrepareForReferenceResolution;
C:\Program Files\Microsoft Visual Studio\18\Community\MSBuild\Microsoft\VC\v180\Microsoft.CppBuild.targets(324,5): message :       ResolveProjectReferences;
C:\Program Files\Microsoft Visual Studio\18\Community\MSBuild\Microsoft\VC\v180\Microsoft.CppBuild.targets(324,5): message :       FindInvalidProjectReferences;
C:\Program Files\Microsoft Visual Studio\18\Community\MSBuild\Microsoft\VC\v180\Microsoft.CppBuild.targets(324,5): message :       GetFrameworkPaths;
C:\Program Files\Microsoft Visual Studio\18\Community\MSBuild\Microsoft\VC\v180\Microsoft.CppBuild.targets(324,5): message :       GetReferenceAssemblyPaths;
C:\Program Files\Microsoft Visual Studio\18\Community\MSBuild\Microsoft\VC\v180\Microsoft.CppBuild.targets(324,5): message :       PrepareForBuild;
C:\Program Files\Microsoft Visual Studio\18\Community\MSBuild\Microsoft\VC\v180\Microsoft.CppBuild.targets(324,5): message :       ResolveSDKReferences;
C:\Program Files\Microsoft Visual Studio\18\Community\MSBuild\Microsoft\VC\v180\Microsoft.CppBuild.targets(324,5): message :       ExpandSDKReferences;
C:\Program Files\Microsoft Visual Studio\18\Community\MSBuild\Microsoft\VC\v180\Microsoft.CppBuild.targets(324,5): message :     ;ResolveNuGetPackageAssets" (以前の値: "
C:\Program Files\Microsoft Visual Studio\18\Community\MSBuild\Microsoft\VC\v180\Microsoft.CppBuild.targets(324,5): message :       ResolveProjectReferences;
C:\Program Files\Microsoft Visual Studio\18\Community\MSBuild\Microsoft\VC\v180\Microsoft.CppBuild.targets(324,5): message :       FindInvalidProjectReferences;
C:\Program Files\Microsoft Visual Studio\18\Community\MSBuild\Microsoft\VC\v180\Microsoft.CppBuild.targets(324,5): message :       GetFrameworkPaths;
C:\Program Files\Microsoft Visual Studio\18\Community\MSBuild\Microsoft\VC\v180\Microsoft.CppBuild.targets(324,5): message :       GetReferenceAssemblyPaths;
C:\Program Files\Microsoft Visual Studio\18\Community\MSBuild\Microsoft\VC\v180\Microsoft.CppBuild.targets(324,5): message :       PrepareForBuild;
C:\Program Files\Microsoft Visual Studio\18\Community\MSBuild\Microsoft\VC\v180\Microsoft.CppBuild.targets(324,5): message :       ResolveSDKReferences;
C:\Program Files\Microsoft Visual Studio\18\Community\MSBuild\Microsoft\VC\v180\Microsoft.CppBuild.targets(324,5): message :       ExpandSDKReferences;
C:\Program Files\Microsoft Visual Studio\18\Community\MSBuild\Microsoft\VC\v180\Microsoft.CppBuild.targets(324,5): message :     ;ResolveNuGetPackageAssets") C:\Program Files\Microsoft Visual Studio\18\Community\MSBuild\Microsoft\VC\v180\Microsoft.CppBuild.targets (324,5)
C:\Program Files\Microsoft Visual Studio\18\Community\MSBuild\Microsoft\VC\v180\Microsoft.CppBuild.targets(325,5): message : プロパティの再代入: $(ResolveSDKReferencesDependsOn)="_PrepareForReferenceResolution;ComputeCrtSDKReference;
C:\Program Files\Microsoft Visual Studio\18\Community\MSBuild\Microsoft\VC\v180\Microsoft.CppBuild.targets(325,5): message :       GetInstalledSDKLocations
C:\Program Files\Microsoft Visual Studio\18\Community\MSBuild\Microsoft\VC\v180\Microsoft.CppBuild.targets(325,5): message :     " (以前の値: "
C:\Program Files\Microsoft Visual Studio\18\Community\MSBuild\Microsoft\VC\v180\Microsoft.CppBuild.targets(325,5): message :       GetInstalledSDKLocations
C:\Program Files\Microsoft Visual Studio\18\Community\MSBuild\Microsoft\VC\v180\Microsoft.CppBuild.targets(325,5): message :     ") C:\Program Files\Microsoft Visual Studio\18\Community\MSBuild\Microsoft\VC\v180\Microsoft.CppBuild.targets (325,5)
C:\Program Files\Microsoft Visual Studio\18\Community\MSBuild\Microsoft\VC\v180\Microsoft.CppBuild.targets(659,5): message : プロパティの再代入: $(ComputeCompileInputsTargets)="
C:\Program Files\Microsoft Visual Studio\18\Community\MSBuild\Microsoft\VC\v180\Microsoft.CppBuild.targets(659,5): message :       
C:\Program Files\Microsoft Visual Studio\18\Community\MSBuild\Microsoft\VC\v180\Microsoft.CppBuild.targets(659,5): message :       ;
C:\Program Files\Microsoft Visual Studio\18\Community\MSBuild\Microsoft\VC\v180\Microsoft.CppBuild.targets(659,5): message :       GenerateTargetFrameworkMonikerAttribute;
C:\Program Files\Microsoft Visual Studio\18\Community\MSBuild\Microsoft\VC\v180\Microsoft.CppBuild.targets(659,5): message :     ;
C:\Program Files\Microsoft Visual Studio\18\Community\MSBuild\Microsoft\VC\v180\Microsoft.CppBuild.targets(659,5): message :       ComputeMIDLGeneratedCompileInputs;
C:\Program Files\Microsoft Visual Studio\18\Community\MSBuild\Microsoft\VC\v180\Microsoft.CppBuild.targets(659,5): message :     " (以前の値: "
C:\Program Files\Microsoft Visual Studio\18\Community\MSBuild\Microsoft\VC\v180\Microsoft.CppBuild.targets(659,5): message :       ;
C:\Program Files\Microsoft Visual Studio\18\Community\MSBuild\Microsoft\VC\v180\Microsoft.CppBuild.targets(659,5): message :       GenerateTargetFrameworkMonikerAttribute;
C:\Program Files\Microsoft Visual Studio\18\Community\MSBuild\Microsoft\VC\v180\Microsoft.CppBuild.targets(659,5): message :     ") C:\Program Files\Microsoft Visual Studio\18\Community\MSBuild\Microsoft\VC\v180\Microsoft.CppBuild.targets (659,5)
C:\Program Files\Microsoft Visual Studio\18\Community\MSBuild\Microsoft\VC\v180\Microsoft.CppBuild.targets(984,5): message : プロパティの再代入: $(ComputeLinkInputsTargets)="
C:\Program Files\Microsoft Visual Studio\18\Community\MSBuild\Microsoft\VC\v180\Microsoft.CppBuild.targets(984,5): message :       
C:\Program Files\Microsoft Visual Studio\18\Community\MSBuild\Microsoft\VC\v180\Microsoft.CppBuild.targets(984,5): message :       ;
C:\Program Files\Microsoft Visual Studio\18\Community\MSBuild\Microsoft\VC\v180\Microsoft.CppBuild.targets(984,5): message :       ComputeRCGeneratedLinkInputs;
C:\Program Files\Microsoft Visual Studio\18\Community\MSBuild\Microsoft\VC\v180\Microsoft.CppBuild.targets(984,5): message :     ;
C:\Program Files\Microsoft Visual Studio\18\Community\MSBuild\Microsoft\VC\v180\Microsoft.CppBuild.targets(984,5): message :       ComputeManifestGeneratedLinkerInputs;
C:\Program Files\Microsoft Visual Studio\18\Community\MSBuild\Microsoft\VC\v180\Microsoft.CppBuild.targets(984,5): message :     " (以前の値: "
C:\Program Files\Microsoft Visual Studio\18\Community\MSBuild\Microsoft\VC\v180\Microsoft.CppBuild.targets(984,5): message :       ;
C:\Program Files\Microsoft Visual Studio\18\Community\MSBuild\Microsoft\VC\v180\Microsoft.CppBuild.targets(984,5): message :       ComputeRCGeneratedLinkInputs;
C:\Program Files\Microsoft Visual Studio\18\Community\MSBuild\Microsoft\VC\v180\Microsoft.CppBuild.targets(984,5): message :     ") C:\Program Files\Microsoft Visual Studio\18\Community\MSBuild\Microsoft\VC\v180\Microsoft.CppBuild.targets (984,5)
C:\Program Files\Microsoft Visual Studio\18\Community\MSBuild\Microsoft\VC\v180\Microsoft.CppBuild.targets(1181,5): message : プロパティの再代入: $(ComputeCompileInputsTargets)="
C:\Program Files\Microsoft Visual Studio\18\Community\MSBuild\Microsoft\VC\v180\Microsoft.CppBuild.targets(1181,5): message :       
C:\Program Files\Microsoft Visual Studio\18\Community\MSBuild\Microsoft\VC\v180\Microsoft.CppBuild.targets(1181,5): message :       
C:\Program Files\Microsoft Visual Studio\18\Community\MSBuild\Microsoft\VC\v180\Microsoft.CppBuild.targets(1181,5): message :       ;
C:\Program Files\Microsoft Visual Studio\18\Community\MSBuild\Microsoft\VC\v180\Microsoft.CppBuild.targets(1181,5): message :       GenerateTargetFrameworkMonikerAttribute;
C:\Program Files\Microsoft Visual Studio\18\Community\MSBuild\Microsoft\VC\v180\Microsoft.CppBuild.targets(1181,5): message :     ;
C:\Program Files\Microsoft Visual Studio\18\Community\MSBuild\Microsoft\VC\v180\Microsoft.CppBuild.targets(1181,5): message :       ComputeMIDLGeneratedCompileInputs;
C:\Program Files\Microsoft Visual Studio\18\Community\MSBuild\Microsoft\VC\v180\Microsoft.CppBuild.targets(1181,5): message :     ;
C:\Program Files\Microsoft Visual Studio\18\Community\MSBuild\Microsoft\VC\v180\Microsoft.CppBuild.targets(1181,5): message :       ComputeCLInputPDBName;
C:\Program Files\Microsoft Visual Studio\18\Community\MSBuild\Microsoft\VC\v180\Microsoft.CppBuild.targets(1181,5): message :       ComputeReferenceCLInput;
C:\Program Files\Microsoft Visual Studio\18\Community\MSBuild\Microsoft\VC\v180\Microsoft.CppBuild.targets(1181,5): message :       WarnCompileDuplicatedFilename
C:\Program Files\Microsoft Visual Studio\18\Community\MSBuild\Microsoft\VC\v180\Microsoft.CppBuild.targets(1181,5): message :     " (以前の値: "
C:\Program Files\Microsoft Visual Studio\18\Community\MSBuild\Microsoft\VC\v180\Microsoft.CppBuild.targets(1181,5): message :       
C:\Program Files\Microsoft Visual Studio\18\Community\MSBuild\Microsoft\VC\v180\Microsoft.CppBuild.targets(1181,5): message :       ;
C:\Program Files\Microsoft Visual Studio\18\Community\MSBuild\Microsoft\VC\v180\Microsoft.CppBuild.targets(1181,5): message :       GenerateTargetFrameworkMonikerAttribute;
C:\Program Files\Microsoft Visual Studio\18\Community\MSBuild\Microsoft\VC\v180\Microsoft.CppBuild.targets(1181,5): message :     ;
C:\Program Files\Microsoft Visual Studio\18\Community\MSBuild\Microsoft\VC\v180\Microsoft.CppBuild.targets(1181,5): message :       ComputeMIDLGeneratedCompileInputs;
C:\Program Files\Microsoft Visual Studio\18\Community\MSBuild\Microsoft\VC\v180\Microsoft.CppBuild.targets(1181,5): message :     ") C:\Program Files\Microsoft Visual Studio\18\Community\MSBuild\Microsoft\VC\v180\Microsoft.CppBuild.targets (1181,5)
C:\Program Files\Microsoft Visual Studio\18\Community\MSBuild\Microsoft\VC\v180\Microsoft.CppBuild.targets(1233,5): message : プロパティの再代入: $(ComputeLinkInputsTargets)="
C:\Program Files\Microsoft Visual Studio\18\Community\MSBuild\Microsoft\VC\v180\Microsoft.CppBuild.targets(1233,5): message :       
C:\Program Files\Microsoft Visual Studio\18\Community\MSBuild\Microsoft\VC\v180\Microsoft.CppBuild.targets(1233,5): message :       
C:\Program Files\Microsoft Visual Studio\18\Community\MSBuild\Microsoft\VC\v180\Microsoft.CppBuild.targets(1233,5): message :       ;
C:\Program Files\Microsoft Visual Studio\18\Community\MSBuild\Microsoft\VC\v180\Microsoft.CppBuild.targets(1233,5): message :       ComputeRCGeneratedLinkInputs;
C:\Program Files\Microsoft Visual Studio\18\Community\MSBuild\Microsoft\VC\v180\Microsoft.CppBuild.targets(1233,5): message :     ;
C:\Program Files\Microsoft Visual Studio\18\Community\MSBuild\Microsoft\VC\v180\Microsoft.CppBuild.targets(1233,5): message :       ComputeManifestGeneratedLinkerInputs;
C:\Program Files\Microsoft Visual Studio\18\Community\MSBuild\Microsoft\VC\v180\Microsoft.CppBuild.targets(1233,5): message :     ;
C:\Program Files\Microsoft Visual Studio\18\Community\MSBuild\Microsoft\VC\v180\Microsoft.CppBuild.targets(1233,5): message :       ComputeCustomBuildOutput;
C:\Program Files\Microsoft Visual Studio\18\Community\MSBuild\Microsoft\VC\v180\Microsoft.CppBuild.targets(1233,5): message :     " (以前の値: "
C:\Program Files\Microsoft Visual Studio\18\Community\MSBuild\Microsoft\VC\v180\Microsoft.CppBuild.targets(1233,5): message :       
C:\Program Files\Microsoft Visual Studio\18\Community\MSBuild\Microsoft\VC\v180\Microsoft.CppBuild.targets(1233,5): message :       ;
C:\Program Files\Microsoft Visual Studio\18\Community\MSBuild\Microsoft\VC\v180\Microsoft.CppBuild.targets(1233,5): message :       ComputeRCGeneratedLinkInputs;
C:\Program Files\Microsoft Visual Studio\18\Community\MSBuild\Microsoft\VC\v180\Microsoft.CppBuild.targets(1233,5): message :     ;
C:\Program Files\Microsoft Visual Studio\18\Community\MSBuild\Microsoft\VC\v180\Microsoft.CppBuild.targets(1233,5): message :       ComputeManifestGeneratedLinkerInputs;
C:\Program Files\Microsoft Visual Studio\18\Community\MSBuild\Microsoft\VC\v180\Microsoft.CppBuild.targets(1233,5): message :     ") C:\Program Files\Microsoft Visual Studio\18\Community\MSBuild\Microsoft\VC\v180\Microsoft.CppBuild.targets (1233,5)
C:\Program Files\Microsoft Visual Studio\18\Community\MSBuild\Microsoft\VC\v180\Microsoft.CppBuild.targets(1240,5): message : プロパティの再代入: $(ComputeLibInputsTargets)="
C:\Program Files\Microsoft Visual Studio\18\Community\MSBuild\Microsoft\VC\v180\Microsoft.CppBuild.targets(1240,5): message :       
C:\Program Files\Microsoft Visual Studio\18\Community\MSBuild\Microsoft\VC\v180\Microsoft.CppBuild.targets(1240,5): message :       ;
C:\Program Files\Microsoft Visual Studio\18\Community\MSBuild\Microsoft\VC\v180\Microsoft.CppBuild.targets(1240,5): message :       ComputeRCGeneratedLibInputs;
C:\Program Files\Microsoft Visual Studio\18\Community\MSBuild\Microsoft\VC\v180\Microsoft.CppBuild.targets(1240,5): message :     ;
C:\Program Files\Microsoft Visual Studio\18\Community\MSBuild\Microsoft\VC\v180\Microsoft.CppBuild.targets(1240,5): message :       ComputeCustomBuildOutput;
C:\Program Files\Microsoft Visual Studio\18\Community\MSBuild\Microsoft\VC\v180\Microsoft.CppBuild.targets(1240,5): message :     " (以前の値: "
C:\Program Files\Microsoft Visual Studio\18\Community\MSBuild\Microsoft\VC\v180\Microsoft.CppBuild.targets(1240,5): message :       ;
C:\Program Files\Microsoft Visual Studio\18\Community\MSBuild\Microsoft\VC\v180\Microsoft.CppBuild.targets(1240,5): message :       ComputeRCGeneratedLibInputs;
C:\Program Files\Microsoft Visual Studio\18\Community\MSBuild\Microsoft\VC\v180\Microsoft.CppBuild.targets(1240,5): message :     ") C:\Program Files\Microsoft Visual Studio\18\Community\MSBuild\Microsoft\VC\v180\Microsoft.CppBuild.targets (1240,5)
C:\Program Files\Microsoft Visual Studio\18\Community\MSBuild\Microsoft\VC\v180\Microsoft.CppBuild.targets(1247,5): message : プロパティの再代入: $(ComputeImpLibInputsTargets)="
C:\Program Files\Microsoft Visual Studio\18\Community\MSBuild\Microsoft\VC\v180\Microsoft.CppBuild.targets(1247,5): message :       
C:\Program Files\Microsoft Visual Studio\18\Community\MSBuild\Microsoft\VC\v180\Microsoft.CppBuild.targets(1247,5): message :       
C:\Program Files\Microsoft Visual Studio\18\Community\MSBuild\Microsoft\VC\v180\Microsoft.CppBuild.targets(1247,5): message :       ;
C:\Program Files\Microsoft Visual Studio\18\Community\MSBuild\Microsoft\VC\v180\Microsoft.CppBuild.targets(1247,5): message :       ComputeRCGeneratedLibInputs;
C:\Program Files\Microsoft Visual Studio\18\Community\MSBuild\Microsoft\VC\v180\Microsoft.CppBuild.targets(1247,5): message :     ;
C:\Program Files\Microsoft Visual Studio\18\Community\MSBuild\Microsoft\VC\v180\Microsoft.CppBuild.targets(1247,5): message :       ComputeRCGeneratedImpLibInputs;
C:\Program Files\Microsoft Visual Studio\18\Community\MSBuild\Microsoft\VC\v180\Microsoft.CppBuild.targets(1247,5): message :     ;
C:\Program Files\Microsoft Visual Studio\18\Community\MSBuild\Microsoft\VC\v180\Microsoft.CppBuild.targets(1247,5): message :       ComputeCustomBuildOutput;
C:\Program Files\Microsoft Visual Studio\18\Community\MSBuild\Microsoft\VC\v180\Microsoft.CppBuild.targets(1247,5): message :     " (以前の値: "
C:\Program Files\Microsoft Visual Studio\18\Community\MSBuild\Microsoft\VC\v180\Microsoft.CppBuild.targets(1247,5): message :       
C:\Program Files\Microsoft Visual Studio\18\Community\MSBuild\Microsoft\VC\v180\Microsoft.CppBuild.targets(1247,5): message :       ;
C:\Program Files\Microsoft Visual Studio\18\Community\MSBuild\Microsoft\VC\v180\Microsoft.CppBuild.targets(1247,5): message :       ComputeRCGeneratedLibInputs;
C:\Program Files\Microsoft Visual Studio\18\Community\MSBuild\Microsoft\VC\v180\Microsoft.CppBuild.targets(1247,5): message :     ;
C:\Program Files\Microsoft Visual Studio\18\Community\MSBuild\Microsoft\VC\v180\Microsoft.CppBuild.targets(1247,5): message :       ComputeRCGeneratedImpLibInputs;
C:\Program Files\Microsoft Visual Studio\18\Community\MSBuild\Microsoft\VC\v180\Microsoft.CppBuild.targets(1247,5): message :     ") C:\Program Files\Microsoft Visual Studio\18\Community\MSBuild\Microsoft\VC\v180\Microsoft.CppBuild.targets (1247,5)
C:\Program Files\Microsoft Visual Studio\18\Community\MSBuild\Microsoft\VC\v180\Microsoft.CppBuild.targets(1308,5): message : プロパティの再代入: $(ComputeLinkInputsTargets)="
C:\Program Files\Microsoft Visual Studio\18\Community\MSBuild\Microsoft\VC\v180\Microsoft.CppBuild.targets(1308,5): message :       
C:\Program Files\Microsoft Visual Studio\18\Community\MSBuild\Microsoft\VC\v180\Microsoft.CppBuild.targets(1308,5): message :       
C:\Program Files\Microsoft Visual Studio\18\Community\MSBuild\Microsoft\VC\v180\Microsoft.CppBuild.targets(1308,5): message :       
C:\Program Files\Microsoft Visual Studio\18\Community\MSBuild\Microsoft\VC\v180\Microsoft.CppBuild.targets(1308,5): message :       ;
C:\Program Files\Microsoft Visual Studio\18\Community\MSBuild\Microsoft\VC\v180\Microsoft.CppBuild.targets(1308,5): message :       ComputeRCGeneratedLinkInputs;
C:\Program Files\Microsoft Visual Studio\18\Community\MSBuild\Microsoft\VC\v180\Microsoft.CppBuild.targets(1308,5): message :     ;
C:\Program Files\Microsoft Visual Studio\18\Community\MSBuild\Microsoft\VC\v180\Microsoft.CppBuild.targets(1308,5): message :       ComputeManifestGeneratedLinkerInputs;
C:\Program Files\Microsoft Visual Studio\18\Community\MSBuild\Microsoft\VC\v180\Microsoft.CppBuild.targets(1308,5): message :     ;
C:\Program Files\Microsoft Visual Studio\18\Community\MSBuild\Microsoft\VC\v180\Microsoft.CppBuild.targets(1308,5): message :       ComputeCustomBuildOutput;
C:\Program Files\Microsoft Visual Studio\18\Community\MSBuild\Microsoft\VC\v180\Microsoft.CppBuild.targets(1308,5): message :     ;
C:\Program Files\Microsoft Visual Studio\18\Community\MSBuild\Microsoft\VC\v180\Microsoft.CppBuild.targets(1308,5): message :       ComputeCLGeneratedLinkInputs;
C:\Program Files\Microsoft Visual Studio\18\Community\MSBuild\Microsoft\VC\v180\Microsoft.CppBuild.targets(1308,5): message :     " (以前の値: "
C:\Program Files\Microsoft Visual Studio\18\Community\MSBuild\Microsoft\VC\v180\Microsoft.CppBuild.targets(1308,5): message :       
C:\Program Files\Microsoft Visual Studio\18\Community\MSBuild\Microsoft\VC\v180\Microsoft.CppBuild.targets(1308,5): message :       
C:\Program Files\Microsoft Visual Studio\18\Community\MSBuild\Microsoft\VC\v180\Microsoft.CppBuild.targets(1308,5): message :       ;
C:\Program Files\Microsoft Visual Studio\18\Community\MSBuild\Microsoft\VC\v180\Microsoft.CppBuild.targets(1308,5): message :       ComputeRCGeneratedLinkInputs;
C:\Program Files\Microsoft Visual Studio\18\Community\MSBuild\Microsoft\VC\v180\Microsoft.CppBuild.targets(1308,5): message :     ;
C:\Program Files\Microsoft Visual Studio\18\Community\MSBuild\Microsoft\VC\v180\Microsoft.CppBuild.targets(1308,5): message :       ComputeManifestGeneratedLinkerInputs;
C:\Program Files\Microsoft Visual Studio\18\Community\MSBuild\Microsoft\VC\v180\Microsoft.CppBuild.targets(1308,5): message :     ;
C:\Program Files\Microsoft Visual Studio\18\Community\MSBuild\Microsoft\VC\v180\Microsoft.CppBuild.targets(1308,5): message :       ComputeCustomBuildOutput;
C:\Program Files\Microsoft Visual Studio\18\Community\MSBuild\Microsoft\VC\v180\Microsoft.CppBuild.targets(1308,5): message :     ") C:\Program Files\Microsoft Visual Studio\18\Community\MSBuild\Microsoft\VC\v180\Microsoft.CppBuild.targets (1308,5)
C:\Program Files\Microsoft Visual Studio\18\Community\MSBuild\Microsoft\VC\v180\Microsoft.CppBuild.targets(1323,5): message : プロパティの再代入: $(ComputeLibInputsTargets)="
C:\Program Files\Microsoft Visual Studio\18\Community\MSBuild\Microsoft\VC\v180\Microsoft.CppBuild.targets(1323,5): message :       
C:\Program Files\Microsoft Visual Studio\18\Community\MSBuild\Microsoft\VC\v180\Microsoft.CppBuild.targets(1323,5): message :       
C:\Program Files\Microsoft Visual Studio\18\Community\MSBuild\Microsoft\VC\v180\Microsoft.CppBuild.targets(1323,5): message :       ;
C:\Program Files\Microsoft Visual Studio\18\Community\MSBuild\Microsoft\VC\v180\Microsoft.CppBuild.targets(1323,5): message :       ComputeRCGeneratedLibInputs;
C:\Program Files\Microsoft Visual Studio\18\Community\MSBuild\Microsoft\VC\v180\Microsoft.CppBuild.targets(1323,5): message :     ;
C:\Program Files\Microsoft Visual Studio\18\Community\MSBuild\Microsoft\VC\v180\Microsoft.CppBuild.targets(1323,5): message :       ComputeCustomBuildOutput;
C:\Program Files\Microsoft Visual Studio\18\Community\MSBuild\Microsoft\VC\v180\Microsoft.CppBuild.targets(1323,5): message :     ;
C:\Program Files\Microsoft Visual Studio\18\Community\MSBuild\Microsoft\VC\v180\Microsoft.CppBuild.targets(1323,5): message :       ComputeCLGeneratedLibInputs;
C:\Program Files\Microsoft Visual Studio\18\Community\MSBuild\Microsoft\VC\v180\Microsoft.CppBuild.targets(1323,5): message :     " (以前の値: "
C:\Program Files\Microsoft Visual Studio\18\Community\MSBuild\Microsoft\VC\v180\Microsoft.CppBuild.targets(1323,5): message :       
C:\Program Files\Microsoft Visual Studio\18\Community\MSBuild\Microsoft\VC\v180\Microsoft.CppBuild.targets(1323,5): message :       ;
C:\Program Files\Microsoft Visual Studio\18\Community\MSBuild\Microsoft\VC\v180\Microsoft.CppBuild.targets(1323,5): message :       ComputeRCGeneratedLibInputs;
C:\Program Files\Microsoft Visual Studio\18\Community\MSBuild\Microsoft\VC\v180\Microsoft.CppBuild.targets(1323,5): message :     ;
C:\Program Files\Microsoft Visual Studio\18\Community\MSBuild\Microsoft\VC\v180\Microsoft.CppBuild.targets(1323,5): message :       ComputeCustomBuildOutput;
C:\Program Files\Microsoft Visual Studio\18\Community\MSBuild\Microsoft\VC\v180\Microsoft.CppBuild.targets(1323,5): message :     ") C:\Program Files\Microsoft Visual Studio\18\Community\MSBuild\Microsoft\VC\v180\Microsoft.CppBuild.targets (1323,5)
C:\Program Files\Microsoft Visual Studio\18\Community\MSBuild\Microsoft\VC\v180\Microsoft.CppBuild.targets(1338,5): message : プロパティの再代入: $(ComputeImpLibInputsTargets)="
C:\Program Files\Microsoft Visual Studio\18\Community\MSBuild\Microsoft\VC\v180\Microsoft.CppBuild.targets(1338,5): message :       
C:\Program Files\Microsoft Visual Studio\18\Community\MSBuild\Microsoft\VC\v180\Microsoft.CppBuild.targets(1338,5): message :       
C:\Program Files\Microsoft Visual Studio\18\Community\MSBuild\Microsoft\VC\v180\Microsoft.CppBuild.targets(1338,5): message :       
C:\Program Files\Microsoft Visual Studio\18\Community\MSBuild\Microsoft\VC\v180\Microsoft.CppBuild.targets(1338,5): message :       ;
C:\Program Files\Microsoft Visual Studio\18\Community\MSBuild\Microsoft\VC\v180\Microsoft.CppBuild.targets(1338,5): message :       ComputeRCGeneratedLibInputs;
C:\Program Files\Microsoft Visual Studio\18\Community\MSBuild\Microsoft\VC\v180\Microsoft.CppBuild.targets(1338,5): message :     ;
C:\Program Files\Microsoft Visual Studio\18\Community\MSBuild\Microsoft\VC\v180\Microsoft.CppBuild.targets(1338,5): message :       ComputeRCGeneratedImpLibInputs;
C:\Program Files\Microsoft Visual Studio\18\Community\MSBuild\Microsoft\VC\v180\Microsoft.CppBuild.targets(1338,5): message :     ;
C:\Program Files\Microsoft Visual Studio\18\Community\MSBuild\Microsoft\VC\v180\Microsoft.CppBuild.targets(1338,5): message :       ComputeCustomBuildOutput;
C:\Program Files\Microsoft Visual Studio\18\Community\MSBuild\Microsoft\VC\v180\Microsoft.CppBuild.targets(1338,5): message :     ;
C:\Program Files\Microsoft Visual Studio\18\Community\MSBuild\Microsoft\VC\v180\Microsoft.CppBuild.targets(1338,5): message :       ComputeCLGeneratedImpLibInputs;
C:\Program Files\Microsoft Visual Studio\18\Community\MSBuild\Microsoft\VC\v180\Microsoft.CppBuild.targets(1338,5): message :     " (以前の値: "
C:\Program Files\Microsoft Visual Studio\18\Community\MSBuild\Microsoft\VC\v180\Microsoft.CppBuild.targets(1338,5): message :       
C:\Program Files\Microsoft Visual Studio\18\Community\MSBuild\Microsoft\VC\v180\Microsoft.CppBuild.targets(1338,5): message :       
C:\Program Files\Microsoft Visual Studio\18\Community\MSBuild\Microsoft\VC\v180\Microsoft.CppBuild.targets(1338,5): message :       ;
C:\Program Files\Microsoft Visual Studio\18\Community\MSBuild\Microsoft\VC\v180\Microsoft.CppBuild.targets(1338,5): message :       ComputeRCGeneratedLibInputs;
C:\Program Files\Microsoft Visual Studio\18\Community\MSBuild\Microsoft\VC\v180\Microsoft.CppBuild.targets(1338,5): message :     ;
C:\Program Files\Microsoft Visual Studio\18\Community\MSBuild\Microsoft\VC\v180\Microsoft.CppBuild.targets(1338,5): message :       ComputeRCGeneratedImpLibInputs;
C:\Program Files\Microsoft Visual Studio\18\Community\MSBuild\Microsoft\VC\v180\Microsoft.CppBuild.targets(1338,5): message :     ;
C:\Program Files\Microsoft Visual Studio\18\Community\MSBuild\Microsoft\VC\v180\Microsoft.CppBuild.targets(1338,5): message :       ComputeCustomBuildOutput;
C:\Program Files\Microsoft Visual Studio\18\Community\MSBuild\Microsoft\VC\v180\Microsoft.CppBuild.targets(1338,5): message :     ") C:\Program Files\Microsoft Visual Studio\18\Community\MSBuild\Microsoft\VC\v180\Microsoft.CppBuild.targets (1338,5)
C:\Program Files\Microsoft Visual Studio\18\Community\MSBuild\Microsoft\VC\v180\Microsoft.CppBuild.targets(1369,5): message : プロパティの再代入: $(ComputeLinkInputsTargets)="
C:\Program Files\Microsoft Visual Studio\18\Community\MSBuild\Microsoft\VC\v180\Microsoft.CppBuild.targets(1369,5): message :       
C:\Program Files\Microsoft Visual Studio\18\Community\MSBuild\Microsoft\VC\v180\Microsoft.CppBuild.targets(1369,5): message :       
C:\Program Files\Microsoft Visual Studio\18\Community\MSBuild\Microsoft\VC\v180\Microsoft.CppBuild.targets(1369,5): message :       
C:\Program Files\Microsoft Visual Studio\18\Community\MSBuild\Microsoft\VC\v180\Microsoft.CppBuild.targets(1369,5): message :       
C:\Program Files\Microsoft Visual Studio\18\Community\MSBuild\Microsoft\VC\v180\Microsoft.CppBuild.targets(1369,5): message :       ;
C:\Program Files\Microsoft Visual Studio\18\Community\MSBuild\Microsoft\VC\v180\Microsoft.CppBuild.targets(1369,5): message :       ComputeRCGeneratedLinkInputs;
C:\Program Files\Microsoft Visual Studio\18\Community\MSBuild\Microsoft\VC\v180\Microsoft.CppBuild.targets(1369,5): message :     ;
C:\Program Files\Microsoft Visual Studio\18\Community\MSBuild\Microsoft\VC\v180\Microsoft.CppBuild.targets(1369,5): message :       ComputeManifestGeneratedLinkerInputs;
C:\Program Files\Microsoft Visual Studio\18\Community\MSBuild\Microsoft\VC\v180\Microsoft.CppBuild.targets(1369,5): message :     ;
C:\Program Files\Microsoft Visual Studio\18\Community\MSBuild\Microsoft\VC\v180\Microsoft.CppBuild.targets(1369,5): message :       ComputeCustomBuildOutput;
C:\Program Files\Microsoft Visual Studio\18\Community\MSBuild\Microsoft\VC\v180\Microsoft.CppBuild.targets(1369,5): message :     ;
C:\Program Files\Microsoft Visual Studio\18\Community\MSBuild\Microsoft\VC\v180\Microsoft.CppBuild.targets(1369,5): message :       ComputeCLGeneratedLinkInputs;
C:\Program Files\Microsoft Visual Studio\18\Community\MSBuild\Microsoft\VC\v180\Microsoft.CppBuild.targets(1369,5): message :     ;
C:\Program Files\Microsoft Visual Studio\18\Community\MSBuild\Microsoft\VC\v180\Microsoft.CppBuild.targets(1369,5): message :       ComputeLinkInputsFromProject;
C:\Program Files\Microsoft Visual Studio\18\Community\MSBuild\Microsoft\VC\v180\Microsoft.CppBuild.targets(1369,5): message :     " (以前の値: "
C:\Program Files\Microsoft Visual Studio\18\Community\MSBuild\Microsoft\VC\v180\Microsoft.CppBuild.targets(1369,5): message :       
C:\Program Files\Microsoft Visual Studio\18\Community\MSBuild\Microsoft\VC\v180\Microsoft.CppBuild.targets(1369,5): message :       
C:\Program Files\Microsoft Visual Studio\18\Community\MSBuild\Microsoft\VC\v180\Microsoft.CppBuild.targets(1369,5): message :       
C:\Program Files\Microsoft Visual Studio\18\Community\MSBuild\Microsoft\VC\v180\Microsoft.CppBuild.targets(1369,5): message :       ;
C:\Program Files\Microsoft Visual Studio\18\Community\MSBuild\Microsoft\VC\v180\Microsoft.CppBuild.targets(1369,5): message :       ComputeRCGeneratedLinkInputs;
C:\Program Files\Microsoft Visual Studio\18\Community\MSBuild\Microsoft\VC\v180\Microsoft.CppBuild.targets(1369,5): message :     ;
C:\Program Files\Microsoft Visual Studio\18\Community\MSBuild\Microsoft\VC\v180\Microsoft.CppBuild.targets(1369,5): message :       ComputeManifestGeneratedLinkerInputs;
C:\Program Files\Microsoft Visual Studio\18\Community\MSBuild\Microsoft\VC\v180\Microsoft.CppBuild.targets(1369,5): message :     ;
C:\Program Files\Microsoft Visual Studio\18\Community\MSBuild\Microsoft\VC\v180\Microsoft.CppBuild.targets(1369,5): message :       ComputeCustomBuildOutput;
C:\Program Files\Microsoft Visual Studio\18\Community\MSBuild\Microsoft\VC\v180\Microsoft.CppBuild.targets(1369,5): message :     ;
C:\Program Files\Microsoft Visual Studio\18\Community\MSBuild\Microsoft\VC\v180\Microsoft.CppBuild.targets(1369,5): message :       ComputeCLGeneratedLinkInputs;
C:\Program Files\Microsoft Visual Studio\18\Community\MSBuild\Microsoft\VC\v180\Microsoft.CppBuild.targets(1369,5): message :     ") C:\Program Files\Microsoft Visual Studio\18\Community\MSBuild\Microsoft\VC\v180\Microsoft.CppBuild.targets (1369,5)
C:\Program Files\Microsoft Visual Studio\18\Community\MSBuild\Microsoft\VC\v180\Microsoft.CppBuild.targets(1387,5): message : プロパティの再代入: $(ComputeLibInputsTargets)="
C:\Program Files\Microsoft Visual Studio\18\Community\MSBuild\Microsoft\VC\v180\Microsoft.CppBuild.targets(1387,5): message :       
C:\Program Files\Microsoft Visual Studio\18\Community\MSBuild\Microsoft\VC\v180\Microsoft.CppBuild.targets(1387,5): message :       
C:\Program Files\Microsoft Visual Studio\18\Community\MSBuild\Microsoft\VC\v180\Microsoft.CppBuild.targets(1387,5): message :       
C:\Program Files\Microsoft Visual Studio\18\Community\MSBuild\Microsoft\VC\v180\Microsoft.CppBuild.targets(1387,5): message :       ;
C:\Program Files\Microsoft Visual Studio\18\Community\MSBuild\Microsoft\VC\v180\Microsoft.CppBuild.targets(1387,5): message :       ComputeRCGeneratedLibInputs;
C:\Program Files\Microsoft Visual Studio\18\Community\MSBuild\Microsoft\VC\v180\Microsoft.CppBuild.targets(1387,5): message :     ;
C:\Program Files\Microsoft Visual Studio\18\Community\MSBuild\Microsoft\VC\v180\Microsoft.CppBuild.targets(1387,5): message :       ComputeCustomBuildOutput;
C:\Program Files\Microsoft Visual Studio\18\Community\MSBuild\Microsoft\VC\v180\Microsoft.CppBuild.targets(1387,5): message :     ;
C:\Program Files\Microsoft Visual Studio\18\Community\MSBuild\Microsoft\VC\v180\Microsoft.CppBuild.targets(1387,5): message :       ComputeCLGeneratedLibInputs;
C:\Program Files\Microsoft Visual Studio\18\Community\MSBuild\Microsoft\VC\v180\Microsoft.CppBuild.targets(1387,5): message :     ;
C:\Program Files\Microsoft Visual Studio\18\Community\MSBuild\Microsoft\VC\v180\Microsoft.CppBuild.targets(1387,5): message :       ComputeLibInputsFromProject;
C:\Program Files\Microsoft Visual Studio\18\Community\MSBuild\Microsoft\VC\v180\Microsoft.CppBuild.targets(1387,5): message :     " (以前の値: "
C:\Program Files\Microsoft Visual Studio\18\Community\MSBuild\Microsoft\VC\v180\Microsoft.CppBuild.targets(1387,5): message :       
C:\Program Files\Microsoft Visual Studio\18\Community\MSBuild\Microsoft\VC\v180\Microsoft.CppBuild.targets(1387,5): message :       
C:\Program Files\Microsoft Visual Studio\18\Community\MSBuild\Microsoft\VC\v180\Microsoft.CppBuild.targets(1387,5): message :       ;
C:\Program Files\Microsoft Visual Studio\18\Community\MSBuild\Microsoft\VC\v180\Microsoft.CppBuild.targets(1387,5): message :       ComputeRCGeneratedLibInputs;
C:\Program Files\Microsoft Visual Studio\18\Community\MSBuild\Microsoft\VC\v180\Microsoft.CppBuild.targets(1387,5): message :     ;
C:\Program Files\Microsoft Visual Studio\18\Community\MSBuild\Microsoft\VC\v180\Microsoft.CppBuild.targets(1387,5): message :       ComputeCustomBuildOutput;
C:\Program Files\Microsoft Visual Studio\18\Community\MSBuild\Microsoft\VC\v180\Microsoft.CppBuild.targets(1387,5): message :     ;
C:\Program Files\Microsoft Visual Studio\18\Community\MSBuild\Microsoft\VC\v180\Microsoft.CppBuild.targets(1387,5): message :       ComputeCLGeneratedLibInputs;
C:\Program Files\Microsoft Visual Studio\18\Community\MSBuild\Microsoft\VC\v180\Microsoft.CppBuild.targets(1387,5): message :     ") C:\Program Files\Microsoft Visual Studio\18\Community\MSBuild\Microsoft\VC\v180\Microsoft.CppBuild.targets (1387,5)
C:\Program Files\Microsoft Visual Studio\18\Community\MSBuild\Microsoft\VC\v180\Microsoft.CppBuild.targets(1405,5): message : プロパティの再代入: $(ComputeImpLibInputsTargets)="
C:\Program Files\Microsoft Visual Studio\18\Community\MSBuild\Microsoft\VC\v180\Microsoft.CppBuild.targets(1405,5): message :       
C:\Program Files\Microsoft Visual Studio\18\Community\MSBuild\Microsoft\VC\v180\Microsoft.CppBuild.targets(1405,5): message :       
C:\Program Files\Microsoft Visual Studio\18\Community\MSBuild\Microsoft\VC\v180\Microsoft.CppBuild.targets(1405,5): message :       
C:\Program Files\Microsoft Visual Studio\18\Community\MSBuild\Microsoft\VC\v180\Microsoft.CppBuild.targets(1405,5): message :       
C:\Program Files\Microsoft Visual Studio\18\Community\MSBuild\Microsoft\VC\v180\Microsoft.CppBuild.targets(1405,5): message :       ;
C:\Program Files\Microsoft Visual Studio\18\Community\MSBuild\Microsoft\VC\v180\Microsoft.CppBuild.targets(1405,5): message :       ComputeRCGeneratedLibInputs;
C:\Program Files\Microsoft Visual Studio\18\Community\MSBuild\Microsoft\VC\v180\Microsoft.CppBuild.targets(1405,5): message :     ;
C:\Program Files\Microsoft Visual Studio\18\Community\MSBuild\Microsoft\VC\v180\Microsoft.CppBuild.targets(1405,5): message :       ComputeRCGeneratedImpLibInputs;
C:\Program Files\Microsoft Visual Studio\18\Community\MSBuild\Microsoft\VC\v180\Microsoft.CppBuild.targets(1405,5): message :     ;
C:\Program Files\Microsoft Visual Studio\18\Community\MSBuild\Microsoft\VC\v180\Microsoft.CppBuild.targets(1405,5): message :       ComputeCustomBuildOutput;
C:\Program Files\Microsoft Visual Studio\18\Community\MSBuild\Microsoft\VC\v180\Microsoft.CppBuild.targets(1405,5): message :     ;
C:\Program Files\Microsoft Visual Studio\18\Community\MSBuild\Microsoft\VC\v180\Microsoft.CppBuild.targets(1405,5): message :       ComputeCLGeneratedImpLibInputs;
C:\Program Files\Microsoft Visual Studio\18\Community\MSBuild\Microsoft\VC\v180\Microsoft.CppBuild.targets(1405,5): message :     ;
C:\Program Files\Microsoft Visual Studio\18\Community\MSBuild\Microsoft\VC\v180\Microsoft.CppBuild.targets(1405,5): message :       ComputeImpLibInputsFromProject;
C:\Program Files\Microsoft Visual Studio\18\Community\MSBuild\Microsoft\VC\v180\Microsoft.CppBuild.targets(1405,5): message :     " (以前の値: "
C:\Program Files\Microsoft Visual Studio\18\Community\MSBuild\Microsoft\VC\v180\Microsoft.CppBuild.targets(1405,5): message :       
C:\Program Files\Microsoft Visual Studio\18\Community\MSBuild\Microsoft\VC\v180\Microsoft.CppBuild.targets(1405,5): message :       
C:\Program Files\Microsoft Visual Studio\18\Community\MSBuild\Microsoft\VC\v180\Microsoft.CppBuild.targets(1405,5): message :       
C:\Program Files\Microsoft Visual Studio\18\Community\MSBuild\Microsoft\VC\v180\Microsoft.CppBuild.targets(1405,5): message :       ;
C:\Program Files\Microsoft Visual Studio\18\Community\MSBuild\Microsoft\VC\v180\Microsoft.CppBuild.targets(1405,5): message :       ComputeRCGeneratedLibInputs;
C:\Program Files\Microsoft Visual Studio\18\Community\MSBuild\Microsoft\VC\v180\Microsoft.CppBuild.targets(1405,5): message :     ;
C:\Program Files\Microsoft Visual Studio\18\Community\MSBuild\Microsoft\VC\v180\Microsoft.CppBuild.targets(1405,5): message :       ComputeRCGeneratedImpLibInputs;
C:\Program Files\Microsoft Visual Studio\18\Community\MSBuild\Microsoft\VC\v180\Microsoft.CppBuild.targets(1405,5): message :     ;
C:\Program Files\Microsoft Visual Studio\18\Community\MSBuild\Microsoft\VC\v180\Microsoft.CppBuild.targets(1405,5): message :       ComputeCustomBuildOutput;
C:\Program Files\Microsoft Visual Studio\18\Community\MSBuild\Microsoft\VC\v180\Microsoft.CppBuild.targets(1405,5): message :     ;
C:\Program Files\Microsoft Visual Studio\18\Community\MSBuild\Microsoft\VC\v180\Microsoft.CppBuild.targets(1405,5): message :       ComputeCLGeneratedImpLibInputs;
C:\Program Files\Microsoft Visual Studio\18\Community\MSBuild\Microsoft\VC\v180\Microsoft.CppBuild.targets(1405,5): message :     ") C:\Program Files\Microsoft Visual Studio\18\Community\MSBuild\Microsoft\VC\v180\Microsoft.CppBuild.targets (1405,5)
C:\Program Files\Microsoft Visual Studio\18\Community\MSBuild\Microsoft\VC\v180\Microsoft.CppBuild.targets(1529,5): message : プロパティの再代入: $(ComputeLinkInputsTargets)="
C:\Program Files\Microsoft Visual Studio\18\Community\MSBuild\Microsoft\VC\v180\Microsoft.CppBuild.targets(1529,5): message :       
C:\Program Files\Microsoft Visual Studio\18\Community\MSBuild\Microsoft\VC\v180\Microsoft.CppBuild.targets(1529,5): message :       
C:\Program Files\Microsoft Visual Studio\18\Community\MSBuild\Microsoft\VC\v180\Microsoft.CppBuild.targets(1529,5): message :       
C:\Program Files\Microsoft Visual Studio\18\Community\MSBuild\Microsoft\VC\v180\Microsoft.CppBuild.targets(1529,5): message :       
C:\Program Files\Microsoft Visual Studio\18\Community\MSBuild\Microsoft\VC\v180\Microsoft.CppBuild.targets(1529,5): message :       
C:\Program Files\Microsoft Visual Studio\18\Community\MSBuild\Microsoft\VC\v180\Microsoft.CppBuild.targets(1529,5): message :       ;
C:\Program Files\Microsoft Visual Studio\18\Community\MSBuild\Microsoft\VC\v180\Microsoft.CppBuild.targets(1529,5): message :       ComputeRCGeneratedLinkInputs;
C:\Program Files\Microsoft Visual Studio\18\Community\MSBuild\Microsoft\VC\v180\Microsoft.CppBuild.targets(1529,5): message :     ;
C:\Program Files\Microsoft Visual Studio\18\Community\MSBuild\Microsoft\VC\v180\Microsoft.CppBuild.targets(1529,5): message :       ComputeManifestGeneratedLinkerInputs;
C:\Program Files\Microsoft Visual Studio\18\Community\MSBuild\Microsoft\VC\v180\Microsoft.CppBuild.targets(1529,5): message :     ;
C:\Program Files\Microsoft Visual Studio\18\Community\MSBuild\Microsoft\VC\v180\Microsoft.CppBuild.targets(1529,5): message :       ComputeCustomBuildOutput;
C:\Program Files\Microsoft Visual Studio\18\Community\MSBuild\Microsoft\VC\v180\Microsoft.CppBuild.targets(1529,5): message :     ;
C:\Program Files\Microsoft Visual Studio\18\Community\MSBuild\Microsoft\VC\v180\Microsoft.CppBuild.targets(1529,5): message :       ComputeCLGeneratedLinkInputs;
C:\Program Files\Microsoft Visual Studio\18\Community\MSBuild\Microsoft\VC\v180\Microsoft.CppBuild.targets(1529,5): message :     ;
C:\Program Files\Microsoft Visual Studio\18\Community\MSBuild\Microsoft\VC\v180\Microsoft.CppBuild.targets(1529,5): message :       ComputeLinkInputsFromProject;
C:\Program Files\Microsoft Visual Studio\18\Community\MSBuild\Microsoft\VC\v180\Microsoft.CppBuild.targets(1529,5): message :     ;
C:\Program Files\Microsoft Visual Studio\18\Community\MSBuild\Microsoft\VC\v180\Microsoft.CppBuild.targets(1529,5): message :       ComputeReferenceLinkInputs;
C:\Program Files\Microsoft Visual Studio\18\Community\MSBuild\Microsoft\VC\v180\Microsoft.CppBuild.targets(1529,5): message :     " (以前の値: "
C:\Program Files\Microsoft Visual Studio\18\Community\MSBuild\Microsoft\VC\v180\Microsoft.CppBuild.targets(1529,5): message :       
C:\Program Files\Microsoft Visual Studio\18\Community\MSBuild\Microsoft\VC\v180\Microsoft.CppBuild.targets(1529,5): message :       
C:\Program Files\Microsoft Visual Studio\18\Community\MSBuild\Microsoft\VC\v180\Microsoft.CppBuild.targets(1529,5): message :       
C:\Program Files\Microsoft Visual Studio\18\Community\MSBuild\Microsoft\VC\v180\Microsoft.CppBuild.targets(1529,5): message :       
C:\Program Files\Microsoft Visual Studio\18\Community\MSBuild\Microsoft\VC\v180\Microsoft.CppBuild.targets(1529,5): message :       ;
C:\Program Files\Microsoft Visual Studio\18\Community\MSBuild\Microsoft\VC\v180\Microsoft.CppBuild.targets(1529,5): message :       ComputeRCGeneratedLinkInputs;
C:\Program Files\Microsoft Visual Studio\18\Community\MSBuild\Microsoft\VC\v180\Microsoft.CppBuild.targets(1529,5): message :     ;
C:\Program Files\Microsoft Visual Studio\18\Community\MSBuild\Microsoft\VC\v180\Microsoft.CppBuild.targets(1529,5): message :       ComputeManifestGeneratedLinkerInputs;
C:\Program Files\Microsoft Visual Studio\18\Community\MSBuild\Microsoft\VC\v180\Microsoft.CppBuild.targets(1529,5): message :     ;
C:\Program Files\Microsoft Visual Studio\18\Community\MSBuild\Microsoft\VC\v180\Microsoft.CppBuild.targets(1529,5): message :       ComputeCustomBuildOutput;
C:\Program Files\Microsoft Visual Studio\18\Community\MSBuild\Microsoft\VC\v180\Microsoft.CppBuild.targets(1529,5): message :     ;
C:\Program Files\Microsoft Visual Studio\18\Community\MSBuild\Microsoft\VC\v180\Microsoft.CppBuild.targets(1529,5): message :       ComputeCLGeneratedLinkInputs;
C:\Program Files\Microsoft Visual Studio\18\Community\MSBuild\Microsoft\VC\v180\Microsoft.CppBuild.targets(1529,5): message :     ;
C:\Program Files\Microsoft Visual Studio\18\Community\MSBuild\Microsoft\VC\v180\Microsoft.CppBuild.targets(1529,5): message :       ComputeLinkInputsFromProject;
C:\Program Files\Microsoft Visual Studio\18\Community\MSBuild\Microsoft\VC\v180\Microsoft.CppBuild.targets(1529,5): message :     ") C:\Program Files\Microsoft Visual Studio\18\Community\MSBuild\Microsoft\VC\v180\Microsoft.CppBuild.targets (1529,5)
C:\Program Files\Microsoft Visual Studio\18\Community\MSBuild\Microsoft\VC\v180\Microsoft.CppBuild.targets(1567,5): message : プロパティの再代入: $(ComputeLibInputsTargets)="
C:\Program Files\Microsoft Visual Studio\18\Community\MSBuild\Microsoft\VC\v180\Microsoft.CppBuild.targets(1567,5): message :       
C:\Program Files\Microsoft Visual Studio\18\Community\MSBuild\Microsoft\VC\v180\Microsoft.CppBuild.targets(1567,5): message :       
C:\Program Files\Microsoft Visual Studio\18\Community\MSBuild\Microsoft\VC\v180\Microsoft.CppBuild.targets(1567,5): message :       
C:\Program Files\Microsoft Visual Studio\18\Community\MSBuild\Microsoft\VC\v180\Microsoft.CppBuild.targets(1567,5): message :       
C:\Program Files\Microsoft Visual Studio\18\Community\MSBuild\Microsoft\VC\v180\Microsoft.CppBuild.targets(1567,5): message :       ;
C:\Program Files\Microsoft Visual Studio\18\Community\MSBuild\Microsoft\VC\v180\Microsoft.CppBuild.targets(1567,5): message :       ComputeRCGeneratedLibInputs;
C:\Program Files\Microsoft Visual Studio\18\Community\MSBuild\Microsoft\VC\v180\Microsoft.CppBuild.targets(1567,5): message :     ;
C:\Program Files\Microsoft Visual Studio\18\Community\MSBuild\Microsoft\VC\v180\Microsoft.CppBuild.targets(1567,5): message :       ComputeCustomBuildOutput;
C:\Program Files\Microsoft Visual Studio\18\Community\MSBuild\Microsoft\VC\v180\Microsoft.CppBuild.targets(1567,5): message :     ;
C:\Program Files\Microsoft Visual Studio\18\Community\MSBuild\Microsoft\VC\v180\Microsoft.CppBuild.targets(1567,5): message :       ComputeCLGeneratedLibInputs;
C:\Program Files\Microsoft Visual Studio\18\Community\MSBuild\Microsoft\VC\v180\Microsoft.CppBuild.targets(1567,5): message :     ;
C:\Program Files\Microsoft Visual Studio\18\Community\MSBuild\Microsoft\VC\v180\Microsoft.CppBuild.targets(1567,5): message :       ComputeLibInputsFromProject;
C:\Program Files\Microsoft Visual Studio\18\Community\MSBuild\Microsoft\VC\v180\Microsoft.CppBuild.targets(1567,5): message :     ;
C:\Program Files\Microsoft Visual Studio\18\Community\MSBuild\Microsoft\VC\v180\Microsoft.CppBuild.targets(1567,5): message :       ComputeReferenceLibInputs;
C:\Program Files\Microsoft Visual Studio\18\Community\MSBuild\Microsoft\VC\v180\Microsoft.CppBuild.targets(1567,5): message :     " (以前の値: "
C:\Program Files\Microsoft Visual Studio\18\Community\MSBuild\Microsoft\VC\v180\Microsoft.CppBuild.targets(1567,5): message :       
C:\Program Files\Microsoft Visual Studio\18\Community\MSBuild\Microsoft\VC\v180\Microsoft.CppBuild.targets(1567,5): message :       
C:\Program Files\Microsoft Visual Studio\18\Community\MSBuild\Microsoft\VC\v180\Microsoft.CppBuild.targets(1567,5): message :       
C:\Program Files\Microsoft Visual Studio\18\Community\MSBuild\Microsoft\VC\v180\Microsoft.CppBuild.targets(1567,5): message :       ;
C:\Program Files\Microsoft Visual Studio\18\Community\MSBuild\Microsoft\VC\v180\Microsoft.CppBuild.targets(1567,5): message :       ComputeRCGeneratedLibInputs;
C:\Program Files\Microsoft Visual Studio\18\Community\MSBuild\Microsoft\VC\v180\Microsoft.CppBuild.targets(1567,5): message :     ;
C:\Program Files\Microsoft Visual Studio\18\Community\MSBuild\Microsoft\VC\v180\Microsoft.CppBuild.targets(1567,5): message :       ComputeCustomBuildOutput;
C:\Program Files\Microsoft Visual Studio\18\Community\MSBuild\Microsoft\VC\v180\Microsoft.CppBuild.targets(1567,5): message :     ;
C:\Program Files\Microsoft Visual Studio\18\Community\MSBuild\Microsoft\VC\v180\Microsoft.CppBuild.targets(1567,5): message :       ComputeCLGeneratedLibInputs;
C:\Program Files\Microsoft Visual Studio\18\Community\MSBuild\Microsoft\VC\v180\Microsoft.CppBuild.targets(1567,5): message :     ;
C:\Program Files\Microsoft Visual Studio\18\Community\MSBuild\Microsoft\VC\v180\Microsoft.CppBuild.targets(1567,5): message :       ComputeLibInputsFromProject;
C:\Program Files\Microsoft Visual Studio\18\Community\MSBuild\Microsoft\VC\v180\Microsoft.CppBuild.targets(1567,5): message :     ") C:\Program Files\Microsoft Visual Studio\18\Community\MSBuild\Microsoft\VC\v180\Microsoft.CppBuild.targets (1567,5)
C:\Program Files\Microsoft Visual Studio\18\Community\MSBuild\Microsoft\VC\v180\Microsoft.CppBuild.targets(1624,5): message : プロパティの再代入: $(ComputeLibInputsTargets)="
C:\Program Files\Microsoft Visual Studio\18\Community\MSBuild\Microsoft\VC\v180\Microsoft.CppBuild.targets(1624,5): message :       ComputeLibAdditionalOptions;
C:\Program Files\Microsoft Visual Studio\18\Community\MSBuild\Microsoft\VC\v180\Microsoft.CppBuild.targets(1624,5): message :       
C:\Program Files\Microsoft Visual Studio\18\Community\MSBuild\Microsoft\VC\v180\Microsoft.CppBuild.targets(1624,5): message :       
C:\Program Files\Microsoft Visual Studio\18\Community\MSBuild\Microsoft\VC\v180\Microsoft.CppBuild.targets(1624,5): message :       
C:\Program Files\Microsoft Visual Studio\18\Community\MSBuild\Microsoft\VC\v180\Microsoft.CppBuild.targets(1624,5): message :       
C:\Program Files\Microsoft Visual Studio\18\Community\MSBuild\Microsoft\VC\v180\Microsoft.CppBuild.targets(1624,5): message :       
C:\Program Files\Microsoft Visual Studio\18\Community\MSBuild\Microsoft\VC\v180\Microsoft.CppBuild.targets(1624,5): message :       ;
C:\Program Files\Microsoft Visual Studio\18\Community\MSBuild\Microsoft\VC\v180\Microsoft.CppBuild.targets(1624,5): message :       ComputeRCGeneratedLibInputs;
C:\Program Files\Microsoft Visual Studio\18\Community\MSBuild\Microsoft\VC\v180\Microsoft.CppBuild.targets(1624,5): message :     ;
C:\Program Files\Microsoft Visual Studio\18\Community\MSBuild\Microsoft\VC\v180\Microsoft.CppBuild.targets(1624,5): message :       ComputeCustomBuildOutput;
C:\Program Files\Microsoft Visual Studio\18\Community\MSBuild\Microsoft\VC\v180\Microsoft.CppBuild.targets(1624,5): message :     ;
C:\Program Files\Microsoft Visual Studio\18\Community\MSBuild\Microsoft\VC\v180\Microsoft.CppBuild.targets(1624,5): message :       ComputeCLGeneratedLibInputs;
C:\Program Files\Microsoft Visual Studio\18\Community\MSBuild\Microsoft\VC\v180\Microsoft.CppBuild.targets(1624,5): message :     ;
C:\Program Files\Microsoft Visual Studio\18\Community\MSBuild\Microsoft\VC\v180\Microsoft.CppBuild.targets(1624,5): message :       ComputeLibInputsFromProject;
C:\Program Files\Microsoft Visual Studio\18\Community\MSBuild\Microsoft\VC\v180\Microsoft.CppBuild.targets(1624,5): message :     ;
C:\Program Files\Microsoft Visual Studio\18\Community\MSBuild\Microsoft\VC\v180\Microsoft.CppBuild.targets(1624,5): message :       ComputeReferenceLibInputs;
C:\Program Files\Microsoft Visual Studio\18\Community\MSBuild\Microsoft\VC\v180\Microsoft.CppBuild.targets(1624,5): message :     
C:\Program Files\Microsoft Visual Studio\18\Community\MSBuild\Microsoft\VC\v180\Microsoft.CppBuild.targets(1624,5): message :     " (以前の値: "
C:\Program Files\Microsoft Visual Studio\18\Community\MSBuild\Microsoft\VC\v180\Microsoft.CppBuild.targets(1624,5): message :       
C:\Program Files\Microsoft Visual Studio\18\Community\MSBuild\Microsoft\VC\v180\Microsoft.CppBuild.targets(1624,5): message :       
C:\Program Files\Microsoft Visual Studio\18\Community\MSBuild\Microsoft\VC\v180\Microsoft.CppBuild.targets(1624,5): message :       
C:\Program Files\Microsoft Visual Studio\18\Community\MSBuild\Microsoft\VC\v180\Microsoft.CppBuild.targets(1624,5): message :       
C:\Program Files\Microsoft Visual Studio\18\Community\MSBuild\Microsoft\VC\v180\Microsoft.CppBuild.targets(1624,5): message :       ;
C:\Program Files\Microsoft Visual Studio\18\Community\MSBuild\Microsoft\VC\v180\Microsoft.CppBuild.targets(1624,5): message :       ComputeRCGeneratedLibInputs;
C:\Program Files\Microsoft Visual Studio\18\Community\MSBuild\Microsoft\VC\v180\Microsoft.CppBuild.targets(1624,5): message :     ;
C:\Program Files\Microsoft Visual Studio\18\Community\MSBuild\Microsoft\VC\v180\Microsoft.CppBuild.targets(1624,5): message :       ComputeCustomBuildOutput;
C:\Program Files\Microsoft Visual Studio\18\Community\MSBuild\Microsoft\VC\v180\Microsoft.CppBuild.targets(1624,5): message :     ;
C:\Program Files\Microsoft Visual Studio\18\Community\MSBuild\Microsoft\VC\v180\Microsoft.CppBuild.targets(1624,5): message :       ComputeCLGeneratedLibInputs;
C:\Program Files\Microsoft Visual Studio\18\Community\MSBuild\Microsoft\VC\v180\Microsoft.CppBuild.targets(1624,5): message :     ;
C:\Program Files\Microsoft Visual Studio\18\Community\MSBuild\Microsoft\VC\v180\Microsoft.CppBuild.targets(1624,5): message :       ComputeLibInputsFromProject;
C:\Program Files\Microsoft Visual Studio\18\Community\MSBuild\Microsoft\VC\v180\Microsoft.CppBuild.targets(1624,5): message :     ;
C:\Program Files\Microsoft Visual Studio\18\Community\MSBuild\Microsoft\VC\v180\Microsoft.CppBuild.targets(1624,5): message :       ComputeReferenceLibInputs;
C:\Program Files\Microsoft Visual Studio\18\Community\MSBuild\Microsoft\VC\v180\Microsoft.CppBuild.targets(1624,5): message :     ") C:\Program Files\Microsoft Visual Studio\18\Community\MSBuild\Microsoft\VC\v180\Microsoft.CppBuild.targets (1624,5)
C:\Program Files\Microsoft Visual Studio\18\Community\MSBuild\Microsoft\VC\v180\Microsoft.CppBuild.targets(1812,5): message : プロパティの再代入: $(GetProjectInfoForReferenceDependsOn)="
C:\Program Files\Microsoft Visual Studio\18\Community\MSBuild\Microsoft\VC\v180\Microsoft.CppBuild.targets(1812,5): message :       
C:\Program Files\Microsoft Visual Studio\18\Community\MSBuild\Microsoft\VC\v180\Microsoft.CppBuild.targets(1812,5): message :       ;
C:\Program Files\Microsoft Visual Studio\18\Community\MSBuild\Microsoft\VC\v180\Microsoft.CppBuild.targets(1812,5): message :       AddPublicIncludeDirectoriesToProjectsInfoForReference;
C:\Program Files\Microsoft Visual Studio\18\Community\MSBuild\Microsoft\VC\v180\Microsoft.CppBuild.targets(1812,5): message :     ;
C:\Program Files\Microsoft Visual Studio\18\Community\MSBuild\Microsoft\VC\v180\Microsoft.CppBuild.targets(1812,5): message :       AddPublicBMIsToProjectsInfoForReference;
C:\Program Files\Microsoft Visual Studio\18\Community\MSBuild\Microsoft\VC\v180\Microsoft.CppBuild.targets(1812,5): message :       AddDeployRecipeFileToProjectsInfoForReference;
C:\Program Files\Microsoft Visual Studio\18\Community\MSBuild\Microsoft\VC\v180\Microsoft.CppBuild.targets(1812,5): message :       AddLibrariesToProjectsInfoForReference;
C:\Program Files\Microsoft Visual Studio\18\Community\MSBuild\Microsoft\VC\v180\Microsoft.CppBuild.targets(1812,5): message :     " (以前の値: "
C:\Program Files\Microsoft Visual Studio\18\Community\MSBuild\Microsoft\VC\v180\Microsoft.CppBuild.targets(1812,5): message :       ;
C:\Program Files\Microsoft Visual Studio\18\Community\MSBuild\Microsoft\VC\v180\Microsoft.CppBuild.targets(1812,5): message :       AddPublicIncludeDirectoriesToProjectsInfoForReference;
C:\Program Files\Microsoft Visual Studio\18\Community\MSBuild\Microsoft\VC\v180\Microsoft.CppBuild.targets(1812,5): message :     ") C:\Program Files\Microsoft Visual Studio\18\Community\MSBuild\Microsoft\VC\v180\Microsoft.CppBuild.targets (1812,5)
C:\Program Files\Microsoft Visual Studio\18\Community\MSBuild\Microsoft\VC\v180\Microsoft.CppBuild.targets(2237,5): message : プロパティの再代入: $(DocumentationProjectOutputGroupDependsOn)="ResolvedXDCMake;ComputeCLCompileGeneratedXDCFiles" (以前の値: "") C:\Program Files\Microsoft Visual Studio\18\Community\MSBuild\Microsoft\VC\v180\Microsoft.CppBuild.targets (2237,5)
C:\Program Files\Microsoft Visual Studio\18\Community\MSBuild\Microsoft\VC\v180\Microsoft.CppBuild.targets(2303,5): message : プロパティの再代入: $(ContentFilesProjectOutputGroupDependsOn)="PrepareForBuild;AssignTargetPaths;PrepareForBuild;AssignTargetPaths;MakeDirsForFxc" (以前の値: "PrepareForBuild;AssignTargetPaths") C:\Program Files\Microsoft Visual Studio\18\Community\MSBuild\Microsoft\VC\v180\Microsoft.CppBuild.targets (2303,5)
C:\Program Files\Microsoft Visual Studio\18\Community\MSBuild\Microsoft\VC\v180\Microsoft.CppCommon.targets(315,5): message : プロパティの再代入: $(ComputeCompileInputsTargets)="
C:\Program Files\Microsoft Visual Studio\18\Community\MSBuild\Microsoft\VC\v180\Microsoft.CppCommon.targets(315,5): message :       
C:\Program Files\Microsoft Visual Studio\18\Community\MSBuild\Microsoft\VC\v180\Microsoft.CppCommon.targets(315,5): message :       
C:\Program Files\Microsoft Visual Studio\18\Community\MSBuild\Microsoft\VC\v180\Microsoft.CppCommon.targets(315,5): message :       
C:\Program Files\Microsoft Visual Studio\18\Community\MSBuild\Microsoft\VC\v180\Microsoft.CppCommon.targets(315,5): message :       ;
C:\Program Files\Microsoft Visual Studio\18\Community\MSBuild\Microsoft\VC\v180\Microsoft.CppCommon.targets(315,5): message :       GenerateTargetFrameworkMonikerAttribute;
C:\Program Files\Microsoft Visual Studio\18\Community\MSBuild\Microsoft\VC\v180\Microsoft.CppCommon.targets(315,5): message :     ;
C:\Program Files\Microsoft Visual Studio\18\Community\MSBuild\Microsoft\VC\v180\Microsoft.CppCommon.targets(315,5): message :       ComputeMIDLGeneratedCompileInputs;
C:\Program Files\Microsoft Visual Studio\18\Community\MSBuild\Microsoft\VC\v180\Microsoft.CppCommon.targets(315,5): message :     ;
C:\Program Files\Microsoft Visual Studio\18\Community\MSBuild\Microsoft\VC\v180\Microsoft.CppCommon.targets(315,5): message :       ComputeCLInputPDBName;
C:\Program Files\Microsoft Visual Studio\18\Community\MSBuild\Microsoft\VC\v180\Microsoft.CppCommon.targets(315,5): message :       ComputeReferenceCLInput;
C:\Program Files\Microsoft Visual Studio\18\Community\MSBuild\Microsoft\VC\v180\Microsoft.CppCommon.targets(315,5): message :       WarnCompileDuplicatedFilename
C:\Program Files\Microsoft Visual Studio\18\Community\MSBuild\Microsoft\VC\v180\Microsoft.CppCommon.targets(315,5): message :     ;
C:\Program Files\Microsoft Visual Studio\18\Community\MSBuild\Microsoft\VC\v180\Microsoft.CppCommon.targets(315,5): message :       ;
C:\Program Files\Microsoft Visual Studio\18\Community\MSBuild\Microsoft\VC\v180\Microsoft.CppCommon.targets(315,5): message :       ComputeStdModulesCompileInputs;
C:\Program Files\Microsoft Visual Studio\18\Community\MSBuild\Microsoft\VC\v180\Microsoft.CppCommon.targets(315,5): message :       FixupCLCompileOptions;
C:\Program Files\Microsoft Visual Studio\18\Community\MSBuild\Microsoft\VC\v180\Microsoft.CppCommon.targets(315,5): message :       SetModuleDependencies;
C:\Program Files\Microsoft Visual Studio\18\Community\MSBuild\Microsoft\VC\v180\Microsoft.CppCommon.targets(315,5): message :     " (以前の値: "
C:\Program Files\Microsoft Visual Studio\18\Community\MSBuild\Microsoft\VC\v180\Microsoft.CppCommon.targets(315,5): message :       
C:\Program Files\Microsoft Visual Studio\18\Community\MSBuild\Microsoft\VC\v180\Microsoft.CppCommon.targets(315,5): message :       
C:\Program Files\Microsoft Visual Studio\18\Community\MSBuild\Microsoft\VC\v180\Microsoft.CppCommon.targets(315,5): message :       ;
C:\Program Files\Microsoft Visual Studio\18\Community\MSBuild\Microsoft\VC\v180\Microsoft.CppCommon.targets(315,5): message :       GenerateTargetFrameworkMonikerAttribute;
C:\Program Files\Microsoft Visual Studio\18\Community\MSBuild\Microsoft\VC\v180\Microsoft.CppCommon.targets(315,5): message :     ;
C:\Program Files\Microsoft Visual Studio\18\Community\MSBuild\Microsoft\VC\v180\Microsoft.CppCommon.targets(315,5): message :       ComputeMIDLGeneratedCompileInputs;
C:\Program Files\Microsoft Visual Studio\18\Community\MSBuild\Microsoft\VC\v180\Microsoft.CppCommon.targets(315,5): message :     ;
C:\Program Files\Microsoft Visual Studio\18\Community\MSBuild\Microsoft\VC\v180\Microsoft.CppCommon.targets(315,5): message :       ComputeCLInputPDBName;
C:\Program Files\Microsoft Visual Studio\18\Community\MSBuild\Microsoft\VC\v180\Microsoft.CppCommon.targets(315,5): message :       ComputeReferenceCLInput;
C:\Program Files\Microsoft Visual Studio\18\Community\MSBuild\Microsoft\VC\v180\Microsoft.CppCommon.targets(315,5): message :       WarnCompileDuplicatedFilename
C:\Program Files\Microsoft Visual Studio\18\Community\MSBuild\Microsoft\VC\v180\Microsoft.CppCommon.targets(315,5): message :     ") C:\Program Files\Microsoft Visual Studio\18\Community\MSBuild\Microsoft\VC\v180\Microsoft.CppCommon.targets (315,5)
C:\Program Files\Microsoft Visual Studio\18\Community\MSBuild\Microsoft\VC\v180\Microsoft.CppCommon.targets(2130,5): message : プロパティの再代入: $(BuildingProject)="true" (以前の値: "false") C:\Program Files\Microsoft Visual Studio\18\Community\MSBuild\Microsoft\VC\v180\Microsoft.CppCommon.targets (2130,5)
C:\Program Files\Microsoft Visual Studio\18\Community\MSBuild\Microsoft\VC\v180\Microsoft.CppCommon.targets(2676,5): message : プロパティの再代入: $(ContentFilesProjectOutputGroupDependsOn)="PrepareForBuild;AssignTargetPaths;PrepareForBuild;AssignTargetPaths;MakeDirsForFxc;_CreateCopyFileItems;" (以前の値: "PrepareForBuild;AssignTargetPaths;PrepareForBuild;AssignTargetPaths;MakeDirsForFxc") C:\Program Files\Microsoft Visual Studio\18\Community\MSBuild\Microsoft\VC\v180\Microsoft.CppCommon.targets (2676,5)
C:\Program Files\Microsoft Visual Studio\18\Community\MSBuild\Microsoft\VC\v180\Microsoft.Cpp.WindowsSDK.targets(16,5): message : プロパティの再代入: $(PrepareForBuildDependsOn)="_CheckWindowsSDKInstalled;;GetFrameworkPaths;GetReferenceAssemblyPaths;AssignLinkMetadata;SetCABuildNativeEnvironmentVariables" (以前の値: ";GetFrameworkPaths;GetReferenceAssemblyPaths;AssignLinkMetadata;SetCABuildNativeEnvironmentVariables") C:\Program Files\Microsoft Visual Studio\18\Community\MSBuild\Microsoft\VC\v180\Microsoft.Cpp.WindowsSDK.targets (16,5)
C:\Program Files\Microsoft Visual Studio\18\Community\MSBuild\Microsoft\VC\v180\Microsoft.CppClean.targets(22,5): message : プロパティの再代入: $(CleanDependsOn)="
C:\Program Files\Microsoft Visual Studio\18\Community\MSBuild\Microsoft\VC\v180\Microsoft.CppClean.targets(22,5): message :       
C:\Program Files\Microsoft Visual Studio\18\Community\MSBuild\Microsoft\VC\v180\Microsoft.CppClean.targets(22,5): message :       _PrepareForClean;
C:\Program Files\Microsoft Visual Studio\18\Community\MSBuild\Microsoft\VC\v180\Microsoft.CppClean.targets(22,5): message :       
C:\Program Files\Microsoft Visual Studio\18\Community\MSBuild\Microsoft\VC\v180\Microsoft.CppClean.targets(22,5): message :       BeforeClean;
C:\Program Files\Microsoft Visual Studio\18\Community\MSBuild\Microsoft\VC\v180\Microsoft.CppClean.targets(22,5): message :       UnmanagedUnregistration;
C:\Program Files\Microsoft Visual Studio\18\Community\MSBuild\Microsoft\VC\v180\Microsoft.CppClean.targets(22,5): message :       CoreClean;
C:\Program Files\Microsoft Visual Studio\18\Community\MSBuild\Microsoft\VC\v180\Microsoft.CppClean.targets(22,5): message :       CleanReferencedProjects;
C:\Program Files\Microsoft Visual Studio\18\Community\MSBuild\Microsoft\VC\v180\Microsoft.CppClean.targets(22,5): message :       CleanPublishFolder;
C:\Program Files\Microsoft Visual Studio\18\Community\MSBuild\Microsoft\VC\v180\Microsoft.CppClean.targets(22,5): message :       AfterClean
C:\Program Files\Microsoft Visual Studio\18\Community\MSBuild\Microsoft\VC\v180\Microsoft.CppClean.targets(22,5): message :     ;
C:\Program Files\Microsoft Visual Studio\18\Community\MSBuild\Microsoft\VC\v180\Microsoft.CppClean.targets(22,5): message :     ;
C:\Program Files\Microsoft Visual Studio\18\Community\MSBuild\Microsoft\VC\v180\Microsoft.CppClean.targets(22,5): message :       CppClean
C:\Program Files\Microsoft Visual Studio\18\Community\MSBuild\Microsoft\VC\v180\Microsoft.CppClean.targets(22,5): message :     " (以前の値: "
C:\Program Files\Microsoft Visual Studio\18\Community\MSBuild\Microsoft\VC\v180\Microsoft.CppClean.targets(22,5): message :       _PrepareForClean;
C:\Program Files\Microsoft Visual Studio\18\Community\MSBuild\Microsoft\VC\v180\Microsoft.CppClean.targets(22,5): message :       
C:\Program Files\Microsoft Visual Studio\18\Community\MSBuild\Microsoft\VC\v180\Microsoft.CppClean.targets(22,5): message :       BeforeClean;
C:\Program Files\Microsoft Visual Studio\18\Community\MSBuild\Microsoft\VC\v180\Microsoft.CppClean.targets(22,5): message :       UnmanagedUnregistration;
C:\Program Files\Microsoft Visual Studio\18\Community\MSBuild\Microsoft\VC\v180\Microsoft.CppClean.targets(22,5): message :       CoreClean;
C:\Program Files\Microsoft Visual Studio\18\Community\MSBuild\Microsoft\VC\v180\Microsoft.CppClean.targets(22,5): message :       CleanReferencedProjects;
C:\Program Files\Microsoft Visual Studio\18\Community\MSBuild\Microsoft\VC\v180\Microsoft.CppClean.targets(22,5): message :       CleanPublishFolder;
C:\Program Files\Microsoft Visual Studio\18\Community\MSBuild\Microsoft\VC\v180\Microsoft.CppClean.targets(22,5): message :       AfterClean
C:\Program Files\Microsoft Visual Studio\18\Community\MSBuild\Microsoft\VC\v180\Microsoft.CppClean.targets(22,5): message :     ;
C:\Program Files\Microsoft Visual Studio\18\Community\MSBuild\Microsoft\VC\v180\Microsoft.CppClean.targets(22,5): message :     ") C:\Program Files\Microsoft Visual Studio\18\Community\MSBuild\Microsoft\VC\v180\Microsoft.CppClean.targets (22,5)
C:\Program Files\Microsoft Visual Studio\18\Community\MSBuild\Microsoft\VC\v180\Microsoft.CppClean.targets(92,5): message : プロパティの再代入: $(CppCleanDependsOn)="
C:\Program Files\Microsoft Visual Studio\18\Community\MSBuild\Microsoft\VC\v180\Microsoft.CppClean.targets(92,5): message :       BeforeCppClean;
C:\Program Files\Microsoft Visual Studio\18\Community\MSBuild\Microsoft\VC\v180\Microsoft.CppClean.targets(92,5): message :       ;
C:\Program Files\Microsoft Visual Studio\18\Community\MSBuild\Microsoft\VC\v180\Microsoft.CppClean.targets(92,5): message :       CoreCppClean;
C:\Program Files\Microsoft Visual Studio\18\Community\MSBuild\Microsoft\VC\v180\Microsoft.CppClean.targets(92,5): message :       AfterCppClean;
C:\Program Files\Microsoft Visual Studio\18\Community\MSBuild\Microsoft\VC\v180\Microsoft.CppClean.targets(92,5): message :     ;PGInstrumentedClean" (以前の値: "
C:\Program Files\Microsoft Visual Studio\18\Community\MSBuild\Microsoft\VC\v180\Microsoft.CppClean.targets(92,5): message :       BeforeCppClean;
C:\Program Files\Microsoft Visual Studio\18\Community\MSBuild\Microsoft\VC\v180\Microsoft.CppClean.targets(92,5): message :       ;
C:\Program Files\Microsoft Visual Studio\18\Community\MSBuild\Microsoft\VC\v180\Microsoft.CppClean.targets(92,5): message :       CoreCppClean;
C:\Program Files\Microsoft Visual Studio\18\Community\MSBuild\Microsoft\VC\v180\Microsoft.CppClean.targets(92,5): message :       AfterCppClean;
C:\Program Files\Microsoft Visual Studio\18\Community\MSBuild\Microsoft\VC\v180\Microsoft.CppClean.targets(92,5): message :     ") C:\Program Files\Microsoft Visual Studio\18\Community\MSBuild\Microsoft\VC\v180\Microsoft.CppClean.targets (92,5)
C:\Program Files\Microsoft Visual Studio\18\Community\MSBuild\Microsoft\VC\v180\Microsoft.Cpp.DesignTime.targets(541,5): message : プロパティの再代入: $(BuildDependsOn)="SetTelemetryEnvironmentVariables;
C:\Program Files\Microsoft Visual Studio\18\Community\MSBuild\Microsoft\VC\v180\Microsoft.Cpp.DesignTime.targets(541,5): message :       _PrepareForBuild;
C:\Program Files\Microsoft Visual Studio\18\Community\MSBuild\Microsoft\VC\v180\Microsoft.Cpp.DesignTime.targets(541,5): message :       
C:\Program Files\Microsoft Visual Studio\18\Community\MSBuild\Microsoft\VC\v180\Microsoft.Cpp.DesignTime.targets(541,5): message :       ResolveReferences;
C:\Program Files\Microsoft Visual Studio\18\Community\MSBuild\Microsoft\VC\v180\Microsoft.Cpp.DesignTime.targets(541,5): message :       PrepareForBuild;
C:\Program Files\Microsoft Visual Studio\18\Community\MSBuild\Microsoft\VC\v180\Microsoft.Cpp.DesignTime.targets(541,5): message :       InitializeBuildStatus;
C:\Program Files\Microsoft Visual Studio\18\Community\MSBuild\Microsoft\VC\v180\Microsoft.Cpp.DesignTime.targets(541,5): message :       BuildGenerateSources;
C:\Program Files\Microsoft Visual Studio\18\Community\MSBuild\Microsoft\VC\v180\Microsoft.Cpp.DesignTime.targets(541,5): message :       BuildCompile;
C:\Program Files\Microsoft Visual Studio\18\Community\MSBuild\Microsoft\VC\v180\Microsoft.Cpp.DesignTime.targets(541,5): message :       BuildLink;
C:\Program Files\Microsoft Visual Studio\18\Community\MSBuild\Microsoft\VC\v180\Microsoft.Cpp.DesignTime.targets(541,5): message :     ;
C:\Program Files\Microsoft Visual Studio\18\Community\MSBuild\Microsoft\VC\v180\Microsoft.Cpp.DesignTime.targets(541,5): message :       AfterBuild;
C:\Program Files\Microsoft Visual Studio\18\Community\MSBuild\Microsoft\VC\v180\Microsoft.Cpp.DesignTime.targets(541,5): message :       IncrementalClean;
C:\Program Files\Microsoft Visual Studio\18\Community\MSBuild\Microsoft\VC\v180\Microsoft.Cpp.DesignTime.targets(541,5): message :       TlogCleanup;
C:\Program Files\Microsoft Visual Studio\18\Community\MSBuild\Microsoft\VC\v180\Microsoft.Cpp.DesignTime.targets(541,5): message :       FinalizeBuildStatus;
C:\Program Files\Microsoft Visual Studio\18\Community\MSBuild\Microsoft\VC\v180\Microsoft.Cpp.DesignTime.targets(541,5): message :     " (以前の値: "
C:\Program Files\Microsoft Visual Studio\18\Community\MSBuild\Microsoft\VC\v180\Microsoft.Cpp.DesignTime.targets(541,5): message :       _PrepareForBuild;
C:\Program Files\Microsoft Visual Studio\18\Community\MSBuild\Microsoft\VC\v180\Microsoft.Cpp.DesignTime.targets(541,5): message :       
C:\Program Files\Microsoft Visual Studio\18\Community\MSBuild\Microsoft\VC\v180\Microsoft.Cpp.DesignTime.targets(541,5): message :       ResolveReferences;
C:\Program Files\Microsoft Visual Studio\18\Community\MSBuild\Microsoft\VC\v180\Microsoft.Cpp.DesignTime.targets(541,5): message :       PrepareForBuild;
C:\Program Files\Microsoft Visual Studio\18\Community\MSBuild\Microsoft\VC\v180\Microsoft.Cpp.DesignTime.targets(541,5): message :       InitializeBuildStatus;
C:\Program Files\Microsoft Visual Studio\18\Community\MSBuild\Microsoft\VC\v180\Microsoft.Cpp.DesignTime.targets(541,5): message :       BuildGenerateSources;
C:\Program Files\Microsoft Visual Studio\18\Community\MSBuild\Microsoft\VC\v180\Microsoft.Cpp.DesignTime.targets(541,5): message :       BuildCompile;
C:\Program Files\Microsoft Visual Studio\18\Community\MSBuild\Microsoft\VC\v180\Microsoft.Cpp.DesignTime.targets(541,5): message :       BuildLink;
C:\Program Files\Microsoft Visual Studio\18\Community\MSBuild\Microsoft\VC\v180\Microsoft.Cpp.DesignTime.targets(541,5): message :     ;
C:\Program Files\Microsoft Visual Studio\18\Community\MSBuild\Microsoft\VC\v180\Microsoft.Cpp.DesignTime.targets(541,5): message :       AfterBuild;
C:\Program Files\Microsoft Visual Studio\18\Community\MSBuild\Microsoft\VC\v180\Microsoft.Cpp.DesignTime.targets(541,5): message :       IncrementalClean;
C:\Program Files\Microsoft Visual Studio\18\Community\MSBuild\Microsoft\VC\v180\Microsoft.Cpp.DesignTime.targets(541,5): message :       TlogCleanup;
C:\Program Files\Microsoft Visual Studio\18\Community\MSBuild\Microsoft\VC\v180\Microsoft.Cpp.DesignTime.targets(541,5): message :       FinalizeBuildStatus;
C:\Program Files\Microsoft Visual Studio\18\Community\MSBuild\Microsoft\VC\v180\Microsoft.Cpp.DesignTime.targets(541,5): message :     ") C:\Program Files\Microsoft Visual Studio\18\Community\MSBuild\Microsoft\VC\v180\Microsoft.Cpp.DesignTime.targets (541,5)
C:\Program Files\Microsoft Visual Studio\18\Community\MSBuild\Microsoft\VC\v180\Microsoft.Cpp.DesignTime.targets(542,5): message : プロパティの再代入: $(RebuildDependsOn)="SetTelemetryEnvironmentVariables;
C:\Program Files\Microsoft Visual Studio\18\Community\MSBuild\Microsoft\VC\v180\Microsoft.Cpp.DesignTime.targets(542,5): message :       _PrepareForRebuild;
C:\Program Files\Microsoft Visual Studio\18\Community\MSBuild\Microsoft\VC\v180\Microsoft.Cpp.DesignTime.targets(542,5): message :       
C:\Program Files\Microsoft Visual Studio\18\Community\MSBuild\Microsoft\VC\v180\Microsoft.Cpp.DesignTime.targets(542,5): message :       BeforeRebuild;
C:\Program Files\Microsoft Visual Studio\18\Community\MSBuild\Microsoft\VC\v180\Microsoft.Cpp.DesignTime.targets(542,5): message :       Clean;
C:\Program Files\Microsoft Visual Studio\18\Community\MSBuild\Microsoft\VC\v180\Microsoft.Cpp.DesignTime.targets(542,5): message :       Build;
C:\Program Files\Microsoft Visual Studio\18\Community\MSBuild\Microsoft\VC\v180\Microsoft.Cpp.DesignTime.targets(542,5): message :       AfterRebuild;
C:\Program Files\Microsoft Visual Studio\18\Community\MSBuild\Microsoft\VC\v180\Microsoft.Cpp.DesignTime.targets(542,5): message :     ;
C:\Program Files\Microsoft Visual Studio\18\Community\MSBuild\Microsoft\VC\v180\Microsoft.Cpp.DesignTime.targets(542,5): message :     " (以前の値: "
C:\Program Files\Microsoft Visual Studio\18\Community\MSBuild\Microsoft\VC\v180\Microsoft.Cpp.DesignTime.targets(542,5): message :       _PrepareForRebuild;
C:\Program Files\Microsoft Visual Studio\18\Community\MSBuild\Microsoft\VC\v180\Microsoft.Cpp.DesignTime.targets(542,5): message :       
C:\Program Files\Microsoft Visual Studio\18\Community\MSBuild\Microsoft\VC\v180\Microsoft.Cpp.DesignTime.targets(542,5): message :       BeforeRebuild;
C:\Program Files\Microsoft Visual Studio\18\Community\MSBuild\Microsoft\VC\v180\Microsoft.Cpp.DesignTime.targets(542,5): message :       Clean;
C:\Program Files\Microsoft Visual Studio\18\Community\MSBuild\Microsoft\VC\v180\Microsoft.Cpp.DesignTime.targets(542,5): message :       Build;
C:\Program Files\Microsoft Visual Studio\18\Community\MSBuild\Microsoft\VC\v180\Microsoft.Cpp.DesignTime.targets(542,5): message :       AfterRebuild;
C:\Program Files\Microsoft Visual Studio\18\Community\MSBuild\Microsoft\VC\v180\Microsoft.Cpp.DesignTime.targets(542,5): message :     ;
C:\Program Files\Microsoft Visual Studio\18\Community\MSBuild\Microsoft\VC\v180\Microsoft.Cpp.DesignTime.targets(542,5): message :     ") C:\Program Files\Microsoft Visual Studio\18\Community\MSBuild\Microsoft\VC\v180\Microsoft.Cpp.DesignTime.targets (542,5)
プロジェクト "C:\Program Files\Microsoft Visual Studio\18\Community\MSBuild\Current\Bin\Microsoft.Common.CurrentVersion.targets" のターゲット "GenerateTargetFrameworkMonikerAttribute" をプロジェクト "C:\Program Files\Microsoft Visual Studio\18\Community\MSBuild\Microsoft\VC\v180\Microsoft.BuildSteps.Targets" からのターゲット "GenerateTargetFrameworkMonikerAttribute" でオーバーライドしています。
プロジェクト "C:\Program Files\Microsoft Visual Studio\18\Community\MSBuild\Current\Bin\Microsoft.Common.CurrentVersion.targets" のターゲット "Build" をプロジェクト "C:\Program Files\Microsoft Visual Studio\18\Community\MSBuild\Microsoft\VC\v180\Microsoft.BuildSteps.Targets" からのターゲット "Build" でオーバーライドしています。
プロジェクト "C:\Program Files\Microsoft Visual Studio\18\Community\MSBuild\Current\Bin\Microsoft.Common.CurrentVersion.targets" のターゲット "Rebuild" をプロジェクト "C:\Program Files\Microsoft Visual Studio\18\Community\MSBuild\Microsoft\VC\v180\Microsoft.BuildSteps.Targets" からのターゲット "Rebuild" でオーバーライドしています。
プロジェクト "C:\Program Files\Microsoft Visual Studio\18\Community\MSBuild\Current\Bin\Microsoft.Common.CurrentVersion.targets" のターゲット "AfterBuild" をプロジェクト "C:\Program Files\Microsoft Visual Studio\18\Community\MSBuild\Microsoft\VC\v180\Microsoft.BuildSteps.Targets" からのターゲット "AfterBuild" でオーバーライドしています。
プロジェクト "C:\Program Files\Microsoft Visual Studio\18\Community\MSBuild\Current\Bin\Microsoft.Common.CurrentVersion.targets" のターゲット "PrepareForBuild" をプロジェクト "C:\Program Files\Microsoft Visual Studio\18\Community\MSBuild\Microsoft\VC\v180\Microsoft.CppBuild.targets" からのターゲット "PrepareForBuild" でオーバーライドしています。
プロジェクト "C:\Program Files\Microsoft Visual Studio\18\Community\MSBuild\Current\Bin\Microsoft.Common.CurrentVersion.targets" のターゲット "GetTargetPath" をプロジェクト "C:\Program Files\Microsoft Visual Studio\18\Community\MSBuild\Microsoft\VC\v180\Microsoft.CppBuild.targets" からのターゲット "GetTargetPath" でオーバーライドしています。
プロジェクト "C:\Program Files\Microsoft Visual Studio\18\Community\MSBuild\Current\Bin\Microsoft.Common.CurrentVersion.targets" のターゲット "ComputeIntermediateSatelliteAssemblies" をプロジェクト "C:\Program Files\Microsoft Visual Studio\18\Community\MSBuild\Microsoft\VC\v180\Microsoft.CppBuild.targets" からのターゲット "ComputeIntermediateSatelliteAssemblies" でオーバーライドしています。
プロジェクト "C:\Program Files\Microsoft Visual Studio\18\Community\MSBuild\Microsoft\VC\v180\Microsoft.CppBuild.targets" のターゲット "ClCompile" をプロジェクト "C:\Program Files\Microsoft Visual Studio\18\Community\MSBuild\Microsoft\VC\v180\Microsoft.CppBuild.targets" からのターゲット "ClCompile" でオーバーライドしています。
プロジェクト "C:\Program Files\Microsoft Visual Studio\18\Community\MSBuild\Microsoft\VC\v180\Microsoft.CppBuild.targets" のターゲット "ResourceCompile" をプロジェクト "C:\Program Files\Microsoft Visual Studio\18\Community\MSBuild\Microsoft\VC\v180\Microsoft.CppBuild.targets" からのターゲット "ResourceCompile" でオーバーライドしています。
プロジェクト "C:\Program Files\Microsoft Visual Studio\18\Community\MSBuild\Microsoft\VC\v180\Microsoft.CppBuild.targets" のターゲット "Lib" をプロジェクト "C:\Program Files\Microsoft Visual Studio\18\Community\MSBuild\Microsoft\VC\v180\Microsoft.CppBuild.targets" からのターゲット "Lib" でオーバーライドしています。
プロジェクト "C:\Program Files\Microsoft Visual Studio\18\Community\MSBuild\Microsoft\VC\v180\Microsoft.CppBuild.targets" のターゲット "Link" をプロジェクト "C:\Program Files\Microsoft Visual Studio\18\Community\MSBuild\Microsoft\VC\v180\Microsoft.CppBuild.targets" からのターゲット "Link" でオーバーライドしています。
プロジェクト "C:\Program Files\Microsoft Visual Studio\18\Community\MSBuild\Current\Bin\Microsoft.Common.CurrentVersion.targets" のターゲット "AllProjectOutputGroups" をプロジェクト "C:\Program Files\Microsoft Visual Studio\18\Community\MSBuild\Microsoft\VC\v180\Microsoft.CppBuild.targets" からのターゲット "AllProjectOutputGroups" でオーバーライドしています。
プロジェクト "C:\Program Files\Microsoft Visual Studio\18\Community\MSBuild\Current\Bin\Microsoft.Common.CurrentVersion.targets" のターゲット "BuiltProjectOutputGroup" をプロジェクト "C:\Program Files\Microsoft Visual Studio\18\Community\MSBuild\Microsoft\VC\v180\Microsoft.CppBuild.targets" からのターゲット "BuiltProjectOutputGroup" でオーバーライドしています。
プロジェクト "C:\Program Files\Microsoft Visual Studio\18\Community\MSBuild\Current\Bin\Microsoft.Common.CurrentVersion.targets" のターゲット "DebugSymbolsProjectOutputGroup" をプロジェクト "C:\Program Files\Microsoft Visual Studio\18\Community\MSBuild\Microsoft\VC\v180\Microsoft.CppBuild.targets" からのターゲット "DebugSymbolsProjectOutputGroup" でオーバーライドしています。
プロジェクト "C:\Program Files\Microsoft Visual Studio\18\Community\MSBuild\Current\Bin\Microsoft.Common.CurrentVersion.targets" のターゲット "DocumentationProjectOutputGroup" をプロジェクト "C:\Program Files\Microsoft Visual Studio\18\Community\MSBuild\Microsoft\VC\v180\Microsoft.CppBuild.targets" からのターゲット "DocumentationProjectOutputGroup" でオーバーライドしています。
プロジェクト "C:\Program Files\Microsoft Visual Studio\18\Community\MSBuild\Current\Bin\Microsoft.Common.CurrentVersion.targets" のターゲット "SourceFilesProjectOutputGroup" をプロジェクト "C:\Program Files\Microsoft Visual Studio\18\Community\MSBuild\Microsoft\VC\v180\Microsoft.CppBuild.targets" からのターゲット "SourceFilesProjectOutputGroup" でオーバーライドしています。
プロジェクト "C:\Program Files\Microsoft Visual Studio\18\Community\MSBuild\Current\Bin\Microsoft.Common.CurrentVersion.targets" のターゲット "ContentFilesProjectOutputGroup" をプロジェクト "C:\Program Files\Microsoft Visual Studio\18\Community\MSBuild\Microsoft\VC\v180\Microsoft.CppBuild.targets" からのターゲット "ContentFilesProjectOutputGroup" でオーバーライドしています。
プロジェクト "C:\Program Files\Microsoft Visual Studio\18\Community\MSBuild\Current\Bin\Microsoft.Common.CurrentVersion.targets" のターゲット "AllProjectOutputGroupsDependencies" をプロジェクト "C:\Program Files\Microsoft Visual Studio\18\Community\MSBuild\Microsoft\VC\v180\Microsoft.CppBuild.targets" からのターゲット "AllProjectOutputGroupsDependencies" でオーバーライドしています。
プロジェクト "C:\Program Files\Microsoft Visual Studio\18\Community\MSBuild\Current\Bin\Microsoft.Common.CurrentVersion.targets" のターゲット "BuiltProjectOutputGroupDependencies" をプロジェクト "C:\Program Files\Microsoft Visual Studio\18\Community\MSBuild\Microsoft\VC\v180\Microsoft.CppBuild.targets" からのターゲット "BuiltProjectOutputGroupDependencies" でオーバーライドしています。
プロジェクト "C:\Program Files\Microsoft Visual Studio\18\Community\MSBuild\Current\Bin\Microsoft.Common.CurrentVersion.targets" のターゲット "DebugSymbolsProjectOutputGroupDependencies" をプロジェクト "C:\Program Files\Microsoft Visual Studio\18\Community\MSBuild\Microsoft\VC\v180\Microsoft.CppBuild.targets" からのターゲット "DebugSymbolsProjectOutputGroupDependencies" でオーバーライドしています。
プロジェクト "C:\Program Files\Microsoft Visual Studio\18\Community\MSBuild\Current\Bin\Microsoft.Common.CurrentVersion.targets" のターゲット "DocumentationProjectOutputGroupDependencies" をプロジェクト "C:\Program Files\Microsoft Visual Studio\18\Community\MSBuild\Microsoft\VC\v180\Microsoft.CppBuild.targets" からのターゲット "DocumentationProjectOutputGroupDependencies" でオーバーライドしています。
プロジェクト "C:\Program Files\Microsoft Visual Studio\18\Community\MSBuild\Current\Bin\Microsoft.Common.CurrentVersion.targets" のターゲット "PreBuildEvent" をプロジェクト "C:\Program Files\Microsoft Visual Studio\18\Community\MSBuild\Microsoft\VC\v180\Microsoft.CppCommon.targets" からのターゲット "PreBuildEvent" でオーバーライドしています。
プロジェクト "C:\Program Files\Microsoft Visual Studio\18\Community\MSBuild\Current\Bin\Microsoft.Common.CurrentVersion.targets" のターゲット "PostBuildEvent" をプロジェクト "C:\Program Files\Microsoft Visual Studio\18\Community\MSBuild\Microsoft\VC\v180\Microsoft.CppCommon.targets" からのターゲット "PostBuildEvent" でオーバーライドしています。
プロジェクト "C:\Program Files\Microsoft Visual Studio\18\Community\MSBuild\Microsoft\VC\v180\Microsoft.CppBuild.targets" のターゲット "ClCompile" をプロジェクト "C:\Program Files\Microsoft Visual Studio\18\Community\MSBuild\Microsoft\VC\v180\Microsoft.CppCommon.targets" からのターゲット "ClCompile" でオーバーライドしています。
プロジェクト "C:\Program Files\Microsoft Visual Studio\18\Community\MSBuild\Microsoft\VC\v180\Microsoft.CppBuild.targets" のターゲット "Link" をプロジェクト "C:\Program Files\Microsoft Visual Studio\18\Community\MSBuild\Microsoft\VC\v180\Microsoft.CppCommon.targets" からのターゲット "Link" でオーバーライドしています。
プロジェクト "C:\Program Files\Microsoft Visual Studio\18\Community\MSBuild\Microsoft\VC\v180\Microsoft.CppBuild.targets" のターゲット "Lib" をプロジェクト "C:\Program Files\Microsoft Visual Studio\18\Community\MSBuild\Microsoft\VC\v180\Microsoft.CppCommon.targets" からのターゲット "Lib" でオーバーライドしています。
プロジェクト "C:\Program Files\Microsoft Visual Studio\18\Community\MSBuild\Microsoft\VC\v180\Microsoft.CppBuild.targets" のターゲット "ImpLib" をプロジェクト "C:\Program Files\Microsoft Visual Studio\18\Community\MSBuild\Microsoft\VC\v180\Microsoft.CppCommon.targets" からのターゲット "ImpLib" でオーバーライドしています。
プロジェクト "C:\Program Files\Microsoft Visual Studio\18\Community\MSBuild\Microsoft\VC\v180\Microsoft.CppBuild.targets" のターゲット "Midl" をプロジェクト "C:\Program Files\Microsoft Visual Studio\18\Community\MSBuild\Microsoft\VC\v180\Microsoft.CppCommon.targets" からのターゲット "Midl" でオーバーライドしています。
プロジェクト "C:\Program Files\Microsoft Visual Studio\18\Community\MSBuild\Microsoft\VC\v180\Microsoft.CppBuild.targets" のターゲット "ResourceCompile" をプロジェクト "C:\Program Files\Microsoft Visual Studio\18\Community\MSBuild\Microsoft\VC\v180\Microsoft.CppCommon.targets" からのターゲット "ResourceCompile" でオーバーライドしています。
プロジェクト "C:\Program Files\Microsoft Visual Studio\18\Community\MSBuild\Current\Bin\Microsoft.Common.CurrentVersion.targets" のターゲット "BeforeResGen" をプロジェクト "C:\Program Files\Microsoft Visual Studio\18\Community\MSBuild\Microsoft\VC\v180\Microsoft.CppCommon.targets" からのターゲット "BeforeResGen" でオーバーライドしています。
プロジェクト "C:\Program Files\Microsoft Visual Studio\18\Community\MSBuild\Current\Bin\Microsoft.Common.CurrentVersion.targets" のターゲット "ResGen" をプロジェクト "C:\Program Files\Microsoft Visual Studio\18\Community\MSBuild\Microsoft\VC\v180\Microsoft.CppCommon.targets" からのターゲット "ResGen" でオーバーライドしています。
プロジェクト "C:\Program Files\Microsoft Visual Studio\18\Community\MSBuild\Current\Bin\Microsoft.Common.CurrentVersion.targets" のターゲット "GenerateSatelliteAssemblies" をプロジェクト "C:\Program Files\Microsoft Visual Studio\18\Community\MSBuild\Microsoft\VC\v180\Microsoft.CppCommon.targets" からのターゲット "GenerateSatelliteAssemblies" でオーバーライドしています。
プロジェクト "C:\Program Files\Microsoft Visual Studio\18\Community\MSBuild\Microsoft\VC\v180\Microsoft.CppBuild.targets" のターゲット "Manifest" をプロジェクト "C:\Program Files\Microsoft Visual Studio\18\Community\MSBuild\Microsoft\VC\v180\Microsoft.CppCommon.targets" からのターゲット "Manifest" でオーバーライドしています。
プロジェクト "C:\Program Files\Microsoft Visual Studio\18\Community\MSBuild\Microsoft\VC\v180\Microsoft.CppBuild.targets" のターゲット "XdcMake" をプロジェクト "C:\Program Files\Microsoft Visual Studio\18\Community\MSBuild\Microsoft\VC\v180\Microsoft.CppCommon.targets" からのターゲット "XdcMake" でオーバーライドしています。
プロジェクト "C:\Program Files\Microsoft Visual Studio\18\Community\MSBuild\Microsoft\VC\v180\Microsoft.CppBuild.targets" のターゲット "BscMake" をプロジェクト "C:\Program Files\Microsoft Visual Studio\18\Community\MSBuild\Microsoft\VC\v180\Microsoft.CppCommon.targets" からのターゲット "BscMake" でオーバーライドしています。
プロジェクト "C:\Program Files\Microsoft Visual Studio\18\Community\MSBuild\Microsoft\VC\v180\Microsoft.MetaGen.targets" のターゲット "ComputeMetaGenInputs" をプロジェクト "C:\Program Files\Microsoft Visual Studio\18\Community\MSBuild\Microsoft\VC\v180\Microsoft.CppCommon.targets" からのターゲット "ComputeMetaGenInputs" でオーバーライドしています。
プロジェクト "C:\Program Files\Microsoft Visual Studio\18\Community\MSBuild\Current\Bin\Microsoft.Common.CurrentVersion.targets" のターゲット "GetNativeManifest" をプロジェクト "C:\Program Files\Microsoft Visual Studio\18\Community\MSBuild\Microsoft\VC\v180\Microsoft.CppCommon.targets" からのターゲット "GetNativeManifest" でオーバーライドしています。
プロジェクト "C:\Program Files\Microsoft Visual Studio\18\Community\MSBuild\Current\Bin\Microsoft.Common.CurrentVersion.targets" のターゲット "GetTargetPathWithTargetPlatformMoniker" をプロジェクト "C:\Program Files\Microsoft Visual Studio\18\Community\MSBuild\Microsoft\VC\v180\Microsoft.Cpp.DesignTime.targets" からのターゲット "GetTargetPathWithTargetPlatformMoniker" でオーバーライドしています。
"C:\Program Files\Microsoft Visual Studio\18\Community\MSBuild\Microsoft\VisualStudio\WebTools.Aspire\Microsoft.WebTools.Aspire.targets (44,11)" にある BeforeTargets 属性に一覧表示されているターゲット "CompileDesignTime" はプロジェクト内に存在しないため、無視されます。
"C:\Program Files\Microsoft Visual Studio\18\Community\MSBuild\Microsoft\VisualStudio\WebTools.Aspire\Microsoft.WebTools.Aspire.targets (57,11)" にある BeforeTargets 属性に一覧表示されているターゲット "CompileDesignTime" はプロジェクト内に存在しないため、無視されます。
プロジェクト "C:\Users\k023g\source\repos\TD4-2-Clone2\Project\ONEngine.vcxproj.metaproj" (2) は、ノード 1 上に "C:\Users\k023g\source\repos\TD4-2-Clone2\Project\Externals\DirectXTex\DirectXTex.vcxproj" (3) をビルドしています (Rebuild ターゲット)。
ファイル "C:\Program Files\Microsoft Visual Studio\18\Community\MSBuild\Current\Bin\Microsoft.Common.CurrentVersion.targets" 内にある、プロジェクト "C:\Users\k023g\source\repos\TD4-2-Clone2\Project\Externals\DirectXTex\DirectXTex.vcxproj" からのターゲット "_CheckForInvalidConfigurationAndPlatform" (ターゲット "SetTelemetryEnvironmentVariables" は依存):
"Message" タスクをアセンブリ "Microsoft.Build.Tasks.Core, Version=15.1.0.0, Culture=neutral, PublicKeyToken=b03f5f7f11d50a3a" から使用しています。
タスク "Message"
  Configuration=Debug
タスク "Message" の実行が終了しました。
タスク "Message"
  Platform=x64
タスク "Message" の実行が終了しました。
プロジェクト "DirectXTex.vcxproj" 内のターゲット "_CheckForInvalidConfigurationAndPlatform" のビルドが終了しました。
ターゲット "_CheckForInvalidConfigurationAndPlatform" を省略しました。以前に正しくビルドされていました。
ファイル "C:\Program Files\Microsoft Visual Studio\18\Community\MSBuild\Microsoft\VC\v180\Microsoft.Cpp.DesignTime.targets" 内にある、プロジェクト "C:\Users\k023g\source\repos\TD4-2-Clone2\Project\Externals\DirectXTex\DirectXTex.vcxproj" からのターゲット "SetTelemetryEnvironmentVariables" (ターゲット "Rebuild" は依存):
"SetEnv" タスクをアセンブリ "C:\Program Files\Microsoft Visual Studio\18\Community\MSBuild\Microsoft\VC\v180\Microsoft.Build.CppTasks.Common.dll" から使用しています。
タスク "SetEnv"
  VSTEL_SolutionSessionID=
タスク "SetEnv" の実行が終了しました。
タスク "SetEnv"
  VSTEL_CurrentSolutionBuildID=
タスク "SetEnv" の実行が終了しました。
タスク "SetEnv"
  VSTEL_ProjectID={A90EE592-95C6-26E0-FECD-FF3BEAA4C1D0}
タスク "SetEnv" の実行が終了しました。
タスク "SetEnv"
  VSTEL_SolutionPath=C:\Users\k023g\source\repos\TD4-2-Clone2\Project\ONEngine.sln
タスク "SetEnv" の実行が終了しました。
タスク "SetEnv"
  VSTEL_MSBuildProjectFullPath=C:\Users\k023g\source\repos\TD4-2-Clone2\Project\Externals\DirectXTex\DirectXTex.vcxproj
タスク "SetEnv" の実行が終了しました。
プロジェクト "DirectXTex.vcxproj" 内のターゲット "SetTelemetryEnvironmentVariables" のビルドが終了しました。
ファイル "C:\Program Files\Microsoft Visual Studio\18\Community\MSBuild\Microsoft\VC\v180\Microsoft.BuildSteps.Targets" 内にある、プロジェクト "C:\Users\k023g\source\repos\TD4-2-Clone2\Project\Externals\DirectXTex\DirectXTex.vcxproj" からのターゲット "_PrepareForRebuild" (ターゲット "Rebuild" は依存):
C:\Program Files\Microsoft Visual Studio\18\Community\MSBuild\Microsoft\VC\v180\Microsoft.BuildSteps.Targets(194,7): message : プロパティの再代入: $(_BuildActionType)="Rebuild" (以前の値: "Build") C:\Program Files\Microsoft Visual Studio\18\Community\MSBuild\Microsoft\VC\v180\Microsoft.BuildSteps.Targets (194,7) [C:\Users\k023g\source\repos\TD4-2-Clone2\Project\Externals\DirectXTex\DirectXTex.vcxproj]
プロジェクト "DirectXTex.vcxproj" 内のターゲット "_PrepareForRebuild" のビルドが終了しました。
ファイル "C:\Program Files\Microsoft Visual Studio\18\Community\MSBuild\Current\Bin\Microsoft.Common.CurrentVersion.targets" 内にある、プロジェクト "C:\Users\k023g\source\repos\TD4-2-Clone2\Project\Externals\DirectXTex\DirectXTex.vcxproj" からのターゲット "BeforeRebuild" (ターゲット "Rebuild" は依存):
プロジェクト "DirectXTex.vcxproj" 内のターゲット "BeforeRebuild" のビルドが終了しました。
ファイル "C:\Program Files\Microsoft Visual Studio\18\Community\MSBuild\Microsoft\VC\v180\Microsoft.BuildSteps.Targets" 内にある、プロジェクト "C:\Users\k023g\source\repos\TD4-2-Clone2\Project\Externals\DirectXTex\DirectXTex.vcxproj" からのターゲット "_PrepareForClean" (ターゲット "Clean" は依存):
C:\Program Files\Microsoft Visual Studio\18\Community\MSBuild\Microsoft\VC\v180\Microsoft.BuildSteps.Targets(207,7): message : プロパティの再代入: $(_BuildActionType)="Clean" (以前の値: "Rebuild") C:\Program Files\Microsoft Visual Studio\18\Community\MSBuild\Microsoft\VC\v180\Microsoft.BuildSteps.Targets (207,7) [C:\Users\k023g\source\repos\TD4-2-Clone2\Project\Externals\DirectXTex\DirectXTex.vcxproj]
"Delete" タスクをアセンブリ "Microsoft.Build.Tasks.Core, Version=15.1.0.0, Culture=neutral, PublicKeyToken=b03f5f7f11d50a3a" から使用しています。
タスク "Delete"
  ファイル "C:\Users\k023g\source\repos\TD4-2-Clone2\Project\Externals\DirectXTex\..\..\..\Generated\Obj\Debug\DirectXTex\DirectXTex.tlog\DirectXTex.lastbuildstate" を削除しています。
タスク "Delete" の実行が終了しました。
プロジェクト "DirectXTex.vcxproj" 内のターゲット "_PrepareForClean" のビルドが終了しました。
ファイル "C:\Program Files\Microsoft Visual Studio\18\Community\MSBuild\Current\Bin\Microsoft.Common.CurrentVersion.targets" 内にある、プロジェクト "C:\Users\k023g\source\repos\TD4-2-Clone2\Project\Externals\DirectXTex\DirectXTex.vcxproj" からのターゲット "BeforeClean" (ターゲット "Clean" は依存):
プロジェクト "DirectXTex.vcxproj" 内のターゲット "BeforeClean" のビルドが終了しました。
ファイル "C:\Program Files\Microsoft Visual Studio\18\Community\MSBuild\Current\Bin\Microsoft.Common.CurrentVersion.targets" 内にある、プロジェクト "C:\Users\k023g\source\repos\TD4-2-Clone2\Project\Externals\DirectXTex\DirectXTex.vcxproj" からのターゲット "CoreClean" (ターゲット "Clean" は依存):
タスク "Delete"
  ファイル "C:\Users\k023g\source\repos\TD4-2-Clone2\Project\Externals\DirectXTex\..\..\..\Generated\Obj\Debug\DirectXTex\\TempCA\DirectXTex.pdb" は存在しません。省略します。
  ファイル "C:\Users\k023g\source\repos\TD4-2-Clone2\Project\Externals\DirectXTex\..\..\..\Generated\Obj\Debug\DirectXTex\\TempCA\DirectXTex.lib" は存在しません。省略します。
タスク "Delete" の実行が終了しました。
"ReadLinesFromFile" タスクをアセンブリ "Microsoft.Build.Tasks.Core, Version=15.1.0.0, Culture=neutral, PublicKeyToken=b03f5f7f11d50a3a" から使用しています。
タスク "ReadLinesFromFile"
タスク "ReadLinesFromFile" の実行が終了しました。
"FindUnderPath" タスクをアセンブリ "Microsoft.Build.Tasks.Core, Version=15.1.0.0, Culture=neutral, PublicKeyToken=b03f5f7f11d50a3a" から使用しています。
タスク "FindUnderPath"
  比較パスは "C:\Users\k023g\source\repos\TD4-2-Clone2\Project\Externals\DirectXTex\..\..\..\Generated\Outputs\Debug\" です。
タスク "FindUnderPath" の実行が終了しました。
タスク "FindUnderPath"
  比較パスは "C:\Users\k023g\source\repos\TD4-2-Clone2\Project\Externals\DirectXTex\..\..\..\Generated\Obj\Debug\DirectXTex\" です。
タスク "FindUnderPath" の実行が終了しました。
タスク "Delete"
タスク "Delete" の実行が終了しました。
"RemoveDuplicates" タスクをアセンブリ "Microsoft.Build.Tasks.Core, Version=15.1.0.0, Culture=neutral, PublicKeyToken=b03f5f7f11d50a3a" から使用しています。
タスク "RemoveDuplicates"
タスク "RemoveDuplicates" の実行が終了しました。
"MakeDir" タスクをアセンブリ "Microsoft.Build.Tasks.Core, Version=15.1.0.0, Culture=neutral, PublicKeyToken=b03f5f7f11d50a3a" から使用しています。
タスク "MakeDir"
タスク "MakeDir" の実行が終了しました。
"WriteLinesToFile" タスクをアセンブリ "Microsoft.Build.Tasks.Core, Version=15.1.0.0, Culture=neutral, PublicKeyToken=b03f5f7f11d50a3a" から使用しています。
タスク "WriteLinesToFile"
タスク "WriteLinesToFile" の実行が終了しました。
プロジェクト "DirectXTex.vcxproj" 内のターゲット "CoreClean" のビルドが終了しました。
ファイル "C:\Program Files\Microsoft Visual Studio\18\Community\MSBuild\Current\Bin\Microsoft.Common.CurrentVersion.targets" 内にある、プロジェクト "C:\Users\k023g\source\repos\TD4-2-Clone2\Project\Externals\DirectXTex\DirectXTex.vcxproj" からのターゲット "IgnoreJavaScriptOutputAssembly" (ターゲット "AssignProjectConfiguration" は依存):
プロジェクト "DirectXTex.vcxproj" 内のターゲット "IgnoreJavaScriptOutputAssembly" のビルドが終了しました。
ファイル "C:\Program Files\Microsoft Visual Studio\18\Community\MSBuild\Current\Bin\Microsoft.Common.CurrentVersion.targets" 内にある、プロジェクト "C:\Users\k023g\source\repos\TD4-2-Clone2\Project\Externals\DirectXTex\DirectXTex.vcxproj" からのターゲット "AssignProjectConfiguration" (ターゲット "PrepareProjectReferences" は依存):
"AssignProjectConfiguration" タスクをアセンブリ "Microsoft.Build.Tasks.Core, Version=15.1.0.0, Culture=neutral, PublicKeyToken=b03f5f7f11d50a3a" から使用しています。
タスク "AssignProjectConfiguration"
タスク "AssignProjectConfiguration" の実行が終了しました。
プロジェクト "DirectXTex.vcxproj" 内のターゲット "AssignProjectConfiguration" のビルドが終了しました。
ファイル "C:\Program Files\Microsoft Visual Studio\18\Community\MSBuild\Current\Bin\Microsoft.Common.CurrentVersion.targets" 内にある、プロジェクト "C:\Users\k023g\source\repos\TD4-2-Clone2\Project\Externals\DirectXTex\DirectXTex.vcxproj" からのターゲット "_SplitProjectReferencesByFileExistence" (ターゲット "PrepareProjectReferences" は依存):
プロジェクト "DirectXTex.vcxproj" 内のターゲット "_SplitProjectReferencesByFileExistence" のビルドが終了しました。
ファイル "C:\Program Files\Microsoft Visual Studio\18\Community\MSBuild\Current\Bin\Microsoft.Common.CurrentVersion.targets" 内にある、プロジェクト "C:\Users\k023g\source\repos\TD4-2-Clone2\Project\Externals\DirectXTex\DirectXTex.vcxproj" からのターゲット "_AddOutputPathToGlobalPropertiesToRemove" (ターゲット "_GetProjectReferenceTargetFrameworkProperties" は依存):
プロジェクト "DirectXTex.vcxproj" 内のターゲット "_AddOutputPathToGlobalPropertiesToRemove" のビルドが終了しました。
ファイル "C:\Program Files\Microsoft Visual Studio\18\Community\MSBuild\Current\Bin\Microsoft.Common.CurrentVersion.targets" 内にある、プロジェクト "C:\Users\k023g\source\repos\TD4-2-Clone2\Project\Externals\DirectXTex\DirectXTex.vcxproj" からのターゲット "_GetProjectReferenceTargetFrameworkProperties" (ターゲット "PrepareProjectReferences" は依存):
"MSBuild" タスクをアセンブリ "Microsoft.Build.Tasks.Core, Version=15.1.0.0, Culture=neutral, PublicKeyToken=b03f5f7f11d50a3a" から使用しています。
タスク "MSBuild"
タスク "MSBuild" の実行が終了しました。
"SetRidAgnosticValueForProjects" タスクをアセンブリ "Microsoft.Build.Tasks.Core, Version=15.1.0.0, Culture=neutral, PublicKeyToken=b03f5f7f11d50a3a" から使用しています。
タスク "SetRidAgnosticValueForProjects"
タスク "SetRidAgnosticValueForProjects" の実行が終了しました。
プロジェクト "DirectXTex.vcxproj" 内のターゲット "_GetProjectReferenceTargetFrameworkProperties" のビルドが終了しました。
ファイル "C:\Program Files\Microsoft Visual Studio\18\Community\MSBuild\Current\Bin\Microsoft.Common.CurrentVersion.targets" 内にある、プロジェクト "C:\Users\k023g\source\repos\TD4-2-Clone2\Project\Externals\DirectXTex\DirectXTex.vcxproj" からのターゲット "PrepareProjectReferences" (ターゲット "CleanReferencedProjects" は依存):
プロジェクト "DirectXTex.vcxproj" 内のターゲット "PrepareProjectReferences" のビルドが終了しました。
ファイル "C:\Program Files\Microsoft Visual Studio\18\Community\MSBuild\Current\Bin\Microsoft.Common.CurrentVersion.targets" 内にある、プロジェクト "C:\Users\k023g\source\repos\TD4-2-Clone2\Project\Externals\DirectXTex\DirectXTex.vcxproj" からのターゲット "CleanReferencedProjects" (ターゲット "Clean" は依存):
プロジェクト "DirectXTex.vcxproj" 内のターゲット "CleanReferencedProjects" のビルドが終了しました。
ファイル "C:\Program Files\Microsoft Visual Studio\18\Community\MSBuild\Current\Bin\Microsoft.Common.CurrentVersion.targets" 内にある、プロジェクト "C:\Users\k023g\source\repos\TD4-2-Clone2\Project\Externals\DirectXTex\DirectXTex.vcxproj" からのターゲット "CleanPublishFolder" (ターゲット "Clean" は依存):
プロジェクト "DirectXTex.vcxproj" 内のターゲット "CleanPublishFolder" のビルドが終了しました。
ファイル "C:\Program Files\Microsoft Visual Studio\18\Community\MSBuild\Current\Bin\Microsoft.Common.CurrentVersion.targets" 内にある、プロジェクト "C:\Users\k023g\source\repos\TD4-2-Clone2\Project\Externals\DirectXTex\DirectXTex.vcxproj" からのターゲット "AfterClean" (ターゲット "Clean" は依存):
プロジェクト "DirectXTex.vcxproj" 内のターゲット "AfterClean" のビルドが終了しました。
ファイル "C:\Program Files\Microsoft Visual Studio\18\Community\MSBuild\Microsoft\VC\v180\Microsoft.CppClean.targets" 内にある、プロジェクト "C:\Users\k023g\source\repos\TD4-2-Clone2\Project\Externals\DirectXTex\DirectXTex.vcxproj" からのターゲット "BeforeCppClean" (ターゲット "CppClean" は依存):
プロジェクト "DirectXTex.vcxproj" 内のターゲット "BeforeCppClean" のビルドが終了しました。
ファイル "C:\Program Files\Microsoft Visual Studio\18\Community\MSBuild\Microsoft\VC\v180\Microsoft.CppClean.targets" 内にある、プロジェクト "C:\Users\k023g\source\repos\TD4-2-Clone2\Project\Externals\DirectXTex\DirectXTex.vcxproj" からのターゲット "CoreCppClean" (ターゲット "CppClean" は依存):
タスク "MakeDir"
タスク "MakeDir" の実行が終了しました。
"CppClean" タスクをアセンブリ "C:\Program Files\Microsoft Visual Studio\18\Community\MSBuild\Microsoft\VC\v180\Microsoft.Build.CppTasks.Common.dll" から使用しています。
タスク "CppClean"
タスク "CppClean" の実行が終了しました。
タスク "WriteLinesToFile"
タスク "WriteLinesToFile" の実行が終了しました。
プロジェクト "DirectXTex.vcxproj" 内のターゲット "CoreCppClean" のビルドが終了しました。
ファイル "C:\Program Files\Microsoft Visual Studio\18\Community\MSBuild\Microsoft\VC\v180\Microsoft.CppClean.targets" 内にある、プロジェクト "C:\Users\k023g\source\repos\TD4-2-Clone2\Project\Externals\DirectXTex\DirectXTex.vcxproj" からのターゲット "AfterCppClean" (ターゲット "CppClean" は依存):
プロジェクト "DirectXTex.vcxproj" 内のターゲット "AfterCppClean" のビルドが終了しました。
ファイル "C:\Program Files\Microsoft Visual Studio\18\Community\MSBuild\Microsoft\VC\v180\Microsoft.CppClean.targets" 内にある、プロジェクト "C:\Users\k023g\source\repos\TD4-2-Clone2\Project\Externals\DirectXTex\DirectXTex.vcxproj" からのターゲット "PGInstrumentedClean" (ターゲット "CppClean" は依存):
タスク "Delete"
タスク "Delete" の実行が終了しました。
プロジェクト "DirectXTex.vcxproj" 内のターゲット "PGInstrumentedClean" のビルドが終了しました。
ファイル "C:\Program Files\Microsoft Visual Studio\18\Community\MSBuild\Microsoft\VC\v180\Microsoft.CppClean.targets" 内にある、プロジェクト "C:\Users\k023g\source\repos\TD4-2-Clone2\Project\Externals\DirectXTex\DirectXTex.vcxproj" からのターゲット "CppClean" (ターゲット "Clean" は依存):
プロジェクト "DirectXTex.vcxproj" 内のターゲット "CppClean" のビルドが終了しました。
ファイル "C:\Program Files\Microsoft Visual Studio\18\Community\MSBuild\Current\Bin\Microsoft.Common.CurrentVersion.targets" 内にある、プロジェクト "C:\Users\k023g\source\repos\TD4-2-Clone2\Project\Externals\DirectXTex\DirectXTex.vcxproj" からのターゲット "Clean" (ターゲット "Rebuild" は依存):
プロジェクト "DirectXTex.vcxproj" 内のターゲット "Clean" のビルドが終了しました。
ターゲット "SetTelemetryEnvironmentVariables" を省略しました。以前に正しくビルドされていました。
ファイル "C:\Program Files\Microsoft Visual Studio\18\Community\MSBuild\Microsoft\VC\v180\Microsoft.BuildSteps.Targets" 内にある、プロジェクト "C:\Users\k023g\source\repos\TD4-2-Clone2\Project\Externals\DirectXTex\DirectXTex.vcxproj" からのターゲット "_PrepareForBuild" (ターゲット "Build" は依存):
C:\Program Files\Microsoft Visual Studio\18\Community\MSBuild\Microsoft\VC\v180\Microsoft.BuildSteps.Targets(165,7): message : プロパティの再代入: $(_BuildActionType)="Build" (以前の値: "Clean") C:\Program Files\Microsoft Visual Studio\18\Community\MSBuild\Microsoft\VC\v180\Microsoft.BuildSteps.Targets (165,7) [C:\Users\k023g\source\repos\TD4-2-Clone2\Project\Externals\DirectXTex\DirectXTex.vcxproj]
プロジェクト "DirectXTex.vcxproj" 内のターゲット "_PrepareForBuild" のビルドが終了しました。
ファイル "C:\Program Files\Microsoft Visual Studio\18\Community\MSBuild\Microsoft\VC\v180\Microsoft.CppBuild.targets" 内にある、プロジェクト "C:\Users\k023g\source\repos\TD4-2-Clone2\Project\Externals\DirectXTex\DirectXTex.vcxproj" からのターゲット "_PrepareForReferenceResolution" (ターゲット "ResolveReferences" は依存):
プロジェクト "DirectXTex.vcxproj" 内のターゲット "_PrepareForReferenceResolution" のビルドが終了しました。
ファイル "C:\Program Files\Microsoft Visual Studio\18\Community\MSBuild\Current\Bin\Microsoft.Common.CurrentVersion.targets" 内にある、プロジェクト "C:\Users\k023g\source\repos\TD4-2-Clone2\Project\Externals\DirectXTex\DirectXTex.vcxproj" からのターゲット "BeforeResolveReferences" (ターゲット "ResolveReferences" は依存):
プロジェクト "DirectXTex.vcxproj" 内のターゲット "BeforeResolveReferences" のビルドが終了しました。
ターゲット "AssignProjectConfiguration" を省略しました。以前に正しくビルドされていました。
ターゲット "PrepareProjectReferences" を省略しました。以前に正しくビルドされていました。
ファイル "C:\Program Files\Microsoft Visual Studio\18\Community\MSBuild\Current\Bin\Microsoft.Common.CurrentVersion.targets" 内にある、プロジェクト "C:\Users\k023g\source\repos\TD4-2-Clone2\Project\Externals\DirectXTex\DirectXTex.vcxproj" からのターゲット "ResolveProjectReferences" (ターゲット "ResolveReferences" は依存):
プロジェクト "DirectXTex.vcxproj" 内のターゲット "ResolveProjectReferences" のビルドが終了しました。
ターゲット "_PrepareForReferenceResolution" を省略しました。以前に正しくビルドされていました。
ターゲット "ResolveProjectReferences" を省略しました。以前に正しくビルドされていました。
ファイル "C:\Program Files\Microsoft Visual Studio\18\Community\MSBuild\Current\Bin\Microsoft.Common.CurrentVersion.targets" 内にある、プロジェクト "C:\Users\k023g\source\repos\TD4-2-Clone2\Project\Externals\DirectXTex\DirectXTex.vcxproj" からのターゲット "GetFrameworkPaths" (ターゲット "ResolveAssemblyReferences" は依存):
プロジェクト "DirectXTex.vcxproj" 内のターゲット "GetFrameworkPaths" のビルドが終了しました。
ターゲット "_PrepareForReferenceResolution" を省略しました。以前に正しくビルドされていました。
ターゲット "GetFrameworkPaths" を省略しました。以前に正しくビルドされていました。
ファイル "C:\Program Files\Microsoft Visual Studio\18\Community\MSBuild\Current\Bin\Microsoft.Common.CurrentVersion.targets" 内にある、プロジェクト "C:\Users\k023g\source\repos\TD4-2-Clone2\Project\Externals\DirectXTex\DirectXTex.vcxproj" からのターゲット "GetReferenceAssemblyPaths" (ターゲット "ResolveAssemblyReferences" は依存):
C:\Program Files\Microsoft Visual Studio\18\Community\MSBuild\Current\Bin\Microsoft.Common.CurrentVersion.targets(1284,7): message : プロパティの再代入: $(AssemblySearchPaths)="{CandidateAssemblyFiles};C:\Program Files\Microsoft Visual Studio\18\Community\VC\Tools\MSVC\14.51.36231\atlmfc\lib\x64;;C:\Program Files\Microsoft Visual Studio\18\Community\VC\Tools\MSVC\14.51.36231\lib\x64;;{HintPathFromItem};{TargetFrameworkDirectory};{AssemblyFoldersFromConfig:C:\Program Files\Microsoft Visual Studio\18\Community\MSBuild\Current\Bin\AssemblyFolders.config,};;{Registry:Software\Microsoft\,,AssemblyFoldersEx};;{GAC};{RawFileName};C:\Users\k023g\source\repos\TD4-2-Clone2\Project\Externals\DirectXTex\..\..\..\Generated\Outputs\Debug\" (以前の値: "{CandidateAssemblyFiles};C:\Program Files\Microsoft Visual Studio\18\Community\VC\Tools\MSVC\14.51.36231\atlmfc\lib\x64;;C:\Program Files\Microsoft Visual Studio\18\Community\VC\Tools\MSVC\14.51.36231\lib\x64;;{HintPathFromItem};{TargetFrameworkDirectory};{AssemblyFoldersFromConfig:C:\Program Files\Microsoft Visual Studio\18\Community\MSBuild\Current\Bin\AssemblyFolders.config,};;{Registry:Software\Microsoft\,,AssemblyFoldersEx};{AssemblyFolders};{GAC};{RawFileName};C:\Users\k023g\source\repos\TD4-2-Clone2\Project\Externals\DirectXTex\..\..\..\Generated\Outputs\Debug\") C:\Program Files\Microsoft Visual Studio\18\Community\MSBuild\Current\Bin\Microsoft.Common.CurrentVersion.targets (1284,7) [C:\Users\k023g\source\repos\TD4-2-Clone2\Project\Externals\DirectXTex\DirectXTex.vcxproj]
プロジェクト "DirectXTex.vcxproj" 内のターゲット "GetReferenceAssemblyPaths" のビルドが終了しました。
ファイル "C:\Program Files\Microsoft Visual Studio\18\Community\MSBuild\Microsoft\VC\v180\Microsoft.Cpp.Current.targets" 内にある、プロジェクト "C:\Users\k023g\source\repos\TD4-2-Clone2\Project\Externals\DirectXTex\DirectXTex.vcxproj" からのターゲット "AddExternalIncludDirectoriesToPaths" (ターゲット "SetBuildDefaultEnvironmentVariables" は依存):
プロジェクト "DirectXTex.vcxproj" 内のターゲット "AddExternalIncludDirectoriesToPaths" のビルドが終了しました。
ファイル "C:\Program Files\Microsoft Visual Studio\18\Community\MSBuild\Microsoft\VC\v180\Microsoft.Cpp.Current.targets" 内にある、プロジェクト "C:\Users\k023g\source\repos\TD4-2-Clone2\Project\Externals\DirectXTex\DirectXTex.vcxproj" からのターゲット "SetBuildDefaultEnvironmentVariables" (ターゲット "PrepareForBuild" は依存):
タスク "SetEnv"
  PATH=C:\Program Files\Microsoft Visual Studio\18\Community\VC\Tools\MSVC\14.51.36231\bin\HostX86\x64;C:\Program Files\Microsoft Visual Studio\18\Community\VC\Tools\MSVC\14.51.36231\bin\HostX86\x86;C:\Program Files (x86)\Windows Kits\10\bin\10.0.26100.0\x86;;C:\Program Files (x86)\Microsoft SDKs\Windows\v10.0A\bin\NETFX 4.8 Tools;C:\Program Files\Microsoft Visual Studio\18\Community\Common7\tools;C:\Program Files\Microsoft Visual Studio\18\Community\Common7\ide;C:\Program Files (x86)\HTML Help Workshop;;C:\Program Files\Microsoft Visual Studio\18\Community\MSBuild\Current\Bin;C:\WINDOWS\Microsoft.NET\Framework\v4.0.30319\;;C:/Users/k023g/.gemini/antigravity/bin;C:\Users\k023g\AppData\Roaming\Antigravity\bin;C:\Python27\;C:\Python27\Scripts;C:\Program Files\Microsoft\jdk-11.0.16.101-hotspot\bin;C:\Windows\system32;C:\Windows;C:\Windows\System32\Wbem;C:\Windows\System32\WindowsPowerShell\v1.0\;C:\Windows\System32\OpenSSH\;C:\Program Files\Microsoft SQL Server\150\Tools\Binn\;C:\WINDOWS\system32;C:\WINDOWS;C:\WINDOWS\System32\Wbem;C:\WINDOWS\System32\WindowsPowerShell\v1.0\;C:\WINDOWS\System32\OpenSSH\;C:\Program Files\Microsoft SQL Server\Client SDK\ODBC\170\Tools\Binn\;C:\Program Files (x86)\NVIDIA Corporation\PhysX\Common;C:\Program Files\nodejs\;C:\ProgramData\chocolatey\bin;C:\Program Files (x86)\Windows Kits\10\Windows Performance Toolkit\;C:\Users\k023g\source\repos\2024_PG3\tools\premake5.exe;C:\Program Files\Git LFS;C:\Program Files\NVIDIA Corporation\NVIDIA App\NvDLISR;C:\Program Files\Microsoft SQL Server\170\Tools\Binn\;C:\Program Files\CMake\bin;C:\Program Files\LLVM\bin;C:\Program Files (x86)\LLVM\bin;C:\Program Files\Git\cmd;C:\Program Files\dotnet\;C:\Program Files (x86)\mingw64\bin;C:\Program Files\PowerShell\7\;C:\Users\k023g\AppData\Local\Programs\Python\Python313\Scripts\;C:\Users\k023g\AppData\Local\Programs\Python\Python313\;C:\Users\k023g\source\repos\2024B_GE_ET1\cocos2d-x\templates;C:\Users\k023g\source\repos\2024B_GE_ET1\cocos2d-x\tools\cocos2d-console\bin;C:\Users\k023g\AppData\Local\Programs\Python\Python39\Scripts\;C:\Users\k023g\AppData\Local\Programs\Python\Python39\;C:\Users\k023g\AppData\Local\Microsoft\WindowsApps;C:\Users\k023g\AppData\Local\Programs\Microsoft VS Code\bin;C:\Users\k023g\AppData\Local\GitHubDesktop\bin;C:\Users\k023g\AppData\Roaming\npm;C:\Users\k023g\source\repos\2024B_GE_ET1\cocos2d-x;C:\Users\k023g\AppData\Local\Programs\Antigravity\bin;C:\Users\k023g\.dotnet\tools;C:\Users\k023g\AppData\Local\Python\bin;C:\tools;C:\Users\k023g\AppData\Local\Programs\Antigravity IDE\bin;
C:\Program Files\Microsoft Visual Studio\18\Community\MSBuild\Microsoft\VC\v180\Microsoft.Cpp.Current.targets(87,7): message : プロパティの再代入: $(Path)="C:\Program Files\Microsoft Visual Studio\18\Community\VC\Tools\MSVC\14.51.36231\bin\HostX86\x64%3bC:\Program Files\Microsoft Visual Studio\18\Community\VC\Tools\MSVC\14.51.36231\bin\HostX86\x86%3bC:\Program Files %28x86%29\Windows Kits\10\bin\10.0.26100.0\x86%3b%3bC:\Program Files %28x86%29\Microsoft SDKs\Windows\v10.0A\bin\NETFX 4.8 Tools%3bC:\Program Files\Microsoft Visual Studio\18\Community\Common7\tools%3bC:\Program Files\Microsoft Visual Studio\18\Community\Common7\ide%3bC:\Program Files %28x86%29\HTML Help Workshop%3b%3bC:\Program Files\Microsoft Visual Studio\18\Community\MSBuild\Current\Bin%3bC:\WINDOWS\Microsoft.NET\Framework\v4.0.30319\%3b%3bC:/Users/k023g/.gemini/antigravity/bin%3bC:\Users\k023g\AppData\Roaming\Antigravity\bin%3bC:\Python27\%3bC:\Python27\Scripts%3bC:\Program Files\Microsoft\jdk-11.0.16.101-hotspot\bin%3bC:\Windows\system32%3bC:\Windows%3bC:\Windows\System32\Wbem%3bC:\Windows\System32\WindowsPowerShell\v1.0\%3bC:\Windows\System32\OpenSSH\%3bC:\Program Files\Microsoft SQL Server\150\Tools\Binn\%3bC:\WINDOWS\system32%3bC:\WINDOWS%3bC:\WINDOWS\System32\Wbem%3bC:\WINDOWS\System32\WindowsPowerShell\v1.0\%3bC:\WINDOWS\System32\OpenSSH\%3bC:\Program Files\Microsoft SQL Server\Client SDK\ODBC\170\Tools\Binn\%3bC:\Program Files %28x86%29\NVIDIA Corporation\PhysX\Common%3bC:\Program Files\nodejs\%3bC:\ProgramData\chocolatey\bin%3bC:\Program Files %28x86%29\Windows Kits\10\Windows Performance Toolkit\%3bC:\Users\k023g\source\repos\2024_PG3\tools\premake5.exe%3bC:\Program Files\Git LFS%3bC:\Program Files\NVIDIA Corporation\NVIDIA App\NvDLISR%3bC:\Program Files\Microsoft SQL Server\170\Tools\Binn\%3bC:\Program Files\CMake\bin%3bC:\Program Files\LLVM\bin%3bC:\Program Files %28x86%29\LLVM\bin%3bC:\Program Files\Git\cmd%3bC:\Program Files\dotnet\%3bC:\Program Files %28x86%29\mingw64\bin%3bC:\Program Files\PowerShell\7\%3bC:\Users\k023g\AppData\Local\Programs\Python\Python313\Scripts\%3bC:\Users\k023g\AppData\Local\Programs\Python\Python313\%3bC:\Users\k023g\source\repos\2024B_GE_ET1\cocos2d-x\templates%3bC:\Users\k023g\source\repos\2024B_GE_ET1\cocos2d-x\tools\cocos2d-console\bin%3bC:\Users\k023g\AppData\Local\Programs\Python\Python39\Scripts\%3bC:\Users\k023g\AppData\Local\Programs\Python\Python39\%3bC:\Users\k023g\AppData\Local\Microsoft\WindowsApps%3bC:\Users\k023g\AppData\Local\Programs\Microsoft VS Code\bin%3bC:\Users\k023g\AppData\Local\GitHubDesktop\bin%3bC:\Users\k023g\AppData\Roaming\npm%3bC:\Users\k023g\source\repos\2024B_GE_ET1\cocos2d-x%3bC:\Users\k023g\AppData\Local\Programs\Antigravity\bin%3bC:\Users\k023g\.dotnet\tools%3bC:\Users\k023g\AppData\Local\Python\bin%3bC:\tools%3bC:\Users\k023g\AppData\Local\Programs\Antigravity IDE\bin%3b" (以前の値: "C:/Users/k023g/.gemini/antigravity/bin;C:\Users\k023g\AppData\Roaming\Antigravity\bin;C:\Python27\;C:\Python27\Scripts;C:\Program Files\Microsoft\jdk-11.0.16.101-hotspot\bin;C:\Windows\system32;C:\Windows;C:\Windows\System32\Wbem;C:\Windows\System32\WindowsPowerShell\v1.0\;C:\Windows\System32\OpenSSH\;C:\Program Files\Microsoft SQL Server\150\Tools\Binn\;C:\WINDOWS\system32;C:\WINDOWS;C:\WINDOWS\System32\Wbem;C:\WINDOWS\System32\WindowsPowerShell\v1.0\;C:\WINDOWS\System32\OpenSSH\;C:\Program Files\Microsoft SQL Server\Client SDK\ODBC\170\Tools\Binn\;C:\Program Files (x86)\NVIDIA Corporation\PhysX\Common;C:\Program Files\nodejs\;C:\ProgramData\chocolatey\bin;C:\Program Files (x86)\Windows Kits\10\Windows Performance Toolkit\;C:\Users\k023g\source\repos\2024_PG3\tools\premake5.exe;C:\Program Files\Git LFS;C:\Program Files\NVIDIA Corporation\NVIDIA App\NvDLISR;C:\Program Files\Microsoft SQL Server\170\Tools\Binn\;C:\Program Files\CMake\bin;C:\Program Files\LLVM\bin;C:\Program Files (x86)\LLVM\bin;C:\Program Files\Git\cmd;C:\Program Files\dotnet\;C:\Program Files (x86)\mingw64\bin;C:\Program Files\PowerShell\7\;C:\Users\k023g\AppData\Local\Programs\Python\Python313\Scripts\;C:\Users\k023g\AppData\Local\Programs\Python\Python313\;C:\Users\k023g\source\repos\2024B_GE_ET1\cocos2d-x\templates;C:\Users\k023g\source\repos\2024B_GE_ET1\cocos2d-x\tools\cocos2d-console\bin;C:\Users\k023g\AppData\Local\Programs\Python\Python39\Scripts\;C:\Users\k023g\AppData\Local\Programs\Python\Python39\;C:\Users\k023g\AppData\Local\Microsoft\WindowsApps;C:\Users\k023g\AppData\Local\Programs\Microsoft VS Code\bin;C:\Users\k023g\AppData\Local\GitHubDesktop\bin;C:\Users\k023g\AppData\Roaming\npm;C:\Users\k023g\source\repos\2024B_GE_ET1\cocos2d-x;C:\Users\k023g\AppData\Local\Programs\Antigravity\bin;C:\Users\k023g\.dotnet\tools;C:\Users\k023g\AppData\Local\Python\bin;C:\tools;C:\Users\k023g\AppData\Local\Programs\Antigravity IDE\bin") C:\Program Files\Microsoft Visual Studio\18\Community\MSBuild\Microsoft\VC\v180\Microsoft.Cpp.Current.targets (87,7) [C:\Users\k023g\source\repos\TD4-2-Clone2\Project\Externals\DirectXTex\DirectXTex.vcxproj]
タスク "SetEnv" の実行が終了しました。
タスク "SetEnv"
  LIB=C:\Program Files\Microsoft Visual Studio\18\Community\VC\Tools\MSVC\14.51.36231\lib\x64;;C:\Program Files\Microsoft Visual Studio\18\Community\VC\Tools\MSVC\14.51.36231\atlmfc\lib\x64;;C:\Program Files\Microsoft Visual Studio\18\Community\VC\Auxiliary\VS\lib\x64;;C:\Program Files (x86)\Windows Kits\10\lib\10.0.26100.0\ucrt\x64;;;C:\Program Files\Microsoft Visual Studio\18\Community\VC\Auxiliary\VS\UnitTest\lib;C:\Program Files (x86)\Windows Kits\10\lib\10.0.26100.0\um\x64;C:\Program Files (x86)\Windows Kits\NETFXSDK\4.8\lib\um\x64;
タスク "SetEnv" の実行が終了しました。
タスク "SetEnv"
  LIBPATH=C:\Program Files\Microsoft Visual Studio\18\Community\VC\Tools\MSVC\14.51.36231\atlmfc\lib\x64;;C:\Program Files\Microsoft Visual Studio\18\Community\VC\Tools\MSVC\14.51.36231\lib\x64;
タスク "SetEnv" の実行が終了しました。
タスク "SetEnv"
  INCLUDE=C:\Program Files\Microsoft Visual Studio\18\Community\VC\Tools\MSVC\14.51.36231\include;;C:\Program Files\Microsoft Visual Studio\18\Community\VC\Tools\MSVC\14.51.36231\atlmfc\include;;C:\Program Files\Microsoft Visual Studio\18\Community\VC\Auxiliary\VS\include;;C:\Program Files (x86)\Windows Kits\10\Include\10.0.26100.0\ucrt;;;C:\Program Files\Microsoft Visual Studio\18\Community\VC\Auxiliary\VS\UnitTest\include;C:\Program Files (x86)\Windows Kits\10\Include\10.0.26100.0\um;C:\Program Files (x86)\Windows Kits\10\Include\10.0.26100.0\shared;C:\Program Files (x86)\Windows Kits\10\Include\10.0.26100.0\winrt;C:\Program Files (x86)\Windows Kits\10\Include\10.0.26100.0\cppwinrt;C:\Program Files (x86)\Windows Kits\NETFXSDK\4.8\Include\um;
タスク "SetEnv" の実行が終了しました。
タスク "SetEnv"
  EXTERNAL_INCLUDE=C:\Program Files\Microsoft Visual Studio\18\Community\VC\Tools\MSVC\14.51.36231\include;;C:\Program Files\Microsoft Visual Studio\18\Community\VC\Tools\MSVC\14.51.36231\atlmfc\include;;C:\Program Files\Microsoft Visual Studio\18\Community\VC\Auxiliary\VS\include;;C:\Program Files (x86)\Windows Kits\10\Include\10.0.26100.0\ucrt;;;C:\Program Files\Microsoft Visual Studio\18\Community\VC\Auxiliary\VS\UnitTest\include;C:\Program Files (x86)\Windows Kits\10\Include\10.0.26100.0\um;C:\Program Files (x86)\Windows Kits\10\Include\10.0.26100.0\shared;C:\Program Files (x86)\Windows Kits\10\Include\10.0.26100.0\winrt;C:\Program Files (x86)\Windows Kits\10\Include\10.0.26100.0\cppwinrt;C:\Program Files (x86)\Windows Kits\NETFXSDK\4.8\Include\um;
タスク "SetEnv" の実行が終了しました。
プロジェクト "DirectXTex.vcxproj" 内のターゲット "SetBuildDefaultEnvironmentVariables" のビルドが終了しました。
ターゲット "_PrepareForReferenceResolution" を省略しました。以前に正しくビルドされていました。
ファイル "C:\Program Files\Microsoft Visual Studio\18\Community\MSBuild\Microsoft\VC\v180\Microsoft.CppBuild.targets" 内にある、プロジェクト "C:\Users\k023g\source\repos\TD4-2-Clone2\Project\Externals\DirectXTex\DirectXTex.vcxproj" からのターゲット "GetResolvedWinMD" (ターゲット "PrepareForBuild" は依存):
プロジェクト "DirectXTex.vcxproj" 内のターゲット "GetResolvedWinMD" のビルドが終了しました。
ファイル "C:\Program Files\Microsoft Visual Studio\18\Community\MSBuild\Microsoft\VC\v180\Microsoft.Cpp.WindowsSDK.targets" 内にある、プロジェクト "C:\Users\k023g\source\repos\TD4-2-Clone2\Project\Externals\DirectXTex\DirectXTex.vcxproj" からのターゲット "_CheckWindowsSDKInstalled" (ターゲット "PrepareForBuild" は依存):
プロジェクト "DirectXTex.vcxproj" 内のターゲット "_CheckWindowsSDKInstalled" のビルドが終了しました。
ターゲット "GetFrameworkPaths" を省略しました。以前に正しくビルドされていました。
ターゲット "GetReferenceAssemblyPaths" を省略しました。以前に正しくビルドされていました。
ファイル "C:\Program Files\Microsoft Visual Studio\18\Community\MSBuild\Microsoft\VisualStudio\v18.0\CodeAnalysis\Microsoft.CodeAnalysis.targets" 内にある、プロジェクト "C:\Users\k023g\source\repos\TD4-2-Clone2\Project\Externals\DirectXTex\DirectXTex.vcxproj" からのターゲット "SetCABuildNativeEnvironmentVariables" (ターゲット "PrepareForBuild" は依存):
タスク "SetEnv"
  CAExcludePath=C:\Program Files\Microsoft Visual Studio\18\Community\VC\Tools\MSVC\14.51.36231\atlmfc\include;C:\Program Files\Microsoft Visual Studio\18\Community\VC\Tools\MSVC\14.51.36231\include;C:\Program Files (x86)\Windows Kits\10\Include\10.0.26100.0\ucrt;;C:\Program Files (x86)\Windows Kits\10\Include\10.0.26100.0\um;C:\Program Files (x86)\Windows Kits\10\Include\10.0.26100.0\shared;C:\Program Files (x86)\Windows Kits\10\Include\10.0.26100.0\winrt;C:\Program Files (x86)\Windows Kits\10\Include\10.0.26100.0\cppwinrt;C:\Program Files (x86)\Windows Kits\NETFXSDK\4.8\Include\um;
タスク "SetEnv" の実行が終了しました。
プロジェクト "DirectXTex.vcxproj" 内のターゲット "SetCABuildNativeEnvironmentVariables" のビルドが終了しました。
ファイル "C:\Program Files\Microsoft Visual Studio\18\Community\MSBuild\Microsoft\VC\v180\Microsoft.CppBuild.targets" 内にある、プロジェクト "C:\Users\k023g\source\repos\TD4-2-Clone2\Project\Externals\DirectXTex\DirectXTex.vcxproj" からのターゲット "PrepareForBuild" (ターゲット "ResolveAssemblyReferences" は依存):
C:\Program Files\Microsoft Visual Studio\18\Community\MSBuild\Microsoft\VC\v180\Microsoft.CppBuild.targets(438,7): message : プロパティの再代入: $(BuildProjectReferences)="false" (以前の値: "true") C:\Program Files\Microsoft Visual Studio\18\Community\MSBuild\Microsoft\VC\v180\Microsoft.CppBuild.targets (438,7) [C:\Users\k023g\source\repos\TD4-2-Clone2\Project\Externals\DirectXTex\DirectXTex.vcxproj]
タスク "MakeDir"
タスク "MakeDir" の実行が終了しました。
"CheckVCToolsetVersion" タスクをアセンブリ "C:\Program Files\Microsoft Visual Studio\18\Community\MSBuild\Microsoft\VC\v180\Microsoft.Build.CppTasks.Common.dll" から使用しています。
タスク "CheckVCToolsetVersion"
タスク "CheckVCToolsetVersion" の実行が終了しました。
C:\Program Files\Microsoft Visual Studio\18\Community\MSBuild\Microsoft\VC\v180\Microsoft.CppBuild.targets(556,7): message : 環境から展開された 'C:\Users\k023g\AppData\Local\Temp' 値を持つプロパティ 'TMP'。 [C:\Users\k023g\source\repos\TD4-2-Clone2\Project\Externals\DirectXTex\DirectXTex.vcxproj]
C:\Program Files\Microsoft Visual Studio\18\Community\MSBuild\Microsoft\VC\v180\Microsoft.CppBuild.targets(557,7): message : 環境から展開された 'C:\Users\k023g\AppData\Local\Temp' 値を持つプロパティ 'TEMP'。 [C:\Users\k023g\source\repos\TD4-2-Clone2\Project\Externals\DirectXTex\DirectXTex.vcxproj]
"VCMessage" タスクをアセンブリ "C:\Program Files\Microsoft Visual Studio\18\Community\MSBuild\Microsoft\VC\v180\Microsoft.Build.CppTasks.Common.dll" から使用しています。
タスク "VCMessage"
  構造化出力が有効になっています。コンパイラ診断の書式設定にはエラー階層が反映されます。詳細については、https://aka.ms/cpp/structured-output を参照してください。
タスク "VCMessage" の実行が終了しました。
タスク "MakeDir"
タスク "MakeDir" の実行が終了しました。
プロジェクト "DirectXTex.vcxproj" 内のターゲット "PrepareForBuild" のビルドが終了しました。
ターゲット "_PrepareForReferenceResolution" を省略しました。以前に正しくビルドされていました。
ファイル "C:\Program Files\Microsoft Visual Studio\18\Community\MSBuild\Current\Bin\Microsoft.Common.CurrentVersion.targets" 内にある、プロジェクト "C:\Users\k023g\source\repos\TD4-2-Clone2\Project\Externals\DirectXTex\DirectXTex.vcxproj" からのターゲット "ResolveSDKReferences" (ターゲット "ResolveAssemblyReferences" は依存):
プロジェクト "DirectXTex.vcxproj" 内のターゲット "ResolveSDKReferences" のビルドが終了しました。
ターゲット "ResolveSDKReferences" を省略しました。以前に正しくビルドされていました。
ファイル "C:\Program Files\Microsoft Visual Studio\18\Community\MSBuild\Current\Bin\Microsoft.Common.CurrentVersion.targets" 内にある、プロジェクト "C:\Users\k023g\source\repos\TD4-2-Clone2\Project\Externals\DirectXTex\DirectXTex.vcxproj" からのターゲット "ExpandSDKReferences" (ターゲット "ResolveAssemblyReferences" は依存):
プロジェクト "DirectXTex.vcxproj" 内のターゲット "ExpandSDKReferences" のビルドが終了しました。
ファイル "C:\Program Files\Microsoft Visual Studio\18\Community\MSBuild\Current\Bin\Microsoft.Common.CurrentVersion.targets" 内にある、プロジェクト "C:\Users\k023g\source\repos\TD4-2-Clone2\Project\Externals\DirectXTex\DirectXTex.vcxproj" からのターゲット "ResolveAssemblyReferences" (ターゲット "ResolveReferences" は依存):
プロジェクト "DirectXTex.vcxproj" 内のターゲット "ResolveAssemblyReferences" のビルドが終了しました。
ファイル "C:\Program Files\Microsoft Visual Studio\18\Community\MSBuild\Current\Bin\Microsoft.Common.CurrentVersion.targets" 内にある、プロジェクト "C:\Users\k023g\source\repos\TD4-2-Clone2\Project\Externals\DirectXTex\DirectXTex.vcxproj" からのターゲット "AfterResolveReferences" (ターゲット "ResolveReferences" は依存):
プロジェクト "DirectXTex.vcxproj" 内のターゲット "AfterResolveReferences" のビルドが終了しました。
ファイル "C:\Program Files\Microsoft Visual Studio\18\Community\MSBuild\Current\Bin\Microsoft.Common.CurrentVersion.targets" 内にある、プロジェクト "C:\Users\k023g\source\repos\TD4-2-Clone2\Project\Externals\DirectXTex\DirectXTex.vcxproj" からのターゲット "ResolveReferences" (ターゲット "Build" は依存):
プロジェクト "DirectXTex.vcxproj" 内のターゲット "ResolveReferences" のビルドが終了しました。
ターゲット "PrepareForBuild" を省略しました。以前に正しくビルドされていました。
ターゲット "PrepareForBuild" を省略しました。以前に正しくビルドされていました。
ファイル "C:\Program Files\Microsoft Visual Studio\18\Community\MSBuild\Microsoft\VC\v180\Microsoft.CppBuild.targets" 内にある、プロジェクト "C:\Users\k023g\source\repos\TD4-2-Clone2\Project\Externals\DirectXTex\DirectXTex.vcxproj" からのターゲット "InitializeBuildStatus" (ターゲット "Build" は依存):
タスク "ReadLinesFromFile"
タスク "ReadLinesFromFile" の実行が終了しました。
タスク "WriteLinesToFile"
タスク "WriteLinesToFile" の実行が終了しました。
"Touch" タスクをアセンブリ "Microsoft.Build.Tasks.Core, Version=15.1.0.0, Culture=neutral, PublicKeyToken=b03f5f7f11d50a3a" から使用しています。
タスク "Touch"
  "AlwaysCreate" が指定されたため "C:\Users\k023g\source\repos\TD4-2-Clone2\Project\Externals\DirectXTex\..\..\..\Generated\Obj\Debug\DirectXTex\DirectXTex.tlog\unsuccessfulbuild" を作成しています。
  "C:\Users\k023g\source\repos\TD4-2-Clone2\Project\Externals\DirectXTex\..\..\..\Generated\Obj\Debug\DirectXTex\DirectXTex.tlog\unsuccessfulbuild" のタッチ タスクを実行しています。
タスク "Touch" の実行が終了しました。
プロジェクト "DirectXTex.vcxproj" 内のターゲット "InitializeBuildStatus" のビルドが終了しました。
ターゲット "PrepareProjectReferences" を省略しました。以前に正しくビルドされていました。
ファイル "C:\Program Files\Microsoft Visual Studio\18\Community\MSBuild\Current\Bin\Microsoft.Common.CurrentVersion.targets" 内にある、プロジェクト "C:\Users\k023g\source\repos\TD4-2-Clone2\Project\Externals\DirectXTex\DirectXTex.vcxproj" からのターゲット "BuildGenerateSourcesTraverse" (ターゲット "BuildGenerateSources" は依存):
プロジェクト "DirectXTex.vcxproj" 内のターゲット "BuildGenerateSourcesTraverse" のビルドが終了しました。
ターゲット "PrepareForBuild" を省略しました。以前に正しくビルドされていました。
ターゲット "ResolveReferences" を省略しました。以前に正しくビルドされていました。
ファイル "C:\Program Files\Microsoft Visual Studio\18\Community\MSBuild\Microsoft\VC\v180\Microsoft.BuildSteps.Targets" 内にある、プロジェクト "C:\Users\k023g\source\repos\TD4-2-Clone2\Project\Externals\DirectXTex\DirectXTex.vcxproj" からのターゲット "BeforeBuildGenerateSources" (ターゲット "_BuildGenerateSourcesAction" は依存):
プロジェクト "DirectXTex.vcxproj" 内のターゲット "BeforeBuildGenerateSources" のビルドが終了しました。
ファイル "C:\Program Files\Microsoft Visual Studio\18\Community\MSBuild\Microsoft\VC\v180\Microsoft.CppCommon.targets" 内にある、プロジェクト "C:\Users\k023g\source\repos\TD4-2-Clone2\Project\Externals\DirectXTex\DirectXTex.vcxproj" からのターゲット "PreBuildEvent" (ターゲット "_BuildGenerateSourcesAction" は依存):
プロジェクト "DirectXTex.vcxproj" 内のターゲット "PreBuildEvent" のビルドが終了しました。
ターゲット "PrepareForBuild" を省略しました。以前に正しくビルドされていました。
ターゲット "InitializeBuildStatus" を省略しました。以前に正しくビルドされていました。
ターゲット "SetBuildDefaultEnvironmentVariables" を省略しました。以前に正しくビルドされていました。
ファイル "C:\Program Files\Microsoft Visual Studio\18\Community\MSBuild\Microsoft\VC\v180\Microsoft.CppBuild.targets" 内にある、プロジェクト "C:\Users\k023g\source\repos\TD4-2-Clone2\Project\Externals\DirectXTex\DirectXTex.vcxproj" からのターゲット "_SelectedFiles" (ターゲット "SelectCustomBuild" は依存):
プロジェクト "DirectXTex.vcxproj" 内のターゲット "_SelectedFiles" のビルドが終了しました。
ファイル "C:\Program Files\Microsoft Visual Studio\18\Community\MSBuild\Microsoft\VC\v180\Microsoft.CppBuild.targets" 内にある、プロジェクト "C:\Users\k023g\source\repos\TD4-2-Clone2\Project\Externals\DirectXTex\DirectXTex.vcxproj" からのターゲット "SelectCustomBuild" (ターゲット "CustomBuild" は依存):
プロジェクト "DirectXTex.vcxproj" 内のターゲット "SelectCustomBuild" のビルドが終了しました。
ファイル "C:\Program Files\Microsoft Visual Studio\18\Community\MSBuild\Microsoft\VC\v180\Microsoft.CppBuild.targets" 内にある、プロジェクト "C:\Users\k023g\source\repos\TD4-2-Clone2\Project\Externals\DirectXTex\DirectXTex.vcxproj" からのターゲット "ComputeCustomBuildOutput" (ターゲット "CustomBuild" は依存):
タスク "MakeDir"
タスク "MakeDir" の実行が終了しました。
プロジェクト "DirectXTex.vcxproj" 内のターゲット "ComputeCustomBuildOutput" のビルドが終了しました。
ファイル "C:\Program Files\Microsoft Visual Studio\18\Community\MSBuild\Microsoft\VC\v180\Microsoft.CppCommon.targets" 内にある、プロジェクト "C:\Users\k023g\source\repos\TD4-2-Clone2\Project\Externals\DirectXTex\DirectXTex.vcxproj" からのターゲット "CustomBuild" (ターゲット "_BuildGenerateSourcesAction" は依存):
"GetOutOfDateItems" タスクをアセンブリ "C:\Program Files\Microsoft Visual Studio\18\Community\MSBuild\Microsoft\VC\v180\Microsoft.Build.CppTasks.Common.dll" から使用しています。
タスク "GetOutOfDateItems"
タスク "GetOutOfDateItems" の実行が終了しました。
タスク "GetOutOfDateItems"
タスク "GetOutOfDateItems" の実行が終了しました。
プロジェクト "DirectXTex.vcxproj" 内のターゲット "CustomBuild" のビルドが終了しました。
ターゲット "_SelectedFiles" を省略しました。以前に正しくビルドされていました。
ファイル "C:\Program Files\Microsoft Visual Studio\18\Community\MSBuild\Microsoft\VC\v180\Microsoft.CppCommon.targets" 内にある、プロジェクト "C:\Users\k023g\source\repos\TD4-2-Clone2\Project\Externals\DirectXTex\DirectXTex.vcxproj" からのターゲット "CopyFileToFolders" (ターゲット "_BuildGenerateSourcesAction" は依存):
タスク "GetOutOfDateItems"
タスク "GetOutOfDateItems" の実行が終了しました。
プロジェクト "DirectXTex.vcxproj" 内のターゲット "CopyFileToFolders" のビルドが終了しました。
ファイル "C:\Program Files\Microsoft Visual Studio\18\Community\MSBuild\Microsoft\VC\v180\Microsoft.CppBuild.targets" 内にある、プロジェクト "C:\Users\k023g\source\repos\TD4-2-Clone2\Project\Externals\DirectXTex\DirectXTex.vcxproj" からのターゲット "_Xsd" (ターゲット "_BuildGenerateSourcesAction" は依存):
プロジェクト "DirectXTex.vcxproj" 内のターゲット "_Xsd" のビルドが終了しました。
ファイル "C:\Program Files\Microsoft Visual Studio\18\Community\MSBuild\Microsoft\VC\v180\Microsoft.CppBuild.targets" 内にある、プロジェクト "C:\Users\k023g\source\repos\TD4-2-Clone2\Project\Externals\DirectXTex\DirectXTex.vcxproj" からのターゲット "MakeDirsForMidl" (ターゲット "_Midl" は依存):
タスク "Makedir"
タスク "Makedir" の実行が終了しました。
プロジェクト "DirectXTex.vcxproj" 内のターゲット "MakeDirsForMidl" のビルドが終了しました。
ファイル "C:\Program Files\Microsoft Visual Studio\18\Community\MSBuild\Microsoft\VC\v180\Microsoft.CppBuild.targets" 内にある、プロジェクト "C:\Users\k023g\source\repos\TD4-2-Clone2\Project\Externals\DirectXTex\DirectXTex.vcxproj" からのターゲット "ComputeMIDLGeneratedCompileInputs" (ターゲット "_Midl" は依存):
プロジェクト "DirectXTex.vcxproj" 内のターゲット "ComputeMIDLGeneratedCompileInputs" のビルドが終了しました。
ファイル "C:\Program Files\Microsoft Visual Studio\18\Community\MSBuild\Microsoft\VC\v180\Microsoft.CppBuild.targets" 内にある、プロジェクト "C:\Users\k023g\source\repos\TD4-2-Clone2\Project\Externals\DirectXTex\DirectXTex.vcxproj" からのターゲット "AfterMidl" (ターゲット "_Midl" は依存):
プロジェクト "DirectXTex.vcxproj" 内のターゲット "AfterMidl" のビルドが終了しました。
ファイル "C:\Program Files\Microsoft Visual Studio\18\Community\MSBuild\Microsoft\VC\v180\Microsoft.CppBuild.targets" 内にある、プロジェクト "C:\Users\k023g\source\repos\TD4-2-Clone2\Project\Externals\DirectXTex\DirectXTex.vcxproj" からのターゲット "_Midl" (ターゲット "_BuildGenerateSourcesAction" は依存):
プロジェクト "DirectXTex.vcxproj" 内のターゲット "_Midl" のビルドが終了しました。
ファイル "C:\Program Files\Microsoft Visual Studio\18\Community\MSBuild\Microsoft\VC\v180\Microsoft.BuildSteps.Targets" 内にある、プロジェクト "C:\Users\k023g\source\repos\TD4-2-Clone2\Project\Externals\DirectXTex\DirectXTex.vcxproj" からのターゲット "AfterBuildGenerateSources" (ターゲット "_BuildGenerateSourcesAction" は依存):
プロジェクト "DirectXTex.vcxproj" 内のターゲット "AfterBuildGenerateSources" のビルドが終了しました。
ファイル "C:\Program Files\Microsoft Visual Studio\18\Community\MSBuild\Microsoft\VC\v180\Microsoft.CppBuild.targets" 内にある、プロジェクト "C:\Users\k023g\source\repos\TD4-2-Clone2\Project\Externals\DirectXTex\DirectXTex.vcxproj" からのターゲット "AfterBuildGenerateSourcesEvent" (ターゲット "_BuildGenerateSourcesAction" は依存):
プロジェクト "DirectXTex.vcxproj" 内のターゲット "AfterBuildGenerateSourcesEvent" のビルドが終了しました。
ファイル "C:\Program Files\Microsoft Visual Studio\18\Community\MSBuild\Microsoft\VC\v180\Microsoft.CppBuild.targets" 内にある、プロジェクト "C:\Users\k023g\source\repos\TD4-2-Clone2\Project\Externals\DirectXTex\DirectXTex.vcxproj" からのターゲット "_BuildGenerateSourcesAction" (ターゲット "BuildGenerateSources" は依存):
プロジェクト "DirectXTex.vcxproj" 内のターゲット "_BuildGenerateSourcesAction" のビルドが終了しました。
ファイル "C:\Program Files\Microsoft Visual Studio\18\Community\MSBuild\Current\Bin\Microsoft.Common.CurrentVersion.targets" 内にある、プロジェクト "C:\Users\k023g\source\repos\TD4-2-Clone2\Project\Externals\DirectXTex\DirectXTex.vcxproj" からのターゲット "BuildGenerateSources" (ターゲット "Build" は依存):
プロジェクト "DirectXTex.vcxproj" 内のターゲット "BuildGenerateSources" のビルドが終了しました。
ターゲット "PrepareProjectReferences" を省略しました。以前に正しくビルドされていました。
ファイル "C:\Program Files\Microsoft Visual Studio\18\Community\MSBuild\Current\Bin\Microsoft.Common.CurrentVersion.targets" 内にある、プロジェクト "C:\Users\k023g\source\repos\TD4-2-Clone2\Project\Externals\DirectXTex\DirectXTex.vcxproj" からのターゲット "BuildCompileTraverse" (ターゲット "BuildCompile" は依存):
プロジェクト "DirectXTex.vcxproj" 内のターゲット "BuildCompileTraverse" のビルドが終了しました。
ターゲット "PrepareForBuild" を省略しました。以前に正しくビルドされていました。
ターゲット "ResolveReferences" を省略しました。以前に正しくビルドされていました。
ファイル "C:\Program Files\Microsoft Visual Studio\18\Community\MSBuild\Microsoft\VC\v180\Microsoft.CppBuild.targets" 内にある、プロジェクト "C:\Users\k023g\source\repos\TD4-2-Clone2\Project\Externals\DirectXTex\DirectXTex.vcxproj" からのターゲット "BeforeClCompile" (ターゲット "_ClCompile" は依存):
プロジェクト "DirectXTex.vcxproj" 内のターゲット "BeforeClCompile" のビルドが終了しました。
ターゲット "ComputeMIDLGeneratedCompileInputs" を省略しました。以前に正しくビルドされていました。
ファイル "C:\Program Files\Microsoft Visual Studio\18\Community\MSBuild\Microsoft\VC\v180\Microsoft.CppBuild.targets" 内にある、プロジェクト "C:\Users\k023g\source\repos\TD4-2-Clone2\Project\Externals\DirectXTex\DirectXTex.vcxproj" からのターゲット "ComputeCLInputPDBName" (ターゲット "_ClCompile" は依存):
プロジェクト "DirectXTex.vcxproj" 内のターゲット "ComputeCLInputPDBName" のビルドが終了しました。
ターゲット "ResolveReferences" を省略しました。以前に正しくビルドされていました。
ファイル "C:\Program Files\Microsoft Visual Studio\18\Community\MSBuild\Current\Bin\Microsoft.Common.CurrentVersion.targets" 内にある、プロジェクト "C:\Users\k023g\source\repos\TD4-2-Clone2\Project\Externals\DirectXTex\DirectXTex.vcxproj" からのターゲット "FindReferenceAssembliesForReferences" (ターゲット "ComputeReferenceCLInput" は依存):
プロジェクト "DirectXTex.vcxproj" 内のターゲット "FindReferenceAssembliesForReferences" のビルドが終了しました。
ファイル "C:\Program Files\Microsoft Visual Studio\18\Community\MSBuild\Microsoft\VC\v180\Microsoft.CppBuild.targets" 内にある、プロジェクト "C:\Users\k023g\source\repos\TD4-2-Clone2\Project\Externals\DirectXTex\DirectXTex.vcxproj" からのターゲット "GetReferencedVCProjectsInfo" (ターゲット "ComputeReferenceCLInput" は依存):
プロジェクト "DirectXTex.vcxproj" 内のターゲット "GetReferencedVCProjectsInfo" のビルドが終了しました。
ファイル "C:\Program Files\Microsoft Visual Studio\18\Community\MSBuild\Microsoft\VC\v180\Microsoft.CppBuild.targets" 内にある、プロジェクト "C:\Users\k023g\source\repos\TD4-2-Clone2\Project\Externals\DirectXTex\DirectXTex.vcxproj" からのターゲット "ComputeReferenceCLInput" (ターゲット "_ClCompile" は依存):
プロジェクト "DirectXTex.vcxproj" 内のターゲット "ComputeReferenceCLInput" のビルドが終了しました。
ファイル "C:\Program Files\Microsoft Visual Studio\18\Community\MSBuild\Microsoft\VC\v180\Microsoft.CppCommon.targets" 内にある、プロジェクト "C:\Users\k023g\source\repos\TD4-2-Clone2\Project\Externals\DirectXTex\DirectXTex.vcxproj" からのターゲット "SetCppLanguageStandardCapabilities" (ターゲット "ComputeStdModulesCompileInputs" は依存):
プロジェクト "DirectXTex.vcxproj" 内のターゲット "SetCppLanguageStandardCapabilities" のビルドが終了しました。
ファイル "C:\Program Files\Microsoft Visual Studio\18\Community\MSBuild\Microsoft\VC\v180\Microsoft.CppCommon.targets" 内にある、プロジェクト "C:\Users\k023g\source\repos\TD4-2-Clone2\Project\Externals\DirectXTex\DirectXTex.vcxproj" からのターゲット "ComputeStdModulesCompileInputs" (ターゲット "_ClCompile" は依存):
"GetLibraryModuleSources" タスクをアセンブリ "C:\Program Files\Microsoft Visual Studio\18\Community\MSBuild\Microsoft\VC\v180\Microsoft.Build.CppTasks.Common.dll" から使用しています。
タスク "GetLibraryModuleSources"
  ライブラリ 'microsoft/STL' のデータを提供するライブラリ マニフェスト ファイル 'C:\Program Files\Microsoft Visual Studio\18\Community\VC\Tools\MSVC\14.51.36231\modules\modules.json' を読み取っています。
  このプロジェクトでビルドするライブラリ 'microsoft/STL' からモジュール ソース 'C:\Program Files\Microsoft Visual Studio\18\Community\VC\Tools\MSVC\14.51.36231\modules\std.ixx' を追加しています。
  このプロジェクトでビルドするライブラリ 'microsoft/STL' からモジュール ソース 'C:\Program Files\Microsoft Visual Studio\18\Community\VC\Tools\MSVC\14.51.36231\modules\std.compat.ixx' を追加しています。
タスク "GetLibraryModuleSources" の実行が終了しました。
プロジェクト "DirectXTex.vcxproj" 内のターゲット "ComputeStdModulesCompileInputs" のビルドが終了しました。
ターゲット "SetCppLanguageStandardCapabilities" を省略しました。以前に正しくビルドされていました。
ファイル "C:\Program Files\Microsoft Visual Studio\18\Community\MSBuild\Microsoft\VC\v180\Microsoft.CppCommon.targets" 内にある、プロジェクト "C:\Users\k023g\source\repos\TD4-2-Clone2\Project\Externals\DirectXTex\DirectXTex.vcxproj" からのターゲット "FixupCLCompileOptions" (ターゲット "_ClCompile" は依存):
プロジェクト "DirectXTex.vcxproj" 内のターゲット "FixupCLCompileOptions" のビルドが終了しました。
ファイル "C:\Program Files\Microsoft Visual Studio\18\Community\MSBuild\Microsoft\VC\v180\Microsoft.CppBuild.targets" 内にある、プロジェクト "C:\Users\k023g\source\repos\TD4-2-Clone2\Project\Externals\DirectXTex\DirectXTex.vcxproj" からのターゲット "MakeDirsForCl" (ターゲット "SetModuleDependencies" は依存):
タスク "MakeDir"
タスク "MakeDir" の実行が終了しました。
プロジェクト "DirectXTex.vcxproj" 内のターゲット "MakeDirsForCl" のビルドが終了しました。
ファイル "C:\Program Files\Microsoft Visual Studio\18\Community\MSBuild\Microsoft\VC\v180\Microsoft.CppCommon.targets" 内にある、プロジェクト "C:\Users\k023g\source\repos\TD4-2-Clone2\Project\Externals\DirectXTex\DirectXTex.vcxproj" からのターゲット "SetModuleDependencies" (ターゲット "_ClCompile" は依存):
タスク "MakeDir"
タスク "MakeDir" の実行が終了しました。
"SetModuleDependencies" タスクをアセンブリ "C:\Program Files\Microsoft Visual Studio\18\Community\MSBuild\Microsoft\VC\v180\Microsoft.Build.CppTasks.Common.dll" から使用しています。
タスク "SetModuleDependencies"
タスク "SetModuleDependencies" の実行が終了しました。
プロジェクト "DirectXTex.vcxproj" 内のターゲット "SetModuleDependencies" のビルドが終了しました。
ターゲット "MakeDirsForCl" を省略しました。以前に正しくビルドされていました。
ターゲット "_SelectedFiles" を省略しました。以前に正しくビルドされていました。
ターゲット "ComputeMIDLGeneratedCompileInputs" を省略しました。以前に正しくビルドされていました。
ターゲット "ComputeCLInputPDBName" を省略しました。以前に正しくビルドされていました。
ターゲット "ComputeReferenceCLInput" を省略しました。以前に正しくビルドされていました。
ターゲット "ComputeStdModulesCompileInputs" を省略しました。以前に正しくビルドされていました。
ターゲット "FixupCLCompileOptions" を省略しました。以前に正しくビルドされていました。
ターゲット "SetModuleDependencies" を省略しました。以前に正しくビルドされていました。
ターゲット "SelectCustomBuild" を省略しました。以前に正しくビルドされていました。
ターゲット "SetModuleDependencies" を省略しました。以前に正しくビルドされていました。
ファイル "C:\Program Files\Microsoft Visual Studio\18\Community\MSBuild\Microsoft\VC\v180\Microsoft.CppBuild.targets" 内にある、プロジェクト "C:\Users\k023g\source\repos\TD4-2-Clone2\Project\Externals\DirectXTex\DirectXTex.vcxproj" からのターゲット "SelectClCompile" (ターゲット "ClCompile" は依存):
プロジェクト "DirectXTex.vcxproj" 内のターゲット "SelectClCompile" のビルドが終了しました。
ファイル "C:\Program Files\Microsoft Visual Studio\18\Community\MSBuild\Microsoft\VC\v180\Microsoft.CppCommon.targets" 内にある、プロジェクト "C:\Users\k023g\source\repos\TD4-2-Clone2\Project\Externals\DirectXTex\DirectXTex.vcxproj" からのターゲット "ClCompile" (ターゲット "_ClCompile" は依存):
タスク "Delete"
タスク "Delete" の実行が終了しました。
"CL" タスクをアセンブリ "C:\Program Files\Microsoft Visual Studio\18\Community\MSBuild\Microsoft\VC\v180\Microsoft.Build.CppTasks.Common.dll" から使用しています。
タスク "CL"
  PDB "C:\Users\k023g\source\repos\TD4-2-Clone2\Project\Externals\DirectXTex\..\..\..\Generated\Outputs\Debug\DirectXTex.pdb" がないため、すべてのソース ファイルを強制的に再コンパイルしています。
  ツールに渡された環境変数:
    VS_UNICODE_OUTPUT=1816
    SARIF_OUTPUT_PIPE=1868
  C:\Program Files\Microsoft Visual Studio\18\Community\VC\Tools\MSVC\14.51.36231\bin\HostX86\x64\CL.exe /c /I"C:\Users\k023g\source\repos\TD4-2-Clone2\Project\Externals\DirectXTex\\" /I"C:\Users\k023g\source\repos\TD4-2-Clone2\Project\Externals\DirectXTex\Shaders\Compiled" /ZI /JMC /nologo /W3 /WX- /diagnostics:column /Od /D _SILENCE_CXX23_ALIGNED_STORAGE_DEPRECATION_WARNING /D _UNICODE /D UNICODE /Gm- /EHsc /RTC1 /MTd /GS /fp:precise /Zc:wchar_t /Zc:forScope /Zc:inline /std:c++latest /permissive- /Fo"C:\Users\k023g\source\repos\TD4-2-Clone2\Project\Externals\DirectXTex\..\..\..\Generated\Obj\Debug\DirectXTex\\" /Fd"C:\Users\k023g\source\repos\TD4-2-Clone2\Project\Externals\DirectXTex\..\..\..\Generated\Outputs\Debug\DirectXTex.pdb" /external:W3 /Gd /TP /FC /errorReport:queue /utf-8 /MP BC.cpp BC4BC5.cpp BC6HBC7.cpp BCDirectCompute.cpp DirectXTexCompress.cpp DirectXTexCompressGPU.cpp DirectXTexConvert.cpp DirectXTexD3D11.cpp DirectXTexD3D12.cpp DirectXTexDDS.cpp DirectXTexFlipRotate.cpp DirectXTexHDR.cpp DirectXTexImage.cpp DirectXTexMipmaps.cpp DirectXTexMisc.cpp DirectXTexNormalMaps.cpp DirectXTexPMAlpha.cpp DirectXTexResize.cpp DirectXTexTGA.cpp DirectXTexUtil.cpp DirectXTexWIC.cpp
  トラッキング コマンド:
  C:\Program Files\Microsoft Visual Studio\18\Community\MSBuild\Current\Bin\Tracker.exe /d "C:\Program Files (x86)\MSBuild\15.0\FileTracker\FileTracker32.dll" /i C:\Users\k023g\source\repos\TD4-2-Clone2\Generated\Obj\Debug\DirectXTex\DirectXTex.tlog /r "C:\USERS\K023G\SOURCE\REPOS\TD4-2-CLONE2\PROJECT\EXTERNALS\DIRECTXTEX\BC.CPP|C:\USERS\K023G\SOURCE\REPOS\TD4-2-CLONE2\PROJECT\EXTERNALS\DIRECTXTEX\BC4BC5.CPP|C:\USERS\K023G\SOURCE\REPOS\TD4-2-CLONE2\PROJECT\EXTERNALS\DIRECTXTEX\BC6HBC7.CPP|C:\USERS\K023G\SOURCE\REPOS\TD4-2-CLONE2\PROJECT\EXTERNALS\DIRECTXTEX\BCDIRECTCOMPUTE.CPP|C:\USERS\K023G\SOURCE\REPOS\TD4-2-CLONE2\PROJECT\EXTERNALS\DIRECTXTEX\DIRECTXTEXCOMPRESS.CPP|C:\USERS\K023G\SOURCE\REPOS\TD4-2-CLONE2\PROJECT\EXTERNALS\DIRECTXTEX\DIRECTXTEXCOMPRESSGPU.CPP|C:\USERS\K023G\SOURCE\REPOS\TD4-2-CLONE2\PROJECT\EXTERNALS\DIRECTXTEX\DIRECTXTEXCONVERT.CPP|C:\USERS\K023G\SOURCE\REPOS\TD4-2-CLONE2\PROJECT\EXTERNALS\DIRECTXTEX\DIRECTXTEXD3D11.CPP|C:\USERS\K023G\SOURCE\REPOS\TD4-2-CLONE2\PROJECT\EXTERNALS\DIRECTXTEX\DIRECTXTEXD3D12.CPP|C:\USERS\K023G\SOURCE\REPOS\TD4-2-CLONE2\PROJECT\EXTERNALS\DIRECTXTEX\DIRECTXTEXDDS.CPP|C:\USERS\K023G\SOURCE\REPOS\TD4-2-CLONE2\PROJECT\EXTERNALS\DIRECTXTEX\DIRECTXTEXFLIPROTATE.CPP|C:\USERS\K023G\SOURCE\REPOS\TD4-2-CLONE2\PROJECT\EXTERNALS\DIRECTXTEX\DIRECTXTEXHDR.CPP|C:\USERS\K023G\SOURCE\REPOS\TD4-2-CLONE2\PROJECT\EXTERNALS\DIRECTXTEX\DIRECTXTEXIMAGE.CPP|C:\USERS\K023G\SOURCE\REPOS\TD4-2-CLONE2\PROJECT\EXTERNALS\DIRECTXTEX\DIRECTXTEXMIPMAPS.CPP|C:\USERS\K023G\SOURCE\REPOS\TD4-2-CLONE2\PROJECT\EXTERNALS\DIRECTXTEX\DIRECTXTEXMISC.CPP|C:\USERS\K023G\SOURCE\REPOS\TD4-2-CLONE2\PROJECT\EXTERNALS\DIRECTXTEX\DIRECTXTEXNORMALMAPS.CPP|C:\USERS\K023G\SOURCE\REPOS\TD4-2-CLONE2\PROJECT\EXTERNALS\DIRECTXTEX\DIRECTXTEXPMALPHA.CPP|C:\USERS\K023G\SOURCE\REPOS\TD4-2-CLONE2\PROJECT\EXTERNALS\DIRECTXTEX\DIRECTXTEXRESIZE.CPP|C:\USERS\K023G\SOURCE\REPOS\TD4-2-CLONE2\PROJECT\EXTERNALS\DIRECTXTEX\DIRECTXTEXTGA.CPP|C:\USERS\K023G\SOURCE\REPOS\TD4-2-CLONE2\PROJECT\EXTERNALS\DIRECTXTEX\DIRECTXTEXUTIL.CPP|C:\USERS\K023G\SOURCE\REPOS\TD4-2-CLONE2\PROJECT\EXTERNALS\DIRECTXTEX\DIRECTXTEXWIC.CPP" /b MSBuildConsole_CancelEventc743bb67fb354f79ade49d713ebf5b79  /c "C:\Program Files\Microsoft Visual Studio\18\Community\VC\Tools\MSVC\14.51.36231\bin\HostX86\x64\CL.exe"  /c /I"C:\Users\k023g\source\repos\TD4-2-Clone2\Project\Externals\DirectXTex\\" /I"C:\Users\k023g\source\repos\TD4-2-Clone2\Project\Externals\DirectXTex\Shaders\Compiled" /ZI /JMC /nologo /W3 /WX- /diagnostics:column /Od /D _SILENCE_CXX23_ALIGNED_STORAGE_DEPRECATION_WARNING /D _UNICODE /D UNICODE /Gm- /EHsc /RTC1 /MTd /GS /fp:precise /Zc:wchar_t /Zc:forScope /Zc:inline /std:c++latest /permissive- /Fo"C:\Users\k023g\source\repos\TD4-2-Clone2\Project\Externals\DirectXTex\..\..\..\Generated\Obj\Debug\DirectXTex\\" /Fd"C:\Users\k023g\source\repos\TD4-2-Clone2\Project\Externals\DirectXTex\..\..\..\Generated\Outputs\Debug\DirectXTex.pdb" /external:W3 /Gd /TP /FC /errorReport:queue /utf-8 /MP BC.cpp BC4BC5.cpp BC6HBC7.cpp BCDirectCompute.cpp DirectXTexCompress.cpp DirectXTexCompressGPU.cpp DirectXTexConvert.cpp DirectXTexD3D11.cpp DirectXTexD3D12.cpp DirectXTexDDS.cpp DirectXTexFlipRotate.cpp DirectXTexHDR.cpp DirectXTexImage.cpp DirectXTexMipmaps.cpp DirectXTexMisc.cpp DirectXTexNormalMaps.cpp DirectXTexPMAlpha.cpp DirectXTexResize.cpp DirectXTexTGA.cpp DirectXTexUtil.cpp DirectXTexWIC.cpp
  BC.cpp
  BC4BC5.cpp
  BC6HBC7.cpp
  BCDirectCompute.cpp
  DirectXTexCompress.cpp
  DirectXTexCompressGPU.cpp
  DirectXTexConvert.cpp
  DirectXTexD3D11.cpp
  DirectXTexD3D12.cpp
  DirectXTexDDS.cpp
  DirectXTexFlipRotate.cpp
  DirectXTexHDR.cpp
  DirectXTexImage.cpp
  DirectXTexMipmaps.cpp
  DirectXTexMisc.cpp
  DirectXTexNormalMaps.cpp
  DirectXTexPMAlpha.cpp
  DirectXTexResize.cpp
  DirectXTexTGA.cpp
  DirectXTexUtil.cpp
  DirectXTexWIC.cpp
タスク "CL" の実行が終了しました。
プロジェクト "DirectXTex.vcxproj" 内のターゲット "ClCompile" のビルドが終了しました。
ファイル "C:\Program Files\Microsoft Visual Studio\18\Community\MSBuild\Microsoft\VC\v180\Microsoft.CppBuild.targets" 内にある、プロジェクト "C:\Users\k023g\source\repos\TD4-2-Clone2\Project\Externals\DirectXTex\DirectXTex.vcxproj" からのターゲット "AfterClCompile" (ターゲット "_ClCompile" は依存):
プロジェクト "DirectXTex.vcxproj" 内のターゲット "AfterClCompile" のビルドが終了しました。
ファイル "C:\Program Files\Microsoft Visual Studio\18\Community\MSBuild\Microsoft\VC\v180\Microsoft.CppBuild.targets" 内にある、プロジェクト "C:\Users\k023g\source\repos\TD4-2-Clone2\Project\Externals\DirectXTex\DirectXTex.vcxproj" からのターゲット "_ClCompile" (ターゲット "_BuildCompileAction" は依存):
プロジェクト "DirectXTex.vcxproj" 内のターゲット "_ClCompile" のビルドが終了しました。
ファイル "C:\Program Files\Microsoft Visual Studio\18\Community\MSBuild\Microsoft\VC\v180\Microsoft.CppBuild.targets" 内にある、プロジェクト "C:\Users\k023g\source\repos\TD4-2-Clone2\Project\Externals\DirectXTex\DirectXTex.vcxproj" からのターゲット "BeforeResourceCompile" (ターゲット "_ResourceCompile" は依存):
プロジェクト "DirectXTex.vcxproj" 内のターゲット "BeforeResourceCompile" のビルドが終了しました。
ファイル "C:\Program Files\Microsoft Visual Studio\18\Community\MSBuild\Microsoft\VC\v180\Microsoft.CppBuild.targets" 内にある、プロジェクト "C:\Users\k023g\source\repos\TD4-2-Clone2\Project\Externals\DirectXTex\DirectXTex.vcxproj" からのターゲット "MakeDirsForResourceCompile" (ターゲット "_ResourceCompile" は依存):
タスク "MakeDir"
タスク "MakeDir" の実行が終了しました。
プロジェクト "DirectXTex.vcxproj" 内のターゲット "MakeDirsForResourceCompile" のビルドが終了しました。
ファイル "C:\Program Files\Microsoft Visual Studio\18\Community\MSBuild\Microsoft\VC\v180\Microsoft.CppBuild.targets" 内にある、プロジェクト "C:\Users\k023g\source\repos\TD4-2-Clone2\Project\Externals\DirectXTex\DirectXTex.vcxproj" からのターゲット "AfterResourceCompile" (ターゲット "_ResourceCompile" は依存):
プロジェクト "DirectXTex.vcxproj" 内のターゲット "AfterResourceCompile" のビルドが終了しました。
ファイル "C:\Program Files\Microsoft Visual Studio\18\Community\MSBuild\Microsoft\VC\v180\Microsoft.CppBuild.targets" 内にある、プロジェクト "C:\Users\k023g\source\repos\TD4-2-Clone2\Project\Externals\DirectXTex\DirectXTex.vcxproj" からのターゲット "_ResourceCompile" (ターゲット "_BuildCompileAction" は依存):
プロジェクト "DirectXTex.vcxproj" 内のターゲット "_ResourceCompile" のビルドが終了しました。
ファイル "C:\Program Files\Microsoft Visual Studio\18\Community\MSBuild\Microsoft\VC\v180\Microsoft.CppBuild.targets" 内にある、プロジェクト "C:\Users\k023g\source\repos\TD4-2-Clone2\Project\Externals\DirectXTex\DirectXTex.vcxproj" からのターゲット "BeforeLib" (ターゲット "_Lib" は依存):
プロジェクト "DirectXTex.vcxproj" 内のターゲット "BeforeLib" のビルドが終了しました。
ファイル "C:\Program Files\Microsoft Visual Studio\18\Community\MSBuild\Microsoft\VC\v180\Microsoft.CppBuild.targets" 内にある、プロジェクト "C:\Users\k023g\source\repos\TD4-2-Clone2\Project\Externals\DirectXTex\DirectXTex.vcxproj" からのターゲット "ComputeLibAdditionalOptions" (ターゲット "_Lib" は依存):
プロジェクト "DirectXTex.vcxproj" 内のターゲット "ComputeLibAdditionalOptions" のビルドが終了しました。
ファイル "C:\Program Files\Microsoft Visual Studio\18\Community\MSBuild\Microsoft\VC\v180\Microsoft.CppBuild.targets" 内にある、プロジェクト "C:\Users\k023g\source\repos\TD4-2-Clone2\Project\Externals\DirectXTex\DirectXTex.vcxproj" からのターゲット "ComputeRCOutputs" (ターゲット "ComputeRCGeneratedLibInputs" は依存):
プロジェクト "DirectXTex.vcxproj" 内のターゲット "ComputeRCOutputs" のビルドが終了しました。
ファイル "C:\Program Files\Microsoft Visual Studio\18\Community\MSBuild\Microsoft\VC\v180\Microsoft.CppBuild.targets" 内にある、プロジェクト "C:\Users\k023g\source\repos\TD4-2-Clone2\Project\Externals\DirectXTex\DirectXTex.vcxproj" からのターゲット "ComputeRCGeneratedLibInputs" (ターゲット "_Lib" は依存):
プロジェクト "DirectXTex.vcxproj" 内のターゲット "ComputeRCGeneratedLibInputs" のビルドが終了しました。
ターゲット "ComputeCustomBuildOutput" を省略しました。以前に正しくビルドされていました。
ターゲット "ComputeMIDLGeneratedCompileInputs" を省略しました。以前に正しくビルドされていました。
ターゲット "ComputeCLInputPDBName" を省略しました。以前に正しくビルドされていました。
ターゲット "ComputeReferenceCLInput" を省略しました。以前に正しくビルドされていました。
ターゲット "ComputeStdModulesCompileInputs" を省略しました。以前に正しくビルドされていました。
ターゲット "FixupCLCompileOptions" を省略しました。以前に正しくビルドされていました。
ターゲット "SetModuleDependencies" を省略しました。以前に正しくビルドされていました。
ターゲット "SetModuleDependencies" を省略しました。以前に正しくビルドされていました。
ファイル "C:\Program Files\Microsoft Visual Studio\18\Community\MSBuild\Microsoft\VC\v180\Microsoft.CppBuild.targets" 内にある、プロジェクト "C:\Users\k023g\source\repos\TD4-2-Clone2\Project\Externals\DirectXTex\DirectXTex.vcxproj" からのターゲット "ComputeCLOutputs" (ターゲット "ComputeCLGeneratedLibInputs" は依存):
プロジェクト "DirectXTex.vcxproj" 内のターゲット "ComputeCLOutputs" のビルドが終了しました。
ファイル "C:\Program Files\Microsoft Visual Studio\18\Community\MSBuild\Microsoft\VC\v180\Microsoft.CppBuild.targets" 内にある、プロジェクト "C:\Users\k023g\source\repos\TD4-2-Clone2\Project\Externals\DirectXTex\DirectXTex.vcxproj" からのターゲット "ComputeCLGeneratedLibInputs" (ターゲット "_Lib" は依存):
プロジェクト "DirectXTex.vcxproj" 内のターゲット "ComputeCLGeneratedLibInputs" のビルドが終了しました。
ファイル "C:\Program Files\Microsoft Visual Studio\18\Community\MSBuild\Microsoft\VC\v180\Microsoft.CppBuild.targets" 内にある、プロジェクト "C:\Users\k023g\source\repos\TD4-2-Clone2\Project\Externals\DirectXTex\DirectXTex.vcxproj" からのターゲット "ComputeLibInputsFromProject" (ターゲット "_Lib" は依存):
プロジェクト "DirectXTex.vcxproj" 内のターゲット "ComputeLibInputsFromProject" のビルドが終了しました。
ファイル "C:\Program Files\Microsoft Visual Studio\18\Community\MSBuild\Microsoft\VC\v180\Microsoft.CppBuild.targets" 内にある、プロジェクト "C:\Users\k023g\source\repos\TD4-2-Clone2\Project\Externals\DirectXTex\DirectXTex.vcxproj" からのターゲット "MakeDirsForLib" (ターゲット "_Lib" は依存):
タスク "MakeDir"
タスク "MakeDir" の実行が終了しました。
プロジェクト "DirectXTex.vcxproj" 内のターゲット "MakeDirsForLib" のビルドが終了しました。
ファイル "C:\Program Files\Microsoft Visual Studio\18\Community\MSBuild\Microsoft\VC\v180\Microsoft.CppBuild.targets" 内にある、プロジェクト "C:\Users\k023g\source\repos\TD4-2-Clone2\Project\Externals\DirectXTex\DirectXTex.vcxproj" からのターゲット "DoLibOutputFilesMatch" (ターゲット "_Lib" は依存):
プロジェクト "DirectXTex.vcxproj" 内のターゲット "DoLibOutputFilesMatch" のビルドが終了しました。
ファイル "C:\Program Files\Microsoft Visual Studio\18\Community\MSBuild\Microsoft\VC\v180\Microsoft.CppCommon.targets" 内にある、プロジェクト "C:\Users\k023g\source\repos\TD4-2-Clone2\Project\Externals\DirectXTex\DirectXTex.vcxproj" からのターゲット "PreLinkEvent" (ターゲット "_Lib" は依存):
プロジェクト "DirectXTex.vcxproj" 内のターゲット "PreLinkEvent" のビルドが終了しました。
ファイル "C:\Program Files\Microsoft Visual Studio\18\Community\MSBuild\Microsoft\VC\v180\Microsoft.CppCommon.targets" 内にある、プロジェクト "C:\Users\k023g\source\repos\TD4-2-Clone2\Project\Externals\DirectXTex\DirectXTex.vcxproj" からのターゲット "Lib" (ターゲット "_Lib" は依存):
"LIB" タスクをアセンブリ "C:\Program Files\Microsoft Visual Studio\18\Community\MSBuild\Microsoft\VC\v180\Microsoft.Build.CppTasks.Common.dll" から使用しています。
タスク "LIB"
  一部のソース ファイルが最新ではありません: コマンド TLog "C:\Users\k023g\source\repos\TD4-2-Clone2\Generated\Obj\Debug\DirectXTex\DirectXTex.tlog\Lib.command.1.tlog" が見つかりません。
  C:\Program Files\Microsoft Visual Studio\18\Community\VC\Tools\MSVC\14.51.36231\bin\HostX86\x64\Lib.exe /OUT:"C:\Users\k023g\source\repos\TD4-2-Clone2\Project\Externals\DirectXTex\..\..\..\Generated\Outputs\Debug\DirectXTex.lib" /NOLOGO /MACHINE:X64 "C:\Users\k023g\source\repos\TD4-2-Clone2\Project\Externals\DirectXTex\..\..\..\Generated\Obj\Debug\DirectXTex\BC.obj"
  "C:\Users\k023g\source\repos\TD4-2-Clone2\Project\Externals\DirectXTex\..\..\..\Generated\Obj\Debug\DirectXTex\BC4BC5.obj"
  "C:\Users\k023g\source\repos\TD4-2-Clone2\Project\Externals\DirectXTex\..\..\..\Generated\Obj\Debug\DirectXTex\BC6HBC7.obj"
  "C:\Users\k023g\source\repos\TD4-2-Clone2\Project\Externals\DirectXTex\..\..\..\Generated\Obj\Debug\DirectXTex\BCDirectCompute.obj"
  "C:\Users\k023g\source\repos\TD4-2-Clone2\Project\Externals\DirectXTex\..\..\..\Generated\Obj\Debug\DirectXTex\DirectXTexCompress.obj"
  "C:\Users\k023g\source\repos\TD4-2-Clone2\Project\Externals\DirectXTex\..\..\..\Generated\Obj\Debug\DirectXTex\DirectXTexCompressGPU.obj"
  "C:\Users\k023g\source\repos\TD4-2-Clone2\Project\Externals\DirectXTex\..\..\..\Generated\Obj\Debug\DirectXTex\DirectXTexConvert.obj"
  "C:\Users\k023g\source\repos\TD4-2-Clone2\Project\Externals\DirectXTex\..\..\..\Generated\Obj\Debug\DirectXTex\DirectXTexD3D11.obj"
  "C:\Users\k023g\source\repos\TD4-2-Clone2\Project\Externals\DirectXTex\..\..\..\Generated\Obj\Debug\DirectXTex\DirectXTexD3D12.obj"
  "C:\Users\k023g\source\repos\TD4-2-Clone2\Project\Externals\DirectXTex\..\..\..\Generated\Obj\Debug\DirectXTex\DirectXTexDDS.obj"
  "C:\Users\k023g\source\repos\TD4-2-Clone2\Project\Externals\DirectXTex\..\..\..\Generated\Obj\Debug\DirectXTex\DirectXTexFlipRotate.obj"
  "C:\Users\k023g\source\repos\TD4-2-Clone2\Project\Externals\DirectXTex\..\..\..\Generated\Obj\Debug\DirectXTex\DirectXTexHDR.obj"
  "C:\Users\k023g\source\repos\TD4-2-Clone2\Project\Externals\DirectXTex\..\..\..\Generated\Obj\Debug\DirectXTex\DirectXTexImage.obj"
  "C:\Users\k023g\source\repos\TD4-2-Clone2\Project\Externals\DirectXTex\..\..\..\Generated\Obj\Debug\DirectXTex\DirectXTexMipmaps.obj"
  "C:\Users\k023g\source\repos\TD4-2-Clone2\Project\Externals\DirectXTex\..\..\..\Generated\Obj\Debug\DirectXTex\DirectXTexMisc.obj"
  "C:\Users\k023g\source\repos\TD4-2-Clone2\Project\Externals\DirectXTex\..\..\..\Generated\Obj\Debug\DirectXTex\DirectXTexNormalMaps.obj"
  "C:\Users\k023g\source\repos\TD4-2-Clone2\Project\Externals\DirectXTex\..\..\..\Generated\Obj\Debug\DirectXTex\DirectXTexPMAlpha.obj"
  "C:\Users\k023g\source\repos\TD4-2-Clone2\Project\Externals\DirectXTex\..\..\..\Generated\Obj\Debug\DirectXTex\DirectXTexResize.obj"
  "C:\Users\k023g\source\repos\TD4-2-Clone2\Project\Externals\DirectXTex\..\..\..\Generated\Obj\Debug\DirectXTex\DirectXTexTGA.obj"
  "C:\Users\k023g\source\repos\TD4-2-Clone2\Project\Externals\DirectXTex\..\..\..\Generated\Obj\Debug\DirectXTex\DirectXTexUtil.obj"
  "C:\Users\k023g\source\repos\TD4-2-Clone2\Project\Externals\DirectXTex\..\..\..\Generated\Obj\Debug\DirectXTex\DirectXTexWIC.obj"
  トラッキング コマンド:
  C:\Program Files\Microsoft Visual Studio\18\Community\MSBuild\Current\Bin\Tracker.exe /d "C:\Program Files (x86)\MSBuild\15.0\FileTracker\FileTracker32.dll" /i C:\Users\k023g\source\repos\TD4-2-Clone2\Generated\Obj\Debug\DirectXTex\DirectXTex.tlog /r "C:\USERS\K023G\SOURCE\REPOS\TD4-2-CLONE2\GENERATED\OBJ\DEBUG\DIRECTXTEX\BC.OBJ|C:\USERS\K023G\SOURCE\REPOS\TD4-2-CLONE2\GENERATED\OBJ\DEBUG\DIRECTXTEX\BC4BC5.OBJ|C:\USERS\K023G\SOURCE\REPOS\TD4-2-CLONE2\GENERATED\OBJ\DEBUG\DIRECTXTEX\BC6HBC7.OBJ|C:\USERS\K023G\SOURCE\REPOS\TD4-2-CLONE2\GENERATED\OBJ\DEBUG\DIRECTXTEX\BCDIRECTCOMPUTE.OBJ|C:\USERS\K023G\SOURCE\REPOS\TD4-2-CLONE2\GENERATED\OBJ\DEBUG\DIRECTXTEX\DIRECTXTEXCOMPRESS.OBJ|C:\USERS\K023G\SOURCE\REPOS\TD4-2-CLONE2\GENERATED\OBJ\DEBUG\DIRECTXTEX\DIRECTXTEXCOMPRESSGPU.OBJ|C:\USERS\K023G\SOURCE\REPOS\TD4-2-CLONE2\GENERATED\OBJ\DEBUG\DIRECTXTEX\DIRECTXTEXCONVERT.OBJ|C:\USERS\K023G\SOURCE\REPOS\TD4-2-CLONE2\GENERATED\OBJ\DEBUG\DIRECTXTEX\DIRECTXTEXD3D11.OBJ|C:\USERS\K023G\SOURCE\REPOS\TD4-2-CLONE2\GENERATED\OBJ\DEBUG\DIRECTXTEX\DIRECTXTEXD3D12.OBJ|C:\USERS\K023G\SOURCE\REPOS\TD4-2-CLONE2\GENERATED\OBJ\DEBUG\DIRECTXTEX\DIRECTXTEXDDS.OBJ|C:\USERS\K023G\SOURCE\REPOS\TD4-2-CLONE2\GENERATED\OBJ\DEBUG\DIRECTXTEX\DIRECTXTEXFLIPROTATE.OBJ|C:\USERS\K023G\SOURCE\REPOS\TD4-2-CLONE2\GENERATED\OBJ\DEBUG\DIRECTXTEX\DIRECTXTEXHDR.OBJ|C:\USERS\K023G\SOURCE\REPOS\TD4-2-CLONE2\GENERATED\OBJ\DEBUG\DIRECTXTEX\DIRECTXTEXIMAGE.OBJ|C:\USERS\K023G\SOURCE\REPOS\TD4-2-CLONE2\GENERATED\OBJ\DEBUG\DIRECTXTEX\DIRECTXTEXMIPMAPS.OBJ|C:\USERS\K023G\SOURCE\REPOS\TD4-2-CLONE2\GENERATED\OBJ\DEBUG\DIRECTXTEX\DIRECTXTEXMISC.OBJ|C:\USERS\K023G\SOURCE\REPOS\TD4-2-CLONE2\GENERATED\OBJ\DEBUG\DIRECTXTEX\DIRECTXTEXNORMALMAPS.OBJ|C:\USERS\K023G\SOURCE\REPOS\TD4-2-CLONE2\GENERATED\OBJ\DEBUG\DIRECTXTEX\DIRECTXTEXPMALPHA.OBJ|C:\USERS\K023G\SOURCE\REPOS\TD4-2-CLONE2\GENERATED\OBJ\DEBUG\DIRECTXTEX\DIRECTXTEXRESIZE.OBJ|C:\USERS\K023G\SOURCE\REPOS\TD4-2-CLONE2\GENERATED\OBJ\DEBUG\DIRECTXTEX\DIRECTXTEXTGA.OBJ|C:\USERS\K023G\SOURCE\REPOS\TD4-2-CLONE2\GENERATED\OBJ\DEBUG\DIRECTXTEX\DIRECTXTEXUTIL.OBJ|C:\USERS\K023G\SOURCE\REPOS\TD4-2-CLONE2\GENERATED\OBJ\DEBUG\DIRECTXTEX\DIRECTXTEXWIC.OBJ" /b MSBuildConsole_CancelEventb9b70526aff74f08ad2f0b9b45dfbf24  /c "C:\Program Files\Microsoft Visual Studio\18\Community\VC\Tools\MSVC\14.51.36231\bin\HostX86\x64\Lib.exe"  /OUT:"C:\Users\k023g\source\repos\TD4-2-Clone2\Project\Externals\DirectXTex\..\..\..\Generated\Outputs\Debug\DirectXTex.lib" /NOLOGO /MACHINE:X64 "C:\Users\k023g\source\repos\TD4-2-Clone2\Project\Externals\DirectXTex\..\..\..\Generated\Obj\Debug\DirectXTex\BC.obj"
  "C:\Users\k023g\source\repos\TD4-2-Clone2\Project\Externals\DirectXTex\..\..\..\Generated\Obj\Debug\DirectXTex\BC4BC5.obj"
  "C:\Users\k023g\source\repos\TD4-2-Clone2\Project\Externals\DirectXTex\..\..\..\Generated\Obj\Debug\DirectXTex\BC6HBC7.obj"
  "C:\Users\k023g\source\repos\TD4-2-Clone2\Project\Externals\DirectXTex\..\..\..\Generated\Obj\Debug\DirectXTex\BCDirectCompute.obj"
  "C:\Users\k023g\source\repos\TD4-2-Clone2\Project\Externals\DirectXTex\..\..\..\Generated\Obj\Debug\DirectXTex\DirectXTexCompress.obj"
  "C:\Users\k023g\source\repos\TD4-2-Clone2\Project\Externals\DirectXTex\..\..\..\Generated\Obj\Debug\DirectXTex\DirectXTexCompressGPU.obj"
  "C:\Users\k023g\source\repos\TD4-2-Clone2\Project\Externals\DirectXTex\..\..\..\Generated\Obj\Debug\DirectXTex\DirectXTexConvert.obj"
  "C:\Users\k023g\source\repos\TD4-2-Clone2\Project\Externals\DirectXTex\..\..\..\Generated\Obj\Debug\DirectXTex\DirectXTexD3D11.obj"
  "C:\Users\k023g\source\repos\TD4-2-Clone2\Project\Externals\DirectXTex\..\..\..\Generated\Obj\Debug\DirectXTex\DirectXTexD3D12.obj"
  "C:\Users\k023g\source\repos\TD4-2-Clone2\Project\Externals\DirectXTex\..\..\..\Generated\Obj\Debug\DirectXTex\DirectXTexDDS.obj"
  "C:\Users\k023g\source\repos\TD4-2-Clone2\Project\Externals\DirectXTex\..\..\..\Generated\Obj\Debug\DirectXTex\DirectXTexFlipRotate.obj"
  "C:\Users\k023g\source\repos\TD4-2-Clone2\Project\Externals\DirectXTex\..\..\..\Generated\Obj\Debug\DirectXTex\DirectXTexHDR.obj"
  "C:\Users\k023g\source\repos\TD4-2-Clone2\Project\Externals\DirectXTex\..\..\..\Generated\Obj\Debug\DirectXTex\DirectXTexImage.obj"
  "C:\Users\k023g\source\repos\TD4-2-Clone2\Project\Externals\DirectXTex\..\..\..\Generated\Obj\Debug\DirectXTex\DirectXTexMipmaps.obj"
  "C:\Users\k023g\source\repos\TD4-2-Clone2\Project\Externals\DirectXTex\..\..\..\Generated\Obj\Debug\DirectXTex\DirectXTexMisc.obj"
  "C:\Users\k023g\source\repos\TD4-2-Clone2\Project\Externals\DirectXTex\..\..\..\Generated\Obj\Debug\DirectXTex\DirectXTexNormalMaps.obj"
  "C:\Users\k023g\source\repos\TD4-2-Clone2\Project\Externals\DirectXTex\..\..\..\Generated\Obj\Debug\DirectXTex\DirectXTexPMAlpha.obj"
  "C:\Users\k023g\source\repos\TD4-2-Clone2\Project\Externals\DirectXTex\..\..\..\Generated\Obj\Debug\DirectXTex\DirectXTexResize.obj"
  "C:\Users\k023g\source\repos\TD4-2-Clone2\Project\Externals\DirectXTex\..\..\..\Generated\Obj\Debug\DirectXTex\DirectXTexTGA.obj"
  "C:\Users\k023g\source\repos\TD4-2-Clone2\Project\Externals\DirectXTex\..\..\..\Generated\Obj\Debug\DirectXTex\DirectXTexUtil.obj"
  "C:\Users\k023g\source\repos\TD4-2-Clone2\Project\Externals\DirectXTex\..\..\..\Generated\Obj\Debug\DirectXTex\DirectXTexWIC.obj"
タスク "LIB" の実行が終了しました。
タスク "Message"
  DirectXTex.vcxproj -> C:\Users\k023g\source\repos\TD4-2-Clone2\Generated\Outputs\Debug\DirectXTex.lib
タスク "Message" の実行が終了しました。
プロジェクト "DirectXTex.vcxproj" 内のターゲット "Lib" のビルドが終了しました。
ファイル "C:\Program Files\Microsoft Visual Studio\18\Community\MSBuild\Microsoft\VC\v180\Microsoft.CppBuild.targets" 内にある、プロジェクト "C:\Users\k023g\source\repos\TD4-2-Clone2\Project\Externals\DirectXTex\DirectXTex.vcxproj" からのターゲット "AfterLib" (ターゲット "_Lib" は依存):
プロジェクト "DirectXTex.vcxproj" 内のターゲット "AfterLib" のビルドが終了しました。
ファイル "C:\Program Files\Microsoft Visual Studio\18\Community\MSBuild\Microsoft\VC\v180\Microsoft.CppBuild.targets" 内にある、プロジェクト "C:\Users\k023g\source\repos\TD4-2-Clone2\Project\Externals\DirectXTex\DirectXTex.vcxproj" からのターゲット "_Lib" (ターゲット "_BuildCompileAction" は依存):
プロジェクト "DirectXTex.vcxproj" 内のターゲット "_Lib" のビルドが終了しました。
ファイル "C:\Program Files\Microsoft Visual Studio\18\Community\MSBuild\Microsoft\VC\v180\Microsoft.CppBuild.targets" 内にある、プロジェクト "C:\Users\k023g\source\repos\TD4-2-Clone2\Project\Externals\DirectXTex\DirectXTex.vcxproj" からのターゲット "AfterBuildCompileEvent" (ターゲット "_BuildCompileAction" は依存):
プロジェクト "DirectXTex.vcxproj" 内のターゲット "AfterBuildCompileEvent" のビルドが終了しました。
ファイル "C:\Program Files\Microsoft Visual Studio\18\Community\MSBuild\Microsoft\VC\v180\Microsoft.CppBuild.targets" 内にある、プロジェクト "C:\Users\k023g\source\repos\TD4-2-Clone2\Project\Externals\DirectXTex\DirectXTex.vcxproj" からのターゲット "_BuildCompileAction" (ターゲット "BuildCompile" は依存):
プロジェクト "DirectXTex.vcxproj" 内のターゲット "_BuildCompileAction" のビルドが終了しました。
ファイル "C:\Program Files\Microsoft Visual Studio\18\Community\MSBuild\Current\Bin\Microsoft.Common.CurrentVersion.targets" 内にある、プロジェクト "C:\Users\k023g\source\repos\TD4-2-Clone2\Project\Externals\DirectXTex\DirectXTex.vcxproj" からのターゲット "BuildCompile" (ターゲット "Build" は依存):
プロジェクト "DirectXTex.vcxproj" 内のターゲット "BuildCompile" のビルドが終了しました。
ターゲット "PrepareProjectReferences" を省略しました。以前に正しくビルドされていました。
ファイル "C:\Program Files\Microsoft Visual Studio\18\Community\MSBuild\Current\Bin\Microsoft.Common.CurrentVersion.targets" 内にある、プロジェクト "C:\Users\k023g\source\repos\TD4-2-Clone2\Project\Externals\DirectXTex\DirectXTex.vcxproj" からのターゲット "BuildLinkTraverse" (ターゲット "BuildLink" は依存):
プロジェクト "DirectXTex.vcxproj" 内のターゲット "BuildLinkTraverse" のビルドが終了しました。
ターゲット "PrepareForBuild" を省略しました。以前に正しくビルドされていました。
ターゲット "ResolveReferences" を省略しました。以前に正しくビルドされていました。
ファイル "C:\Program Files\Microsoft Visual Studio\18\Community\MSBuild\Microsoft\VC\v180\Microsoft.CppBuild.targets" 内にある、プロジェクト "C:\Users\k023g\source\repos\TD4-2-Clone2\Project\Externals\DirectXTex\DirectXTex.vcxproj" からのターゲット "ComputeLegacyManifestEmbedding" (ターゲット "_BuildLinkAction" は依存):
プロジェクト "DirectXTex.vcxproj" 内のターゲット "ComputeLegacyManifestEmbedding" のビルドが終了しました。
ファイル "C:\Program Files\Microsoft Visual Studio\18\Community\MSBuild\Microsoft\VC\v180\Microsoft.CppBuild.targets" 内にある、プロジェクト "C:\Users\k023g\source\repos\TD4-2-Clone2\Project\Externals\DirectXTex\DirectXTex.vcxproj" からのターゲット "_ALink" (ターゲット "_BuildLinkAction" は依存):
プロジェクト "DirectXTex.vcxproj" 内のターゲット "_ALink" のビルドが終了しました。
ターゲット "ComputeLegacyManifestEmbedding" を省略しました。以前に正しくビルドされていました。
ファイル "C:\Program Files\Microsoft Visual Studio\18\Community\MSBuild\Microsoft\VC\v180\Microsoft.CppBuild.targets" 内にある、プロジェクト "C:\Users\k023g\source\repos\TD4-2-Clone2\Project\Externals\DirectXTex\DirectXTex.vcxproj" からのターゲット "_Manifest" (ターゲット "_BuildLinkAction" は依存):
プロジェクト "DirectXTex.vcxproj" 内のターゲット "_Manifest" のビルドが終了しました。
C:\Program Files\Microsoft Visual Studio\18\Community\MSBuild\Microsoft\VC\v180\Microsoft.CppCommon.targets(2453,11): message : 環境から展開された 'AMD64' 値を持つプロパティ 'PROCESSOR_ARCHITEW6432'。 [C:\Users\k023g\source\repos\TD4-2-Clone2\Project\Externals\DirectXTex\DirectXTex.vcxproj]
ファイル "C:\Program Files\Microsoft Visual Studio\18\Community\MSBuild\Microsoft\VC\v180\Microsoft.CppCommon.targets" 内にある、プロジェクト "C:\Users\k023g\source\repos\TD4-2-Clone2\Project\Externals\DirectXTex\DirectXTex.vcxproj" からのターゲット "RegisterOutput" (ターゲット "_BuildLinkAction" は依存):
プロジェクト "DirectXTex.vcxproj" 内のターゲット "RegisterOutput" のビルドが終了しました。
ターゲット "PrepareForBuild" を省略しました。以前に正しくビルドされていました。
ターゲット "ResolveReferences" を省略しました。以前に正しくビルドされていました。
ファイル "C:\Program Files\Microsoft Visual Studio\18\Community\MSBuild\Microsoft\VC\v180\Microsoft.CppBuild.targets" 内にある、プロジェクト "C:\Users\k023g\source\repos\TD4-2-Clone2\Project\Externals\DirectXTex\DirectXTex.vcxproj" からのターゲット "ResolvedXDCMake" (ターゲット "_XdcMake" は依存):
プロジェクト "DirectXTex.vcxproj" 内のターゲット "ResolvedXDCMake" のビルドが終了しました。
ファイル "C:\Program Files\Microsoft Visual Studio\18\Community\MSBuild\Microsoft\VC\v180\Microsoft.CppBuild.targets" 内にある、プロジェクト "C:\Users\k023g\source\repos\TD4-2-Clone2\Project\Externals\DirectXTex\DirectXTex.vcxproj" からのターゲット "ComputeCLCompileGeneratedXDCFiles" (ターゲット "_XdcMake" は依存):
プロジェクト "DirectXTex.vcxproj" 内のターゲット "ComputeCLCompileGeneratedXDCFiles" のビルドが終了しました。
ファイル "C:\Program Files\Microsoft Visual Studio\18\Community\MSBuild\Microsoft\VC\v180\Microsoft.CppBuild.targets" 内にある、プロジェクト "C:\Users\k023g\source\repos\TD4-2-Clone2\Project\Externals\DirectXTex\DirectXTex.vcxproj" からのターゲット "MakeDirsForXdcMake" (ターゲット "_XdcMake" は依存):
タスク "MakeDir"
タスク "MakeDir" の実行が終了しました。
プロジェクト "DirectXTex.vcxproj" 内のターゲット "MakeDirsForXdcMake" のビルドが終了しました。
ファイル "C:\Program Files\Microsoft Visual Studio\18\Community\MSBuild\Microsoft\VC\v180\Microsoft.CppBuild.targets" 内にある、プロジェクト "C:\Users\k023g\source\repos\TD4-2-Clone2\Project\Externals\DirectXTex\DirectXTex.vcxproj" からのターゲット "_XdcMake" (ターゲット "_BuildLinkAction" は依存):
プロジェクト "DirectXTex.vcxproj" 内のターゲット "_XdcMake" のビルドが終了しました。
ファイル "C:\Program Files\Microsoft Visual Studio\18\Community\MSBuild\Microsoft\VC\v180\Microsoft.CppBuild.targets" 内にある、プロジェクト "C:\Users\k023g\source\repos\TD4-2-Clone2\Project\Externals\DirectXTex\DirectXTex.vcxproj" からのターゲット "ComputeCLCompileGeneratedSbrFiles" (ターゲット "_BscMake" は依存):
プロジェクト "DirectXTex.vcxproj" 内のターゲット "ComputeCLCompileGeneratedSbrFiles" のビルドが終了しました。
ファイル "C:\Program Files\Microsoft Visual Studio\18\Community\MSBuild\Microsoft\VC\v180\Microsoft.CppBuild.targets" 内にある、プロジェクト "C:\Users\k023g\source\repos\TD4-2-Clone2\Project\Externals\DirectXTex\DirectXTex.vcxproj" からのターゲット "MakeDirsForBscMake" (ターゲット "_BscMake" は依存):
タスク "MakeDir"
タスク "MakeDir" の実行が終了しました。
プロジェクト "DirectXTex.vcxproj" 内のターゲット "MakeDirsForBscMake" のビルドが終了しました。
ファイル "C:\Program Files\Microsoft Visual Studio\18\Community\MSBuild\Microsoft\VC\v180\Microsoft.CppBuild.targets" 内にある、プロジェクト "C:\Users\k023g\source\repos\TD4-2-Clone2\Project\Externals\DirectXTex\DirectXTex.vcxproj" からのターゲット "_BscMake" (ターゲット "_BuildLinkAction" は依存):
プロジェクト "DirectXTex.vcxproj" 内のターゲット "_BscMake" のビルドが終了しました。
ターゲット "PrepareForBuild" を省略しました。以前に正しくビルドされていました。
ファイル "C:\Program Files\Microsoft Visual Studio\18\Community\MSBuild\Microsoft\VC\v180\Microsoft.CppBuild.targets" 内にある、プロジェクト "C:\Users\k023g\source\repos\TD4-2-Clone2\Project\Externals\DirectXTex\DirectXTex.vcxproj" からのターゲット "BuiltProjectOutputGroup" (ターゲット "CreateRecipeFile" は依存):
プロジェクト "DirectXTex.vcxproj" 内のターゲット "BuiltProjectOutputGroup" のビルドが終了しました。
ターゲット "PrepareForBuild" を省略しました。以前に正しくビルドされていました。
ファイル "C:\Program Files\Microsoft Visual Studio\18\Community\MSBuild\Current\Bin\Microsoft.Common.CurrentVersion.targets" 内にある、プロジェクト "C:\Users\k023g\source\repos\TD4-2-Clone2\Project\Externals\DirectXTex\DirectXTex.vcxproj" からのターゲット "AssignTargetPaths" (ターゲット "PrepareResourceNames" は依存):
"AssignTargetPath" タスクをアセンブリ "Microsoft.Build.Tasks.Core, Version=15.1.0.0, Culture=neutral, PublicKeyToken=b03f5f7f11d50a3a" から使用しています。
タスク "AssignTargetPath"
タスク "AssignTargetPath" の実行が終了しました。
タスク "AssignTargetPath"
タスク "AssignTargetPath" の実行が終了しました。
タスク "AssignTargetPath"
タスク "AssignTargetPath" の実行が終了しました。
タスク "AssignTargetPath"
タスク "AssignTargetPath" の実行が終了しました。
プロジェクト "DirectXTex.vcxproj" 内のターゲット "AssignTargetPaths" のビルドが終了しました。
ターゲット "AssignTargetPaths" を省略しました。以前に正しくビルドされていました。
ファイル "C:\Program Files\Microsoft Visual Studio\18\Community\MSBuild\Current\Bin\Microsoft.Common.CurrentVersion.targets" 内にある、プロジェクト "C:\Users\k023g\source\repos\TD4-2-Clone2\Project\Externals\DirectXTex\DirectXTex.vcxproj" からのターゲット "SplitResourcesByCulture" (ターゲット "PrepareResourceNames" は依存):
"AssignCulture" タスクをアセンブリ "Microsoft.Build.Tasks.Core, Version=15.1.0.0, Culture=neutral, PublicKeyToken=b03f5f7f11d50a3a" から使用しています。
タスク "AssignCulture"
タスク "AssignCulture" の実行が終了しました。
プロジェクト "DirectXTex.vcxproj" 内のターゲット "SplitResourcesByCulture" のビルドが終了しました。
ファイル "C:\Program Files\Microsoft Visual Studio\18\Community\MSBuild\Current\Bin\Microsoft.Common.CurrentVersion.targets" 内にある、プロジェクト "C:\Users\k023g\source\repos\TD4-2-Clone2\Project\Externals\DirectXTex\DirectXTex.vcxproj" からのターゲット "CreateCustomManifestResourceNames" (ターゲット "PrepareResourceNames" は依存):
プロジェクト "DirectXTex.vcxproj" 内のターゲット "CreateCustomManifestResourceNames" のビルドが終了しました。
ファイル "C:\Program Files\Microsoft Visual Studio\18\Community\MSBuild\Current\Bin\Microsoft.Common.CurrentVersion.targets" 内にある、プロジェクト "C:\Users\k023g\source\repos\TD4-2-Clone2\Project\Externals\DirectXTex\DirectXTex.vcxproj" からのターゲット "PrepareResourceNames" (ターゲット "SatelliteDllsProjectOutputGroup" は依存):
プロジェクト "DirectXTex.vcxproj" 内のターゲット "PrepareResourceNames" のビルドが終了しました。
ファイル "C:\Program Files\Microsoft Visual Studio\18\Community\MSBuild\Current\Bin\Microsoft.Common.CurrentVersion.targets" 内にある、プロジェクト "C:\Users\k023g\source\repos\TD4-2-Clone2\Project\Externals\DirectXTex\DirectXTex.vcxproj" からのターゲット "SatelliteDllsProjectOutputGroup" (ターゲット "CreateRecipeFile" は依存):
プロジェクト "DirectXTex.vcxproj" 内のターゲット "SatelliteDllsProjectOutputGroup" のビルドが終了しました。
ターゲット "PrepareForBuild" を省略しました。以前に正しくビルドされていました。
ターゲット "AssignTargetPaths" を省略しました。以前に正しくビルドされていました。
ターゲット "PrepareForBuild" を省略しました。以前に正しくビルドされていました。
ターゲット "AssignTargetPaths" を省略しました。以前に正しくビルドされていました。
ファイル "C:\Program Files\Microsoft Visual Studio\18\Community\MSBuild\Microsoft\VC\v180\Microsoft.CppBuild.targets" 内にある、プロジェクト "C:\Users\k023g\source\repos\TD4-2-Clone2\Project\Externals\DirectXTex\DirectXTex.vcxproj" からのターゲット "MakeDirsForFxc" (ターゲット "ContentFilesProjectOutputGroup" は依存):
タスク "MakeDir"
タスク "MakeDir" の実行が終了しました。
プロジェクト "DirectXTex.vcxproj" 内のターゲット "MakeDirsForFxc" のビルドが終了しました。
ファイル "C:\Program Files\Microsoft Visual Studio\18\Community\MSBuild\Microsoft\VC\v180\Microsoft.CppBuild.targets" 内にある、プロジェクト "C:\Users\k023g\source\repos\TD4-2-Clone2\Project\Externals\DirectXTex\DirectXTex.vcxproj" からのターゲット "ContentFilesProjectOutputGroup" (ターゲット "CreateRecipeFile" は依存):
プロジェクト "DirectXTex.vcxproj" 内のターゲット "ContentFilesProjectOutputGroup" のビルドが終了しました。
ターゲット "GetReferencedVCProjectsInfo" を省略しました。以前に正しくビルドされていました。
ファイル "C:\Program Files\Microsoft Visual Studio\18\Community\MSBuild\Microsoft\VC\v180\Microsoft.CppBuild.targets" 内にある、プロジェクト "C:\Users\k023g\source\repos\TD4-2-Clone2\Project\Externals\DirectXTex\DirectXTex.vcxproj" からのターゲット "CreateRecipeFile" (ターゲット "_BuildLinkAction" は依存):
"GenerateDesktopDeployRecipe" タスクをアセンブリ "C:\Program Files\Microsoft Visual Studio\18\Community\MSBuild\Microsoft\VC\v180\Microsoft.Build.CppTasks.Common.dll" から使用しています。
タスク "GenerateDesktopDeployRecipe"
タスク "GenerateDesktopDeployRecipe" の実行が終了しました。
プロジェクト "DirectXTex.vcxproj" 内のターゲット "CreateRecipeFile" のビルドが終了しました。
ファイル "C:\Program Files\Microsoft Visual Studio\18\Community\MSBuild\Current\Bin\Microsoft.Common.CurrentVersion.targets" 内にある、プロジェクト "C:\Users\k023g\source\repos\TD4-2-Clone2\Project\Externals\DirectXTex\DirectXTex.vcxproj" からのターゲット "_GenerateSatelliteAssemblyInputs" (ターゲット "CreateSatelliteAssemblies" は依存):
プロジェクト "DirectXTex.vcxproj" 内のターゲット "_GenerateSatelliteAssemblyInputs" のビルドが終了しました。
ファイル "C:\Program Files\Microsoft Visual Studio\18\Community\MSBuild\Current\Bin\Microsoft.Common.CurrentVersion.targets" 内にある、プロジェクト "C:\Users\k023g\source\repos\TD4-2-Clone2\Project\Externals\DirectXTex\DirectXTex.vcxproj" からのターゲット "CreateSatelliteAssemblies" (ターゲット "_BuildLinkAction" は依存):
プロジェクト "DirectXTex.vcxproj" 内のターゲット "CreateSatelliteAssemblies" のビルドが終了しました。
ファイル "C:\Program Files\Microsoft Visual Studio\18\Community\MSBuild\Microsoft\VC\v180\Microsoft.CppBuild.targets" 内にある、プロジェクト "C:\Users\k023g\source\repos\TD4-2-Clone2\Project\Externals\DirectXTex\DirectXTex.vcxproj" からのターゲット "_Appverifier" (ターゲット "_BuildLinkAction" は依存):
プロジェクト "DirectXTex.vcxproj" 内のターゲット "_Appverifier" のビルドが終了しました。
ファイル "C:\Program Files\Microsoft Visual Studio\18\Community\MSBuild\Microsoft\VC\v180\Microsoft.CppBuild.targets" 内にある、プロジェクト "C:\Users\k023g\source\repos\TD4-2-Clone2\Project\Externals\DirectXTex\DirectXTex.vcxproj" からのターゲット "_Deploy" (ターゲット "_BuildLinkAction" は依存):
プロジェクト "DirectXTex.vcxproj" 内のターゲット "_Deploy" のビルドが終了しました。
ファイル "C:\Program Files\Microsoft Visual Studio\18\Community\MSBuild\Xamarin\Xamarin.Sdk.targets" 内にある、プロジェクト "C:\Users\k023g\source\repos\TD4-2-Clone2\Project\Externals\DirectXTex\DirectXTex.vcxproj" からのターゲット "_CalculatePostXamarinTelemetry" (ターゲット "PrepareForRun" は依存):
タスク "Message"
   [DirectXTex /Windows] Capability: desktop
タスク "Message" の実行が終了しました。
タスク "Message"
   [DirectXTex /Windows] Capability: AssemblyReferences
タスク "Message" の実行が終了しました。
タスク "Message"
   [DirectXTex /Windows] Capability: COMReferences
タスク "Message" の実行が終了しました。
タスク "Message"
   [DirectXTex /Windows] Capability: ProjectReferences
タスク "Message" の実行が終了しました。
タスク "Message"
   [DirectXTex /Windows] Capability: WinRTReferences
タスク "Message" の実行が終了しました。
タスク "Message"
   [DirectXTex /Windows] Capability: SDKReferences
タスク "Message" の実行が終了しました。
タスク "Message"
   [DirectXTex /Windows] Capability: SharedProjectReferences
タスク "Message" の実行が終了しました。
タスク "Message"
   [DirectXTex /Windows] Capability: OutputGroups
タスク "Message" の実行が終了しました。
タスク "Message"
   [DirectXTex /Windows] Capability: AllTargetOutputGroups
タスク "Message" の実行が終了しました。
タスク "Message"
   [DirectXTex /Windows] Capability: VisualStudioWellKnownOutputGroups
タスク "Message" の実行が終了しました。
タスク "Message"
   [DirectXTex /Windows] Capability: ProjectConfigurationsDeclaredAsItems
タスク "Message" の実行が終了しました。
タスク "Message"
   [DirectXTex /Windows] Capability: PropertyManager
タスク "Message" の実行が終了しました。
タスク "Message"
   [DirectXTex /Windows] Capability: native
タスク "Message" の実行が終了しました。
タスク "Message"
   [DirectXTex /Windows] Capability: IntegratedConsoleDebugging
タスク "Message" の実行が終了しました。
タスク "Message"
   [DirectXTex /Windows] _MobileCapability: False
タスク "Message" の実行が終了しました。
タスク "Message"
   [DirectXTex /Windows] _MauiCapability: False
タスク "Message" の実行が終了しました。
タスク "Message"
   [DirectXTex /Windows] _XamarinFormsCapability: False
タスク "Message" の実行が終了しました。
タスク "Message"
   [DirectXTex /Windows] _IsAndroid: 
タスク "Message" の実行が終了しました。
タスク "Message"
   [DirectXTex /Windows] _IsIOS: 
タスク "Message" の実行が終了しました。
プロジェクト "DirectXTex.vcxproj" 内のターゲット "_CalculatePostXamarinTelemetry" のビルドが終了しました。
ターゲット "AssignTargetPaths" を省略しました。以前に正しくビルドされていました。
ターゲット "AssignProjectConfiguration" を省略しました。以前に正しくビルドされていました。
ターゲット "_SplitProjectReferencesByFileExistence" を省略しました。以前に正しくビルドされていました。
ターゲット "_GetProjectReferenceTargetFrameworkProperties" を省略しました。以前に正しくビルドされていました。
ファイル "C:\Program Files\Microsoft Visual Studio\18\Community\MSBuild\Current\Bin\Microsoft.Common.CurrentVersion.targets" 内にある、プロジェクト "C:\Users\k023g\source\repos\TD4-2-Clone2\Project\Externals\DirectXTex\DirectXTex.vcxproj" からのターゲット "_PopulateCommonStateForGetCopyToOutputDirectoryItems" (ターゲット "GetCopyToOutputDirectoryItems" は依存):
プロジェクト "DirectXTex.vcxproj" 内のターゲット "_PopulateCommonStateForGetCopyToOutputDirectoryItems" のビルドが終了しました。
ファイル "C:\WINDOWS\Microsoft.NET\Framework\v4.0.30319\Microsoft.Xaml.targets" 内にある、プロジェクト "C:\Users\k023g\source\repos\TD4-2-Clone2\Project\Externals\DirectXTex\DirectXTex.vcxproj" からのターゲット "GetCopyToOutputDirectoryXamlAppDefs" (ターゲット "GetCopyToOutputDirectoryItems" は依存):
タスク "AssignTargetPath"
タスク "AssignTargetPath" の実行が終了しました。
プロジェクト "DirectXTex.vcxproj" 内のターゲット "GetCopyToOutputDirectoryXamlAppDefs" のビルドが終了しました。
ファイル "C:\Program Files\Microsoft Visual Studio\18\Community\MSBuild\Current\Bin\Microsoft.Common.CurrentVersion.targets" 内にある、プロジェクト "C:\Users\k023g\source\repos\TD4-2-Clone2\Project\Externals\DirectXTex\DirectXTex.vcxproj" からのターゲット "GetCopyToOutputDirectoryItems" (ターゲット "_CopySourceItemsToOutputDirectory" は依存):
"CallTarget" タスクをアセンブリ "Microsoft.Build.Tasks.Core, Version=15.1.0.0, Culture=neutral, PublicKeyToken=b03f5f7f11d50a3a" から使用しています。
タスク "CallTarget"
ターゲット "_PopulateCommonStateForGetCopyToOutputDirectoryItems" を省略しました。以前に正しくビルドされていました。
ターゲット "_AddOutputPathToGlobalPropertiesToRemove" を省略しました。以前に正しくビルドされていました。
ファイル "C:\Program Files\Microsoft Visual Studio\18\Community\MSBuild\Current\Bin\Microsoft.Common.CurrentVersion.targets" 内にある、プロジェクト "C:\Users\k023g\source\repos\TD4-2-Clone2\Project\Externals\DirectXTex\DirectXTex.vcxproj" からのターゲット "_GetCopyToOutputDirectoryItemsFromTransitiveProjectReferences" (ターゲット "GetCopyToOutputDirectoryItems" は依存):
タスク "AssignTargetPath"
タスク "AssignTargetPath" の実行が終了しました。
プロジェクト "DirectXTex.vcxproj" 内のターゲット "_GetCopyToOutputDirectoryItemsFromTransitiveProjectReferences" のビルドが終了しました。
タスク "CallTarget" の実行が終了しました。
タスク "CallTarget"
ターゲット "AssignTargetPaths" を省略しました。以前に正しくビルドされていました。
ターゲット "_PopulateCommonStateForGetCopyToOutputDirectoryItems" を省略しました。以前に正しくビルドされていました。
ファイル "C:\Program Files\Microsoft Visual Studio\18\Community\MSBuild\Current\Bin\Microsoft.Common.CurrentVersion.targets" 内にある、プロジェクト "C:\Users\k023g\source\repos\TD4-2-Clone2\Project\Externals\DirectXTex\DirectXTex.vcxproj" からのターゲット "_GetCopyToOutputDirectoryItemsFromThisProject" (ターゲット "GetCopyToOutputDirectoryItems" は依存):
タスク "AssignTargetPath"
タスク "AssignTargetPath" の実行が終了しました。
プロジェクト "DirectXTex.vcxproj" 内のターゲット "_GetCopyToOutputDirectoryItemsFromThisProject" のビルドが終了しました。
タスク "CallTarget" の実行が終了しました。
プロジェクト "DirectXTex.vcxproj" 内のターゲット "GetCopyToOutputDirectoryItems" のビルドが終了しました。
ファイル "C:\Program Files\Microsoft Visual Studio\18\Community\MSBuild\Current\Bin\Microsoft.Common.CurrentVersion.targets" 内にある、プロジェクト "C:\Users\k023g\source\repos\TD4-2-Clone2\Project\Externals\DirectXTex\DirectXTex.vcxproj" からのターゲット "_CopySourceItemsToOutputDirectory" (ターゲット "CopyFilesToOutputDirectory" は依存):
プロジェクト "DirectXTex.vcxproj" 内のターゲット "_CopySourceItemsToOutputDirectory" のビルドが終了しました。
ファイル "C:\Program Files\Microsoft Visual Studio\18\Community\MSBuild\Current\Bin\Microsoft.Common.CurrentVersion.targets" 内にある、プロジェクト "C:\Users\k023g\source\repos\TD4-2-Clone2\Project\Externals\DirectXTex\DirectXTex.vcxproj" からのターゲット "_CheckForCompileOutputs" (ターゲット "CopyFilesToOutputDirectory" は依存):
プロジェクト "DirectXTex.vcxproj" 内のターゲット "_CheckForCompileOutputs" のビルドが終了しました。
ファイル "C:\Program Files\Microsoft Visual Studio\18\Community\MSBuild\Current\Bin\Microsoft.Common.CurrentVersion.targets" 内にある、プロジェクト "C:\Users\k023g\source\repos\TD4-2-Clone2\Project\Externals\DirectXTex\DirectXTex.vcxproj" からのターゲット "CopyFilesToOutputDirectory" (ターゲット "PrepareForRun" は依存):
C:\Program Files\Microsoft Visual Studio\18\Community\MSBuild\Current\Bin\Microsoft.Common.CurrentVersion.targets(4907,7): message : プロパティの再代入: $(CreateHardLinksForCopyFilesToOutputDirectoryIfPossible)="false" (以前の値: "") C:\Program Files\Microsoft Visual Studio\18\Community\MSBuild\Current\Bin\Microsoft.Common.CurrentVersion.targets (4907,7) [C:\Users\k023g\source\repos\TD4-2-Clone2\Project\Externals\DirectXTex\DirectXTex.vcxproj]
プロジェクト "DirectXTex.vcxproj" 内のターゲット "CopyFilesToOutputDirectory" のビルドが終了しました。
ファイル "C:\Program Files\Microsoft Visual Studio\18\Community\MSBuild\Current\Bin\Microsoft.Common.CurrentVersion.targets" 内にある、プロジェクト "C:\Users\k023g\source\repos\TD4-2-Clone2\Project\Externals\DirectXTex\DirectXTex.vcxproj" からのターゲット "PrepareForRun" (ターゲット "_BuildLinkAction" は依存):
プロジェクト "DirectXTex.vcxproj" 内のターゲット "PrepareForRun" のビルドが終了しました。
ファイル "C:\Program Files\Microsoft Visual Studio\18\Community\MSBuild\Microsoft\VC\v180\Microsoft.CppCommon.targets" 内にある、プロジェクト "C:\Users\k023g\source\repos\TD4-2-Clone2\Project\Externals\DirectXTex\DirectXTex.vcxproj" からのターゲット "PostBuildEvent" (ターゲット "_BuildLinkAction" は依存):
プロジェクト "DirectXTex.vcxproj" 内のターゲット "PostBuildEvent" のビルドが終了しました。
ファイル "C:\Program Files\Microsoft Visual Studio\18\Community\MSBuild\Microsoft\VC\v180\Microsoft.CppBuild.targets" 内にある、プロジェクト "C:\Users\k023g\source\repos\TD4-2-Clone2\Project\Externals\DirectXTex\DirectXTex.vcxproj" からのターゲット "_BuildLinkAction" (ターゲット "BuildLink" は依存):
プロジェクト "DirectXTex.vcxproj" 内のターゲット "_BuildLinkAction" のビルドが終了しました。
ファイル "C:\Program Files\Microsoft Visual Studio\18\Community\MSBuild\Current\Bin\Microsoft.Common.CurrentVersion.targets" 内にある、プロジェクト "C:\Users\k023g\source\repos\TD4-2-Clone2\Project\Externals\DirectXTex\DirectXTex.vcxproj" からのターゲット "BuildLink" (ターゲット "Build" は依存):
プロジェクト "DirectXTex.vcxproj" 内のターゲット "BuildLink" のビルドが終了しました。
ファイル "C:\Program Files\Microsoft Visual Studio\18\Community\MSBuild\Microsoft\VC\v180\Microsoft.BuildSteps.Targets" 内にある、プロジェクト "C:\Users\k023g\source\repos\TD4-2-Clone2\Project\Externals\DirectXTex\DirectXTex.vcxproj" からのターゲット "AfterBuild" (ターゲット "Build" は依存):
プロジェクト "DirectXTex.vcxproj" 内のターゲット "AfterBuild" のビルドが終了しました。
ターゲット "_CheckForCompileOutputs" を省略しました。以前に正しくビルドされていました。
ファイル "C:\Program Files\Microsoft Visual Studio\18\Community\MSBuild\Current\Bin\Microsoft.Common.CurrentVersion.targets" 内にある、プロジェクト "C:\Users\k023g\source\repos\TD4-2-Clone2\Project\Externals\DirectXTex\DirectXTex.vcxproj" からのターゲット "_CleanGetCurrentAndPriorFileWrites" (ターゲット "IncrementalClean" は依存):
タスク "ReadLinesFromFile"
タスク "ReadLinesFromFile" の実行が終了しました。
"ConvertToAbsolutePath" タスクをアセンブリ "Microsoft.Build.Tasks.Core, Version=15.1.0.0, Culture=neutral, PublicKeyToken=b03f5f7f11d50a3a" から使用しています。
タスク "ConvertToAbsolutePath"
タスク "ConvertToAbsolutePath" の実行が終了しました。
タスク "FindUnderPath"
  比較パスは "C:\Users\k023g\source\repos\TD4-2-Clone2\Project\Externals\DirectXTex" です。
タスク "FindUnderPath" の実行が終了しました。
タスク "FindUnderPath"
  比較パスは "C:\Users\k023g\source\repos\TD4-2-Clone2\Project\Externals\DirectXTex\..\..\..\Generated\Outputs\Debug\" です。
タスク "FindUnderPath" の実行が終了しました。
タスク "FindUnderPath"
  比較パスは "C:\Users\k023g\source\repos\TD4-2-Clone2\Project\Externals\DirectXTex\..\..\..\Generated\Obj\Debug\DirectXTex\" です。
タスク "FindUnderPath" の実行が終了しました。
タスク "RemoveDuplicates"
タスク "RemoveDuplicates" の実行が終了しました。
プロジェクト "DirectXTex.vcxproj" 内のターゲット "_CleanGetCurrentAndPriorFileWrites" のビルドが終了しました。
ファイル "C:\Program Files\Microsoft Visual Studio\18\Community\MSBuild\Current\Bin\Microsoft.Common.CurrentVersion.targets" 内にある、プロジェクト "C:\Users\k023g\source\repos\TD4-2-Clone2\Project\Externals\DirectXTex\DirectXTex.vcxproj" からのターゲット "IncrementalClean" (ターゲット "Build" は依存):
タスク "FindUnderPath"
  比較パスは "C:\Users\k023g\source\repos\TD4-2-Clone2\Project\Externals\DirectXTex\..\..\..\Generated\Outputs\Debug\" です。
タスク "FindUnderPath" の実行が終了しました。
タスク "FindUnderPath"
  比較パスは "C:\Users\k023g\source\repos\TD4-2-Clone2\Project\Externals\DirectXTex\..\..\..\Generated\Obj\Debug\DirectXTex\" です。
タスク "FindUnderPath" の実行が終了しました。
タスク "Delete"
タスク "Delete" の実行が終了しました。
タスク "RemoveDuplicates"
タスク "RemoveDuplicates" の実行が終了しました。
プロジェクト "DirectXTex.vcxproj" 内のターゲット "IncrementalClean" のビルドが終了しました。
ファイル "C:\Program Files\Microsoft Visual Studio\18\Community\MSBuild\Microsoft\VC\v180\Microsoft.CppBuild.targets" 内にある、プロジェクト "C:\Users\k023g\source\repos\TD4-2-Clone2\Project\Externals\DirectXTex\DirectXTex.vcxproj" からのターゲット "TlogCleanup" (ターゲット "Build" は依存):
"CleanupStaleTlogItems" タスクをアセンブリ "C:\Program Files\Microsoft Visual Studio\18\Community\MSBuild\Microsoft\VC\v180\Microsoft.Build.CppTasks.Common.dll" から使用しています。
タスク "CleanupStaleTlogItems"
タスク "CleanupStaleTlogItems" の実行が終了しました。
プロジェクト "DirectXTex.vcxproj" 内のターゲット "TlogCleanup" のビルドが終了しました。
ファイル "C:\Program Files\Microsoft Visual Studio\18\Community\MSBuild\Microsoft\VC\v180\Microsoft.CppBuild.targets" 内にある、プロジェクト "C:\Users\k023g\source\repos\TD4-2-Clone2\Project\Externals\DirectXTex\DirectXTex.vcxproj" からのターゲット "FinalizeBuildStatus" (ターゲット "Build" は依存):
タスク "Delete"
  ファイル "C:\Users\k023g\source\repos\TD4-2-Clone2\Project\Externals\DirectXTex\..\..\..\Generated\Obj\Debug\DirectXTex\DirectXTex.tlog\unsuccessfulbuild" を削除しています。
タスク "Delete" の実行が終了しました。
タスク "Touch"
  "C:\Users\k023g\source\repos\TD4-2-Clone2\Project\Externals\DirectXTex\..\..\..\Generated\Obj\Debug\DirectXTex\DirectXTex.tlog\DirectXTex.lastbuildstate" のタッチ タスクを実行しています。
タスク "Touch" の実行が終了しました。
プロジェクト "DirectXTex.vcxproj" 内のターゲット "FinalizeBuildStatus" のビルドが終了しました。
ファイル "C:\Program Files\Microsoft Visual Studio\18\Community\MSBuild\Microsoft\VC\v180\Microsoft.BuildSteps.Targets" 内にある、プロジェクト "C:\Users\k023g\source\repos\TD4-2-Clone2\Project\Externals\DirectXTex\DirectXTex.vcxproj" からのターゲット "Build" (ターゲット "Rebuild" は依存):
プロジェクト "DirectXTex.vcxproj" 内のターゲット "Build" のビルドが終了しました。
ターゲット "_CalculatePostXamarinTelemetry" を省略しました。以前に正しくビルドされていました。
ファイル "C:\Program Files\Microsoft Visual Studio\18\Community\MSBuild\Current\Bin\Microsoft.Common.CurrentVersion.targets" 内にある、プロジェクト "C:\Users\k023g\source\repos\TD4-2-Clone2\Project\Externals\DirectXTex\DirectXTex.vcxproj" からのターゲット "AfterRebuild" (ターゲット "Rebuild" は依存):
プロジェクト "DirectXTex.vcxproj" 内のターゲット "AfterRebuild" のビルドが終了しました。
ターゲット "_CheckForInvalidConfigurationAndPlatform" を省略しました。以前に正しくビルドされていました。
ファイル "C:\Program Files\Microsoft Visual Studio\18\Community\MSBuild\Microsoft\VC\v180\Microsoft.BuildSteps.Targets" 内にある、プロジェクト "C:\Users\k023g\source\repos\TD4-2-Clone2\Project\Externals\DirectXTex\DirectXTex.vcxproj" からのターゲット "Rebuild" (エントリ ポイント):
プロジェクト "DirectXTex.vcxproj" 内のターゲット "Rebuild" のビルドが終了しました。
プロジェクト "C:\Users\k023g\source\repos\TD4-2-Clone2\Project\Externals\DirectXTex\DirectXTex.vcxproj" (Rebuild ターゲット) のビルドが完了しました。
プロジェクト "C:\Users\k023g\source\repos\TD4-2-Clone2\Project\ONEngine.sln" (1) は、ノード 1 上に "C:\Users\k023g\source\repos\TD4-2-Clone2\Project\Externals\DirectXTex\DirectXTex.vcxproj" (3:2) をビルドしています (Rebuild ターゲット)。
ターゲット "Rebuild" を省略しました。以前に正しくビルドされていました。
プロジェクト "C:\Users\k023g\source\repos\TD4-2-Clone2\Project\Externals\DirectXTex\DirectXTex.vcxproj" (Rebuild ターゲット) のビルドが完了しました。
プロパティの再代入: $(MSBuildExtensionsPath)="C:\Program Files\Microsoft Visual Studio\18\Community\MSBuild" (以前の値: "C:\Program Files (x86)\MSBuild") 
プロパティの再代入: $(MSBuildExtensionsPath32)="C:\Program Files\Microsoft Visual Studio\18\Community\MSBuild" (以前の値: "C:\Program Files (x86)\MSBuild") 
$(MSBuildExtensionsPath) で使用されている検索パスは C:\Program Files\Microsoft Visual Studio\18\Community\MSBuild;$(MSBuildProgramFiles32)\MSBuild です
拡張パス C:\Program Files\Microsoft Visual Studio\18\Community\MSBuild を使用して C:\Program Files\Microsoft Visual Studio\18\Community\MSBuild\$(MSBuildToolsVersion)\Microsoft.Common.props をインポートしようとしています
C:\Program Files\Microsoft Visual Studio\18\Community\MSBuild\Current\Microsoft.Common.props(60,5): message : プロパティの再代入: $(MSBuildProjectExtensionsPath)="C:\Users\k023g\source\repos\TD4-2-Clone2\Project\Externals\ImGui\obj\" (以前の値: "obj\") C:\Program Files\Microsoft Visual Studio\18\Community\MSBuild\Current\Microsoft.Common.props (60,5)
C:\Program Files\Microsoft Visual Studio\18\Community\MSBuild\Current\Microsoft.Common.props(84,119): message : 環境から展開された 'C:\Users\k023g\AppData\Local\Microsoft\MSBuild' 値を持つプロパティ 'MSBuildUserExtensionsPath'。
$(MSBuildExtensionsPath) で使用されている検索パスは C:\Program Files\Microsoft Visual Studio\18\Community\MSBuild;$(MSBuildProgramFiles32)\MSBuild です
拡張パス C:\Program Files\Microsoft Visual Studio\18\Community\MSBuild を使用して C:\Program Files\Microsoft Visual Studio\18\Community\MSBuild\$(MSBuildToolsVersion)\Imports\Microsoft.Common.props\ImportBefore\* をインポートしようとしています
"Configuration" プロパティはグローバル プロパティであり、変更できません。
$(MSBuildExtensionsPath) で使用されている検索パスは C:\Program Files\Microsoft Visual Studio\18\Community\MSBuild;$(MSBuildProgramFiles32)\MSBuild です
拡張パス C:\Program Files\Microsoft Visual Studio\18\Community\MSBuild を使用して C:\Program Files\Microsoft Visual Studio\18\Community\MSBuild\$(MSBuildToolsVersion)\Microsoft.VisualStudioVersion.v*.Common.props をインポートしようとしています
拡張パス C:\Program Files (x86)\MSBuild を使用して C:\Program Files (x86)\MSBuild\$(MSBuildToolsVersion)\Microsoft.VisualStudioVersion.v*.Common.props をインポートしようとしています
$(MSBuildExtensionsPath) で使用されている検索パスは C:\Program Files\Microsoft Visual Studio\18\Community\MSBuild;$(MSBuildProgramFiles32)\MSBuild です
"Configuration" プロパティはグローバル プロパティであり、変更できません。
"SolutionDir" プロパティはグローバル プロパティであり、変更できません。
C:\Program Files\Microsoft Visual Studio\18\Community\MSBuild\Microsoft\VC\v180\Microsoft.Cpp.Default.props(227,5): message : 環境から展開された 'C:\Users\k023g\AppData\Local' 値を持つプロパティ 'LOCALAPPDATA'。
C:\Users\k023g\source\repos\TD4-2-Clone2\Project\Externals\ImGui\ImGui.vcxproj(26,5): message : プロパティの再代入: $(ConfigurationType)="StaticLibrary" (以前の値: "Application") C:\Users\k023g\source\repos\TD4-2-Clone2\Project\Externals\ImGui\ImGui.vcxproj (26,5)
C:\Users\k023g\source\repos\TD4-2-Clone2\Project\Externals\ImGui\ImGui.vcxproj(27,5): message : プロパティの再代入: $(UseDebugLibraries)="true" (以前の値: "false") C:\Users\k023g\source\repos\TD4-2-Clone2\Project\Externals\ImGui\ImGui.vcxproj (27,5)
C:\Users\k023g\source\repos\TD4-2-Clone2\Project\Externals\ImGui\ImGui.vcxproj(28,5): message : プロパティの再代入: $(CharacterSet)="Unicode" (以前の値: "NotSet") C:\Users\k023g\source\repos\TD4-2-Clone2\Project\Externals\ImGui\ImGui.vcxproj (28,5)
C:\Program Files\Microsoft Visual Studio\18\Community\MSBuild\Microsoft\VC\v180\Microsoft.Cpp.ToolsetLocation.props(81,32): message : 環境から展開された 'x86' 値を持つプロパティ 'PROCESSOR_ARCHITECTURE'。
C:\Program Files\Microsoft Visual Studio\18\Community\MSBuild\Microsoft\VC\v180\Microsoft.Cpp.WindowsSDK.props(46,5): message : プロパティの再代入: $(NETFXSDK_Version)="4.8" (以前の値: "4.8.1") C:\Program Files\Microsoft Visual Studio\18\Community\MSBuild\Microsoft\VC\v180\Microsoft.Cpp.WindowsSDK.props (46,5)
C:\Program Files\Microsoft Visual Studio\18\Community\MSBuild\Microsoft\VC\v180\Microsoft.Cpp.WindowsSDK.props(50,5): message : プロパティの再代入: $(NETFXKitsDir)="C:\Program Files (x86)\Windows Kits\NETFXSDK\4.8\" (以前の値: "") C:\Program Files\Microsoft Visual Studio\18\Community\MSBuild\Microsoft\VC\v180\Microsoft.Cpp.WindowsSDK.props (50,5)
C:\Program Files\Microsoft Visual Studio\18\Community\MSBuild\Microsoft\VC\v180\Microsoft.Cpp.WindowsSDK.props(53,5): message : プロパティの再代入: $(NETFXSDKDir)="C:\Program Files (x86)\Microsoft SDKs\Windows\v10.0A\" (以前の値: "") C:\Program Files\Microsoft Visual Studio\18\Community\MSBuild\Microsoft\VC\v180\Microsoft.Cpp.WindowsSDK.props (53,5)
C:\Program Files\Microsoft Visual Studio\18\Community\MSBuild\Microsoft\VC\v180\Microsoft.Cpp.WindowsSDK.props(197,5): message : プロパティの再代入: $(WindowsSDK_ExecutablePath_x86)="C:\Program Files (x86)\Windows Kits\10\bin\10.0.26100.0\x86;;C:\Program Files (x86)\Microsoft SDKs\Windows\v10.0A\bin\NETFX 4.8 Tools" (以前の値: "C:\Program Files (x86)\Windows Kits\10\bin\10.0.26100.0\x86;") C:\Program Files\Microsoft Visual Studio\18\Community\MSBuild\Microsoft\VC\v180\Microsoft.Cpp.WindowsSDK.props (197,5)
C:\Program Files\Microsoft Visual Studio\18\Community\MSBuild\Microsoft\VC\v180\Microsoft.Cpp.WindowsSDK.props(198,5): message : プロパティの再代入: $(WindowsSDK_ExecutablePath_x64)="C:\Program Files (x86)\Windows Kits\10\bin\10.0.26100.0\x64;;C:\Program Files (x86)\Microsoft SDKs\Windows\v10.0A\bin\NETFX 4.8 Tools\x64" (以前の値: "C:\Program Files (x86)\Windows Kits\10\bin\10.0.26100.0\x64;") C:\Program Files\Microsoft Visual Studio\18\Community\MSBuild\Microsoft\VC\v180\Microsoft.Cpp.WindowsSDK.props (198,5)
C:\Program Files\Microsoft Visual Studio\18\Community\MSBuild\Microsoft\VC\v180\Microsoft.Cpp.Common.props(43,5): message : プロパティの再代入: $(TargetExt)=".lib" (以前の値: "") C:\Program Files\Microsoft Visual Studio\18\Community\MSBuild\Microsoft\VC\v180\Microsoft.Cpp.Common.props (43,5)
C:\Program Files\Microsoft Visual Studio\18\Community\MSBuild\Microsoft\VC\v180\Microsoft.Cpp.Common.props(89,5): message : プロパティの再代入: $(VC_ExecutablePath_Loc)="C:\Program Files\Microsoft Visual Studio\18\Community\VC\Tools\MSVC\14.51.36231\bin\HostX64\x64\1033;C:\Program Files\Microsoft Visual Studio\18\Community\VC\Tools\MSVC\14.51.36231\bin\HostX64\x86\1033;;;" (以前の値: "C:\Program Files\Microsoft Visual Studio\18\Community\VC\Tools\MSVC\14.51.36231\bin\HostX64\x86\1033;;") C:\Program Files\Microsoft Visual Studio\18\Community\MSBuild\Microsoft\VC\v180\Microsoft.Cpp.Common.props (89,5)
C:\Program Files\Microsoft Visual Studio\18\Community\MSBuild\Microsoft\VC\v180\Microsoft.Cpp.Common.props(90,5): message : プロパティの再代入: $(VC_ExecutablePath_Loc)="C:\Program Files\Microsoft Visual Studio\18\Community\VC\Tools\MSVC\14.51.36231\bin\HostX64\arm\1033;C:\Program Files\Microsoft Visual Studio\18\Community\VC\Tools\MSVC\14.51.36231\bin\HostX64\x64\1033;C:\Program Files\Microsoft Visual Studio\18\Community\VC\Tools\MSVC\14.51.36231\bin\HostX64\x86\1033;;;;" (以前の値: "C:\Program Files\Microsoft Visual Studio\18\Community\VC\Tools\MSVC\14.51.36231\bin\HostX64\x64\1033;C:\Program Files\Microsoft Visual Studio\18\Community\VC\Tools\MSVC\14.51.36231\bin\HostX64\x86\1033;;;") C:\Program Files\Microsoft Visual Studio\18\Community\MSBuild\Microsoft\VC\v180\Microsoft.Cpp.Common.props (90,5)
C:\Program Files\Microsoft Visual Studio\18\Community\MSBuild\Microsoft\VC\v180\Microsoft.Cpp.Common.props(91,5): message : プロパティの再代入: $(VC_ExecutablePath_Loc)="C:\Program Files\Microsoft Visual Studio\18\Community\VC\Tools\MSVC\14.51.36231\bin\HostX64\arm64\1033;C:\Program Files\Microsoft Visual Studio\18\Community\VC\Tools\MSVC\14.51.36231\bin\HostX64\arm\1033;C:\Program Files\Microsoft Visual Studio\18\Community\VC\Tools\MSVC\14.51.36231\bin\HostX64\x64\1033;C:\Program Files\Microsoft Visual Studio\18\Community\VC\Tools\MSVC\14.51.36231\bin\HostX64\x86\1033;;;;;" (以前の値: "C:\Program Files\Microsoft Visual Studio\18\Community\VC\Tools\MSVC\14.51.36231\bin\HostX64\arm\1033;C:\Program Files\Microsoft Visual Studio\18\Community\VC\Tools\MSVC\14.51.36231\bin\HostX64\x64\1033;C:\Program Files\Microsoft Visual Studio\18\Community\VC\Tools\MSVC\14.51.36231\bin\HostX64\x86\1033;;;;") C:\Program Files\Microsoft Visual Studio\18\Community\MSBuild\Microsoft\VC\v180\Microsoft.Cpp.Common.props (91,5)
C:\Program Files\Microsoft Visual Studio\18\Community\MSBuild\Microsoft\VC\v180\Microsoft.Cpp.Common.props(92,5): message : プロパティの再代入: $(VC_ExecutablePath_Loc)="C:\Program Files\Microsoft Visual Studio\18\Community\VC\Tools\MSVC\14.51.36231\bin\HostX86\x86\1033;C:\Program Files\Microsoft Visual Studio\18\Community\VC\Tools\MSVC\14.51.36231\bin\HostX64\arm64\1033;C:\Program Files\Microsoft Visual Studio\18\Community\VC\Tools\MSVC\14.51.36231\bin\HostX64\arm\1033;C:\Program Files\Microsoft Visual Studio\18\Community\VC\Tools\MSVC\14.51.36231\bin\HostX64\x64\1033;C:\Program Files\Microsoft Visual Studio\18\Community\VC\Tools\MSVC\14.51.36231\bin\HostX64\x86\1033;;;;;;" (以前の値: "C:\Program Files\Microsoft Visual Studio\18\Community\VC\Tools\MSVC\14.51.36231\bin\HostX64\arm64\1033;C:\Program Files\Microsoft Visual Studio\18\Community\VC\Tools\MSVC\14.51.36231\bin\HostX64\arm\1033;C:\Program Files\Microsoft Visual Studio\18\Community\VC\Tools\MSVC\14.51.36231\bin\HostX64\x64\1033;C:\Program Files\Microsoft Visual Studio\18\Community\VC\Tools\MSVC\14.51.36231\bin\HostX64\x86\1033;;;;;") C:\Program Files\Microsoft Visual Studio\18\Community\MSBuild\Microsoft\VC\v180\Microsoft.Cpp.Common.props (92,5)
C:\Program Files\Microsoft Visual Studio\18\Community\MSBuild\Microsoft\VC\v180\Microsoft.Cpp.Common.props(93,5): message : プロパティの再代入: $(VC_ExecutablePath_Loc)="C:\Program Files\Microsoft Visual Studio\18\Community\VC\Tools\MSVC\14.51.36231\bin\HostX86\x64\1033;C:\Program Files\Microsoft Visual Studio\18\Community\VC\Tools\MSVC\14.51.36231\bin\HostX86\x86\1033;C:\Program Files\Microsoft Visual Studio\18\Community\VC\Tools\MSVC\14.51.36231\bin\HostX64\arm64\1033;C:\Program Files\Microsoft Visual Studio\18\Community\VC\Tools\MSVC\14.51.36231\bin\HostX64\arm\1033;C:\Program Files\Microsoft Visual Studio\18\Community\VC\Tools\MSVC\14.51.36231\bin\HostX64\x64\1033;C:\Program Files\Microsoft Visual Studio\18\Community\VC\Tools\MSVC\14.51.36231\bin\HostX64\x86\1033;;;;;;;" (以前の値: "C:\Program Files\Microsoft Visual Studio\18\Community\VC\Tools\MSVC\14.51.36231\bin\HostX86\x86\1033;C:\Program Files\Microsoft Visual Studio\18\Community\VC\Tools\MSVC\14.51.36231\bin\HostX64\arm64\1033;C:\Program Files\Microsoft Visual Studio\18\Community\VC\Tools\MSVC\14.51.36231\bin\HostX64\arm\1033;C:\Program Files\Microsoft Visual Studio\18\Community\VC\Tools\MSVC\14.51.36231\bin\HostX64\x64\1033;C:\Program Files\Microsoft Visual Studio\18\Community\VC\Tools\MSVC\14.51.36231\bin\HostX64\x86\1033;;;;;;") C:\Program Files\Microsoft Visual Studio\18\Community\MSBuild\Microsoft\VC\v180\Microsoft.Cpp.Common.props (93,5)
C:\Program Files\Microsoft Visual Studio\18\Community\MSBuild\Microsoft\VC\v180\Microsoft.Cpp.Common.props(94,5): message : プロパティの再代入: $(VC_ExecutablePath_Loc)="C:\Program Files\Microsoft Visual Studio\18\Community\VC\Tools\MSVC\14.51.36231\bin\HostX86\arm64\1033;C:\Program Files\Microsoft Visual Studio\18\Community\VC\Tools\MSVC\14.51.36231\bin\HostX86\x64\1033;C:\Program Files\Microsoft Visual Studio\18\Community\VC\Tools\MSVC\14.51.36231\bin\HostX86\x86\1033;C:\Program Files\Microsoft Visual Studio\18\Community\VC\Tools\MSVC\14.51.36231\bin\HostX64\arm64\1033;C:\Program Files\Microsoft Visual Studio\18\Community\VC\Tools\MSVC\14.51.36231\bin\HostX64\arm\1033;C:\Program Files\Microsoft Visual Studio\18\Community\VC\Tools\MSVC\14.51.36231\bin\HostX64\x64\1033;C:\Program Files\Microsoft Visual Studio\18\Community\VC\Tools\MSVC\14.51.36231\bin\HostX64\x86\1033;;;;;;;;" (以前の値: "C:\Program Files\Microsoft Visual Studio\18\Community\VC\Tools\MSVC\14.51.36231\bin\HostX86\x64\1033;C:\Program Files\Microsoft Visual Studio\18\Community\VC\Tools\MSVC\14.51.36231\bin\HostX86\x86\1033;C:\Program Files\Microsoft Visual Studio\18\Community\VC\Tools\MSVC\14.51.36231\bin\HostX64\arm64\1033;C:\Program Files\Microsoft Visual Studio\18\Community\VC\Tools\MSVC\14.51.36231\bin\HostX64\arm\1033;C:\Program Files\Microsoft Visual Studio\18\Community\VC\Tools\MSVC\14.51.36231\bin\HostX64\x64\1033;C:\Program Files\Microsoft Visual Studio\18\Community\VC\Tools\MSVC\14.51.36231\bin\HostX64\x86\1033;;;;;;;") C:\Program Files\Microsoft Visual Studio\18\Community\MSBuild\Microsoft\VC\v180\Microsoft.Cpp.Common.props (94,5)
C:\Program Files\Microsoft Visual Studio\18\Community\MSBuild\Microsoft\VC\v180\Microsoft.Cpp.Common.props(95,5): message : プロパティの再代入: $(VC_ExecutablePath_Loc)="C:\Program Files\Microsoft Visual Studio\18\Community\VC\Tools\MSVC\14.51.36231\bin\HostArm64\x86\1033;C:\Program Files\Microsoft Visual Studio\18\Community\VC\Tools\MSVC\14.51.36231\bin\HostX86\arm64\1033;C:\Program Files\Microsoft Visual Studio\18\Community\VC\Tools\MSVC\14.51.36231\bin\HostX86\x64\1033;C:\Program Files\Microsoft Visual Studio\18\Community\VC\Tools\MSVC\14.51.36231\bin\HostX86\x86\1033;C:\Program Files\Microsoft Visual Studio\18\Community\VC\Tools\MSVC\14.51.36231\bin\HostX64\arm64\1033;C:\Program Files\Microsoft Visual Studio\18\Community\VC\Tools\MSVC\14.51.36231\bin\HostX64\arm\1033;C:\Program Files\Microsoft Visual Studio\18\Community\VC\Tools\MSVC\14.51.36231\bin\HostX64\x64\1033;C:\Program Files\Microsoft Visual Studio\18\Community\VC\Tools\MSVC\14.51.36231\bin\HostX64\x86\1033;;;;;;;;;" (以前の値: "C:\Program Files\Microsoft Visual Studio\18\Community\VC\Tools\MSVC\14.51.36231\bin\HostX86\arm64\1033;C:\Program Files\Microsoft Visual Studio\18\Community\VC\Tools\MSVC\14.51.36231\bin\HostX86\x64\1033;C:\Program Files\Microsoft Visual Studio\18\Community\VC\Tools\MSVC\14.51.36231\bin\HostX86\x86\1033;C:\Program Files\Microsoft Visual Studio\18\Community\VC\Tools\MSVC\14.51.36231\bin\HostX64\arm64\1033;C:\Program Files\Microsoft Visual Studio\18\Community\VC\Tools\MSVC\14.51.36231\bin\HostX64\arm\1033;C:\Program Files\Microsoft Visual Studio\18\Community\VC\Tools\MSVC\14.51.36231\bin\HostX64\x64\1033;C:\Program Files\Microsoft Visual Studio\18\Community\VC\Tools\MSVC\14.51.36231\bin\HostX64\x86\1033;;;;;;;;") C:\Program Files\Microsoft Visual Studio\18\Community\MSBuild\Microsoft\VC\v180\Microsoft.Cpp.Common.props (95,5)
C:\Program Files\Microsoft Visual Studio\18\Community\MSBuild\Microsoft\VC\v180\Microsoft.Cpp.Common.props(96,5): message : プロパティの再代入: $(VC_ExecutablePath_Loc)="C:\Program Files\Microsoft Visual Studio\18\Community\VC\Tools\MSVC\14.51.36231\bin\HostArm64\x64\1033;C:\Program Files\Microsoft Visual Studio\18\Community\VC\Tools\MSVC\14.51.36231\bin\HostArm64\x86\1033;C:\Program Files\Microsoft Visual Studio\18\Community\VC\Tools\MSVC\14.51.36231\bin\HostX86\arm64\1033;C:\Program Files\Microsoft Visual Studio\18\Community\VC\Tools\MSVC\14.51.36231\bin\HostX86\x64\1033;C:\Program Files\Microsoft Visual Studio\18\Community\VC\Tools\MSVC\14.51.36231\bin\HostX86\x86\1033;C:\Program Files\Microsoft Visual Studio\18\Community\VC\Tools\MSVC\14.51.36231\bin\HostX64\arm64\1033;C:\Program Files\Microsoft Visual Studio\18\Community\VC\Tools\MSVC\14.51.36231\bin\HostX64\arm\1033;C:\Program Files\Microsoft Visual Studio\18\Community\VC\Tools\MSVC\14.51.36231\bin\HostX64\x64\1033;C:\Program Files\Microsoft Visual Studio\18\Community\VC\Tools\MSVC\14.51.36231\bin\HostX64\x86\1033;;;;;;;;;;" (以前の値: "C:\Program Files\Microsoft Visual Studio\18\Community\VC\Tools\MSVC\14.51.36231\bin\HostArm64\x86\1033;C:\Program Files\Microsoft Visual Studio\18\Community\VC\Tools\MSVC\14.51.36231\bin\HostX86\arm64\1033;C:\Program Files\Microsoft Visual Studio\18\Community\VC\Tools\MSVC\14.51.36231\bin\HostX86\x64\1033;C:\Program Files\Microsoft Visual Studio\18\Community\VC\Tools\MSVC\14.51.36231\bin\HostX86\x86\1033;C:\Program Files\Microsoft Visual Studio\18\Community\VC\Tools\MSVC\14.51.36231\bin\HostX64\arm64\1033;C:\Program Files\Microsoft Visual Studio\18\Community\VC\Tools\MSVC\14.51.36231\bin\HostX64\arm\1033;C:\Program Files\Microsoft Visual Studio\18\Community\VC\Tools\MSVC\14.51.36231\bin\HostX64\x64\1033;C:\Program Files\Microsoft Visual Studio\18\Community\VC\Tools\MSVC\14.51.36231\bin\HostX64\x86\1033;;;;;;;;;") C:\Program Files\Microsoft Visual Studio\18\Community\MSBuild\Microsoft\VC\v180\Microsoft.Cpp.Common.props (96,5)
C:\Program Files\Microsoft Visual Studio\18\Community\MSBuild\Microsoft\VC\v180\Microsoft.Cpp.Common.props(97,5): message : プロパティの再代入: $(VC_ExecutablePath_Loc)="C:\Program Files\Microsoft Visual Studio\18\Community\VC\Tools\MSVC\14.51.36231\bin\HostArm64\arm\1033;C:\Program Files\Microsoft Visual Studio\18\Community\VC\Tools\MSVC\14.51.36231\bin\HostArm64\x64\1033;C:\Program Files\Microsoft Visual Studio\18\Community\VC\Tools\MSVC\14.51.36231\bin\HostArm64\x86\1033;C:\Program Files\Microsoft Visual Studio\18\Community\VC\Tools\MSVC\14.51.36231\bin\HostX86\arm64\1033;C:\Program Files\Microsoft Visual Studio\18\Community\VC\Tools\MSVC\14.51.36231\bin\HostX86\x64\1033;C:\Program Files\Microsoft Visual Studio\18\Community\VC\Tools\MSVC\14.51.36231\bin\HostX86\x86\1033;C:\Program Files\Microsoft Visual Studio\18\Community\VC\Tools\MSVC\14.51.36231\bin\HostX64\arm64\1033;C:\Program Files\Microsoft Visual Studio\18\Community\VC\Tools\MSVC\14.51.36231\bin\HostX64\arm\1033;C:\Program Files\Microsoft Visual Studio\18\Community\VC\Tools\MSVC\14.51.36231\bin\HostX64\x64\1033;C:\Program Files\Microsoft Visual Studio\18\Community\VC\Tools\MSVC\14.51.36231\bin\HostX64\x86\1033;;;;;;;;;;;" (以前の値: "C:\Program Files\Microsoft Visual Studio\18\Community\VC\Tools\MSVC\14.51.36231\bin\HostArm64\x64\1033;C:\Program Files\Microsoft Visual Studio\18\Community\VC\Tools\MSVC\14.51.36231\bin\HostArm64\x86\1033;C:\Program Files\Microsoft Visual Studio\18\Community\VC\Tools\MSVC\14.51.36231\bin\HostX86\arm64\1033;C:\Program Files\Microsoft Visual Studio\18\Community\VC\Tools\MSVC\14.51.36231\bin\HostX86\x64\1033;C:\Program Files\Microsoft Visual Studio\18\Community\VC\Tools\MSVC\14.51.36231\bin\HostX86\x86\1033;C:\Program Files\Microsoft Visual Studio\18\Community\VC\Tools\MSVC\14.51.36231\bin\HostX64\arm64\1033;C:\Program Files\Microsoft Visual Studio\18\Community\VC\Tools\MSVC\14.51.36231\bin\HostX64\arm\1033;C:\Program Files\Microsoft Visual Studio\18\Community\VC\Tools\MSVC\14.51.36231\bin\HostX64\x64\1033;C:\Program Files\Microsoft Visual Studio\18\Community\VC\Tools\MSVC\14.51.36231\bin\HostX64\x86\1033;;;;;;;;;;") C:\Program Files\Microsoft Visual Studio\18\Community\MSBuild\Microsoft\VC\v180\Microsoft.Cpp.Common.props (97,5)
C:\Program Files\Microsoft Visual Studio\18\Community\MSBuild\Microsoft\VC\v180\Microsoft.Cpp.Common.props(98,5): message : プロパティの再代入: $(VC_ExecutablePath_Loc)="C:\Program Files\Microsoft Visual Studio\18\Community\VC\Tools\MSVC\14.51.36231\bin\HostArm64\arm64\1033;C:\Program Files\Microsoft Visual Studio\18\Community\VC\Tools\MSVC\14.51.36231\bin\HostArm64\arm\1033;C:\Program Files\Microsoft Visual Studio\18\Community\VC\Tools\MSVC\14.51.36231\bin\HostArm64\x64\1033;C:\Program Files\Microsoft Visual Studio\18\Community\VC\Tools\MSVC\14.51.36231\bin\HostArm64\x86\1033;C:\Program Files\Microsoft Visual Studio\18\Community\VC\Tools\MSVC\14.51.36231\bin\HostX86\arm64\1033;C:\Program Files\Microsoft Visual Studio\18\Community\VC\Tools\MSVC\14.51.36231\bin\HostX86\x64\1033;C:\Program Files\Microsoft Visual Studio\18\Community\VC\Tools\MSVC\14.51.36231\bin\HostX86\x86\1033;C:\Program Files\Microsoft Visual Studio\18\Community\VC\Tools\MSVC\14.51.36231\bin\HostX64\arm64\1033;C:\Program Files\Microsoft Visual Studio\18\Community\VC\Tools\MSVC\14.51.36231\bin\HostX64\arm\1033;C:\Program Files\Microsoft Visual Studio\18\Community\VC\Tools\MSVC\14.51.36231\bin\HostX64\x64\1033;C:\Program Files\Microsoft Visual Studio\18\Community\VC\Tools\MSVC\14.51.36231\bin\HostX64\x86\1033;;;;;;;;;;;;" (以前の値: "C:\Program Files\Microsoft Visual Studio\18\Community\VC\Tools\MSVC\14.51.36231\bin\HostArm64\arm\1033;C:\Program Files\Microsoft Visual Studio\18\Community\VC\Tools\MSVC\14.51.36231\bin\HostArm64\x64\1033;C:\Program Files\Microsoft Visual Studio\18\Community\VC\Tools\MSVC\14.51.36231\bin\HostArm64\x86\1033;C:\Program Files\Microsoft Visual Studio\18\Community\VC\Tools\MSVC\14.51.36231\bin\HostX86\arm64\1033;C:\Program Files\Microsoft Visual Studio\18\Community\VC\Tools\MSVC\14.51.36231\bin\HostX86\x64\1033;C:\Program Files\Microsoft Visual Studio\18\Community\VC\Tools\MSVC\14.51.36231\bin\HostX86\x86\1033;C:\Program Files\Microsoft Visual Studio\18\Community\VC\Tools\MSVC\14.51.36231\bin\HostX64\arm64\1033;C:\Program Files\Microsoft Visual Studio\18\Community\VC\Tools\MSVC\14.51.36231\bin\HostX64\arm\1033;C:\Program Files\Microsoft Visual Studio\18\Community\VC\Tools\MSVC\14.51.36231\bin\HostX64\x64\1033;C:\Program Files\Microsoft Visual Studio\18\Community\VC\Tools\MSVC\14.51.36231\bin\HostX64\x86\1033;;;;;;;;;;;") C:\Program Files\Microsoft Visual Studio\18\Community\MSBuild\Microsoft\VC\v180\Microsoft.Cpp.Common.props (98,5)
C:\Program Files\Microsoft Visual Studio\18\Community\MSBuild\Microsoft\VC\v180\Microsoft.Cpp.Common.props(146,5): message : 環境から展開された 'MSI' 値を持つプロパティ 'COMPUTERNAME'。
C:\Program Files\Microsoft Visual Studio\18\Community\MSBuild\Microsoft\VC\v180\Microsoft.Cpp.Common.props(152,5): message : プロパティの再代入: $(RemoteDebuggerDeployDebugCppRuntime)="true" (以前の値: "false") C:\Program Files\Microsoft Visual Studio\18\Community\MSBuild\Microsoft\VC\v180\Microsoft.Cpp.Common.props (152,5)
C:\Program Files\Microsoft Visual Studio\18\Community\MSBuild\Microsoft\VC\v180\Microsoft.Cpp.Common.props(213,5): message : プロパティの再代入: $(MultiProcMaxCount)="0" (以前の値: "") C:\Program Files\Microsoft Visual Studio\18\Community\MSBuild\Microsoft\VC\v180\Microsoft.Cpp.Common.props (213,5)
C:\Program Files\Microsoft Visual Studio\18\Community\MSBuild\Microsoft\VC\v180\Microsoft.Cpp.Analysis.props(29,5): message : プロパティの再代入: $(MsvcAnalysisToolsPath)="C:\Program Files\Microsoft Visual Studio\18\Community\VC\Tools\MSVC\14.51.36231\bin\HostX86\x64" (以前の値: "C:\Program Files\Microsoft Visual Studio\18\Community\VC\Tools\MSVC\14.51.36231\bin\HostX64\x64") C:\Program Files\Microsoft Visual Studio\18\Community\MSBuild\Microsoft\VC\v180\Microsoft.Cpp.Analysis.props (29,5)
C:\Program Files\Microsoft Visual Studio\18\Community\MSBuild\Microsoft\VC\v180\Microsoft.Cpp.Analysis.props(33,5): message : プロパティの再代入: $(MsvcAnalysisPluginPath)="C:\Program Files\Microsoft Visual Studio\18\Community\VC\Tools\MSVC\14.51.36231\bin\HostX86\x64" (以前の値: "C:\Program Files\Microsoft Visual Studio\18\Community\VC\Tools\MSVC\14.51.36231\bin\HostX64\x64") C:\Program Files\Microsoft Visual Studio\18\Community\MSBuild\Microsoft\VC\v180\Microsoft.Cpp.Analysis.props (33,5)
C:\Program Files\Microsoft Visual Studio\18\Community\MSBuild\Microsoft\VC\v180\Microsoft.CodeAnalysis.Extensions.props(21,5): message : プロパティの再代入: $(EspXtensions)="EnumIndex.dll;CppCoreCheck.dll;" (以前の値: "CppCoreCheck.dll;") C:\Program Files\Microsoft Visual Studio\18\Community\MSBuild\Microsoft\VC\v180\Microsoft.CodeAnalysis.Extensions.props (21,5)
C:\Program Files\Microsoft Visual Studio\18\Community\MSBuild\Microsoft\VC\v180\Microsoft.CodeAnalysis.Extensions.props(24,5): message : プロパティの再代入: $(EspXtensions)="HResultCheck.dll;EnumIndex.dll;CppCoreCheck.dll;" (以前の値: "EnumIndex.dll;CppCoreCheck.dll;") C:\Program Files\Microsoft Visual Studio\18\Community\MSBuild\Microsoft\VC\v180\Microsoft.CodeAnalysis.Extensions.props (24,5)
C:\Program Files\Microsoft Visual Studio\18\Community\MSBuild\Microsoft\VC\v180\Microsoft.CodeAnalysis.Extensions.props(27,5): message : プロパティの再代入: $(EspXtensions)="VariantClear.dll;HResultCheck.dll;EnumIndex.dll;CppCoreCheck.dll;" (以前の値: "HResultCheck.dll;EnumIndex.dll;CppCoreCheck.dll;") C:\Program Files\Microsoft Visual Studio\18\Community\MSBuild\Microsoft\VC\v180\Microsoft.CodeAnalysis.Extensions.props (27,5)
C:\Program Files\Microsoft Visual Studio\18\Community\MSBuild\Microsoft\VC\v180\Microsoft.CodeAnalysis.Extensions.props(33,5): message : プロパティの再代入: $(ConcurrencyCheckPath)="C:\Program Files\Microsoft Visual Studio\18\Community\VC\Tools\MSVC\14.51.36231\bin\HostX86\x64\ConcurrencyCheck.dll" (以前の値: "C:\Program Files\Microsoft Visual Studio\18\Community\VC\Tools\MSVC\14.51.36231\bin\HostX86\x86\ConcurrencyCheck.dll") C:\Program Files\Microsoft Visual Studio\18\Community\MSBuild\Microsoft\VC\v180\Microsoft.CodeAnalysis.Extensions.props (33,5)
C:\Program Files\Microsoft Visual Studio\18\Community\MSBuild\Microsoft\VC\v180\Microsoft.CodeAnalysis.Extensions.props(34,5): message : プロパティの再代入: $(EspXtensions)="ConcurrencyCheck.dll;VariantClear.dll;HResultCheck.dll;EnumIndex.dll;CppCoreCheck.dll;" (以前の値: "VariantClear.dll;HResultCheck.dll;EnumIndex.dll;CppCoreCheck.dll;") C:\Program Files\Microsoft Visual Studio\18\Community\MSBuild\Microsoft\VC\v180\Microsoft.CodeAnalysis.Extensions.props (34,5)
C:\Program Files\Microsoft Visual Studio\18\Community\MSBuild\Microsoft\VC\v180\Microsoft.Cpp.UnitTest.props(17,5): message : プロパティの再代入: $(VC_IncludePath)="C:\Program Files\Microsoft Visual Studio\18\Community\VC\Tools\MSVC\14.51.36231\include;;C:\Program Files\Microsoft Visual Studio\18\Community\VC\Tools\MSVC\14.51.36231\atlmfc\include;;C:\Program Files\Microsoft Visual Studio\18\Community\VC\Auxiliary\VS\include;;C:\Program Files (x86)\Windows Kits\10\Include\10.0.26100.0\ucrt;;;C:\Program Files\Microsoft Visual Studio\18\Community\VC\Auxiliary\VS\UnitTest\include" (以前の値: "C:\Program Files\Microsoft Visual Studio\18\Community\VC\Tools\MSVC\14.51.36231\include;;C:\Program Files\Microsoft Visual Studio\18\Community\VC\Tools\MSVC\14.51.36231\atlmfc\include;;C:\Program Files\Microsoft Visual Studio\18\Community\VC\Auxiliary\VS\include;;C:\Program Files (x86)\Windows Kits\10\Include\10.0.26100.0\ucrt;;") C:\Program Files\Microsoft Visual Studio\18\Community\MSBuild\Microsoft\VC\v180\Microsoft.Cpp.UnitTest.props (17,5)
C:\Program Files\Microsoft Visual Studio\18\Community\MSBuild\Microsoft\VC\v180\Microsoft.Cpp.UnitTest.props(19,5): message : プロパティの再代入: $(VC_LibraryPath_x86)="C:\Program Files\Microsoft Visual Studio\18\Community\VC\Tools\MSVC\14.51.36231\lib\x86;;C:\Program Files\Microsoft Visual Studio\18\Community\VC\Tools\MSVC\14.51.36231\atlmfc\lib\x86;;C:\Program Files\Microsoft Visual Studio\18\Community\VC\Auxiliary\VS\lib\x86;;C:\Program Files (x86)\Windows Kits\10\lib\10.0.26100.0\ucrt\x86;;;C:\Program Files\Microsoft Visual Studio\18\Community\VC\Auxiliary\VS\UnitTest\lib" (以前の値: "C:\Program Files\Microsoft Visual Studio\18\Community\VC\Tools\MSVC\14.51.36231\lib\x86;;C:\Program Files\Microsoft Visual Studio\18\Community\VC\Tools\MSVC\14.51.36231\atlmfc\lib\x86;;C:\Program Files\Microsoft Visual Studio\18\Community\VC\Auxiliary\VS\lib\x86;;C:\Program Files (x86)\Windows Kits\10\lib\10.0.26100.0\ucrt\x86;;") C:\Program Files\Microsoft Visual Studio\18\Community\MSBuild\Microsoft\VC\v180\Microsoft.Cpp.UnitTest.props (19,5)
C:\Program Files\Microsoft Visual Studio\18\Community\MSBuild\Microsoft\VC\v180\Microsoft.Cpp.UnitTest.props(20,5): message : プロパティの再代入: $(VC_LibraryPath_x64)="C:\Program Files\Microsoft Visual Studio\18\Community\VC\Tools\MSVC\14.51.36231\lib\x64;;C:\Program Files\Microsoft Visual Studio\18\Community\VC\Tools\MSVC\14.51.36231\atlmfc\lib\x64;;C:\Program Files\Microsoft Visual Studio\18\Community\VC\Auxiliary\VS\lib\x64;;C:\Program Files (x86)\Windows Kits\10\lib\10.0.26100.0\ucrt\x64;;;C:\Program Files\Microsoft Visual Studio\18\Community\VC\Auxiliary\VS\UnitTest\lib" (以前の値: "C:\Program Files\Microsoft Visual Studio\18\Community\VC\Tools\MSVC\14.51.36231\lib\x64;;C:\Program Files\Microsoft Visual Studio\18\Community\VC\Tools\MSVC\14.51.36231\atlmfc\lib\x64;;C:\Program Files\Microsoft Visual Studio\18\Community\VC\Auxiliary\VS\lib\x64;;C:\Program Files (x86)\Windows Kits\10\lib\10.0.26100.0\ucrt\x64;;") C:\Program Files\Microsoft Visual Studio\18\Community\MSBuild\Microsoft\VC\v180\Microsoft.Cpp.UnitTest.props (20,5)
C:\Program Files\Microsoft Visual Studio\18\Community\MSBuild\Microsoft\VC\v180\Microsoft.Cpp.UnitTest.props(21,5): message : プロパティの再代入: $(VC_LibraryPath_ARM)="C:\Program Files\Microsoft Visual Studio\18\Community\VC\Tools\MSVC\14.51.36231\lib\ARM;;C:\Program Files\Microsoft Visual Studio\18\Community\VC\Tools\MSVC\14.51.36231\atlmfc\lib\ARM;;C:\Program Files\Microsoft Visual Studio\18\Community\VC\Auxiliary\VS\lib\ARM;;C:\Program Files (x86)\Windows Kits\10\lib\10.0.26100.0\ucrt\arm;;;C:\Program Files\Microsoft Visual Studio\18\Community\VC\Auxiliary\VS\UnitTest\lib" (以前の値: "C:\Program Files\Microsoft Visual Studio\18\Community\VC\Tools\MSVC\14.51.36231\lib\ARM;;C:\Program Files\Microsoft Visual Studio\18\Community\VC\Tools\MSVC\14.51.36231\atlmfc\lib\ARM;;C:\Program Files\Microsoft Visual Studio\18\Community\VC\Auxiliary\VS\lib\ARM;;C:\Program Files (x86)\Windows Kits\10\lib\10.0.26100.0\ucrt\arm;;") C:\Program Files\Microsoft Visual Studio\18\Community\MSBuild\Microsoft\VC\v180\Microsoft.Cpp.UnitTest.props (21,5)
C:\Program Files\Microsoft Visual Studio\18\Community\MSBuild\Microsoft\VC\v180\Microsoft.Cpp.UnitTest.props(22,5): message : プロパティの再代入: $(VC_LibraryPath_ARM64)="C:\Program Files\Microsoft Visual Studio\18\Community\VC\Tools\MSVC\14.51.36231\lib\ARM64;;C:\Program Files\Microsoft Visual Studio\18\Community\VC\Tools\MSVC\14.51.36231\atlmfc\lib\ARM64;;;C:\Program Files (x86)\Windows Kits\10\lib\10.0.26100.0\ucrt\arm64;;;C:\Program Files\Microsoft Visual Studio\18\Community\VC\Auxiliary\VS\UnitTest\lib" (以前の値: "C:\Program Files\Microsoft Visual Studio\18\Community\VC\Tools\MSVC\14.51.36231\lib\ARM64;;C:\Program Files\Microsoft Visual Studio\18\Community\VC\Tools\MSVC\14.51.36231\atlmfc\lib\ARM64;;;C:\Program Files (x86)\Windows Kits\10\lib\10.0.26100.0\ucrt\arm64;;") C:\Program Files\Microsoft Visual Studio\18\Community\MSBuild\Microsoft\VC\v180\Microsoft.Cpp.UnitTest.props (22,5)
C:\Program Files\Microsoft Visual Studio\18\Community\MSBuild\Microsoft\VC\v180\Microsoft.Cpp.unicodesupport.props(15,5): message : プロパティの再代入: $(_PropertySheetDisplayName)="Unicode Support" (以前の値: "Core Windows Libraries") C:\Program Files\Microsoft Visual Studio\18\Community\MSBuild\Microsoft\VC\v180\Microsoft.Cpp.unicodesupport.props (15,5)
C:\Program Files\Microsoft Visual Studio\18\Community\MSBuild\Microsoft\VC\v180\Microsoft.Cpp.MSVC.Toolset.Common.props(55,5): message : 環境から展開された 'C:/Users/k023g/.gemini/antigravity/bin;C:\Users\k023g\AppData\Roaming\Antigravity\bin;C:\Python27\;C:\Python27\Scripts;C:\Program Files\Microsoft\jdk-11.0.16.101-hotspot\bin;C:\Windows\system32;C:\Windows;C:\Windows\System32\Wbem;C:\Windows\System32\WindowsPowerShell\v1.0\;C:\Windows\System32\OpenSSH\;C:\Program Files\Microsoft SQL Server\150\Tools\Binn\;C:\WINDOWS\system32;C:\WINDOWS;C:\WINDOWS\System32\Wbem;C:\WINDOWS\System32\WindowsPowerShell\v1.0\;C:\WINDOWS\System32\OpenSSH\;C:\Program Files\Microsoft SQL Server\Client SDK\ODBC\170\Tools\Binn\;C:\Program Files (x86)\NVIDIA Corporation\PhysX\Common;C:\Program Files\nodejs\;C:\ProgramData\chocolatey\bin;C:\Program Files (x86)\Windows Kits\10\Windows Performance Toolkit\;C:\Users\k023g\source\repos\2024_PG3\tools\premake5.exe;C:\Program Files\Git LFS;C:\Program Files\NVIDIA Corporation\NVIDIA App\NvDLISR;C:\Program Files\Microsoft SQL Server\170\Tools\Binn\;C:\Program Files\CMake\bin;C:\Program Files\LLVM\bin;C:\Program Files (x86)\LLVM\bin;C:\Program Files\Git\cmd;C:\Program Files\dotnet\;C:\Program Files (x86)\mingw64\bin;C:\Program Files\PowerShell\7\;C:\Users\k023g\AppData\Local\Programs\Python\Python313\Scripts\;C:\Users\k023g\AppData\Local\Programs\Python\Python313\;C:\Users\k023g\source\repos\2024B_GE_ET1\cocos2d-x\templates;C:\Users\k023g\source\repos\2024B_GE_ET1\cocos2d-x\tools\cocos2d-console\bin;C:\Users\k023g\AppData\Local\Programs\Python\Python39\Scripts\;C:\Users\k023g\AppData\Local\Programs\Python\Python39\;C:\Users\k023g\AppData\Local\Microsoft\WindowsApps;C:\Users\k023g\AppData\Local\Programs\Microsoft VS Code\bin;C:\Users\k023g\AppData\Local\GitHubDesktop\bin;C:\Users\k023g\AppData\Roaming\npm;C:\Users\k023g\source\repos\2024B_GE_ET1\cocos2d-x;C:\Users\k023g\AppData\Local\Programs\Antigravity\bin;C:\Users\k023g\.dotnet\tools;C:\Users\k023g\AppData\Local\Python\bin;C:\tools;C:\Users\k023g\AppData\Local\Programs\Antigravity IDE\bin' 値を持つプロパティ 'PATH'。
C:\Program Files\Microsoft Visual Studio\18\Community\MSBuild\Microsoft\VC\v180\Microsoft.Cpp.MSVC.Toolset.Common.props(56,5): message : 環境から展開された 'C:\WINDOWS' 値を持つプロパティ 'SystemRoot'。
C:\Users\k023g\source\repos\TD4-2-Clone2\Project\Externals\ImGui\ImGui.vcxproj(57,5): message : プロパティの再代入: $(OutDir)="C:\Users\k023g\source\repos\TD4-2-Clone2\Project\Externals\ImGui\..\..\..\Generated\Outputs\Debug\" (以前の値: "C:\Users\k023g\source\repos\TD4-2-Clone2\Project\x64\Debug\") C:\Users\k023g\source\repos\TD4-2-Clone2\Project\Externals\ImGui\ImGui.vcxproj (57,5)
C:\Users\k023g\source\repos\TD4-2-Clone2\Project\Externals\ImGui\ImGui.vcxproj(58,5): message : プロパティの再代入: $(IntDir)="C:\Users\k023g\source\repos\TD4-2-Clone2\Project\Externals\ImGui\..\..\..\Generated\Obj\Debug\ImGui\" (以前の値: "x64\Debug\") C:\Users\k023g\source\repos\TD4-2-Clone2\Project\Externals\ImGui\ImGui.vcxproj (58,5)
"SolutionExt" プロパティはグローバル プロパティであり、変更できません。
C:\Program Files\Microsoft Visual Studio\18\Community\MSBuild\Microsoft\VC\v180\Microsoft.CppCommon.targets(40,5): message : プロパティの再代入: $(ExtensionsToDeleteOnClean)="*.cdf;*.cache;*.obj;*.obj.enc;*.ilk;*.ipdb;*.iobj;*.resources;*.tlb;*.tli;*.tlh;*.tmp;*.rsp;*.pgc;*.pgd;*.meta;*.tlog;*.manifest;*.res;*.pch;*.exp;*.idb;*.rep;*.xdc;*.pdb;*_manifest.rc;*.bsc;*.sbr;*.xml;*.metagen;*.bi;C:\Users\k023g\source\repos\TD4-2-Clone2\Generated\Outputs\Debug\ImGui.lib.manifest;C:\Users\k023g\source\repos\TD4-2-Clone2\Project\Externals\ImGui\..\..\..\Generated\Outputs\Debug\ImGui.tlb;C:\Users\k023g\source\repos\TD4-2-Clone2\Project\Externals\ImGui\..\..\..\Generated\Outputs\Debug\ImGui.pdb;C:\Users\k023g\source\repos\TD4-2-Clone2\Generated\Outputs\Debug\ImGui.lib;C:\Users\k023g\source\repos\TD4-2-Clone2\Project\Externals\ImGui\..\..\..\Generated\Outputs\Debug\ImGui.bsc;C:\Users\k023g\source\repos\TD4-2-Clone2\Project\Externals\ImGui\..\..\..\Generated\Outputs\Debug\ImGui.ilk;C:\Users\k023g\source\repos\TD4-2-Clone2\Generated\Outputs\Debug\ImGui.lib.intermediate.manifest;C:\Users\k023g\source\repos\TD4-2-Clone2\Project\Externals\ImGui\..\..\..\Generated\Obj\Debug\ImGui\ImGui.vcxproj.FileListAbsolute.txt" (以前の値: "*.cdf;*.cache;*.obj;*.obj.enc;*.ilk;*.ipdb;*.iobj;*.resources;*.tlb;*.tli;*.tlh;*.tmp;*.rsp;*.pgc;*.pgd;*.meta;*.tlog;*.manifest;*.res;*.pch;*.exp;*.idb;*.rep;*.xdc;*.pdb;*_manifest.rc;*.bsc;*.sbr;*.xml;*.metagen;*.bi") C:\Program Files\Microsoft Visual Studio\18\Community\MSBuild\Microsoft\VC\v180\Microsoft.CppCommon.targets (40,5)
C:\Program Files\Microsoft Visual Studio\18\Community\MSBuild\Microsoft\VC\v180\Microsoft.BuildSteps.Targets(32,5): message : プロパティの再代入: $(DebugType)="none" (以前の値: "") C:\Program Files\Microsoft Visual Studio\18\Community\MSBuild\Microsoft\VC\v180\Microsoft.BuildSteps.Targets (32,5)
$(MSBuildExtensionsPath) で使用されている検索パスは C:\Program Files\Microsoft Visual Studio\18\Community\MSBuild;$(MSBuildProgramFiles32)\MSBuild です
$(MSBuildExtensionsPath) で使用されている検索パスは C:\Program Files\Microsoft Visual Studio\18\Community\MSBuild;$(MSBuildProgramFiles32)\MSBuild です
拡張パス C:\Program Files\Microsoft Visual Studio\18\Community\MSBuild を使用して C:\Program Files\Microsoft Visual Studio\18\Community\MSBuild\$(MSBuildToolsVersion)\Microsoft.Common.targets\ImportBefore\* をインポートしようとしています
"Configuration" プロパティはグローバル プロパティであり、変更できません。
C:\Program Files\Microsoft Visual Studio\18\Community\MSBuild\Current\Bin\Microsoft.Common.CurrentVersion.targets(185,5): message : プロパティの再代入: $(_DocumentationFileProduced)="false" (以前の値: "true") C:\Program Files\Microsoft Visual Studio\18\Community\MSBuild\Current\Bin\Microsoft.Common.CurrentVersion.targets (185,5)
"SolutionName" プロパティはグローバル プロパティであり、変更できません。
"SolutionFileName" プロパティはグローバル プロパティであり、変更できません。
"SolutionPath" プロパティはグローバル プロパティであり、変更できません。
"SolutionDir" プロパティはグローバル プロパティであり、変更できません。
"SolutionExt" プロパティはグローバル プロパティであり、変更できません。
C:\Program Files\Microsoft Visual Studio\18\Community\MSBuild\Current\Bin\Microsoft.Common.CurrentVersion.targets(393,5): message : プロパティの再代入: $(MSBuildCopyMarkerName)="ImGui.vcxproj.Up2Date" (以前の値: "ImGui.vcxproj") C:\Program Files\Microsoft Visual Studio\18\Community\MSBuild\Current\Bin\Microsoft.Common.CurrentVersion.targets (393,5)
C:\Program Files\Microsoft Visual Studio\18\Community\MSBuild\Current\Bin\Microsoft.Common.CurrentVersion.targets(528,5): message : プロパティの再代入: $(ProcessorArchitecture)="amd64" (以前の値: "x64") C:\Program Files\Microsoft Visual Studio\18\Community\MSBuild\Current\Bin\Microsoft.Common.CurrentVersion.targets (528,5)
C:\Program Files\Microsoft Visual Studio\18\Community\MSBuild\Current\Bin\Microsoft.Common.CurrentVersion.targets(562,42): message : 環境から展開された 'C:\Program Files\MSBuild' 値を持つプロパティ 'MSBuildExtensionsPath64'。
C:\Program Files\Microsoft Visual Studio\18\Community\MSBuild\Current\Bin\Microsoft.Common.CurrentVersion.targets(580,5): message : プロパティの再代入: $(DelaySign)="" (以前の値: "false") C:\Program Files\Microsoft Visual Studio\18\Community\MSBuild\Current\Bin\Microsoft.Common.CurrentVersion.targets (580,5)
C:\Program Files\Microsoft Visual Studio\18\Community\MSBuild\Current\Bin\Microsoft.Common.CurrentVersion.targets(649,5): message : プロパティの再代入: $(AssemblySearchPaths)="{CandidateAssemblyFiles};C:\Program Files\Microsoft Visual Studio\18\Community\VC\Tools\MSVC\14.51.36231\atlmfc\lib\x64;;C:\Program Files\Microsoft Visual Studio\18\Community\VC\Tools\MSVC\14.51.36231\lib\x64;" (以前の値: "{CandidateAssemblyFiles}") C:\Program Files\Microsoft Visual Studio\18\Community\MSBuild\Current\Bin\Microsoft.Common.CurrentVersion.targets (649,5)
C:\Program Files\Microsoft Visual Studio\18\Community\MSBuild\Current\Bin\Microsoft.Common.CurrentVersion.targets(650,5): message : プロパティの再代入: $(AssemblySearchPaths)="{CandidateAssemblyFiles};C:\Program Files\Microsoft Visual Studio\18\Community\VC\Tools\MSVC\14.51.36231\atlmfc\lib\x64;;C:\Program Files\Microsoft Visual Studio\18\Community\VC\Tools\MSVC\14.51.36231\lib\x64;;{HintPathFromItem}" (以前の値: "{CandidateAssemblyFiles};C:\Program Files\Microsoft Visual Studio\18\Community\VC\Tools\MSVC\14.51.36231\atlmfc\lib\x64;;C:\Program Files\Microsoft Visual Studio\18\Community\VC\Tools\MSVC\14.51.36231\lib\x64;") C:\Program Files\Microsoft Visual Studio\18\Community\MSBuild\Current\Bin\Microsoft.Common.CurrentVersion.targets (650,5)
C:\Program Files\Microsoft Visual Studio\18\Community\MSBuild\Current\Bin\Microsoft.Common.CurrentVersion.targets(651,5): message : プロパティの再代入: $(AssemblySearchPaths)="{CandidateAssemblyFiles};C:\Program Files\Microsoft Visual Studio\18\Community\VC\Tools\MSVC\14.51.36231\atlmfc\lib\x64;;C:\Program Files\Microsoft Visual Studio\18\Community\VC\Tools\MSVC\14.51.36231\lib\x64;;{HintPathFromItem};{TargetFrameworkDirectory}" (以前の値: "{CandidateAssemblyFiles};C:\Program Files\Microsoft Visual Studio\18\Community\VC\Tools\MSVC\14.51.36231\atlmfc\lib\x64;;C:\Program Files\Microsoft Visual Studio\18\Community\VC\Tools\MSVC\14.51.36231\lib\x64;;{HintPathFromItem}") C:\Program Files\Microsoft Visual Studio\18\Community\MSBuild\Current\Bin\Microsoft.Common.CurrentVersion.targets (651,5)
C:\Program Files\Microsoft Visual Studio\18\Community\MSBuild\Current\Bin\Microsoft.Common.CurrentVersion.targets(652,5): message : プロパティの再代入: $(AssemblySearchPaths)="{CandidateAssemblyFiles};C:\Program Files\Microsoft Visual Studio\18\Community\VC\Tools\MSVC\14.51.36231\atlmfc\lib\x64;;C:\Program Files\Microsoft Visual Studio\18\Community\VC\Tools\MSVC\14.51.36231\lib\x64;;{HintPathFromItem};{TargetFrameworkDirectory};{AssemblyFoldersFromConfig:C:\Program Files\Microsoft Visual Studio\18\Community\MSBuild\Current\Bin\AssemblyFolders.config,};" (以前の値: "{CandidateAssemblyFiles};C:\Program Files\Microsoft Visual Studio\18\Community\VC\Tools\MSVC\14.51.36231\atlmfc\lib\x64;;C:\Program Files\Microsoft Visual Studio\18\Community\VC\Tools\MSVC\14.51.36231\lib\x64;;{HintPathFromItem};{TargetFrameworkDirectory}") C:\Program Files\Microsoft Visual Studio\18\Community\MSBuild\Current\Bin\Microsoft.Common.CurrentVersion.targets (652,5)
C:\Program Files\Microsoft Visual Studio\18\Community\MSBuild\Current\Bin\Microsoft.Common.CurrentVersion.targets(653,5): message : プロパティの再代入: $(AssemblySearchPaths)="{CandidateAssemblyFiles};C:\Program Files\Microsoft Visual Studio\18\Community\VC\Tools\MSVC\14.51.36231\atlmfc\lib\x64;;C:\Program Files\Microsoft Visual Studio\18\Community\VC\Tools\MSVC\14.51.36231\lib\x64;;{HintPathFromItem};{TargetFrameworkDirectory};{AssemblyFoldersFromConfig:C:\Program Files\Microsoft Visual Studio\18\Community\MSBuild\Current\Bin\AssemblyFolders.config,};;{Registry:Software\Microsoft\,,AssemblyFoldersEx}" (以前の値: "{CandidateAssemblyFiles};C:\Program Files\Microsoft Visual Studio\18\Community\VC\Tools\MSVC\14.51.36231\atlmfc\lib\x64;;C:\Program Files\Microsoft Visual Studio\18\Community\VC\Tools\MSVC\14.51.36231\lib\x64;;{HintPathFromItem};{TargetFrameworkDirectory};{AssemblyFoldersFromConfig:C:\Program Files\Microsoft Visual Studio\18\Community\MSBuild\Current\Bin\AssemblyFolders.config,};") C:\Program Files\Microsoft Visual Studio\18\Community\MSBuild\Current\Bin\Microsoft.Common.CurrentVersion.targets (653,5)
C:\Program Files\Microsoft Visual Studio\18\Community\MSBuild\Current\Bin\Microsoft.Common.CurrentVersion.targets(654,5): message : プロパティの再代入: $(AssemblySearchPaths)="{CandidateAssemblyFiles};C:\Program Files\Microsoft Visual Studio\18\Community\VC\Tools\MSVC\14.51.36231\atlmfc\lib\x64;;C:\Program Files\Microsoft Visual Studio\18\Community\VC\Tools\MSVC\14.51.36231\lib\x64;;{HintPathFromItem};{TargetFrameworkDirectory};{AssemblyFoldersFromConfig:C:\Program Files\Microsoft Visual Studio\18\Community\MSBuild\Current\Bin\AssemblyFolders.config,};;{Registry:Software\Microsoft\,,AssemblyFoldersEx};{AssemblyFolders}" (以前の値: "{CandidateAssemblyFiles};C:\Program Files\Microsoft Visual Studio\18\Community\VC\Tools\MSVC\14.51.36231\atlmfc\lib\x64;;C:\Program Files\Microsoft Visual Studio\18\Community\VC\Tools\MSVC\14.51.36231\lib\x64;;{HintPathFromItem};{TargetFrameworkDirectory};{AssemblyFoldersFromConfig:C:\Program Files\Microsoft Visual Studio\18\Community\MSBuild\Current\Bin\AssemblyFolders.config,};;{Registry:Software\Microsoft\,,AssemblyFoldersEx}") C:\Program Files\Microsoft Visual Studio\18\Community\MSBuild\Current\Bin\Microsoft.Common.CurrentVersion.targets (654,5)
C:\Program Files\Microsoft Visual Studio\18\Community\MSBuild\Current\Bin\Microsoft.Common.CurrentVersion.targets(655,5): message : プロパティの再代入: $(AssemblySearchPaths)="{CandidateAssemblyFiles};C:\Program Files\Microsoft Visual Studio\18\Community\VC\Tools\MSVC\14.51.36231\atlmfc\lib\x64;;C:\Program Files\Microsoft Visual Studio\18\Community\VC\Tools\MSVC\14.51.36231\lib\x64;;{HintPathFromItem};{TargetFrameworkDirectory};{AssemblyFoldersFromConfig:C:\Program Files\Microsoft Visual Studio\18\Community\MSBuild\Current\Bin\AssemblyFolders.config,};;{Registry:Software\Microsoft\,,AssemblyFoldersEx};{AssemblyFolders};{GAC}" (以前の値: "{CandidateAssemblyFiles};C:\Program Files\Microsoft Visual Studio\18\Community\VC\Tools\MSVC\14.51.36231\atlmfc\lib\x64;;C:\Program Files\Microsoft Visual Studio\18\Community\VC\Tools\MSVC\14.51.36231\lib\x64;;{HintPathFromItem};{TargetFrameworkDirectory};{AssemblyFoldersFromConfig:C:\Program Files\Microsoft Visual Studio\18\Community\MSBuild\Current\Bin\AssemblyFolders.config,};;{Registry:Software\Microsoft\,,AssemblyFoldersEx};{AssemblyFolders}") C:\Program Files\Microsoft Visual Studio\18\Community\MSBuild\Current\Bin\Microsoft.Common.CurrentVersion.targets (655,5)
C:\Program Files\Microsoft Visual Studio\18\Community\MSBuild\Current\Bin\Microsoft.Common.CurrentVersion.targets(656,5): message : プロパティの再代入: $(AssemblySearchPaths)="{CandidateAssemblyFiles};C:\Program Files\Microsoft Visual Studio\18\Community\VC\Tools\MSVC\14.51.36231\atlmfc\lib\x64;;C:\Program Files\Microsoft Visual Studio\18\Community\VC\Tools\MSVC\14.51.36231\lib\x64;;{HintPathFromItem};{TargetFrameworkDirectory};{AssemblyFoldersFromConfig:C:\Program Files\Microsoft Visual Studio\18\Community\MSBuild\Current\Bin\AssemblyFolders.config,};;{Registry:Software\Microsoft\,,AssemblyFoldersEx};{AssemblyFolders};{GAC};{RawFileName}" (以前の値: "{CandidateAssemblyFiles};C:\Program Files\Microsoft Visual Studio\18\Community\VC\Tools\MSVC\14.51.36231\atlmfc\lib\x64;;C:\Program Files\Microsoft Visual Studio\18\Community\VC\Tools\MSVC\14.51.36231\lib\x64;;{HintPathFromItem};{TargetFrameworkDirectory};{AssemblyFoldersFromConfig:C:\Program Files\Microsoft Visual Studio\18\Community\MSBuild\Current\Bin\AssemblyFolders.config,};;{Registry:Software\Microsoft\,,AssemblyFoldersEx};{AssemblyFolders};{GAC}") C:\Program Files\Microsoft Visual Studio\18\Community\MSBuild\Current\Bin\Microsoft.Common.CurrentVersion.targets (656,5)
C:\Program Files\Microsoft Visual Studio\18\Community\MSBuild\Current\Bin\Microsoft.Common.CurrentVersion.targets(657,5): message : プロパティの再代入: $(AssemblySearchPaths)="{CandidateAssemblyFiles};C:\Program Files\Microsoft Visual Studio\18\Community\VC\Tools\MSVC\14.51.36231\atlmfc\lib\x64;;C:\Program Files\Microsoft Visual Studio\18\Community\VC\Tools\MSVC\14.51.36231\lib\x64;;{HintPathFromItem};{TargetFrameworkDirectory};{AssemblyFoldersFromConfig:C:\Program Files\Microsoft Visual Studio\18\Community\MSBuild\Current\Bin\AssemblyFolders.config,};;{Registry:Software\Microsoft\,,AssemblyFoldersEx};{AssemblyFolders};{GAC};{RawFileName};C:\Users\k023g\source\repos\TD4-2-Clone2\Project\Externals\ImGui\..\..\..\Generated\Outputs\Debug\" (以前の値: "{CandidateAssemblyFiles};C:\Program Files\Microsoft Visual Studio\18\Community\VC\Tools\MSVC\14.51.36231\atlmfc\lib\x64;;C:\Program Files\Microsoft Visual Studio\18\Community\VC\Tools\MSVC\14.51.36231\lib\x64;;{HintPathFromItem};{TargetFrameworkDirectory};{AssemblyFoldersFromConfig:C:\Program Files\Microsoft Visual Studio\18\Community\MSBuild\Current\Bin\AssemblyFolders.config,};;{Registry:Software\Microsoft\,,AssemblyFoldersEx};{AssemblyFolders};{GAC};{RawFileName}") C:\Program Files\Microsoft Visual Studio\18\Community\MSBuild\Current\Bin\Microsoft.Common.CurrentVersion.targets (657,5)
C:\Program Files\Microsoft Visual Studio\18\Community\MSBuild\Current\Bin\Microsoft.Common.CurrentVersion.targets(3950,5): message : プロパティの再代入: $(_SGenGenerateSerializationAssembliesConfig)="Auto" (以前の値: "") C:\Program Files\Microsoft Visual Studio\18\Community\MSBuild\Current\Bin\Microsoft.Common.CurrentVersion.targets (3950,5)
C:\Program Files\Microsoft Visual Studio\18\Community\MSBuild\Current\Bin\Microsoft.Common.CurrentVersion.targets(3951,5): message : プロパティの再代入: $(_SGenGenerateSerializationAssembliesConfig)="Off" (以前の値: "Auto") C:\Program Files\Microsoft Visual Studio\18\Community\MSBuild\Current\Bin\Microsoft.Common.CurrentVersion.targets (3951,5)
C:\Program Files\Microsoft Visual Studio\18\Community\MSBuild\Current\Bin\Microsoft.Common.CurrentVersion.targets(5162,5): message : プロパティの再代入: $(_TargetsThatPrepareProjectReferences)="
C:\Program Files\Microsoft Visual Studio\18\Community\MSBuild\Current\Bin\Microsoft.Common.CurrentVersion.targets(5162,5): message :       AssignProjectConfiguration;
C:\Program Files\Microsoft Visual Studio\18\Community\MSBuild\Current\Bin\Microsoft.Common.CurrentVersion.targets(5162,5): message :       _SplitProjectReferencesByFileExistence
C:\Program Files\Microsoft Visual Studio\18\Community\MSBuild\Current\Bin\Microsoft.Common.CurrentVersion.targets(5162,5): message :     " (以前の値: "_SplitProjectReferencesByFileExistence") C:\Program Files\Microsoft Visual Studio\18\Community\MSBuild\Current\Bin\Microsoft.Common.CurrentVersion.targets (5162,5)
C:\Program Files\Microsoft Visual Studio\18\Community\MSBuild\Microsoft\VisualStudio\v18.0\CodeAnalysis\Microsoft.CodeAnalysis.targets(125,5): message : プロパティの再代入: $(_CodeAnalysisTreatWarningsAsErrors)="false" (以前の値: "") C:\Program Files\Microsoft Visual Studio\18\Community\MSBuild\Microsoft\VisualStudio\v18.0\CodeAnalysis\Microsoft.CodeAnalysis.targets (125,5)
C:\Program Files\Microsoft Visual Studio\18\Community\MSBuild\Microsoft\VisualStudio\v18.0\CodeAnalysis\Microsoft.CodeAnalysis.targets(235,5): message : プロパティの再代入: $(CAExcludePath)="C:\Program Files (x86)\Windows Kits\10\Include\10.0.26100.0\ucrt;;C:\Program Files (x86)\Windows Kits\10\Include\10.0.26100.0\um;C:\Program Files (x86)\Windows Kits\10\Include\10.0.26100.0\shared;C:\Program Files (x86)\Windows Kits\10\Include\10.0.26100.0\winrt;C:\Program Files (x86)\Windows Kits\10\Include\10.0.26100.0\cppwinrt;C:\Program Files (x86)\Windows Kits\NETFXSDK\4.8\Include\um;" (以前の値: "C:\Program Files (x86)\Windows Kits\10\Include\10.0.26100.0\um;C:\Program Files (x86)\Windows Kits\10\Include\10.0.26100.0\shared;C:\Program Files (x86)\Windows Kits\10\Include\10.0.26100.0\winrt;C:\Program Files (x86)\Windows Kits\10\Include\10.0.26100.0\cppwinrt;C:\Program Files (x86)\Windows Kits\NETFXSDK\4.8\Include\um;") C:\Program Files\Microsoft Visual Studio\18\Community\MSBuild\Microsoft\VisualStudio\v18.0\CodeAnalysis\Microsoft.CodeAnalysis.targets (235,5)
C:\Program Files\Microsoft Visual Studio\18\Community\MSBuild\Microsoft\VisualStudio\v18.0\CodeAnalysis\Microsoft.CodeAnalysis.targets(236,5): message : プロパティの再代入: $(CAExcludePath)="C:\Program Files\Microsoft Visual Studio\18\Community\VC\Tools\MSVC\14.51.36231\include;C:\Program Files (x86)\Windows Kits\10\Include\10.0.26100.0\ucrt;;C:\Program Files (x86)\Windows Kits\10\Include\10.0.26100.0\um;C:\Program Files (x86)\Windows Kits\10\Include\10.0.26100.0\shared;C:\Program Files (x86)\Windows Kits\10\Include\10.0.26100.0\winrt;C:\Program Files (x86)\Windows Kits\10\Include\10.0.26100.0\cppwinrt;C:\Program Files (x86)\Windows Kits\NETFXSDK\4.8\Include\um;" (以前の値: "C:\Program Files (x86)\Windows Kits\10\Include\10.0.26100.0\ucrt;;C:\Program Files (x86)\Windows Kits\10\Include\10.0.26100.0\um;C:\Program Files (x86)\Windows Kits\10\Include\10.0.26100.0\shared;C:\Program Files (x86)\Windows Kits\10\Include\10.0.26100.0\winrt;C:\Program Files (x86)\Windows Kits\10\Include\10.0.26100.0\cppwinrt;C:\Program Files (x86)\Windows Kits\NETFXSDK\4.8\Include\um;") C:\Program Files\Microsoft Visual Studio\18\Community\MSBuild\Microsoft\VisualStudio\v18.0\CodeAnalysis\Microsoft.CodeAnalysis.targets (236,5)
C:\Program Files\Microsoft Visual Studio\18\Community\MSBuild\Microsoft\VisualStudio\v18.0\CodeAnalysis\Microsoft.CodeAnalysis.targets(237,5): message : プロパティの再代入: $(CAExcludePath)="C:\Program Files\Microsoft Visual Studio\18\Community\VC\Tools\MSVC\14.51.36231\atlmfc\include;C:\Program Files\Microsoft Visual Studio\18\Community\VC\Tools\MSVC\14.51.36231\include;C:\Program Files (x86)\Windows Kits\10\Include\10.0.26100.0\ucrt;;C:\Program Files (x86)\Windows Kits\10\Include\10.0.26100.0\um;C:\Program Files (x86)\Windows Kits\10\Include\10.0.26100.0\shared;C:\Program Files (x86)\Windows Kits\10\Include\10.0.26100.0\winrt;C:\Program Files (x86)\Windows Kits\10\Include\10.0.26100.0\cppwinrt;C:\Program Files (x86)\Windows Kits\NETFXSDK\4.8\Include\um;" (以前の値: "C:\Program Files\Microsoft Visual Studio\18\Community\VC\Tools\MSVC\14.51.36231\include;C:\Program Files (x86)\Windows Kits\10\Include\10.0.26100.0\ucrt;;C:\Program Files (x86)\Windows Kits\10\Include\10.0.26100.0\um;C:\Program Files (x86)\Windows Kits\10\Include\10.0.26100.0\shared;C:\Program Files (x86)\Windows Kits\10\Include\10.0.26100.0\winrt;C:\Program Files (x86)\Windows Kits\10\Include\10.0.26100.0\cppwinrt;C:\Program Files (x86)\Windows Kits\NETFXSDK\4.8\Include\um;") C:\Program Files\Microsoft Visual Studio\18\Community\MSBuild\Microsoft\VisualStudio\v18.0\CodeAnalysis\Microsoft.CodeAnalysis.targets (237,5)
C:\Program Files\Microsoft Visual Studio\18\Community\MSBuild\Microsoft\VisualStudio\v18.0\CodeAnalysis\Microsoft.CodeAnalysis.targets(240,5): message : プロパティの再代入: $(PrepareForBuildDependsOn)=";GetFrameworkPaths;GetReferenceAssemblyPaths;AssignLinkMetadata;SetCABuildNativeEnvironmentVariables" (以前の値: ";GetFrameworkPaths;GetReferenceAssemblyPaths;AssignLinkMetadata") C:\Program Files\Microsoft Visual Studio\18\Community\MSBuild\Microsoft\VisualStudio\v18.0\CodeAnalysis\Microsoft.CodeAnalysis.targets (240,5)
C:\WINDOWS\Microsoft.NET\Framework\v4.0.30319\Microsoft.Xaml.targets(35,5): message : プロパティの再代入: $(PrepareResourcesDependsOn)="
C:\WINDOWS\Microsoft.NET\Framework\v4.0.30319\Microsoft.Xaml.targets(35,5): message :       XamlMarkupCompilePass1;
C:\WINDOWS\Microsoft.NET\Framework\v4.0.30319\Microsoft.Xaml.targets(35,5): message :       XamlMarkupCompilePass2;
C:\WINDOWS\Microsoft.NET\Framework\v4.0.30319\Microsoft.Xaml.targets(35,5): message :       
C:\WINDOWS\Microsoft.NET\Framework\v4.0.30319\Microsoft.Xaml.targets(35,5): message :       ;
C:\WINDOWS\Microsoft.NET\Framework\v4.0.30319\Microsoft.Xaml.targets(35,5): message :       PrepareResourceNames;
C:\WINDOWS\Microsoft.NET\Framework\v4.0.30319\Microsoft.Xaml.targets(35,5): message :       ResGen;
C:\WINDOWS\Microsoft.NET\Framework\v4.0.30319\Microsoft.Xaml.targets(35,5): message :       CompileLicxFiles
C:\WINDOWS\Microsoft.NET\Framework\v4.0.30319\Microsoft.Xaml.targets(35,5): message :      
C:\WINDOWS\Microsoft.NET\Framework\v4.0.30319\Microsoft.Xaml.targets(35,5): message :     " (以前の値: "
C:\WINDOWS\Microsoft.NET\Framework\v4.0.30319\Microsoft.Xaml.targets(35,5): message :       ;
C:\WINDOWS\Microsoft.NET\Framework\v4.0.30319\Microsoft.Xaml.targets(35,5): message :       PrepareResourceNames;
C:\WINDOWS\Microsoft.NET\Framework\v4.0.30319\Microsoft.Xaml.targets(35,5): message :       ResGen;
C:\WINDOWS\Microsoft.NET\Framework\v4.0.30319\Microsoft.Xaml.targets(35,5): message :       CompileLicxFiles
C:\WINDOWS\Microsoft.NET\Framework\v4.0.30319\Microsoft.Xaml.targets(35,5): message :     ") C:\WINDOWS\Microsoft.NET\Framework\v4.0.30319\Microsoft.Xaml.targets (35,5)
C:\Program Files\Microsoft Visual Studio\18\Community\MSBuild\Microsoft\VisualStudio\v18.0\TeamTest\Microsoft.TeamTest.targets(4,5): message : プロパティの再代入: $(ResolveReferencesDependsOn)="
C:\Program Files\Microsoft Visual Studio\18\Community\MSBuild\Microsoft\VisualStudio\v18.0\TeamTest\Microsoft.TeamTest.targets(4,5): message :       
C:\Program Files\Microsoft Visual Studio\18\Community\MSBuild\Microsoft\VisualStudio\v18.0\TeamTest\Microsoft.TeamTest.targets(4,5): message :       BeforeResolveReferences;
C:\Program Files\Microsoft Visual Studio\18\Community\MSBuild\Microsoft\VisualStudio\v18.0\TeamTest\Microsoft.TeamTest.targets(4,5): message :       AssignProjectConfiguration;
C:\Program Files\Microsoft Visual Studio\18\Community\MSBuild\Microsoft\VisualStudio\v18.0\TeamTest\Microsoft.TeamTest.targets(4,5): message :       ResolveProjectReferences;
C:\Program Files\Microsoft Visual Studio\18\Community\MSBuild\Microsoft\VisualStudio\v18.0\TeamTest\Microsoft.TeamTest.targets(4,5): message :       FindInvalidProjectReferences;
C:\Program Files\Microsoft Visual Studio\18\Community\MSBuild\Microsoft\VisualStudio\v18.0\TeamTest\Microsoft.TeamTest.targets(4,5): message :       ResolveNativeReferences;
C:\Program Files\Microsoft Visual Studio\18\Community\MSBuild\Microsoft\VisualStudio\v18.0\TeamTest\Microsoft.TeamTest.targets(4,5): message :       ResolveAssemblyReferences;
C:\Program Files\Microsoft Visual Studio\18\Community\MSBuild\Microsoft\VisualStudio\v18.0\TeamTest\Microsoft.TeamTest.targets(4,5): message :       GenerateBindingRedirects;
C:\Program Files\Microsoft Visual Studio\18\Community\MSBuild\Microsoft\VisualStudio\v18.0\TeamTest\Microsoft.TeamTest.targets(4,5): message :       GenerateBindingRedirectsUpdateAppConfig;
C:\Program Files\Microsoft Visual Studio\18\Community\MSBuild\Microsoft\VisualStudio\v18.0\TeamTest\Microsoft.TeamTest.targets(4,5): message :       ResolveComReferences;
C:\Program Files\Microsoft Visual Studio\18\Community\MSBuild\Microsoft\VisualStudio\v18.0\TeamTest\Microsoft.TeamTest.targets(4,5): message :       AfterResolveReferences
C:\Program Files\Microsoft Visual Studio\18\Community\MSBuild\Microsoft\VisualStudio\v18.0\TeamTest\Microsoft.TeamTest.targets(4,5): message :     ;
C:\Program Files\Microsoft Visual Studio\18\Community\MSBuild\Microsoft\VisualStudio\v18.0\TeamTest\Microsoft.TeamTest.targets(4,5): message :       ResolveTestReferences
C:\Program Files\Microsoft Visual Studio\18\Community\MSBuild\Microsoft\VisualStudio\v18.0\TeamTest\Microsoft.TeamTest.targets(4,5): message :     " (以前の値: "
C:\Program Files\Microsoft Visual Studio\18\Community\MSBuild\Microsoft\VisualStudio\v18.0\TeamTest\Microsoft.TeamTest.targets(4,5): message :       BeforeResolveReferences;
C:\Program Files\Microsoft Visual Studio\18\Community\MSBuild\Microsoft\VisualStudio\v18.0\TeamTest\Microsoft.TeamTest.targets(4,5): message :       AssignProjectConfiguration;
C:\Program Files\Microsoft Visual Studio\18\Community\MSBuild\Microsoft\VisualStudio\v18.0\TeamTest\Microsoft.TeamTest.targets(4,5): message :       ResolveProjectReferences;
C:\Program Files\Microsoft Visual Studio\18\Community\MSBuild\Microsoft\VisualStudio\v18.0\TeamTest\Microsoft.TeamTest.targets(4,5): message :       FindInvalidProjectReferences;
C:\Program Files\Microsoft Visual Studio\18\Community\MSBuild\Microsoft\VisualStudio\v18.0\TeamTest\Microsoft.TeamTest.targets(4,5): message :       ResolveNativeReferences;
C:\Program Files\Microsoft Visual Studio\18\Community\MSBuild\Microsoft\VisualStudio\v18.0\TeamTest\Microsoft.TeamTest.targets(4,5): message :       ResolveAssemblyReferences;
C:\Program Files\Microsoft Visual Studio\18\Community\MSBuild\Microsoft\VisualStudio\v18.0\TeamTest\Microsoft.TeamTest.targets(4,5): message :       GenerateBindingRedirects;
C:\Program Files\Microsoft Visual Studio\18\Community\MSBuild\Microsoft\VisualStudio\v18.0\TeamTest\Microsoft.TeamTest.targets(4,5): message :       GenerateBindingRedirectsUpdateAppConfig;
C:\Program Files\Microsoft Visual Studio\18\Community\MSBuild\Microsoft\VisualStudio\v18.0\TeamTest\Microsoft.TeamTest.targets(4,5): message :       ResolveComReferences;
C:\Program Files\Microsoft Visual Studio\18\Community\MSBuild\Microsoft\VisualStudio\v18.0\TeamTest\Microsoft.TeamTest.targets(4,5): message :       AfterResolveReferences
C:\Program Files\Microsoft Visual Studio\18\Community\MSBuild\Microsoft\VisualStudio\v18.0\TeamTest\Microsoft.TeamTest.targets(4,5): message :     ") C:\Program Files\Microsoft Visual Studio\18\Community\MSBuild\Microsoft\VisualStudio\v18.0\TeamTest\Microsoft.TeamTest.targets (4,5)
$(MSBuildExtensionsPath) で使用されている検索パスは C:\Program Files\Microsoft Visual Studio\18\Community\MSBuild;$(MSBuildProgramFiles32)\MSBuild です
拡張パス C:\Program Files\Microsoft Visual Studio\18\Community\MSBuild を使用して C:\Program Files\Microsoft Visual Studio\18\Community\MSBuild\$(MSBuildToolsVersion)\Microsoft.Common.targets\ImportAfter\* をインポートしようとしています
$(MSBuildExtensionsPath) で使用されている検索パスは C:\Program Files\Microsoft Visual Studio\18\Community\MSBuild;$(MSBuildProgramFiles32)\MSBuild です
拡張パス C:\Program Files\Microsoft Visual Studio\18\Community\MSBuild を使用して C:\Program Files\Microsoft Visual Studio\18\Community\MSBuild\Sdks\Microsoft.Docker.Sdk\build\Microsoft.Docker.targets をインポートしようとしています
C:\Program Files\Microsoft Visual Studio\18\Community\MSBuild\Microsoft\NuGet\18.0\Microsoft.NuGet.targets(74,5): message : プロパティの再代入: $(ProjectLockFile)="obj\project.assets.json" (以前の値: "C:\Users\k023g\source\repos\TD4-2-Clone2\Project\Externals\ImGui\obj\project.assets.json") C:\Program Files\Microsoft Visual Studio\18\Community\MSBuild\Microsoft\NuGet\18.0\Microsoft.NuGet.targets (74,5)
C:\Program Files\Microsoft Visual Studio\18\Community\MSBuild\Microsoft\NuGet\18.0\Microsoft.NuGet.targets(185,5): message : プロパティの再代入: $(ResolveAssemblyReferencesDependsOn)="
C:\Program Files\Microsoft Visual Studio\18\Community\MSBuild\Microsoft\NuGet\18.0\Microsoft.NuGet.targets(185,5): message :       ResolveProjectReferences;
C:\Program Files\Microsoft Visual Studio\18\Community\MSBuild\Microsoft\NuGet\18.0\Microsoft.NuGet.targets(185,5): message :       FindInvalidProjectReferences;
C:\Program Files\Microsoft Visual Studio\18\Community\MSBuild\Microsoft\NuGet\18.0\Microsoft.NuGet.targets(185,5): message :       GetFrameworkPaths;
C:\Program Files\Microsoft Visual Studio\18\Community\MSBuild\Microsoft\NuGet\18.0\Microsoft.NuGet.targets(185,5): message :       GetReferenceAssemblyPaths;
C:\Program Files\Microsoft Visual Studio\18\Community\MSBuild\Microsoft\NuGet\18.0\Microsoft.NuGet.targets(185,5): message :       PrepareForBuild;
C:\Program Files\Microsoft Visual Studio\18\Community\MSBuild\Microsoft\NuGet\18.0\Microsoft.NuGet.targets(185,5): message :       ResolveSDKReferences;
C:\Program Files\Microsoft Visual Studio\18\Community\MSBuild\Microsoft\NuGet\18.0\Microsoft.NuGet.targets(185,5): message :       ExpandSDKReferences;
C:\Program Files\Microsoft Visual Studio\18\Community\MSBuild\Microsoft\NuGet\18.0\Microsoft.NuGet.targets(185,5): message :     ;ResolveNuGetPackageAssets" (以前の値: "
C:\Program Files\Microsoft Visual Studio\18\Community\MSBuild\Microsoft\NuGet\18.0\Microsoft.NuGet.targets(185,5): message :       ResolveProjectReferences;
C:\Program Files\Microsoft Visual Studio\18\Community\MSBuild\Microsoft\NuGet\18.0\Microsoft.NuGet.targets(185,5): message :       FindInvalidProjectReferences;
C:\Program Files\Microsoft Visual Studio\18\Community\MSBuild\Microsoft\NuGet\18.0\Microsoft.NuGet.targets(185,5): message :       GetFrameworkPaths;
C:\Program Files\Microsoft Visual Studio\18\Community\MSBuild\Microsoft\NuGet\18.0\Microsoft.NuGet.targets(185,5): message :       GetReferenceAssemblyPaths;
C:\Program Files\Microsoft Visual Studio\18\Community\MSBuild\Microsoft\NuGet\18.0\Microsoft.NuGet.targets(185,5): message :       PrepareForBuild;
C:\Program Files\Microsoft Visual Studio\18\Community\MSBuild\Microsoft\NuGet\18.0\Microsoft.NuGet.targets(185,5): message :       ResolveSDKReferences;
C:\Program Files\Microsoft Visual Studio\18\Community\MSBuild\Microsoft\NuGet\18.0\Microsoft.NuGet.targets(185,5): message :       ExpandSDKReferences;
C:\Program Files\Microsoft Visual Studio\18\Community\MSBuild\Microsoft\NuGet\18.0\Microsoft.NuGet.targets(185,5): message :     ") C:\Program Files\Microsoft Visual Studio\18\Community\MSBuild\Microsoft\NuGet\18.0\Microsoft.NuGet.targets (185,5)
C:\Program Files\Microsoft Visual Studio\18\Community\MSBuild\Microsoft\NuGet\18.0\Microsoft.NuGet.targets(186,5): message : プロパティの再代入: $(PrepareResourcesDependsOn)="ResolveNuGetPackageAssets;
C:\Program Files\Microsoft Visual Studio\18\Community\MSBuild\Microsoft\NuGet\18.0\Microsoft.NuGet.targets(186,5): message :       XamlMarkupCompilePass1;
C:\Program Files\Microsoft Visual Studio\18\Community\MSBuild\Microsoft\NuGet\18.0\Microsoft.NuGet.targets(186,5): message :       XamlMarkupCompilePass2;
C:\Program Files\Microsoft Visual Studio\18\Community\MSBuild\Microsoft\NuGet\18.0\Microsoft.NuGet.targets(186,5): message :       
C:\Program Files\Microsoft Visual Studio\18\Community\MSBuild\Microsoft\NuGet\18.0\Microsoft.NuGet.targets(186,5): message :       ;
C:\Program Files\Microsoft Visual Studio\18\Community\MSBuild\Microsoft\NuGet\18.0\Microsoft.NuGet.targets(186,5): message :       PrepareResourceNames;
C:\Program Files\Microsoft Visual Studio\18\Community\MSBuild\Microsoft\NuGet\18.0\Microsoft.NuGet.targets(186,5): message :       ResGen;
C:\Program Files\Microsoft Visual Studio\18\Community\MSBuild\Microsoft\NuGet\18.0\Microsoft.NuGet.targets(186,5): message :       CompileLicxFiles
C:\Program Files\Microsoft Visual Studio\18\Community\MSBuild\Microsoft\NuGet\18.0\Microsoft.NuGet.targets(186,5): message :      
C:\Program Files\Microsoft Visual Studio\18\Community\MSBuild\Microsoft\NuGet\18.0\Microsoft.NuGet.targets(186,5): message :     " (以前の値: "
C:\Program Files\Microsoft Visual Studio\18\Community\MSBuild\Microsoft\NuGet\18.0\Microsoft.NuGet.targets(186,5): message :       XamlMarkupCompilePass1;
C:\Program Files\Microsoft Visual Studio\18\Community\MSBuild\Microsoft\NuGet\18.0\Microsoft.NuGet.targets(186,5): message :       XamlMarkupCompilePass2;
C:\Program Files\Microsoft Visual Studio\18\Community\MSBuild\Microsoft\NuGet\18.0\Microsoft.NuGet.targets(186,5): message :       
C:\Program Files\Microsoft Visual Studio\18\Community\MSBuild\Microsoft\NuGet\18.0\Microsoft.NuGet.targets(186,5): message :       ;
C:\Program Files\Microsoft Visual Studio\18\Community\MSBuild\Microsoft\NuGet\18.0\Microsoft.NuGet.targets(186,5): message :       PrepareResourceNames;
C:\Program Files\Microsoft Visual Studio\18\Community\MSBuild\Microsoft\NuGet\18.0\Microsoft.NuGet.targets(186,5): message :       ResGen;
C:\Program Files\Microsoft Visual Studio\18\Community\MSBuild\Microsoft\NuGet\18.0\Microsoft.NuGet.targets(186,5): message :       CompileLicxFiles
C:\Program Files\Microsoft Visual Studio\18\Community\MSBuild\Microsoft\NuGet\18.0\Microsoft.NuGet.targets(186,5): message :      
C:\Program Files\Microsoft Visual Studio\18\Community\MSBuild\Microsoft\NuGet\18.0\Microsoft.NuGet.targets(186,5): message :     ") C:\Program Files\Microsoft Visual Studio\18\Community\MSBuild\Microsoft\NuGet\18.0\Microsoft.NuGet.targets (186,5)
$(MSBuildExtensionsPath) で使用されている検索パスは C:\Program Files\Microsoft Visual Studio\18\Community\MSBuild;$(MSBuildProgramFiles32)\MSBuild です
$(MSBuildExtensionsPath) で使用されている検索パスは C:\Program Files\Microsoft Visual Studio\18\Community\MSBuild;$(MSBuildProgramFiles32)\MSBuild です
拡張パス C:\Program Files\Microsoft Visual Studio\18\Community\MSBuild を使用して C:\Program Files\Microsoft Visual Studio\18\Community\MSBuild\Microsoft\VisualStudio\WebTools.Aspire\Microsoft.WebTools.Aspire.targets をインポートしようとしています
C:\Program Files\Microsoft Visual Studio\18\Community\MSBuild\Microsoft\VisualStudio\WebTools.Aspire\Microsoft.WebTools.Aspire.targets(25,5): message : プロパティの再代入: $(JsonSchemaCombinedFilePath)="C:\Users\k023g\source\repos\TD4-2-Clone2\Generated\Obj\Debug\ImGui\CombinedComponentSchema.json" (以前の値: "C:\Users\k023g\source\repos\TD4-2-Clone2\Project\Externals\ImGui\..\..\..\Generated\Obj\Debug\ImGui\\CombinedComponentSchema.json") C:\Program Files\Microsoft Visual Studio\18\Community\MSBuild\Microsoft\VisualStudio\WebTools.Aspire\Microsoft.WebTools.Aspire.targets (25,5)
C:\Program Files\Microsoft Visual Studio\18\Community\MSBuild\Microsoft\VisualStudio\WebTools.Aspire\Microsoft.WebTools.Aspire.targets(27,5): message : プロパティの再代入: $(AppSettingsJsonSchemaCombinedFilePath)="C:\Users\k023g\source\repos\TD4-2-Clone2\Generated\Obj\Debug\ImGui\AppSettingsSchema.json" (以前の値: "C:\Users\k023g\source\repos\TD4-2-Clone2\Project\Externals\ImGui\..\..\..\Generated\Obj\Debug\ImGui\\AppSettingsSchema.json") C:\Program Files\Microsoft Visual Studio\18\Community\MSBuild\Microsoft\VisualStudio\WebTools.Aspire\Microsoft.WebTools.Aspire.targets (27,5)
C:\Program Files\Microsoft Visual Studio\18\Community\MSBuild\Xamarin\Xamarin.Sdk.targets(9,9): message : プロパティの再代入: $(PrepareForRunDependsOn)="
C:\Program Files\Microsoft Visual Studio\18\Community\MSBuild\Xamarin\Xamarin.Sdk.targets(9,9): message :             _CalculatePostXamarinTelemetry;
C:\Program Files\Microsoft Visual Studio\18\Community\MSBuild\Xamarin\Xamarin.Sdk.targets(9,9): message :             _PostXamarinTelemetry;
C:\Program Files\Microsoft Visual Studio\18\Community\MSBuild\Xamarin\Xamarin.Sdk.targets(9,9): message :             
C:\Program Files\Microsoft Visual Studio\18\Community\MSBuild\Xamarin\Xamarin.Sdk.targets(9,9): message :       CopyFilesToOutputDirectory
C:\Program Files\Microsoft Visual Studio\18\Community\MSBuild\Xamarin\Xamarin.Sdk.targets(9,9): message :     
C:\Program Files\Microsoft Visual Studio\18\Community\MSBuild\Xamarin\Xamarin.Sdk.targets(9,9): message :         " (以前の値: "
C:\Program Files\Microsoft Visual Studio\18\Community\MSBuild\Xamarin\Xamarin.Sdk.targets(9,9): message :       CopyFilesToOutputDirectory
C:\Program Files\Microsoft Visual Studio\18\Community\MSBuild\Xamarin\Xamarin.Sdk.targets(9,9): message :     ") C:\Program Files\Microsoft Visual Studio\18\Community\MSBuild\Xamarin\Xamarin.Sdk.targets (9,9)
C:\Program Files\Microsoft Visual Studio\18\Community\MSBuild\Microsoft\VC\v180\Microsoft.BuildSteps.Targets(39,5): message : プロパティの再代入: $(DebugType)="" (以前の値: "none") C:\Program Files\Microsoft Visual Studio\18\Community\MSBuild\Microsoft\VC\v180\Microsoft.BuildSteps.Targets (39,5)
C:\Program Files\Microsoft Visual Studio\18\Community\MSBuild\Microsoft\VC\v180\Microsoft.BuildSteps.Targets(122,5): message : プロパティの再代入: $(BuildDependsOn)="
C:\Program Files\Microsoft Visual Studio\18\Community\MSBuild\Microsoft\VC\v180\Microsoft.BuildSteps.Targets(122,5): message :       _PrepareForBuild;
C:\Program Files\Microsoft Visual Studio\18\Community\MSBuild\Microsoft\VC\v180\Microsoft.BuildSteps.Targets(122,5): message :       
C:\Program Files\Microsoft Visual Studio\18\Community\MSBuild\Microsoft\VC\v180\Microsoft.BuildSteps.Targets(122,5): message :       ResolveReferences;
C:\Program Files\Microsoft Visual Studio\18\Community\MSBuild\Microsoft\VC\v180\Microsoft.BuildSteps.Targets(122,5): message :       PrepareForBuild;
C:\Program Files\Microsoft Visual Studio\18\Community\MSBuild\Microsoft\VC\v180\Microsoft.BuildSteps.Targets(122,5): message :       InitializeBuildStatus;
C:\Program Files\Microsoft Visual Studio\18\Community\MSBuild\Microsoft\VC\v180\Microsoft.BuildSteps.Targets(122,5): message :       BuildGenerateSources;
C:\Program Files\Microsoft Visual Studio\18\Community\MSBuild\Microsoft\VC\v180\Microsoft.BuildSteps.Targets(122,5): message :       BuildCompile;
C:\Program Files\Microsoft Visual Studio\18\Community\MSBuild\Microsoft\VC\v180\Microsoft.BuildSteps.Targets(122,5): message :       BuildLink;
C:\Program Files\Microsoft Visual Studio\18\Community\MSBuild\Microsoft\VC\v180\Microsoft.BuildSteps.Targets(122,5): message :     ;
C:\Program Files\Microsoft Visual Studio\18\Community\MSBuild\Microsoft\VC\v180\Microsoft.BuildSteps.Targets(122,5): message :       AfterBuild;
C:\Program Files\Microsoft Visual Studio\18\Community\MSBuild\Microsoft\VC\v180\Microsoft.BuildSteps.Targets(122,5): message :       IncrementalClean;
C:\Program Files\Microsoft Visual Studio\18\Community\MSBuild\Microsoft\VC\v180\Microsoft.BuildSteps.Targets(122,5): message :       TlogCleanup;
C:\Program Files\Microsoft Visual Studio\18\Community\MSBuild\Microsoft\VC\v180\Microsoft.BuildSteps.Targets(122,5): message :       FinalizeBuildStatus;
C:\Program Files\Microsoft Visual Studio\18\Community\MSBuild\Microsoft\VC\v180\Microsoft.BuildSteps.Targets(122,5): message :     " (以前の値: "
C:\Program Files\Microsoft Visual Studio\18\Community\MSBuild\Microsoft\VC\v180\Microsoft.BuildSteps.Targets(122,5): message :       BeforeBuild;
C:\Program Files\Microsoft Visual Studio\18\Community\MSBuild\Microsoft\VC\v180\Microsoft.BuildSteps.Targets(122,5): message :       CoreBuild;
C:\Program Files\Microsoft Visual Studio\18\Community\MSBuild\Microsoft\VC\v180\Microsoft.BuildSteps.Targets(122,5): message :       AfterBuild
C:\Program Files\Microsoft Visual Studio\18\Community\MSBuild\Microsoft\VC\v180\Microsoft.BuildSteps.Targets(122,5): message :     ") C:\Program Files\Microsoft Visual Studio\18\Community\MSBuild\Microsoft\VC\v180\Microsoft.BuildSteps.Targets (122,5)
C:\Program Files\Microsoft Visual Studio\18\Community\MSBuild\Microsoft\VC\v180\Microsoft.BuildSteps.Targets(131,5): message : プロパティの再代入: $(RebuildDependsOn)="
C:\Program Files\Microsoft Visual Studio\18\Community\MSBuild\Microsoft\VC\v180\Microsoft.BuildSteps.Targets(131,5): message :       _PrepareForRebuild;
C:\Program Files\Microsoft Visual Studio\18\Community\MSBuild\Microsoft\VC\v180\Microsoft.BuildSteps.Targets(131,5): message :       
C:\Program Files\Microsoft Visual Studio\18\Community\MSBuild\Microsoft\VC\v180\Microsoft.BuildSteps.Targets(131,5): message :       BeforeRebuild;
C:\Program Files\Microsoft Visual Studio\18\Community\MSBuild\Microsoft\VC\v180\Microsoft.BuildSteps.Targets(131,5): message :       Clean;
C:\Program Files\Microsoft Visual Studio\18\Community\MSBuild\Microsoft\VC\v180\Microsoft.BuildSteps.Targets(131,5): message :       Build;
C:\Program Files\Microsoft Visual Studio\18\Community\MSBuild\Microsoft\VC\v180\Microsoft.BuildSteps.Targets(131,5): message :       AfterRebuild;
C:\Program Files\Microsoft Visual Studio\18\Community\MSBuild\Microsoft\VC\v180\Microsoft.BuildSteps.Targets(131,5): message :     ;
C:\Program Files\Microsoft Visual Studio\18\Community\MSBuild\Microsoft\VC\v180\Microsoft.BuildSteps.Targets(131,5): message :     " (以前の値: "
C:\Program Files\Microsoft Visual Studio\18\Community\MSBuild\Microsoft\VC\v180\Microsoft.BuildSteps.Targets(131,5): message :       BeforeRebuild;
C:\Program Files\Microsoft Visual Studio\18\Community\MSBuild\Microsoft\VC\v180\Microsoft.BuildSteps.Targets(131,5): message :       Clean;
C:\Program Files\Microsoft Visual Studio\18\Community\MSBuild\Microsoft\VC\v180\Microsoft.BuildSteps.Targets(131,5): message :       Build;
C:\Program Files\Microsoft Visual Studio\18\Community\MSBuild\Microsoft\VC\v180\Microsoft.BuildSteps.Targets(131,5): message :       AfterRebuild;
C:\Program Files\Microsoft Visual Studio\18\Community\MSBuild\Microsoft\VC\v180\Microsoft.BuildSteps.Targets(131,5): message :     ") C:\Program Files\Microsoft Visual Studio\18\Community\MSBuild\Microsoft\VC\v180\Microsoft.BuildSteps.Targets (131,5)
C:\Program Files\Microsoft Visual Studio\18\Community\MSBuild\Microsoft\VC\v180\Microsoft.BuildSteps.Targets(136,5): message : プロパティの再代入: $(CleanDependsOn)="
C:\Program Files\Microsoft Visual Studio\18\Community\MSBuild\Microsoft\VC\v180\Microsoft.BuildSteps.Targets(136,5): message :       _PrepareForClean;
C:\Program Files\Microsoft Visual Studio\18\Community\MSBuild\Microsoft\VC\v180\Microsoft.BuildSteps.Targets(136,5): message :       
C:\Program Files\Microsoft Visual Studio\18\Community\MSBuild\Microsoft\VC\v180\Microsoft.BuildSteps.Targets(136,5): message :       BeforeClean;
C:\Program Files\Microsoft Visual Studio\18\Community\MSBuild\Microsoft\VC\v180\Microsoft.BuildSteps.Targets(136,5): message :       UnmanagedUnregistration;
C:\Program Files\Microsoft Visual Studio\18\Community\MSBuild\Microsoft\VC\v180\Microsoft.BuildSteps.Targets(136,5): message :       CoreClean;
C:\Program Files\Microsoft Visual Studio\18\Community\MSBuild\Microsoft\VC\v180\Microsoft.BuildSteps.Targets(136,5): message :       CleanReferencedProjects;
C:\Program Files\Microsoft Visual Studio\18\Community\MSBuild\Microsoft\VC\v180\Microsoft.BuildSteps.Targets(136,5): message :       CleanPublishFolder;
C:\Program Files\Microsoft Visual Studio\18\Community\MSBuild\Microsoft\VC\v180\Microsoft.BuildSteps.Targets(136,5): message :       AfterClean
C:\Program Files\Microsoft Visual Studio\18\Community\MSBuild\Microsoft\VC\v180\Microsoft.BuildSteps.Targets(136,5): message :     ;
C:\Program Files\Microsoft Visual Studio\18\Community\MSBuild\Microsoft\VC\v180\Microsoft.BuildSteps.Targets(136,5): message :     " (以前の値: "
C:\Program Files\Microsoft Visual Studio\18\Community\MSBuild\Microsoft\VC\v180\Microsoft.BuildSteps.Targets(136,5): message :       BeforeClean;
C:\Program Files\Microsoft Visual Studio\18\Community\MSBuild\Microsoft\VC\v180\Microsoft.BuildSteps.Targets(136,5): message :       UnmanagedUnregistration;
C:\Program Files\Microsoft Visual Studio\18\Community\MSBuild\Microsoft\VC\v180\Microsoft.BuildSteps.Targets(136,5): message :       CoreClean;
C:\Program Files\Microsoft Visual Studio\18\Community\MSBuild\Microsoft\VC\v180\Microsoft.BuildSteps.Targets(136,5): message :       CleanReferencedProjects;
C:\Program Files\Microsoft Visual Studio\18\Community\MSBuild\Microsoft\VC\v180\Microsoft.BuildSteps.Targets(136,5): message :       CleanPublishFolder;
C:\Program Files\Microsoft Visual Studio\18\Community\MSBuild\Microsoft\VC\v180\Microsoft.BuildSteps.Targets(136,5): message :       AfterClean
C:\Program Files\Microsoft Visual Studio\18\Community\MSBuild\Microsoft\VC\v180\Microsoft.BuildSteps.Targets(136,5): message :     ") C:\Program Files\Microsoft Visual Studio\18\Community\MSBuild\Microsoft\VC\v180\Microsoft.BuildSteps.Targets (136,5)
C:\Program Files\Microsoft Visual Studio\18\Community\MSBuild\Microsoft\VC\v180\Microsoft.CppBuild.targets(60,5): message : プロパティの再代入: $(BeforeBuildGenerateSourcesTargets)="
C:\Program Files\Microsoft Visual Studio\18\Community\MSBuild\Microsoft\VC\v180\Microsoft.CppBuild.targets(60,5): message :       
C:\Program Files\Microsoft Visual Studio\18\Community\MSBuild\Microsoft\VC\v180\Microsoft.CppBuild.targets(60,5): message :       ;
C:\Program Files\Microsoft Visual Studio\18\Community\MSBuild\Microsoft\VC\v180\Microsoft.CppBuild.targets(60,5): message :       BeforeBuildGenerateSources;
C:\Program Files\Microsoft Visual Studio\18\Community\MSBuild\Microsoft\VC\v180\Microsoft.CppBuild.targets(60,5): message :     ;
C:\Program Files\Microsoft Visual Studio\18\Community\MSBuild\Microsoft\VC\v180\Microsoft.CppBuild.targets(60,5): message :     " (以前の値: "
C:\Program Files\Microsoft Visual Studio\18\Community\MSBuild\Microsoft\VC\v180\Microsoft.CppBuild.targets(60,5): message :       ;
C:\Program Files\Microsoft Visual Studio\18\Community\MSBuild\Microsoft\VC\v180\Microsoft.CppBuild.targets(60,5): message :       BeforeBuildGenerateSources;
C:\Program Files\Microsoft Visual Studio\18\Community\MSBuild\Microsoft\VC\v180\Microsoft.CppBuild.targets(60,5): message :     ") C:\Program Files\Microsoft Visual Studio\18\Community\MSBuild\Microsoft\VC\v180\Microsoft.CppBuild.targets (60,5)
C:\Program Files\Microsoft Visual Studio\18\Community\MSBuild\Microsoft\VC\v180\Microsoft.CppBuild.targets(71,5): message : プロパティの再代入: $(AfterBuildGenerateSourcesTargets)="
C:\Program Files\Microsoft Visual Studio\18\Community\MSBuild\Microsoft\VC\v180\Microsoft.CppBuild.targets(71,5): message :       
C:\Program Files\Microsoft Visual Studio\18\Community\MSBuild\Microsoft\VC\v180\Microsoft.CppBuild.targets(71,5): message :       ;
C:\Program Files\Microsoft Visual Studio\18\Community\MSBuild\Microsoft\VC\v180\Microsoft.CppBuild.targets(71,5): message :       AfterBuildGenerateSources;
C:\Program Files\Microsoft Visual Studio\18\Community\MSBuild\Microsoft\VC\v180\Microsoft.CppBuild.targets(71,5): message :     ;
C:\Program Files\Microsoft Visual Studio\18\Community\MSBuild\Microsoft\VC\v180\Microsoft.CppBuild.targets(71,5): message :       AfterBuildGenerateSourcesEvent;
C:\Program Files\Microsoft Visual Studio\18\Community\MSBuild\Microsoft\VC\v180\Microsoft.CppBuild.targets(71,5): message :     " (以前の値: "
C:\Program Files\Microsoft Visual Studio\18\Community\MSBuild\Microsoft\VC\v180\Microsoft.CppBuild.targets(71,5): message :       ;
C:\Program Files\Microsoft Visual Studio\18\Community\MSBuild\Microsoft\VC\v180\Microsoft.CppBuild.targets(71,5): message :       AfterBuildGenerateSources;
C:\Program Files\Microsoft Visual Studio\18\Community\MSBuild\Microsoft\VC\v180\Microsoft.CppBuild.targets(71,5): message :     ") C:\Program Files\Microsoft Visual Studio\18\Community\MSBuild\Microsoft\VC\v180\Microsoft.CppBuild.targets (71,5)
C:\Program Files\Microsoft Visual Studio\18\Community\MSBuild\Microsoft\VC\v180\Microsoft.CppBuild.targets(140,5): message : プロパティの再代入: $(BuildGenerateSourcesAction)="_BuildGenerateSourcesAction" (以前の値: "Build") C:\Program Files\Microsoft Visual Studio\18\Community\MSBuild\Microsoft\VC\v180\Microsoft.CppBuild.targets (140,5)
C:\Program Files\Microsoft Visual Studio\18\Community\MSBuild\Microsoft\VC\v180\Microsoft.CppBuild.targets(141,5): message : プロパティの再代入: $(BuildCompileAction)="_BuildCompileAction" (以前の値: "Build") C:\Program Files\Microsoft Visual Studio\18\Community\MSBuild\Microsoft\VC\v180\Microsoft.CppBuild.targets (141,5)
C:\Program Files\Microsoft Visual Studio\18\Community\MSBuild\Microsoft\VC\v180\Microsoft.CppBuild.targets(142,5): message : プロパティの再代入: $(BuildLinkAction)="_BuildLinkAction" (以前の値: "Build") C:\Program Files\Microsoft Visual Studio\18\Community\MSBuild\Microsoft\VC\v180\Microsoft.CppBuild.targets (142,5)
C:\Program Files\Microsoft Visual Studio\18\Community\MSBuild\Microsoft\VC\v180\Microsoft.CppBuild.targets(258,5): message : プロパティの再代入: $(DetermineProjectTypeTargets)="_PrepareForReferenceResolution;
C:\Program Files\Microsoft Visual Studio\18\Community\MSBuild\Microsoft\VC\v180\Microsoft.CppBuild.targets(258,5): message :       ;
C:\Program Files\Microsoft Visual Studio\18\Community\MSBuild\Microsoft\VC\v180\Microsoft.CppBuild.targets(258,5): message :       AddExternalIncludDirectoriesToPaths
C:\Program Files\Microsoft Visual Studio\18\Community\MSBuild\Microsoft\VC\v180\Microsoft.CppBuild.targets(258,5): message :     " (以前の値: "
C:\Program Files\Microsoft Visual Studio\18\Community\MSBuild\Microsoft\VC\v180\Microsoft.CppBuild.targets(258,5): message :       ;
C:\Program Files\Microsoft Visual Studio\18\Community\MSBuild\Microsoft\VC\v180\Microsoft.CppBuild.targets(258,5): message :       AddExternalIncludDirectoriesToPaths
C:\Program Files\Microsoft Visual Studio\18\Community\MSBuild\Microsoft\VC\v180\Microsoft.CppBuild.targets(258,5): message :     ") C:\Program Files\Microsoft Visual Studio\18\Community\MSBuild\Microsoft\VC\v180\Microsoft.CppBuild.targets (258,5)
C:\Program Files\Microsoft Visual Studio\18\Community\MSBuild\Microsoft\VC\v180\Microsoft.CppBuild.targets(323,5): message : プロパティの再代入: $(ResolveReferencesDependsOn)="_PrepareForReferenceResolution;ComputeCrtSDKReference;
C:\Program Files\Microsoft Visual Studio\18\Community\MSBuild\Microsoft\VC\v180\Microsoft.CppBuild.targets(323,5): message :       
C:\Program Files\Microsoft Visual Studio\18\Community\MSBuild\Microsoft\VC\v180\Microsoft.CppBuild.targets(323,5): message :       BeforeResolveReferences;
C:\Program Files\Microsoft Visual Studio\18\Community\MSBuild\Microsoft\VC\v180\Microsoft.CppBuild.targets(323,5): message :       AssignProjectConfiguration;
C:\Program Files\Microsoft Visual Studio\18\Community\MSBuild\Microsoft\VC\v180\Microsoft.CppBuild.targets(323,5): message :       ResolveProjectReferences;
C:\Program Files\Microsoft Visual Studio\18\Community\MSBuild\Microsoft\VC\v180\Microsoft.CppBuild.targets(323,5): message :       FindInvalidProjectReferences;
C:\Program Files\Microsoft Visual Studio\18\Community\MSBuild\Microsoft\VC\v180\Microsoft.CppBuild.targets(323,5): message :       ResolveNativeReferences;
C:\Program Files\Microsoft Visual Studio\18\Community\MSBuild\Microsoft\VC\v180\Microsoft.CppBuild.targets(323,5): message :       ResolveAssemblyReferences;
C:\Program Files\Microsoft Visual Studio\18\Community\MSBuild\Microsoft\VC\v180\Microsoft.CppBuild.targets(323,5): message :       GenerateBindingRedirects;
C:\Program Files\Microsoft Visual Studio\18\Community\MSBuild\Microsoft\VC\v180\Microsoft.CppBuild.targets(323,5): message :       GenerateBindingRedirectsUpdateAppConfig;
C:\Program Files\Microsoft Visual Studio\18\Community\MSBuild\Microsoft\VC\v180\Microsoft.CppBuild.targets(323,5): message :       ResolveComReferences;
C:\Program Files\Microsoft Visual Studio\18\Community\MSBuild\Microsoft\VC\v180\Microsoft.CppBuild.targets(323,5): message :       AfterResolveReferences
C:\Program Files\Microsoft Visual Studio\18\Community\MSBuild\Microsoft\VC\v180\Microsoft.CppBuild.targets(323,5): message :     ;
C:\Program Files\Microsoft Visual Studio\18\Community\MSBuild\Microsoft\VC\v180\Microsoft.CppBuild.targets(323,5): message :       ResolveTestReferences
C:\Program Files\Microsoft Visual Studio\18\Community\MSBuild\Microsoft\VC\v180\Microsoft.CppBuild.targets(323,5): message :     " (以前の値: "
C:\Program Files\Microsoft Visual Studio\18\Community\MSBuild\Microsoft\VC\v180\Microsoft.CppBuild.targets(323,5): message :       
C:\Program Files\Microsoft Visual Studio\18\Community\MSBuild\Microsoft\VC\v180\Microsoft.CppBuild.targets(323,5): message :       BeforeResolveReferences;
C:\Program Files\Microsoft Visual Studio\18\Community\MSBuild\Microsoft\VC\v180\Microsoft.CppBuild.targets(323,5): message :       AssignProjectConfiguration;
C:\Program Files\Microsoft Visual Studio\18\Community\MSBuild\Microsoft\VC\v180\Microsoft.CppBuild.targets(323,5): message :       ResolveProjectReferences;
C:\Program Files\Microsoft Visual Studio\18\Community\MSBuild\Microsoft\VC\v180\Microsoft.CppBuild.targets(323,5): message :       FindInvalidProjectReferences;
C:\Program Files\Microsoft Visual Studio\18\Community\MSBuild\Microsoft\VC\v180\Microsoft.CppBuild.targets(323,5): message :       ResolveNativeReferences;
C:\Program Files\Microsoft Visual Studio\18\Community\MSBuild\Microsoft\VC\v180\Microsoft.CppBuild.targets(323,5): message :       ResolveAssemblyReferences;
C:\Program Files\Microsoft Visual Studio\18\Community\MSBuild\Microsoft\VC\v180\Microsoft.CppBuild.targets(323,5): message :       GenerateBindingRedirects;
C:\Program Files\Microsoft Visual Studio\18\Community\MSBuild\Microsoft\VC\v180\Microsoft.CppBuild.targets(323,5): message :       GenerateBindingRedirectsUpdateAppConfig;
C:\Program Files\Microsoft Visual Studio\18\Community\MSBuild\Microsoft\VC\v180\Microsoft.CppBuild.targets(323,5): message :       ResolveComReferences;
C:\Program Files\Microsoft Visual Studio\18\Community\MSBuild\Microsoft\VC\v180\Microsoft.CppBuild.targets(323,5): message :       AfterResolveReferences
C:\Program Files\Microsoft Visual Studio\18\Community\MSBuild\Microsoft\VC\v180\Microsoft.CppBuild.targets(323,5): message :     ;
C:\Program Files\Microsoft Visual Studio\18\Community\MSBuild\Microsoft\VC\v180\Microsoft.CppBuild.targets(323,5): message :       ResolveTestReferences
C:\Program Files\Microsoft Visual Studio\18\Community\MSBuild\Microsoft\VC\v180\Microsoft.CppBuild.targets(323,5): message :     ") C:\Program Files\Microsoft Visual Studio\18\Community\MSBuild\Microsoft\VC\v180\Microsoft.CppBuild.targets (323,5)
C:\Program Files\Microsoft Visual Studio\18\Community\MSBuild\Microsoft\VC\v180\Microsoft.CppBuild.targets(324,5): message : プロパティの再代入: $(ResolveAssemblyReferencesDependsOn)="_PrepareForReferenceResolution;
C:\Program Files\Microsoft Visual Studio\18\Community\MSBuild\Microsoft\VC\v180\Microsoft.CppBuild.targets(324,5): message :       ResolveProjectReferences;
C:\Program Files\Microsoft Visual Studio\18\Community\MSBuild\Microsoft\VC\v180\Microsoft.CppBuild.targets(324,5): message :       FindInvalidProjectReferences;
C:\Program Files\Microsoft Visual Studio\18\Community\MSBuild\Microsoft\VC\v180\Microsoft.CppBuild.targets(324,5): message :       GetFrameworkPaths;
C:\Program Files\Microsoft Visual Studio\18\Community\MSBuild\Microsoft\VC\v180\Microsoft.CppBuild.targets(324,5): message :       GetReferenceAssemblyPaths;
C:\Program Files\Microsoft Visual Studio\18\Community\MSBuild\Microsoft\VC\v180\Microsoft.CppBuild.targets(324,5): message :       PrepareForBuild;
C:\Program Files\Microsoft Visual Studio\18\Community\MSBuild\Microsoft\VC\v180\Microsoft.CppBuild.targets(324,5): message :       ResolveSDKReferences;
C:\Program Files\Microsoft Visual Studio\18\Community\MSBuild\Microsoft\VC\v180\Microsoft.CppBuild.targets(324,5): message :       ExpandSDKReferences;
C:\Program Files\Microsoft Visual Studio\18\Community\MSBuild\Microsoft\VC\v180\Microsoft.CppBuild.targets(324,5): message :     ;ResolveNuGetPackageAssets" (以前の値: "
C:\Program Files\Microsoft Visual Studio\18\Community\MSBuild\Microsoft\VC\v180\Microsoft.CppBuild.targets(324,5): message :       ResolveProjectReferences;
C:\Program Files\Microsoft Visual Studio\18\Community\MSBuild\Microsoft\VC\v180\Microsoft.CppBuild.targets(324,5): message :       FindInvalidProjectReferences;
C:\Program Files\Microsoft Visual Studio\18\Community\MSBuild\Microsoft\VC\v180\Microsoft.CppBuild.targets(324,5): message :       GetFrameworkPaths;
C:\Program Files\Microsoft Visual Studio\18\Community\MSBuild\Microsoft\VC\v180\Microsoft.CppBuild.targets(324,5): message :       GetReferenceAssemblyPaths;
C:\Program Files\Microsoft Visual Studio\18\Community\MSBuild\Microsoft\VC\v180\Microsoft.CppBuild.targets(324,5): message :       PrepareForBuild;
C:\Program Files\Microsoft Visual Studio\18\Community\MSBuild\Microsoft\VC\v180\Microsoft.CppBuild.targets(324,5): message :       ResolveSDKReferences;
C:\Program Files\Microsoft Visual Studio\18\Community\MSBuild\Microsoft\VC\v180\Microsoft.CppBuild.targets(324,5): message :       ExpandSDKReferences;
C:\Program Files\Microsoft Visual Studio\18\Community\MSBuild\Microsoft\VC\v180\Microsoft.CppBuild.targets(324,5): message :     ;ResolveNuGetPackageAssets") C:\Program Files\Microsoft Visual Studio\18\Community\MSBuild\Microsoft\VC\v180\Microsoft.CppBuild.targets (324,5)
C:\Program Files\Microsoft Visual Studio\18\Community\MSBuild\Microsoft\VC\v180\Microsoft.CppBuild.targets(325,5): message : プロパティの再代入: $(ResolveSDKReferencesDependsOn)="_PrepareForReferenceResolution;ComputeCrtSDKReference;
C:\Program Files\Microsoft Visual Studio\18\Community\MSBuild\Microsoft\VC\v180\Microsoft.CppBuild.targets(325,5): message :       GetInstalledSDKLocations
C:\Program Files\Microsoft Visual Studio\18\Community\MSBuild\Microsoft\VC\v180\Microsoft.CppBuild.targets(325,5): message :     " (以前の値: "
C:\Program Files\Microsoft Visual Studio\18\Community\MSBuild\Microsoft\VC\v180\Microsoft.CppBuild.targets(325,5): message :       GetInstalledSDKLocations
C:\Program Files\Microsoft Visual Studio\18\Community\MSBuild\Microsoft\VC\v180\Microsoft.CppBuild.targets(325,5): message :     ") C:\Program Files\Microsoft Visual Studio\18\Community\MSBuild\Microsoft\VC\v180\Microsoft.CppBuild.targets (325,5)
C:\Program Files\Microsoft Visual Studio\18\Community\MSBuild\Microsoft\VC\v180\Microsoft.CppBuild.targets(659,5): message : プロパティの再代入: $(ComputeCompileInputsTargets)="
C:\Program Files\Microsoft Visual Studio\18\Community\MSBuild\Microsoft\VC\v180\Microsoft.CppBuild.targets(659,5): message :       
C:\Program Files\Microsoft Visual Studio\18\Community\MSBuild\Microsoft\VC\v180\Microsoft.CppBuild.targets(659,5): message :       ;
C:\Program Files\Microsoft Visual Studio\18\Community\MSBuild\Microsoft\VC\v180\Microsoft.CppBuild.targets(659,5): message :       GenerateTargetFrameworkMonikerAttribute;
C:\Program Files\Microsoft Visual Studio\18\Community\MSBuild\Microsoft\VC\v180\Microsoft.CppBuild.targets(659,5): message :     ;
C:\Program Files\Microsoft Visual Studio\18\Community\MSBuild\Microsoft\VC\v180\Microsoft.CppBuild.targets(659,5): message :       ComputeMIDLGeneratedCompileInputs;
C:\Program Files\Microsoft Visual Studio\18\Community\MSBuild\Microsoft\VC\v180\Microsoft.CppBuild.targets(659,5): message :     " (以前の値: "
C:\Program Files\Microsoft Visual Studio\18\Community\MSBuild\Microsoft\VC\v180\Microsoft.CppBuild.targets(659,5): message :       ;
C:\Program Files\Microsoft Visual Studio\18\Community\MSBuild\Microsoft\VC\v180\Microsoft.CppBuild.targets(659,5): message :       GenerateTargetFrameworkMonikerAttribute;
C:\Program Files\Microsoft Visual Studio\18\Community\MSBuild\Microsoft\VC\v180\Microsoft.CppBuild.targets(659,5): message :     ") C:\Program Files\Microsoft Visual Studio\18\Community\MSBuild\Microsoft\VC\v180\Microsoft.CppBuild.targets (659,5)
C:\Program Files\Microsoft Visual Studio\18\Community\MSBuild\Microsoft\VC\v180\Microsoft.CppBuild.targets(984,5): message : プロパティの再代入: $(ComputeLinkInputsTargets)="
C:\Program Files\Microsoft Visual Studio\18\Community\MSBuild\Microsoft\VC\v180\Microsoft.CppBuild.targets(984,5): message :       
C:\Program Files\Microsoft Visual Studio\18\Community\MSBuild\Microsoft\VC\v180\Microsoft.CppBuild.targets(984,5): message :       ;
C:\Program Files\Microsoft Visual Studio\18\Community\MSBuild\Microsoft\VC\v180\Microsoft.CppBuild.targets(984,5): message :       ComputeRCGeneratedLinkInputs;
C:\Program Files\Microsoft Visual Studio\18\Community\MSBuild\Microsoft\VC\v180\Microsoft.CppBuild.targets(984,5): message :     ;
C:\Program Files\Microsoft Visual Studio\18\Community\MSBuild\Microsoft\VC\v180\Microsoft.CppBuild.targets(984,5): message :       ComputeManifestGeneratedLinkerInputs;
C:\Program Files\Microsoft Visual Studio\18\Community\MSBuild\Microsoft\VC\v180\Microsoft.CppBuild.targets(984,5): message :     " (以前の値: "
C:\Program Files\Microsoft Visual Studio\18\Community\MSBuild\Microsoft\VC\v180\Microsoft.CppBuild.targets(984,5): message :       ;
C:\Program Files\Microsoft Visual Studio\18\Community\MSBuild\Microsoft\VC\v180\Microsoft.CppBuild.targets(984,5): message :       ComputeRCGeneratedLinkInputs;
C:\Program Files\Microsoft Visual Studio\18\Community\MSBuild\Microsoft\VC\v180\Microsoft.CppBuild.targets(984,5): message :     ") C:\Program Files\Microsoft Visual Studio\18\Community\MSBuild\Microsoft\VC\v180\Microsoft.CppBuild.targets (984,5)
C:\Program Files\Microsoft Visual Studio\18\Community\MSBuild\Microsoft\VC\v180\Microsoft.CppBuild.targets(1181,5): message : プロパティの再代入: $(ComputeCompileInputsTargets)="
C:\Program Files\Microsoft Visual Studio\18\Community\MSBuild\Microsoft\VC\v180\Microsoft.CppBuild.targets(1181,5): message :       
C:\Program Files\Microsoft Visual Studio\18\Community\MSBuild\Microsoft\VC\v180\Microsoft.CppBuild.targets(1181,5): message :       
C:\Program Files\Microsoft Visual Studio\18\Community\MSBuild\Microsoft\VC\v180\Microsoft.CppBuild.targets(1181,5): message :       ;
C:\Program Files\Microsoft Visual Studio\18\Community\MSBuild\Microsoft\VC\v180\Microsoft.CppBuild.targets(1181,5): message :       GenerateTargetFrameworkMonikerAttribute;
C:\Program Files\Microsoft Visual Studio\18\Community\MSBuild\Microsoft\VC\v180\Microsoft.CppBuild.targets(1181,5): message :     ;
C:\Program Files\Microsoft Visual Studio\18\Community\MSBuild\Microsoft\VC\v180\Microsoft.CppBuild.targets(1181,5): message :       ComputeMIDLGeneratedCompileInputs;
C:\Program Files\Microsoft Visual Studio\18\Community\MSBuild\Microsoft\VC\v180\Microsoft.CppBuild.targets(1181,5): message :     ;
C:\Program Files\Microsoft Visual Studio\18\Community\MSBuild\Microsoft\VC\v180\Microsoft.CppBuild.targets(1181,5): message :       ComputeCLInputPDBName;
C:\Program Files\Microsoft Visual Studio\18\Community\MSBuild\Microsoft\VC\v180\Microsoft.CppBuild.targets(1181,5): message :       ComputeReferenceCLInput;
C:\Program Files\Microsoft Visual Studio\18\Community\MSBuild\Microsoft\VC\v180\Microsoft.CppBuild.targets(1181,5): message :       WarnCompileDuplicatedFilename
C:\Program Files\Microsoft Visual Studio\18\Community\MSBuild\Microsoft\VC\v180\Microsoft.CppBuild.targets(1181,5): message :     " (以前の値: "
C:\Program Files\Microsoft Visual Studio\18\Community\MSBuild\Microsoft\VC\v180\Microsoft.CppBuild.targets(1181,5): message :       
C:\Program Files\Microsoft Visual Studio\18\Community\MSBuild\Microsoft\VC\v180\Microsoft.CppBuild.targets(1181,5): message :       ;
C:\Program Files\Microsoft Visual Studio\18\Community\MSBuild\Microsoft\VC\v180\Microsoft.CppBuild.targets(1181,5): message :       GenerateTargetFrameworkMonikerAttribute;
C:\Program Files\Microsoft Visual Studio\18\Community\MSBuild\Microsoft\VC\v180\Microsoft.CppBuild.targets(1181,5): message :     ;
C:\Program Files\Microsoft Visual Studio\18\Community\MSBuild\Microsoft\VC\v180\Microsoft.CppBuild.targets(1181,5): message :       ComputeMIDLGeneratedCompileInputs;
C:\Program Files\Microsoft Visual Studio\18\Community\MSBuild\Microsoft\VC\v180\Microsoft.CppBuild.targets(1181,5): message :     ") C:\Program Files\Microsoft Visual Studio\18\Community\MSBuild\Microsoft\VC\v180\Microsoft.CppBuild.targets (1181,5)
C:\Program Files\Microsoft Visual Studio\18\Community\MSBuild\Microsoft\VC\v180\Microsoft.CppBuild.targets(1233,5): message : プロパティの再代入: $(ComputeLinkInputsTargets)="
C:\Program Files\Microsoft Visual Studio\18\Community\MSBuild\Microsoft\VC\v180\Microsoft.CppBuild.targets(1233,5): message :       
C:\Program Files\Microsoft Visual Studio\18\Community\MSBuild\Microsoft\VC\v180\Microsoft.CppBuild.targets(1233,5): message :       
C:\Program Files\Microsoft Visual Studio\18\Community\MSBuild\Microsoft\VC\v180\Microsoft.CppBuild.targets(1233,5): message :       ;
C:\Program Files\Microsoft Visual Studio\18\Community\MSBuild\Microsoft\VC\v180\Microsoft.CppBuild.targets(1233,5): message :       ComputeRCGeneratedLinkInputs;
C:\Program Files\Microsoft Visual Studio\18\Community\MSBuild\Microsoft\VC\v180\Microsoft.CppBuild.targets(1233,5): message :     ;
C:\Program Files\Microsoft Visual Studio\18\Community\MSBuild\Microsoft\VC\v180\Microsoft.CppBuild.targets(1233,5): message :       ComputeManifestGeneratedLinkerInputs;
C:\Program Files\Microsoft Visual Studio\18\Community\MSBuild\Microsoft\VC\v180\Microsoft.CppBuild.targets(1233,5): message :     ;
C:\Program Files\Microsoft Visual Studio\18\Community\MSBuild\Microsoft\VC\v180\Microsoft.CppBuild.targets(1233,5): message :       ComputeCustomBuildOutput;
C:\Program Files\Microsoft Visual Studio\18\Community\MSBuild\Microsoft\VC\v180\Microsoft.CppBuild.targets(1233,5): message :     " (以前の値: "
C:\Program Files\Microsoft Visual Studio\18\Community\MSBuild\Microsoft\VC\v180\Microsoft.CppBuild.targets(1233,5): message :       
C:\Program Files\Microsoft Visual Studio\18\Community\MSBuild\Microsoft\VC\v180\Microsoft.CppBuild.targets(1233,5): message :       ;
C:\Program Files\Microsoft Visual Studio\18\Community\MSBuild\Microsoft\VC\v180\Microsoft.CppBuild.targets(1233,5): message :       ComputeRCGeneratedLinkInputs;
C:\Program Files\Microsoft Visual Studio\18\Community\MSBuild\Microsoft\VC\v180\Microsoft.CppBuild.targets(1233,5): message :     ;
C:\Program Files\Microsoft Visual Studio\18\Community\MSBuild\Microsoft\VC\v180\Microsoft.CppBuild.targets(1233,5): message :       ComputeManifestGeneratedLinkerInputs;
C:\Program Files\Microsoft Visual Studio\18\Community\MSBuild\Microsoft\VC\v180\Microsoft.CppBuild.targets(1233,5): message :     ") C:\Program Files\Microsoft Visual Studio\18\Community\MSBuild\Microsoft\VC\v180\Microsoft.CppBuild.targets (1233,5)
C:\Program Files\Microsoft Visual Studio\18\Community\MSBuild\Microsoft\VC\v180\Microsoft.CppBuild.targets(1240,5): message : プロパティの再代入: $(ComputeLibInputsTargets)="
C:\Program Files\Microsoft Visual Studio\18\Community\MSBuild\Microsoft\VC\v180\Microsoft.CppBuild.targets(1240,5): message :       
C:\Program Files\Microsoft Visual Studio\18\Community\MSBuild\Microsoft\VC\v180\Microsoft.CppBuild.targets(1240,5): message :       ;
C:\Program Files\Microsoft Visual Studio\18\Community\MSBuild\Microsoft\VC\v180\Microsoft.CppBuild.targets(1240,5): message :       ComputeRCGeneratedLibInputs;
C:\Program Files\Microsoft Visual Studio\18\Community\MSBuild\Microsoft\VC\v180\Microsoft.CppBuild.targets(1240,5): message :     ;
C:\Program Files\Microsoft Visual Studio\18\Community\MSBuild\Microsoft\VC\v180\Microsoft.CppBuild.targets(1240,5): message :       ComputeCustomBuildOutput;
C:\Program Files\Microsoft Visual Studio\18\Community\MSBuild\Microsoft\VC\v180\Microsoft.CppBuild.targets(1240,5): message :     " (以前の値: "
C:\Program Files\Microsoft Visual Studio\18\Community\MSBuild\Microsoft\VC\v180\Microsoft.CppBuild.targets(1240,5): message :       ;
C:\Program Files\Microsoft Visual Studio\18\Community\MSBuild\Microsoft\VC\v180\Microsoft.CppBuild.targets(1240,5): message :       ComputeRCGeneratedLibInputs;
C:\Program Files\Microsoft Visual Studio\18\Community\MSBuild\Microsoft\VC\v180\Microsoft.CppBuild.targets(1240,5): message :     ") C:\Program Files\Microsoft Visual Studio\18\Community\MSBuild\Microsoft\VC\v180\Microsoft.CppBuild.targets (1240,5)
C:\Program Files\Microsoft Visual Studio\18\Community\MSBuild\Microsoft\VC\v180\Microsoft.CppBuild.targets(1247,5): message : プロパティの再代入: $(ComputeImpLibInputsTargets)="
C:\Program Files\Microsoft Visual Studio\18\Community\MSBuild\Microsoft\VC\v180\Microsoft.CppBuild.targets(1247,5): message :       
C:\Program Files\Microsoft Visual Studio\18\Community\MSBuild\Microsoft\VC\v180\Microsoft.CppBuild.targets(1247,5): message :       
C:\Program Files\Microsoft Visual Studio\18\Community\MSBuild\Microsoft\VC\v180\Microsoft.CppBuild.targets(1247,5): message :       ;
C:\Program Files\Microsoft Visual Studio\18\Community\MSBuild\Microsoft\VC\v180\Microsoft.CppBuild.targets(1247,5): message :       ComputeRCGeneratedLibInputs;
C:\Program Files\Microsoft Visual Studio\18\Community\MSBuild\Microsoft\VC\v180\Microsoft.CppBuild.targets(1247,5): message :     ;
C:\Program Files\Microsoft Visual Studio\18\Community\MSBuild\Microsoft\VC\v180\Microsoft.CppBuild.targets(1247,5): message :       ComputeRCGeneratedImpLibInputs;
C:\Program Files\Microsoft Visual Studio\18\Community\MSBuild\Microsoft\VC\v180\Microsoft.CppBuild.targets(1247,5): message :     ;
C:\Program Files\Microsoft Visual Studio\18\Community\MSBuild\Microsoft\VC\v180\Microsoft.CppBuild.targets(1247,5): message :       ComputeCustomBuildOutput;
C:\Program Files\Microsoft Visual Studio\18\Community\MSBuild\Microsoft\VC\v180\Microsoft.CppBuild.targets(1247,5): message :     " (以前の値: "
C:\Program Files\Microsoft Visual Studio\18\Community\MSBuild\Microsoft\VC\v180\Microsoft.CppBuild.targets(1247,5): message :       
C:\Program Files\Microsoft Visual Studio\18\Community\MSBuild\Microsoft\VC\v180\Microsoft.CppBuild.targets(1247,5): message :       ;
C:\Program Files\Microsoft Visual Studio\18\Community\MSBuild\Microsoft\VC\v180\Microsoft.CppBuild.targets(1247,5): message :       ComputeRCGeneratedLibInputs;
C:\Program Files\Microsoft Visual Studio\18\Community\MSBuild\Microsoft\VC\v180\Microsoft.CppBuild.targets(1247,5): message :     ;
C:\Program Files\Microsoft Visual Studio\18\Community\MSBuild\Microsoft\VC\v180\Microsoft.CppBuild.targets(1247,5): message :       ComputeRCGeneratedImpLibInputs;
C:\Program Files\Microsoft Visual Studio\18\Community\MSBuild\Microsoft\VC\v180\Microsoft.CppBuild.targets(1247,5): message :     ") C:\Program Files\Microsoft Visual Studio\18\Community\MSBuild\Microsoft\VC\v180\Microsoft.CppBuild.targets (1247,5)
C:\Program Files\Microsoft Visual Studio\18\Community\MSBuild\Microsoft\VC\v180\Microsoft.CppBuild.targets(1308,5): message : プロパティの再代入: $(ComputeLinkInputsTargets)="
C:\Program Files\Microsoft Visual Studio\18\Community\MSBuild\Microsoft\VC\v180\Microsoft.CppBuild.targets(1308,5): message :       
C:\Program Files\Microsoft Visual Studio\18\Community\MSBuild\Microsoft\VC\v180\Microsoft.CppBuild.targets(1308,5): message :       
C:\Program Files\Microsoft Visual Studio\18\Community\MSBuild\Microsoft\VC\v180\Microsoft.CppBuild.targets(1308,5): message :       
C:\Program Files\Microsoft Visual Studio\18\Community\MSBuild\Microsoft\VC\v180\Microsoft.CppBuild.targets(1308,5): message :       ;
C:\Program Files\Microsoft Visual Studio\18\Community\MSBuild\Microsoft\VC\v180\Microsoft.CppBuild.targets(1308,5): message :       ComputeRCGeneratedLinkInputs;
C:\Program Files\Microsoft Visual Studio\18\Community\MSBuild\Microsoft\VC\v180\Microsoft.CppBuild.targets(1308,5): message :     ;
C:\Program Files\Microsoft Visual Studio\18\Community\MSBuild\Microsoft\VC\v180\Microsoft.CppBuild.targets(1308,5): message :       ComputeManifestGeneratedLinkerInputs;
C:\Program Files\Microsoft Visual Studio\18\Community\MSBuild\Microsoft\VC\v180\Microsoft.CppBuild.targets(1308,5): message :     ;
C:\Program Files\Microsoft Visual Studio\18\Community\MSBuild\Microsoft\VC\v180\Microsoft.CppBuild.targets(1308,5): message :       ComputeCustomBuildOutput;
C:\Program Files\Microsoft Visual Studio\18\Community\MSBuild\Microsoft\VC\v180\Microsoft.CppBuild.targets(1308,5): message :     ;
C:\Program Files\Microsoft Visual Studio\18\Community\MSBuild\Microsoft\VC\v180\Microsoft.CppBuild.targets(1308,5): message :       ComputeCLGeneratedLinkInputs;
C:\Program Files\Microsoft Visual Studio\18\Community\MSBuild\Microsoft\VC\v180\Microsoft.CppBuild.targets(1308,5): message :     " (以前の値: "
C:\Program Files\Microsoft Visual Studio\18\Community\MSBuild\Microsoft\VC\v180\Microsoft.CppBuild.targets(1308,5): message :       
C:\Program Files\Microsoft Visual Studio\18\Community\MSBuild\Microsoft\VC\v180\Microsoft.CppBuild.targets(1308,5): message :       
C:\Program Files\Microsoft Visual Studio\18\Community\MSBuild\Microsoft\VC\v180\Microsoft.CppBuild.targets(1308,5): message :       ;
C:\Program Files\Microsoft Visual Studio\18\Community\MSBuild\Microsoft\VC\v180\Microsoft.CppBuild.targets(1308,5): message :       ComputeRCGeneratedLinkInputs;
C:\Program Files\Microsoft Visual Studio\18\Community\MSBuild\Microsoft\VC\v180\Microsoft.CppBuild.targets(1308,5): message :     ;
C:\Program Files\Microsoft Visual Studio\18\Community\MSBuild\Microsoft\VC\v180\Microsoft.CppBuild.targets(1308,5): message :       ComputeManifestGeneratedLinkerInputs;
C:\Program Files\Microsoft Visual Studio\18\Community\MSBuild\Microsoft\VC\v180\Microsoft.CppBuild.targets(1308,5): message :     ;
C:\Program Files\Microsoft Visual Studio\18\Community\MSBuild\Microsoft\VC\v180\Microsoft.CppBuild.targets(1308,5): message :       ComputeCustomBuildOutput;
C:\Program Files\Microsoft Visual Studio\18\Community\MSBuild\Microsoft\VC\v180\Microsoft.CppBuild.targets(1308,5): message :     ") C:\Program Files\Microsoft Visual Studio\18\Community\MSBuild\Microsoft\VC\v180\Microsoft.CppBuild.targets (1308,5)
C:\Program Files\Microsoft Visual Studio\18\Community\MSBuild\Microsoft\VC\v180\Microsoft.CppBuild.targets(1323,5): message : プロパティの再代入: $(ComputeLibInputsTargets)="
C:\Program Files\Microsoft Visual Studio\18\Community\MSBuild\Microsoft\VC\v180\Microsoft.CppBuild.targets(1323,5): message :       
C:\Program Files\Microsoft Visual Studio\18\Community\MSBuild\Microsoft\VC\v180\Microsoft.CppBuild.targets(1323,5): message :       
C:\Program Files\Microsoft Visual Studio\18\Community\MSBuild\Microsoft\VC\v180\Microsoft.CppBuild.targets(1323,5): message :       ;
C:\Program Files\Microsoft Visual Studio\18\Community\MSBuild\Microsoft\VC\v180\Microsoft.CppBuild.targets(1323,5): message :       ComputeRCGeneratedLibInputs;
C:\Program Files\Microsoft Visual Studio\18\Community\MSBuild\Microsoft\VC\v180\Microsoft.CppBuild.targets(1323,5): message :     ;
C:\Program Files\Microsoft Visual Studio\18\Community\MSBuild\Microsoft\VC\v180\Microsoft.CppBuild.targets(1323,5): message :       ComputeCustomBuildOutput;
C:\Program Files\Microsoft Visual Studio\18\Community\MSBuild\Microsoft\VC\v180\Microsoft.CppBuild.targets(1323,5): message :     ;
C:\Program Files\Microsoft Visual Studio\18\Community\MSBuild\Microsoft\VC\v180\Microsoft.CppBuild.targets(1323,5): message :       ComputeCLGeneratedLibInputs;
C:\Program Files\Microsoft Visual Studio\18\Community\MSBuild\Microsoft\VC\v180\Microsoft.CppBuild.targets(1323,5): message :     " (以前の値: "
C:\Program Files\Microsoft Visual Studio\18\Community\MSBuild\Microsoft\VC\v180\Microsoft.CppBuild.targets(1323,5): message :       
C:\Program Files\Microsoft Visual Studio\18\Community\MSBuild\Microsoft\VC\v180\Microsoft.CppBuild.targets(1323,5): message :       ;
C:\Program Files\Microsoft Visual Studio\18\Community\MSBuild\Microsoft\VC\v180\Microsoft.CppBuild.targets(1323,5): message :       ComputeRCGeneratedLibInputs;
C:\Program Files\Microsoft Visual Studio\18\Community\MSBuild\Microsoft\VC\v180\Microsoft.CppBuild.targets(1323,5): message :     ;
C:\Program Files\Microsoft Visual Studio\18\Community\MSBuild\Microsoft\VC\v180\Microsoft.CppBuild.targets(1323,5): message :       ComputeCustomBuildOutput;
C:\Program Files\Microsoft Visual Studio\18\Community\MSBuild\Microsoft\VC\v180\Microsoft.CppBuild.targets(1323,5): message :     ") C:\Program Files\Microsoft Visual Studio\18\Community\MSBuild\Microsoft\VC\v180\Microsoft.CppBuild.targets (1323,5)
C:\Program Files\Microsoft Visual Studio\18\Community\MSBuild\Microsoft\VC\v180\Microsoft.CppBuild.targets(1338,5): message : プロパティの再代入: $(ComputeImpLibInputsTargets)="
C:\Program Files\Microsoft Visual Studio\18\Community\MSBuild\Microsoft\VC\v180\Microsoft.CppBuild.targets(1338,5): message :       
C:\Program Files\Microsoft Visual Studio\18\Community\MSBuild\Microsoft\VC\v180\Microsoft.CppBuild.targets(1338,5): message :       
C:\Program Files\Microsoft Visual Studio\18\Community\MSBuild\Microsoft\VC\v180\Microsoft.CppBuild.targets(1338,5): message :       
C:\Program Files\Microsoft Visual Studio\18\Community\MSBuild\Microsoft\VC\v180\Microsoft.CppBuild.targets(1338,5): message :       ;
C:\Program Files\Microsoft Visual Studio\18\Community\MSBuild\Microsoft\VC\v180\Microsoft.CppBuild.targets(1338,5): message :       ComputeRCGeneratedLibInputs;
C:\Program Files\Microsoft Visual Studio\18\Community\MSBuild\Microsoft\VC\v180\Microsoft.CppBuild.targets(1338,5): message :     ;
C:\Program Files\Microsoft Visual Studio\18\Community\MSBuild\Microsoft\VC\v180\Microsoft.CppBuild.targets(1338,5): message :       ComputeRCGeneratedImpLibInputs;
C:\Program Files\Microsoft Visual Studio\18\Community\MSBuild\Microsoft\VC\v180\Microsoft.CppBuild.targets(1338,5): message :     ;
C:\Program Files\Microsoft Visual Studio\18\Community\MSBuild\Microsoft\VC\v180\Microsoft.CppBuild.targets(1338,5): message :       ComputeCustomBuildOutput;
C:\Program Files\Microsoft Visual Studio\18\Community\MSBuild\Microsoft\VC\v180\Microsoft.CppBuild.targets(1338,5): message :     ;
C:\Program Files\Microsoft Visual Studio\18\Community\MSBuild\Microsoft\VC\v180\Microsoft.CppBuild.targets(1338,5): message :       ComputeCLGeneratedImpLibInputs;
C:\Program Files\Microsoft Visual Studio\18\Community\MSBuild\Microsoft\VC\v180\Microsoft.CppBuild.targets(1338,5): message :     " (以前の値: "
C:\Program Files\Microsoft Visual Studio\18\Community\MSBuild\Microsoft\VC\v180\Microsoft.CppBuild.targets(1338,5): message :       
C:\Program Files\Microsoft Visual Studio\18\Community\MSBuild\Microsoft\VC\v180\Microsoft.CppBuild.targets(1338,5): message :       
C:\Program Files\Microsoft Visual Studio\18\Community\MSBuild\Microsoft\VC\v180\Microsoft.CppBuild.targets(1338,5): message :       ;
C:\Program Files\Microsoft Visual Studio\18\Community\MSBuild\Microsoft\VC\v180\Microsoft.CppBuild.targets(1338,5): message :       ComputeRCGeneratedLibInputs;
C:\Program Files\Microsoft Visual Studio\18\Community\MSBuild\Microsoft\VC\v180\Microsoft.CppBuild.targets(1338,5): message :     ;
C:\Program Files\Microsoft Visual Studio\18\Community\MSBuild\Microsoft\VC\v180\Microsoft.CppBuild.targets(1338,5): message :       ComputeRCGeneratedImpLibInputs;
C:\Program Files\Microsoft Visual Studio\18\Community\MSBuild\Microsoft\VC\v180\Microsoft.CppBuild.targets(1338,5): message :     ;
C:\Program Files\Microsoft Visual Studio\18\Community\MSBuild\Microsoft\VC\v180\Microsoft.CppBuild.targets(1338,5): message :       ComputeCustomBuildOutput;
C:\Program Files\Microsoft Visual Studio\18\Community\MSBuild\Microsoft\VC\v180\Microsoft.CppBuild.targets(1338,5): message :     ") C:\Program Files\Microsoft Visual Studio\18\Community\MSBuild\Microsoft\VC\v180\Microsoft.CppBuild.targets (1338,5)
C:\Program Files\Microsoft Visual Studio\18\Community\MSBuild\Microsoft\VC\v180\Microsoft.CppBuild.targets(1369,5): message : プロパティの再代入: $(ComputeLinkInputsTargets)="
C:\Program Files\Microsoft Visual Studio\18\Community\MSBuild\Microsoft\VC\v180\Microsoft.CppBuild.targets(1369,5): message :       
C:\Program Files\Microsoft Visual Studio\18\Community\MSBuild\Microsoft\VC\v180\Microsoft.CppBuild.targets(1369,5): message :       
C:\Program Files\Microsoft Visual Studio\18\Community\MSBuild\Microsoft\VC\v180\Microsoft.CppBuild.targets(1369,5): message :       
C:\Program Files\Microsoft Visual Studio\18\Community\MSBuild\Microsoft\VC\v180\Microsoft.CppBuild.targets(1369,5): message :       
C:\Program Files\Microsoft Visual Studio\18\Community\MSBuild\Microsoft\VC\v180\Microsoft.CppBuild.targets(1369,5): message :       ;
C:\Program Files\Microsoft Visual Studio\18\Community\MSBuild\Microsoft\VC\v180\Microsoft.CppBuild.targets(1369,5): message :       ComputeRCGeneratedLinkInputs;
C:\Program Files\Microsoft Visual Studio\18\Community\MSBuild\Microsoft\VC\v180\Microsoft.CppBuild.targets(1369,5): message :     ;
C:\Program Files\Microsoft Visual Studio\18\Community\MSBuild\Microsoft\VC\v180\Microsoft.CppBuild.targets(1369,5): message :       ComputeManifestGeneratedLinkerInputs;
C:\Program Files\Microsoft Visual Studio\18\Community\MSBuild\Microsoft\VC\v180\Microsoft.CppBuild.targets(1369,5): message :     ;
C:\Program Files\Microsoft Visual Studio\18\Community\MSBuild\Microsoft\VC\v180\Microsoft.CppBuild.targets(1369,5): message :       ComputeCustomBuildOutput;
C:\Program Files\Microsoft Visual Studio\18\Community\MSBuild\Microsoft\VC\v180\Microsoft.CppBuild.targets(1369,5): message :     ;
C:\Program Files\Microsoft Visual Studio\18\Community\MSBuild\Microsoft\VC\v180\Microsoft.CppBuild.targets(1369,5): message :       ComputeCLGeneratedLinkInputs;
C:\Program Files\Microsoft Visual Studio\18\Community\MSBuild\Microsoft\VC\v180\Microsoft.CppBuild.targets(1369,5): message :     ;
C:\Program Files\Microsoft Visual Studio\18\Community\MSBuild\Microsoft\VC\v180\Microsoft.CppBuild.targets(1369,5): message :       ComputeLinkInputsFromProject;
C:\Program Files\Microsoft Visual Studio\18\Community\MSBuild\Microsoft\VC\v180\Microsoft.CppBuild.targets(1369,5): message :     " (以前の値: "
C:\Program Files\Microsoft Visual Studio\18\Community\MSBuild\Microsoft\VC\v180\Microsoft.CppBuild.targets(1369,5): message :       
C:\Program Files\Microsoft Visual Studio\18\Community\MSBuild\Microsoft\VC\v180\Microsoft.CppBuild.targets(1369,5): message :       
C:\Program Files\Microsoft Visual Studio\18\Community\MSBuild\Microsoft\VC\v180\Microsoft.CppBuild.targets(1369,5): message :       
C:\Program Files\Microsoft Visual Studio\18\Community\MSBuild\Microsoft\VC\v180\Microsoft.CppBuild.targets(1369,5): message :       ;
C:\Program Files\Microsoft Visual Studio\18\Community\MSBuild\Microsoft\VC\v180\Microsoft.CppBuild.targets(1369,5): message :       ComputeRCGeneratedLinkInputs;
C:\Program Files\Microsoft Visual Studio\18\Community\MSBuild\Microsoft\VC\v180\Microsoft.CppBuild.targets(1369,5): message :     ;
C:\Program Files\Microsoft Visual Studio\18\Community\MSBuild\Microsoft\VC\v180\Microsoft.CppBuild.targets(1369,5): message :       ComputeManifestGeneratedLinkerInputs;
C:\Program Files\Microsoft Visual Studio\18\Community\MSBuild\Microsoft\VC\v180\Microsoft.CppBuild.targets(1369,5): message :     ;
C:\Program Files\Microsoft Visual Studio\18\Community\MSBuild\Microsoft\VC\v180\Microsoft.CppBuild.targets(1369,5): message :       ComputeCustomBuildOutput;
C:\Program Files\Microsoft Visual Studio\18\Community\MSBuild\Microsoft\VC\v180\Microsoft.CppBuild.targets(1369,5): message :     ;
C:\Program Files\Microsoft Visual Studio\18\Community\MSBuild\Microsoft\VC\v180\Microsoft.CppBuild.targets(1369,5): message :       ComputeCLGeneratedLinkInputs;
C:\Program Files\Microsoft Visual Studio\18\Community\MSBuild\Microsoft\VC\v180\Microsoft.CppBuild.targets(1369,5): message :     ") C:\Program Files\Microsoft Visual Studio\18\Community\MSBuild\Microsoft\VC\v180\Microsoft.CppBuild.targets (1369,5)
C:\Program Files\Microsoft Visual Studio\18\Community\MSBuild\Microsoft\VC\v180\Microsoft.CppBuild.targets(1387,5): message : プロパティの再代入: $(ComputeLibInputsTargets)="
C:\Program Files\Microsoft Visual Studio\18\Community\MSBuild\Microsoft\VC\v180\Microsoft.CppBuild.targets(1387,5): message :       
C:\Program Files\Microsoft Visual Studio\18\Community\MSBuild\Microsoft\VC\v180\Microsoft.CppBuild.targets(1387,5): message :       
C:\Program Files\Microsoft Visual Studio\18\Community\MSBuild\Microsoft\VC\v180\Microsoft.CppBuild.targets(1387,5): message :       
C:\Program Files\Microsoft Visual Studio\18\Community\MSBuild\Microsoft\VC\v180\Microsoft.CppBuild.targets(1387,5): message :       ;
C:\Program Files\Microsoft Visual Studio\18\Community\MSBuild\Microsoft\VC\v180\Microsoft.CppBuild.targets(1387,5): message :       ComputeRCGeneratedLibInputs;
C:\Program Files\Microsoft Visual Studio\18\Community\MSBuild\Microsoft\VC\v180\Microsoft.CppBuild.targets(1387,5): message :     ;
C:\Program Files\Microsoft Visual Studio\18\Community\MSBuild\Microsoft\VC\v180\Microsoft.CppBuild.targets(1387,5): message :       ComputeCustomBuildOutput;
C:\Program Files\Microsoft Visual Studio\18\Community\MSBuild\Microsoft\VC\v180\Microsoft.CppBuild.targets(1387,5): message :     ;
C:\Program Files\Microsoft Visual Studio\18\Community\MSBuild\Microsoft\VC\v180\Microsoft.CppBuild.targets(1387,5): message :       ComputeCLGeneratedLibInputs;
C:\Program Files\Microsoft Visual Studio\18\Community\MSBuild\Microsoft\VC\v180\Microsoft.CppBuild.targets(1387,5): message :     ;
C:\Program Files\Microsoft Visual Studio\18\Community\MSBuild\Microsoft\VC\v180\Microsoft.CppBuild.targets(1387,5): message :       ComputeLibInputsFromProject;
C:\Program Files\Microsoft Visual Studio\18\Community\MSBuild\Microsoft\VC\v180\Microsoft.CppBuild.targets(1387,5): message :     " (以前の値: "
C:\Program Files\Microsoft Visual Studio\18\Community\MSBuild\Microsoft\VC\v180\Microsoft.CppBuild.targets(1387,5): message :       
C:\Program Files\Microsoft Visual Studio\18\Community\MSBuild\Microsoft\VC\v180\Microsoft.CppBuild.targets(1387,5): message :       
C:\Program Files\Microsoft Visual Studio\18\Community\MSBuild\Microsoft\VC\v180\Microsoft.CppBuild.targets(1387,5): message :       ;
C:\Program Files\Microsoft Visual Studio\18\Community\MSBuild\Microsoft\VC\v180\Microsoft.CppBuild.targets(1387,5): message :       ComputeRCGeneratedLibInputs;
C:\Program Files\Microsoft Visual Studio\18\Community\MSBuild\Microsoft\VC\v180\Microsoft.CppBuild.targets(1387,5): message :     ;
C:\Program Files\Microsoft Visual Studio\18\Community\MSBuild\Microsoft\VC\v180\Microsoft.CppBuild.targets(1387,5): message :       ComputeCustomBuildOutput;
C:\Program Files\Microsoft Visual Studio\18\Community\MSBuild\Microsoft\VC\v180\Microsoft.CppBuild.targets(1387,5): message :     ;
C:\Program Files\Microsoft Visual Studio\18\Community\MSBuild\Microsoft\VC\v180\Microsoft.CppBuild.targets(1387,5): message :       ComputeCLGeneratedLibInputs;
C:\Program Files\Microsoft Visual Studio\18\Community\MSBuild\Microsoft\VC\v180\Microsoft.CppBuild.targets(1387,5): message :     ") C:\Program Files\Microsoft Visual Studio\18\Community\MSBuild\Microsoft\VC\v180\Microsoft.CppBuild.targets (1387,5)
C:\Program Files\Microsoft Visual Studio\18\Community\MSBuild\Microsoft\VC\v180\Microsoft.CppBuild.targets(1405,5): message : プロパティの再代入: $(ComputeImpLibInputsTargets)="
C:\Program Files\Microsoft Visual Studio\18\Community\MSBuild\Microsoft\VC\v180\Microsoft.CppBuild.targets(1405,5): message :       
C:\Program Files\Microsoft Visual Studio\18\Community\MSBuild\Microsoft\VC\v180\Microsoft.CppBuild.targets(1405,5): message :       
C:\Program Files\Microsoft Visual Studio\18\Community\MSBuild\Microsoft\VC\v180\Microsoft.CppBuild.targets(1405,5): message :       
C:\Program Files\Microsoft Visual Studio\18\Community\MSBuild\Microsoft\VC\v180\Microsoft.CppBuild.targets(1405,5): message :       
C:\Program Files\Microsoft Visual Studio\18\Community\MSBuild\Microsoft\VC\v180\Microsoft.CppBuild.targets(1405,5): message :       ;
C:\Program Files\Microsoft Visual Studio\18\Community\MSBuild\Microsoft\VC\v180\Microsoft.CppBuild.targets(1405,5): message :       ComputeRCGeneratedLibInputs;
C:\Program Files\Microsoft Visual Studio\18\Community\MSBuild\Microsoft\VC\v180\Microsoft.CppBuild.targets(1405,5): message :     ;
C:\Program Files\Microsoft Visual Studio\18\Community\MSBuild\Microsoft\VC\v180\Microsoft.CppBuild.targets(1405,5): message :       ComputeRCGeneratedImpLibInputs;
C:\Program Files\Microsoft Visual Studio\18\Community\MSBuild\Microsoft\VC\v180\Microsoft.CppBuild.targets(1405,5): message :     ;
C:\Program Files\Microsoft Visual Studio\18\Community\MSBuild\Microsoft\VC\v180\Microsoft.CppBuild.targets(1405,5): message :       ComputeCustomBuildOutput;
C:\Program Files\Microsoft Visual Studio\18\Community\MSBuild\Microsoft\VC\v180\Microsoft.CppBuild.targets(1405,5): message :     ;
C:\Program Files\Microsoft Visual Studio\18\Community\MSBuild\Microsoft\VC\v180\Microsoft.CppBuild.targets(1405,5): message :       ComputeCLGeneratedImpLibInputs;
C:\Program Files\Microsoft Visual Studio\18\Community\MSBuild\Microsoft\VC\v180\Microsoft.CppBuild.targets(1405,5): message :     ;
C:\Program Files\Microsoft Visual Studio\18\Community\MSBuild\Microsoft\VC\v180\Microsoft.CppBuild.targets(1405,5): message :       ComputeImpLibInputsFromProject;
C:\Program Files\Microsoft Visual Studio\18\Community\MSBuild\Microsoft\VC\v180\Microsoft.CppBuild.targets(1405,5): message :     " (以前の値: "
C:\Program Files\Microsoft Visual Studio\18\Community\MSBuild\Microsoft\VC\v180\Microsoft.CppBuild.targets(1405,5): message :       
C:\Program Files\Microsoft Visual Studio\18\Community\MSBuild\Microsoft\VC\v180\Microsoft.CppBuild.targets(1405,5): message :       
C:\Program Files\Microsoft Visual Studio\18\Community\MSBuild\Microsoft\VC\v180\Microsoft.CppBuild.targets(1405,5): message :       
C:\Program Files\Microsoft Visual Studio\18\Community\MSBuild\Microsoft\VC\v180\Microsoft.CppBuild.targets(1405,5): message :       ;
C:\Program Files\Microsoft Visual Studio\18\Community\MSBuild\Microsoft\VC\v180\Microsoft.CppBuild.targets(1405,5): message :       ComputeRCGeneratedLibInputs;
C:\Program Files\Microsoft Visual Studio\18\Community\MSBuild\Microsoft\VC\v180\Microsoft.CppBuild.targets(1405,5): message :     ;
C:\Program Files\Microsoft Visual Studio\18\Community\MSBuild\Microsoft\VC\v180\Microsoft.CppBuild.targets(1405,5): message :       ComputeRCGeneratedImpLibInputs;
C:\Program Files\Microsoft Visual Studio\18\Community\MSBuild\Microsoft\VC\v180\Microsoft.CppBuild.targets(1405,5): message :     ;
C:\Program Files\Microsoft Visual Studio\18\Community\MSBuild\Microsoft\VC\v180\Microsoft.CppBuild.targets(1405,5): message :       ComputeCustomBuildOutput;
C:\Program Files\Microsoft Visual Studio\18\Community\MSBuild\Microsoft\VC\v180\Microsoft.CppBuild.targets(1405,5): message :     ;
C:\Program Files\Microsoft Visual Studio\18\Community\MSBuild\Microsoft\VC\v180\Microsoft.CppBuild.targets(1405,5): message :       ComputeCLGeneratedImpLibInputs;
C:\Program Files\Microsoft Visual Studio\18\Community\MSBuild\Microsoft\VC\v180\Microsoft.CppBuild.targets(1405,5): message :     ") C:\Program Files\Microsoft Visual Studio\18\Community\MSBuild\Microsoft\VC\v180\Microsoft.CppBuild.targets (1405,5)
C:\Program Files\Microsoft Visual Studio\18\Community\MSBuild\Microsoft\VC\v180\Microsoft.CppBuild.targets(1529,5): message : プロパティの再代入: $(ComputeLinkInputsTargets)="
C:\Program Files\Microsoft Visual Studio\18\Community\MSBuild\Microsoft\VC\v180\Microsoft.CppBuild.targets(1529,5): message :       
C:\Program Files\Microsoft Visual Studio\18\Community\MSBuild\Microsoft\VC\v180\Microsoft.CppBuild.targets(1529,5): message :       
C:\Program Files\Microsoft Visual Studio\18\Community\MSBuild\Microsoft\VC\v180\Microsoft.CppBuild.targets(1529,5): message :       
C:\Program Files\Microsoft Visual Studio\18\Community\MSBuild\Microsoft\VC\v180\Microsoft.CppBuild.targets(1529,5): message :       
C:\Program Files\Microsoft Visual Studio\18\Community\MSBuild\Microsoft\VC\v180\Microsoft.CppBuild.targets(1529,5): message :       
C:\Program Files\Microsoft Visual Studio\18\Community\MSBuild\Microsoft\VC\v180\Microsoft.CppBuild.targets(1529,5): message :       ;
C:\Program Files\Microsoft Visual Studio\18\Community\MSBuild\Microsoft\VC\v180\Microsoft.CppBuild.targets(1529,5): message :       ComputeRCGeneratedLinkInputs;
C:\Program Files\Microsoft Visual Studio\18\Community\MSBuild\Microsoft\VC\v180\Microsoft.CppBuild.targets(1529,5): message :     ;
C:\Program Files\Microsoft Visual Studio\18\Community\MSBuild\Microsoft\VC\v180\Microsoft.CppBuild.targets(1529,5): message :       ComputeManifestGeneratedLinkerInputs;
C:\Program Files\Microsoft Visual Studio\18\Community\MSBuild\Microsoft\VC\v180\Microsoft.CppBuild.targets(1529,5): message :     ;
C:\Program Files\Microsoft Visual Studio\18\Community\MSBuild\Microsoft\VC\v180\Microsoft.CppBuild.targets(1529,5): message :       ComputeCustomBuildOutput;
C:\Program Files\Microsoft Visual Studio\18\Community\MSBuild\Microsoft\VC\v180\Microsoft.CppBuild.targets(1529,5): message :     ;
C:\Program Files\Microsoft Visual Studio\18\Community\MSBuild\Microsoft\VC\v180\Microsoft.CppBuild.targets(1529,5): message :       ComputeCLGeneratedLinkInputs;
C:\Program Files\Microsoft Visual Studio\18\Community\MSBuild\Microsoft\VC\v180\Microsoft.CppBuild.targets(1529,5): message :     ;
C:\Program Files\Microsoft Visual Studio\18\Community\MSBuild\Microsoft\VC\v180\Microsoft.CppBuild.targets(1529,5): message :       ComputeLinkInputsFromProject;
C:\Program Files\Microsoft Visual Studio\18\Community\MSBuild\Microsoft\VC\v180\Microsoft.CppBuild.targets(1529,5): message :     ;
C:\Program Files\Microsoft Visual Studio\18\Community\MSBuild\Microsoft\VC\v180\Microsoft.CppBuild.targets(1529,5): message :       ComputeReferenceLinkInputs;
C:\Program Files\Microsoft Visual Studio\18\Community\MSBuild\Microsoft\VC\v180\Microsoft.CppBuild.targets(1529,5): message :     " (以前の値: "
C:\Program Files\Microsoft Visual Studio\18\Community\MSBuild\Microsoft\VC\v180\Microsoft.CppBuild.targets(1529,5): message :       
C:\Program Files\Microsoft Visual Studio\18\Community\MSBuild\Microsoft\VC\v180\Microsoft.CppBuild.targets(1529,5): message :       
C:\Program Files\Microsoft Visual Studio\18\Community\MSBuild\Microsoft\VC\v180\Microsoft.CppBuild.targets(1529,5): message :       
C:\Program Files\Microsoft Visual Studio\18\Community\MSBuild\Microsoft\VC\v180\Microsoft.CppBuild.targets(1529,5): message :       
C:\Program Files\Microsoft Visual Studio\18\Community\MSBuild\Microsoft\VC\v180\Microsoft.CppBuild.targets(1529,5): message :       ;
C:\Program Files\Microsoft Visual Studio\18\Community\MSBuild\Microsoft\VC\v180\Microsoft.CppBuild.targets(1529,5): message :       ComputeRCGeneratedLinkInputs;
C:\Program Files\Microsoft Visual Studio\18\Community\MSBuild\Microsoft\VC\v180\Microsoft.CppBuild.targets(1529,5): message :     ;
C:\Program Files\Microsoft Visual Studio\18\Community\MSBuild\Microsoft\VC\v180\Microsoft.CppBuild.targets(1529,5): message :       ComputeManifestGeneratedLinkerInputs;
C:\Program Files\Microsoft Visual Studio\18\Community\MSBuild\Microsoft\VC\v180\Microsoft.CppBuild.targets(1529,5): message :     ;
C:\Program Files\Microsoft Visual Studio\18\Community\MSBuild\Microsoft\VC\v180\Microsoft.CppBuild.targets(1529,5): message :       ComputeCustomBuildOutput;
C:\Program Files\Microsoft Visual Studio\18\Community\MSBuild\Microsoft\VC\v180\Microsoft.CppBuild.targets(1529,5): message :     ;
C:\Program Files\Microsoft Visual Studio\18\Community\MSBuild\Microsoft\VC\v180\Microsoft.CppBuild.targets(1529,5): message :       ComputeCLGeneratedLinkInputs;
C:\Program Files\Microsoft Visual Studio\18\Community\MSBuild\Microsoft\VC\v180\Microsoft.CppBuild.targets(1529,5): message :     ;
C:\Program Files\Microsoft Visual Studio\18\Community\MSBuild\Microsoft\VC\v180\Microsoft.CppBuild.targets(1529,5): message :       ComputeLinkInputsFromProject;
C:\Program Files\Microsoft Visual Studio\18\Community\MSBuild\Microsoft\VC\v180\Microsoft.CppBuild.targets(1529,5): message :     ") C:\Program Files\Microsoft Visual Studio\18\Community\MSBuild\Microsoft\VC\v180\Microsoft.CppBuild.targets (1529,5)
C:\Program Files\Microsoft Visual Studio\18\Community\MSBuild\Microsoft\VC\v180\Microsoft.CppBuild.targets(1567,5): message : プロパティの再代入: $(ComputeLibInputsTargets)="
C:\Program Files\Microsoft Visual Studio\18\Community\MSBuild\Microsoft\VC\v180\Microsoft.CppBuild.targets(1567,5): message :       
C:\Program Files\Microsoft Visual Studio\18\Community\MSBuild\Microsoft\VC\v180\Microsoft.CppBuild.targets(1567,5): message :       
C:\Program Files\Microsoft Visual Studio\18\Community\MSBuild\Microsoft\VC\v180\Microsoft.CppBuild.targets(1567,5): message :       
C:\Program Files\Microsoft Visual Studio\18\Community\MSBuild\Microsoft\VC\v180\Microsoft.CppBuild.targets(1567,5): message :       
C:\Program Files\Microsoft Visual Studio\18\Community\MSBuild\Microsoft\VC\v180\Microsoft.CppBuild.targets(1567,5): message :       ;
C:\Program Files\Microsoft Visual Studio\18\Community\MSBuild\Microsoft\VC\v180\Microsoft.CppBuild.targets(1567,5): message :       ComputeRCGeneratedLibInputs;
C:\Program Files\Microsoft Visual Studio\18\Community\MSBuild\Microsoft\VC\v180\Microsoft.CppBuild.targets(1567,5): message :     ;
C:\Program Files\Microsoft Visual Studio\18\Community\MSBuild\Microsoft\VC\v180\Microsoft.CppBuild.targets(1567,5): message :       ComputeCustomBuildOutput;
C:\Program Files\Microsoft Visual Studio\18\Community\MSBuild\Microsoft\VC\v180\Microsoft.CppBuild.targets(1567,5): message :     ;
C:\Program Files\Microsoft Visual Studio\18\Community\MSBuild\Microsoft\VC\v180\Microsoft.CppBuild.targets(1567,5): message :       ComputeCLGeneratedLibInputs;
C:\Program Files\Microsoft Visual Studio\18\Community\MSBuild\Microsoft\VC\v180\Microsoft.CppBuild.targets(1567,5): message :     ;
C:\Program Files\Microsoft Visual Studio\18\Community\MSBuild\Microsoft\VC\v180\Microsoft.CppBuild.targets(1567,5): message :       ComputeLibInputsFromProject;
C:\Program Files\Microsoft Visual Studio\18\Community\MSBuild\Microsoft\VC\v180\Microsoft.CppBuild.targets(1567,5): message :     ;
C:\Program Files\Microsoft Visual Studio\18\Community\MSBuild\Microsoft\VC\v180\Microsoft.CppBuild.targets(1567,5): message :       ComputeReferenceLibInputs;
C:\Program Files\Microsoft Visual Studio\18\Community\MSBuild\Microsoft\VC\v180\Microsoft.CppBuild.targets(1567,5): message :     " (以前の値: "
C:\Program Files\Microsoft Visual Studio\18\Community\MSBuild\Microsoft\VC\v180\Microsoft.CppBuild.targets(1567,5): message :       
C:\Program Files\Microsoft Visual Studio\18\Community\MSBuild\Microsoft\VC\v180\Microsoft.CppBuild.targets(1567,5): message :       
C:\Program Files\Microsoft Visual Studio\18\Community\MSBuild\Microsoft\VC\v180\Microsoft.CppBuild.targets(1567,5): message :       
C:\Program Files\Microsoft Visual Studio\18\Community\MSBuild\Microsoft\VC\v180\Microsoft.CppBuild.targets(1567,5): message :       ;
C:\Program Files\Microsoft Visual Studio\18\Community\MSBuild\Microsoft\VC\v180\Microsoft.CppBuild.targets(1567,5): message :       ComputeRCGeneratedLibInputs;
C:\Program Files\Microsoft Visual Studio\18\Community\MSBuild\Microsoft\VC\v180\Microsoft.CppBuild.targets(1567,5): message :     ;
C:\Program Files\Microsoft Visual Studio\18\Community\MSBuild\Microsoft\VC\v180\Microsoft.CppBuild.targets(1567,5): message :       ComputeCustomBuildOutput;
C:\Program Files\Microsoft Visual Studio\18\Community\MSBuild\Microsoft\VC\v180\Microsoft.CppBuild.targets(1567,5): message :     ;
C:\Program Files\Microsoft Visual Studio\18\Community\MSBuild\Microsoft\VC\v180\Microsoft.CppBuild.targets(1567,5): message :       ComputeCLGeneratedLibInputs;
C:\Program Files\Microsoft Visual Studio\18\Community\MSBuild\Microsoft\VC\v180\Microsoft.CppBuild.targets(1567,5): message :     ;
C:\Program Files\Microsoft Visual Studio\18\Community\MSBuild\Microsoft\VC\v180\Microsoft.CppBuild.targets(1567,5): message :       ComputeLibInputsFromProject;
C:\Program Files\Microsoft Visual Studio\18\Community\MSBuild\Microsoft\VC\v180\Microsoft.CppBuild.targets(1567,5): message :     ") C:\Program Files\Microsoft Visual Studio\18\Community\MSBuild\Microsoft\VC\v180\Microsoft.CppBuild.targets (1567,5)
C:\Program Files\Microsoft Visual Studio\18\Community\MSBuild\Microsoft\VC\v180\Microsoft.CppBuild.targets(1624,5): message : プロパティの再代入: $(ComputeLibInputsTargets)="
C:\Program Files\Microsoft Visual Studio\18\Community\MSBuild\Microsoft\VC\v180\Microsoft.CppBuild.targets(1624,5): message :       ComputeLibAdditionalOptions;
C:\Program Files\Microsoft Visual Studio\18\Community\MSBuild\Microsoft\VC\v180\Microsoft.CppBuild.targets(1624,5): message :       
C:\Program Files\Microsoft Visual Studio\18\Community\MSBuild\Microsoft\VC\v180\Microsoft.CppBuild.targets(1624,5): message :       
C:\Program Files\Microsoft Visual Studio\18\Community\MSBuild\Microsoft\VC\v180\Microsoft.CppBuild.targets(1624,5): message :       
C:\Program Files\Microsoft Visual Studio\18\Community\MSBuild\Microsoft\VC\v180\Microsoft.CppBuild.targets(1624,5): message :       
C:\Program Files\Microsoft Visual Studio\18\Community\MSBuild\Microsoft\VC\v180\Microsoft.CppBuild.targets(1624,5): message :       
C:\Program Files\Microsoft Visual Studio\18\Community\MSBuild\Microsoft\VC\v180\Microsoft.CppBuild.targets(1624,5): message :       ;
C:\Program Files\Microsoft Visual Studio\18\Community\MSBuild\Microsoft\VC\v180\Microsoft.CppBuild.targets(1624,5): message :       ComputeRCGeneratedLibInputs;
C:\Program Files\Microsoft Visual Studio\18\Community\MSBuild\Microsoft\VC\v180\Microsoft.CppBuild.targets(1624,5): message :     ;
C:\Program Files\Microsoft Visual Studio\18\Community\MSBuild\Microsoft\VC\v180\Microsoft.CppBuild.targets(1624,5): message :       ComputeCustomBuildOutput;
C:\Program Files\Microsoft Visual Studio\18\Community\MSBuild\Microsoft\VC\v180\Microsoft.CppBuild.targets(1624,5): message :     ;
C:\Program Files\Microsoft Visual Studio\18\Community\MSBuild\Microsoft\VC\v180\Microsoft.CppBuild.targets(1624,5): message :       ComputeCLGeneratedLibInputs;
C:\Program Files\Microsoft Visual Studio\18\Community\MSBuild\Microsoft\VC\v180\Microsoft.CppBuild.targets(1624,5): message :     ;
C:\Program Files\Microsoft Visual Studio\18\Community\MSBuild\Microsoft\VC\v180\Microsoft.CppBuild.targets(1624,5): message :       ComputeLibInputsFromProject;
C:\Program Files\Microsoft Visual Studio\18\Community\MSBuild\Microsoft\VC\v180\Microsoft.CppBuild.targets(1624,5): message :     ;
C:\Program Files\Microsoft Visual Studio\18\Community\MSBuild\Microsoft\VC\v180\Microsoft.CppBuild.targets(1624,5): message :       ComputeReferenceLibInputs;
C:\Program Files\Microsoft Visual Studio\18\Community\MSBuild\Microsoft\VC\v180\Microsoft.CppBuild.targets(1624,5): message :     
C:\Program Files\Microsoft Visual Studio\18\Community\MSBuild\Microsoft\VC\v180\Microsoft.CppBuild.targets(1624,5): message :     " (以前の値: "
C:\Program Files\Microsoft Visual Studio\18\Community\MSBuild\Microsoft\VC\v180\Microsoft.CppBuild.targets(1624,5): message :       
C:\Program Files\Microsoft Visual Studio\18\Community\MSBuild\Microsoft\VC\v180\Microsoft.CppBuild.targets(1624,5): message :       
C:\Program Files\Microsoft Visual Studio\18\Community\MSBuild\Microsoft\VC\v180\Microsoft.CppBuild.targets(1624,5): message :       
C:\Program Files\Microsoft Visual Studio\18\Community\MSBuild\Microsoft\VC\v180\Microsoft.CppBuild.targets(1624,5): message :       
C:\Program Files\Microsoft Visual Studio\18\Community\MSBuild\Microsoft\VC\v180\Microsoft.CppBuild.targets(1624,5): message :       ;
C:\Program Files\Microsoft Visual Studio\18\Community\MSBuild\Microsoft\VC\v180\Microsoft.CppBuild.targets(1624,5): message :       ComputeRCGeneratedLibInputs;
C:\Program Files\Microsoft Visual Studio\18\Community\MSBuild\Microsoft\VC\v180\Microsoft.CppBuild.targets(1624,5): message :     ;
C:\Program Files\Microsoft Visual Studio\18\Community\MSBuild\Microsoft\VC\v180\Microsoft.CppBuild.targets(1624,5): message :       ComputeCustomBuildOutput;
C:\Program Files\Microsoft Visual Studio\18\Community\MSBuild\Microsoft\VC\v180\Microsoft.CppBuild.targets(1624,5): message :     ;
C:\Program Files\Microsoft Visual Studio\18\Community\MSBuild\Microsoft\VC\v180\Microsoft.CppBuild.targets(1624,5): message :       ComputeCLGeneratedLibInputs;
C:\Program Files\Microsoft Visual Studio\18\Community\MSBuild\Microsoft\VC\v180\Microsoft.CppBuild.targets(1624,5): message :     ;
C:\Program Files\Microsoft Visual Studio\18\Community\MSBuild\Microsoft\VC\v180\Microsoft.CppBuild.targets(1624,5): message :       ComputeLibInputsFromProject;
C:\Program Files\Microsoft Visual Studio\18\Community\MSBuild\Microsoft\VC\v180\Microsoft.CppBuild.targets(1624,5): message :     ;
C:\Program Files\Microsoft Visual Studio\18\Community\MSBuild\Microsoft\VC\v180\Microsoft.CppBuild.targets(1624,5): message :       ComputeReferenceLibInputs;
C:\Program Files\Microsoft Visual Studio\18\Community\MSBuild\Microsoft\VC\v180\Microsoft.CppBuild.targets(1624,5): message :     ") C:\Program Files\Microsoft Visual Studio\18\Community\MSBuild\Microsoft\VC\v180\Microsoft.CppBuild.targets (1624,5)
C:\Program Files\Microsoft Visual Studio\18\Community\MSBuild\Microsoft\VC\v180\Microsoft.CppBuild.targets(1812,5): message : プロパティの再代入: $(GetProjectInfoForReferenceDependsOn)="
C:\Program Files\Microsoft Visual Studio\18\Community\MSBuild\Microsoft\VC\v180\Microsoft.CppBuild.targets(1812,5): message :       
C:\Program Files\Microsoft Visual Studio\18\Community\MSBuild\Microsoft\VC\v180\Microsoft.CppBuild.targets(1812,5): message :       ;
C:\Program Files\Microsoft Visual Studio\18\Community\MSBuild\Microsoft\VC\v180\Microsoft.CppBuild.targets(1812,5): message :       AddPublicIncludeDirectoriesToProjectsInfoForReference;
C:\Program Files\Microsoft Visual Studio\18\Community\MSBuild\Microsoft\VC\v180\Microsoft.CppBuild.targets(1812,5): message :     ;
C:\Program Files\Microsoft Visual Studio\18\Community\MSBuild\Microsoft\VC\v180\Microsoft.CppBuild.targets(1812,5): message :       AddPublicBMIsToProjectsInfoForReference;
C:\Program Files\Microsoft Visual Studio\18\Community\MSBuild\Microsoft\VC\v180\Microsoft.CppBuild.targets(1812,5): message :       AddDeployRecipeFileToProjectsInfoForReference;
C:\Program Files\Microsoft Visual Studio\18\Community\MSBuild\Microsoft\VC\v180\Microsoft.CppBuild.targets(1812,5): message :       AddLibrariesToProjectsInfoForReference;
C:\Program Files\Microsoft Visual Studio\18\Community\MSBuild\Microsoft\VC\v180\Microsoft.CppBuild.targets(1812,5): message :     " (以前の値: "
C:\Program Files\Microsoft Visual Studio\18\Community\MSBuild\Microsoft\VC\v180\Microsoft.CppBuild.targets(1812,5): message :       ;
C:\Program Files\Microsoft Visual Studio\18\Community\MSBuild\Microsoft\VC\v180\Microsoft.CppBuild.targets(1812,5): message :       AddPublicIncludeDirectoriesToProjectsInfoForReference;
C:\Program Files\Microsoft Visual Studio\18\Community\MSBuild\Microsoft\VC\v180\Microsoft.CppBuild.targets(1812,5): message :     ") C:\Program Files\Microsoft Visual Studio\18\Community\MSBuild\Microsoft\VC\v180\Microsoft.CppBuild.targets (1812,5)
C:\Program Files\Microsoft Visual Studio\18\Community\MSBuild\Microsoft\VC\v180\Microsoft.CppBuild.targets(2237,5): message : プロパティの再代入: $(DocumentationProjectOutputGroupDependsOn)="ResolvedXDCMake;ComputeCLCompileGeneratedXDCFiles" (以前の値: "") C:\Program Files\Microsoft Visual Studio\18\Community\MSBuild\Microsoft\VC\v180\Microsoft.CppBuild.targets (2237,5)
C:\Program Files\Microsoft Visual Studio\18\Community\MSBuild\Microsoft\VC\v180\Microsoft.CppBuild.targets(2303,5): message : プロパティの再代入: $(ContentFilesProjectOutputGroupDependsOn)="PrepareForBuild;AssignTargetPaths;PrepareForBuild;AssignTargetPaths;MakeDirsForFxc" (以前の値: "PrepareForBuild;AssignTargetPaths") C:\Program Files\Microsoft Visual Studio\18\Community\MSBuild\Microsoft\VC\v180\Microsoft.CppBuild.targets (2303,5)
C:\Program Files\Microsoft Visual Studio\18\Community\MSBuild\Microsoft\VC\v180\Microsoft.CppCommon.targets(315,5): message : プロパティの再代入: $(ComputeCompileInputsTargets)="
C:\Program Files\Microsoft Visual Studio\18\Community\MSBuild\Microsoft\VC\v180\Microsoft.CppCommon.targets(315,5): message :       
C:\Program Files\Microsoft Visual Studio\18\Community\MSBuild\Microsoft\VC\v180\Microsoft.CppCommon.targets(315,5): message :       
C:\Program Files\Microsoft Visual Studio\18\Community\MSBuild\Microsoft\VC\v180\Microsoft.CppCommon.targets(315,5): message :       
C:\Program Files\Microsoft Visual Studio\18\Community\MSBuild\Microsoft\VC\v180\Microsoft.CppCommon.targets(315,5): message :       ;
C:\Program Files\Microsoft Visual Studio\18\Community\MSBuild\Microsoft\VC\v180\Microsoft.CppCommon.targets(315,5): message :       GenerateTargetFrameworkMonikerAttribute;
C:\Program Files\Microsoft Visual Studio\18\Community\MSBuild\Microsoft\VC\v180\Microsoft.CppCommon.targets(315,5): message :     ;
C:\Program Files\Microsoft Visual Studio\18\Community\MSBuild\Microsoft\VC\v180\Microsoft.CppCommon.targets(315,5): message :       ComputeMIDLGeneratedCompileInputs;
C:\Program Files\Microsoft Visual Studio\18\Community\MSBuild\Microsoft\VC\v180\Microsoft.CppCommon.targets(315,5): message :     ;
C:\Program Files\Microsoft Visual Studio\18\Community\MSBuild\Microsoft\VC\v180\Microsoft.CppCommon.targets(315,5): message :       ComputeCLInputPDBName;
C:\Program Files\Microsoft Visual Studio\18\Community\MSBuild\Microsoft\VC\v180\Microsoft.CppCommon.targets(315,5): message :       ComputeReferenceCLInput;
C:\Program Files\Microsoft Visual Studio\18\Community\MSBuild\Microsoft\VC\v180\Microsoft.CppCommon.targets(315,5): message :       WarnCompileDuplicatedFilename
C:\Program Files\Microsoft Visual Studio\18\Community\MSBuild\Microsoft\VC\v180\Microsoft.CppCommon.targets(315,5): message :     ;
C:\Program Files\Microsoft Visual Studio\18\Community\MSBuild\Microsoft\VC\v180\Microsoft.CppCommon.targets(315,5): message :       ;
C:\Program Files\Microsoft Visual Studio\18\Community\MSBuild\Microsoft\VC\v180\Microsoft.CppCommon.targets(315,5): message :       ComputeStdModulesCompileInputs;
C:\Program Files\Microsoft Visual Studio\18\Community\MSBuild\Microsoft\VC\v180\Microsoft.CppCommon.targets(315,5): message :       FixupCLCompileOptions;
C:\Program Files\Microsoft Visual Studio\18\Community\MSBuild\Microsoft\VC\v180\Microsoft.CppCommon.targets(315,5): message :       SetModuleDependencies;
C:\Program Files\Microsoft Visual Studio\18\Community\MSBuild\Microsoft\VC\v180\Microsoft.CppCommon.targets(315,5): message :     " (以前の値: "
C:\Program Files\Microsoft Visual Studio\18\Community\MSBuild\Microsoft\VC\v180\Microsoft.CppCommon.targets(315,5): message :       
C:\Program Files\Microsoft Visual Studio\18\Community\MSBuild\Microsoft\VC\v180\Microsoft.CppCommon.targets(315,5): message :       
C:\Program Files\Microsoft Visual Studio\18\Community\MSBuild\Microsoft\VC\v180\Microsoft.CppCommon.targets(315,5): message :       ;
C:\Program Files\Microsoft Visual Studio\18\Community\MSBuild\Microsoft\VC\v180\Microsoft.CppCommon.targets(315,5): message :       GenerateTargetFrameworkMonikerAttribute;
C:\Program Files\Microsoft Visual Studio\18\Community\MSBuild\Microsoft\VC\v180\Microsoft.CppCommon.targets(315,5): message :     ;
C:\Program Files\Microsoft Visual Studio\18\Community\MSBuild\Microsoft\VC\v180\Microsoft.CppCommon.targets(315,5): message :       ComputeMIDLGeneratedCompileInputs;
C:\Program Files\Microsoft Visual Studio\18\Community\MSBuild\Microsoft\VC\v180\Microsoft.CppCommon.targets(315,5): message :     ;
C:\Program Files\Microsoft Visual Studio\18\Community\MSBuild\Microsoft\VC\v180\Microsoft.CppCommon.targets(315,5): message :       ComputeCLInputPDBName;
C:\Program Files\Microsoft Visual Studio\18\Community\MSBuild\Microsoft\VC\v180\Microsoft.CppCommon.targets(315,5): message :       ComputeReferenceCLInput;
C:\Program Files\Microsoft Visual Studio\18\Community\MSBuild\Microsoft\VC\v180\Microsoft.CppCommon.targets(315,5): message :       WarnCompileDuplicatedFilename
C:\Program Files\Microsoft Visual Studio\18\Community\MSBuild\Microsoft\VC\v180\Microsoft.CppCommon.targets(315,5): message :     ") C:\Program Files\Microsoft Visual Studio\18\Community\MSBuild\Microsoft\VC\v180\Microsoft.CppCommon.targets (315,5)
C:\Program Files\Microsoft Visual Studio\18\Community\MSBuild\Microsoft\VC\v180\Microsoft.CppCommon.targets(2130,5): message : プロパティの再代入: $(BuildingProject)="true" (以前の値: "false") C:\Program Files\Microsoft Visual Studio\18\Community\MSBuild\Microsoft\VC\v180\Microsoft.CppCommon.targets (2130,5)
C:\Program Files\Microsoft Visual Studio\18\Community\MSBuild\Microsoft\VC\v180\Microsoft.CppCommon.targets(2676,5): message : プロパティの再代入: $(ContentFilesProjectOutputGroupDependsOn)="PrepareForBuild;AssignTargetPaths;PrepareForBuild;AssignTargetPaths;MakeDirsForFxc;_CreateCopyFileItems;" (以前の値: "PrepareForBuild;AssignTargetPaths;PrepareForBuild;AssignTargetPaths;MakeDirsForFxc") C:\Program Files\Microsoft Visual Studio\18\Community\MSBuild\Microsoft\VC\v180\Microsoft.CppCommon.targets (2676,5)
C:\Program Files\Microsoft Visual Studio\18\Community\MSBuild\Microsoft\VC\v180\Microsoft.Cpp.WindowsSDK.targets(16,5): message : プロパティの再代入: $(PrepareForBuildDependsOn)="_CheckWindowsSDKInstalled;;GetFrameworkPaths;GetReferenceAssemblyPaths;AssignLinkMetadata;SetCABuildNativeEnvironmentVariables" (以前の値: ";GetFrameworkPaths;GetReferenceAssemblyPaths;AssignLinkMetadata;SetCABuildNativeEnvironmentVariables") C:\Program Files\Microsoft Visual Studio\18\Community\MSBuild\Microsoft\VC\v180\Microsoft.Cpp.WindowsSDK.targets (16,5)
C:\Program Files\Microsoft Visual Studio\18\Community\MSBuild\Microsoft\VC\v180\Microsoft.CppClean.targets(22,5): message : プロパティの再代入: $(CleanDependsOn)="
C:\Program Files\Microsoft Visual Studio\18\Community\MSBuild\Microsoft\VC\v180\Microsoft.CppClean.targets(22,5): message :       
C:\Program Files\Microsoft Visual Studio\18\Community\MSBuild\Microsoft\VC\v180\Microsoft.CppClean.targets(22,5): message :       _PrepareForClean;
C:\Program Files\Microsoft Visual Studio\18\Community\MSBuild\Microsoft\VC\v180\Microsoft.CppClean.targets(22,5): message :       
C:\Program Files\Microsoft Visual Studio\18\Community\MSBuild\Microsoft\VC\v180\Microsoft.CppClean.targets(22,5): message :       BeforeClean;
C:\Program Files\Microsoft Visual Studio\18\Community\MSBuild\Microsoft\VC\v180\Microsoft.CppClean.targets(22,5): message :       UnmanagedUnregistration;
C:\Program Files\Microsoft Visual Studio\18\Community\MSBuild\Microsoft\VC\v180\Microsoft.CppClean.targets(22,5): message :       CoreClean;
C:\Program Files\Microsoft Visual Studio\18\Community\MSBuild\Microsoft\VC\v180\Microsoft.CppClean.targets(22,5): message :       CleanReferencedProjects;
C:\Program Files\Microsoft Visual Studio\18\Community\MSBuild\Microsoft\VC\v180\Microsoft.CppClean.targets(22,5): message :       CleanPublishFolder;
C:\Program Files\Microsoft Visual Studio\18\Community\MSBuild\Microsoft\VC\v180\Microsoft.CppClean.targets(22,5): message :       AfterClean
C:\Program Files\Microsoft Visual Studio\18\Community\MSBuild\Microsoft\VC\v180\Microsoft.CppClean.targets(22,5): message :     ;
C:\Program Files\Microsoft Visual Studio\18\Community\MSBuild\Microsoft\VC\v180\Microsoft.CppClean.targets(22,5): message :     ;
C:\Program Files\Microsoft Visual Studio\18\Community\MSBuild\Microsoft\VC\v180\Microsoft.CppClean.targets(22,5): message :       CppClean
C:\Program Files\Microsoft Visual Studio\18\Community\MSBuild\Microsoft\VC\v180\Microsoft.CppClean.targets(22,5): message :     " (以前の値: "
C:\Program Files\Microsoft Visual Studio\18\Community\MSBuild\Microsoft\VC\v180\Microsoft.CppClean.targets(22,5): message :       _PrepareForClean;
C:\Program Files\Microsoft Visual Studio\18\Community\MSBuild\Microsoft\VC\v180\Microsoft.CppClean.targets(22,5): message :       
C:\Program Files\Microsoft Visual Studio\18\Community\MSBuild\Microsoft\VC\v180\Microsoft.CppClean.targets(22,5): message :       BeforeClean;
C:\Program Files\Microsoft Visual Studio\18\Community\MSBuild\Microsoft\VC\v180\Microsoft.CppClean.targets(22,5): message :       UnmanagedUnregistration;
C:\Program Files\Microsoft Visual Studio\18\Community\MSBuild\Microsoft\VC\v180\Microsoft.CppClean.targets(22,5): message :       CoreClean;
C:\Program Files\Microsoft Visual Studio\18\Community\MSBuild\Microsoft\VC\v180\Microsoft.CppClean.targets(22,5): message :       CleanReferencedProjects;
C:\Program Files\Microsoft Visual Studio\18\Community\MSBuild\Microsoft\VC\v180\Microsoft.CppClean.targets(22,5): message :       CleanPublishFolder;
C:\Program Files\Microsoft Visual Studio\18\Community\MSBuild\Microsoft\VC\v180\Microsoft.CppClean.targets(22,5): message :       AfterClean
C:\Program Files\Microsoft Visual Studio\18\Community\MSBuild\Microsoft\VC\v180\Microsoft.CppClean.targets(22,5): message :     ;
C:\Program Files\Microsoft Visual Studio\18\Community\MSBuild\Microsoft\VC\v180\Microsoft.CppClean.targets(22,5): message :     ") C:\Program Files\Microsoft Visual Studio\18\Community\MSBuild\Microsoft\VC\v180\Microsoft.CppClean.targets (22,5)
C:\Program Files\Microsoft Visual Studio\18\Community\MSBuild\Microsoft\VC\v180\Microsoft.CppClean.targets(92,5): message : プロパティの再代入: $(CppCleanDependsOn)="
C:\Program Files\Microsoft Visual Studio\18\Community\MSBuild\Microsoft\VC\v180\Microsoft.CppClean.targets(92,5): message :       BeforeCppClean;
C:\Program Files\Microsoft Visual Studio\18\Community\MSBuild\Microsoft\VC\v180\Microsoft.CppClean.targets(92,5): message :       ;
C:\Program Files\Microsoft Visual Studio\18\Community\MSBuild\Microsoft\VC\v180\Microsoft.CppClean.targets(92,5): message :       CoreCppClean;
C:\Program Files\Microsoft Visual Studio\18\Community\MSBuild\Microsoft\VC\v180\Microsoft.CppClean.targets(92,5): message :       AfterCppClean;
C:\Program Files\Microsoft Visual Studio\18\Community\MSBuild\Microsoft\VC\v180\Microsoft.CppClean.targets(92,5): message :     ;PGInstrumentedClean" (以前の値: "
C:\Program Files\Microsoft Visual Studio\18\Community\MSBuild\Microsoft\VC\v180\Microsoft.CppClean.targets(92,5): message :       BeforeCppClean;
C:\Program Files\Microsoft Visual Studio\18\Community\MSBuild\Microsoft\VC\v180\Microsoft.CppClean.targets(92,5): message :       ;
C:\Program Files\Microsoft Visual Studio\18\Community\MSBuild\Microsoft\VC\v180\Microsoft.CppClean.targets(92,5): message :       CoreCppClean;
C:\Program Files\Microsoft Visual Studio\18\Community\MSBuild\Microsoft\VC\v180\Microsoft.CppClean.targets(92,5): message :       AfterCppClean;
C:\Program Files\Microsoft Visual Studio\18\Community\MSBuild\Microsoft\VC\v180\Microsoft.CppClean.targets(92,5): message :     ") C:\Program Files\Microsoft Visual Studio\18\Community\MSBuild\Microsoft\VC\v180\Microsoft.CppClean.targets (92,5)
C:\Program Files\Microsoft Visual Studio\18\Community\MSBuild\Microsoft\VC\v180\Microsoft.Cpp.DesignTime.targets(541,5): message : プロパティの再代入: $(BuildDependsOn)="SetTelemetryEnvironmentVariables;
C:\Program Files\Microsoft Visual Studio\18\Community\MSBuild\Microsoft\VC\v180\Microsoft.Cpp.DesignTime.targets(541,5): message :       _PrepareForBuild;
C:\Program Files\Microsoft Visual Studio\18\Community\MSBuild\Microsoft\VC\v180\Microsoft.Cpp.DesignTime.targets(541,5): message :       
C:\Program Files\Microsoft Visual Studio\18\Community\MSBuild\Microsoft\VC\v180\Microsoft.Cpp.DesignTime.targets(541,5): message :       ResolveReferences;
C:\Program Files\Microsoft Visual Studio\18\Community\MSBuild\Microsoft\VC\v180\Microsoft.Cpp.DesignTime.targets(541,5): message :       PrepareForBuild;
C:\Program Files\Microsoft Visual Studio\18\Community\MSBuild\Microsoft\VC\v180\Microsoft.Cpp.DesignTime.targets(541,5): message :       InitializeBuildStatus;
C:\Program Files\Microsoft Visual Studio\18\Community\MSBuild\Microsoft\VC\v180\Microsoft.Cpp.DesignTime.targets(541,5): message :       BuildGenerateSources;
C:\Program Files\Microsoft Visual Studio\18\Community\MSBuild\Microsoft\VC\v180\Microsoft.Cpp.DesignTime.targets(541,5): message :       BuildCompile;
C:\Program Files\Microsoft Visual Studio\18\Community\MSBuild\Microsoft\VC\v180\Microsoft.Cpp.DesignTime.targets(541,5): message :       BuildLink;
C:\Program Files\Microsoft Visual Studio\18\Community\MSBuild\Microsoft\VC\v180\Microsoft.Cpp.DesignTime.targets(541,5): message :     ;
C:\Program Files\Microsoft Visual Studio\18\Community\MSBuild\Microsoft\VC\v180\Microsoft.Cpp.DesignTime.targets(541,5): message :       AfterBuild;
C:\Program Files\Microsoft Visual Studio\18\Community\MSBuild\Microsoft\VC\v180\Microsoft.Cpp.DesignTime.targets(541,5): message :       IncrementalClean;
C:\Program Files\Microsoft Visual Studio\18\Community\MSBuild\Microsoft\VC\v180\Microsoft.Cpp.DesignTime.targets(541,5): message :       TlogCleanup;
C:\Program Files\Microsoft Visual Studio\18\Community\MSBuild\Microsoft\VC\v180\Microsoft.Cpp.DesignTime.targets(541,5): message :       FinalizeBuildStatus;
C:\Program Files\Microsoft Visual Studio\18\Community\MSBuild\Microsoft\VC\v180\Microsoft.Cpp.DesignTime.targets(541,5): message :     " (以前の値: "
C:\Program Files\Microsoft Visual Studio\18\Community\MSBuild\Microsoft\VC\v180\Microsoft.Cpp.DesignTime.targets(541,5): message :       _PrepareForBuild;
C:\Program Files\Microsoft Visual Studio\18\Community\MSBuild\Microsoft\VC\v180\Microsoft.Cpp.DesignTime.targets(541,5): message :       
C:\Program Files\Microsoft Visual Studio\18\Community\MSBuild\Microsoft\VC\v180\Microsoft.Cpp.DesignTime.targets(541,5): message :       ResolveReferences;
C:\Program Files\Microsoft Visual Studio\18\Community\MSBuild\Microsoft\VC\v180\Microsoft.Cpp.DesignTime.targets(541,5): message :       PrepareForBuild;
C:\Program Files\Microsoft Visual Studio\18\Community\MSBuild\Microsoft\VC\v180\Microsoft.Cpp.DesignTime.targets(541,5): message :       InitializeBuildStatus;
C:\Program Files\Microsoft Visual Studio\18\Community\MSBuild\Microsoft\VC\v180\Microsoft.Cpp.DesignTime.targets(541,5): message :       BuildGenerateSources;
C:\Program Files\Microsoft Visual Studio\18\Community\MSBuild\Microsoft\VC\v180\Microsoft.Cpp.DesignTime.targets(541,5): message :       BuildCompile;
C:\Program Files\Microsoft Visual Studio\18\Community\MSBuild\Microsoft\VC\v180\Microsoft.Cpp.DesignTime.targets(541,5): message :       BuildLink;
C:\Program Files\Microsoft Visual Studio\18\Community\MSBuild\Microsoft\VC\v180\Microsoft.Cpp.DesignTime.targets(541,5): message :     ;
C:\Program Files\Microsoft Visual Studio\18\Community\MSBuild\Microsoft\VC\v180\Microsoft.Cpp.DesignTime.targets(541,5): message :       AfterBuild;
C:\Program Files\Microsoft Visual Studio\18\Community\MSBuild\Microsoft\VC\v180\Microsoft.Cpp.DesignTime.targets(541,5): message :       IncrementalClean;
C:\Program Files\Microsoft Visual Studio\18\Community\MSBuild\Microsoft\VC\v180\Microsoft.Cpp.DesignTime.targets(541,5): message :       TlogCleanup;
C:\Program Files\Microsoft Visual Studio\18\Community\MSBuild\Microsoft\VC\v180\Microsoft.Cpp.DesignTime.targets(541,5): message :       FinalizeBuildStatus;
C:\Program Files\Microsoft Visual Studio\18\Community\MSBuild\Microsoft\VC\v180\Microsoft.Cpp.DesignTime.targets(541,5): message :     ") C:\Program Files\Microsoft Visual Studio\18\Community\MSBuild\Microsoft\VC\v180\Microsoft.Cpp.DesignTime.targets (541,5)
C:\Program Files\Microsoft Visual Studio\18\Community\MSBuild\Microsoft\VC\v180\Microsoft.Cpp.DesignTime.targets(542,5): message : プロパティの再代入: $(RebuildDependsOn)="SetTelemetryEnvironmentVariables;
C:\Program Files\Microsoft Visual Studio\18\Community\MSBuild\Microsoft\VC\v180\Microsoft.Cpp.DesignTime.targets(542,5): message :       _PrepareForRebuild;
C:\Program Files\Microsoft Visual Studio\18\Community\MSBuild\Microsoft\VC\v180\Microsoft.Cpp.DesignTime.targets(542,5): message :       
C:\Program Files\Microsoft Visual Studio\18\Community\MSBuild\Microsoft\VC\v180\Microsoft.Cpp.DesignTime.targets(542,5): message :       BeforeRebuild;
C:\Program Files\Microsoft Visual Studio\18\Community\MSBuild\Microsoft\VC\v180\Microsoft.Cpp.DesignTime.targets(542,5): message :       Clean;
C:\Program Files\Microsoft Visual Studio\18\Community\MSBuild\Microsoft\VC\v180\Microsoft.Cpp.DesignTime.targets(542,5): message :       Build;
C:\Program Files\Microsoft Visual Studio\18\Community\MSBuild\Microsoft\VC\v180\Microsoft.Cpp.DesignTime.targets(542,5): message :       AfterRebuild;
C:\Program Files\Microsoft Visual Studio\18\Community\MSBuild\Microsoft\VC\v180\Microsoft.Cpp.DesignTime.targets(542,5): message :     ;
C:\Program Files\Microsoft Visual Studio\18\Community\MSBuild\Microsoft\VC\v180\Microsoft.Cpp.DesignTime.targets(542,5): message :     " (以前の値: "
C:\Program Files\Microsoft Visual Studio\18\Community\MSBuild\Microsoft\VC\v180\Microsoft.Cpp.DesignTime.targets(542,5): message :       _PrepareForRebuild;
C:\Program Files\Microsoft Visual Studio\18\Community\MSBuild\Microsoft\VC\v180\Microsoft.Cpp.DesignTime.targets(542,5): message :       
C:\Program Files\Microsoft Visual Studio\18\Community\MSBuild\Microsoft\VC\v180\Microsoft.Cpp.DesignTime.targets(542,5): message :       BeforeRebuild;
C:\Program Files\Microsoft Visual Studio\18\Community\MSBuild\Microsoft\VC\v180\Microsoft.Cpp.DesignTime.targets(542,5): message :       Clean;
C:\Program Files\Microsoft Visual Studio\18\Community\MSBuild\Microsoft\VC\v180\Microsoft.Cpp.DesignTime.targets(542,5): message :       Build;
C:\Program Files\Microsoft Visual Studio\18\Community\MSBuild\Microsoft\VC\v180\Microsoft.Cpp.DesignTime.targets(542,5): message :       AfterRebuild;
C:\Program Files\Microsoft Visual Studio\18\Community\MSBuild\Microsoft\VC\v180\Microsoft.Cpp.DesignTime.targets(542,5): message :     ;
C:\Program Files\Microsoft Visual Studio\18\Community\MSBuild\Microsoft\VC\v180\Microsoft.Cpp.DesignTime.targets(542,5): message :     ") C:\Program Files\Microsoft Visual Studio\18\Community\MSBuild\Microsoft\VC\v180\Microsoft.Cpp.DesignTime.targets (542,5)
プロジェクト "C:\Program Files\Microsoft Visual Studio\18\Community\MSBuild\Current\Bin\Microsoft.Common.CurrentVersion.targets" のターゲット "GenerateTargetFrameworkMonikerAttribute" をプロジェクト "C:\Program Files\Microsoft Visual Studio\18\Community\MSBuild\Microsoft\VC\v180\Microsoft.BuildSteps.Targets" からのターゲット "GenerateTargetFrameworkMonikerAttribute" でオーバーライドしています。
プロジェクト "C:\Program Files\Microsoft Visual Studio\18\Community\MSBuild\Current\Bin\Microsoft.Common.CurrentVersion.targets" のターゲット "Build" をプロジェクト "C:\Program Files\Microsoft Visual Studio\18\Community\MSBuild\Microsoft\VC\v180\Microsoft.BuildSteps.Targets" からのターゲット "Build" でオーバーライドしています。
プロジェクト "C:\Program Files\Microsoft Visual Studio\18\Community\MSBuild\Current\Bin\Microsoft.Common.CurrentVersion.targets" のターゲット "Rebuild" をプロジェクト "C:\Program Files\Microsoft Visual Studio\18\Community\MSBuild\Microsoft\VC\v180\Microsoft.BuildSteps.Targets" からのターゲット "Rebuild" でオーバーライドしています。
プロジェクト "C:\Program Files\Microsoft Visual Studio\18\Community\MSBuild\Current\Bin\Microsoft.Common.CurrentVersion.targets" のターゲット "AfterBuild" をプロジェクト "C:\Program Files\Microsoft Visual Studio\18\Community\MSBuild\Microsoft\VC\v180\Microsoft.BuildSteps.Targets" からのターゲット "AfterBuild" でオーバーライドしています。
プロジェクト "C:\Program Files\Microsoft Visual Studio\18\Community\MSBuild\Current\Bin\Microsoft.Common.CurrentVersion.targets" のターゲット "PrepareForBuild" をプロジェクト "C:\Program Files\Microsoft Visual Studio\18\Community\MSBuild\Microsoft\VC\v180\Microsoft.CppBuild.targets" からのターゲット "PrepareForBuild" でオーバーライドしています。
プロジェクト "C:\Program Files\Microsoft Visual Studio\18\Community\MSBuild\Current\Bin\Microsoft.Common.CurrentVersion.targets" のターゲット "GetTargetPath" をプロジェクト "C:\Program Files\Microsoft Visual Studio\18\Community\MSBuild\Microsoft\VC\v180\Microsoft.CppBuild.targets" からのターゲット "GetTargetPath" でオーバーライドしています。
プロジェクト "C:\Program Files\Microsoft Visual Studio\18\Community\MSBuild\Current\Bin\Microsoft.Common.CurrentVersion.targets" のターゲット "ComputeIntermediateSatelliteAssemblies" をプロジェクト "C:\Program Files\Microsoft Visual Studio\18\Community\MSBuild\Microsoft\VC\v180\Microsoft.CppBuild.targets" からのターゲット "ComputeIntermediateSatelliteAssemblies" でオーバーライドしています。
プロジェクト "C:\Program Files\Microsoft Visual Studio\18\Community\MSBuild\Microsoft\VC\v180\Microsoft.CppBuild.targets" のターゲット "ClCompile" をプロジェクト "C:\Program Files\Microsoft Visual Studio\18\Community\MSBuild\Microsoft\VC\v180\Microsoft.CppBuild.targets" からのターゲット "ClCompile" でオーバーライドしています。
プロジェクト "C:\Program Files\Microsoft Visual Studio\18\Community\MSBuild\Microsoft\VC\v180\Microsoft.CppBuild.targets" のターゲット "ResourceCompile" をプロジェクト "C:\Program Files\Microsoft Visual Studio\18\Community\MSBuild\Microsoft\VC\v180\Microsoft.CppBuild.targets" からのターゲット "ResourceCompile" でオーバーライドしています。
プロジェクト "C:\Program Files\Microsoft Visual Studio\18\Community\MSBuild\Microsoft\VC\v180\Microsoft.CppBuild.targets" のターゲット "Lib" をプロジェクト "C:\Program Files\Microsoft Visual Studio\18\Community\MSBuild\Microsoft\VC\v180\Microsoft.CppBuild.targets" からのターゲット "Lib" でオーバーライドしています。
プロジェクト "C:\Program Files\Microsoft Visual Studio\18\Community\MSBuild\Microsoft\VC\v180\Microsoft.CppBuild.targets" のターゲット "Link" をプロジェクト "C:\Program Files\Microsoft Visual Studio\18\Community\MSBuild\Microsoft\VC\v180\Microsoft.CppBuild.targets" からのターゲット "Link" でオーバーライドしています。
プロジェクト "C:\Program Files\Microsoft Visual Studio\18\Community\MSBuild\Current\Bin\Microsoft.Common.CurrentVersion.targets" のターゲット "AllProjectOutputGroups" をプロジェクト "C:\Program Files\Microsoft Visual Studio\18\Community\MSBuild\Microsoft\VC\v180\Microsoft.CppBuild.targets" からのターゲット "AllProjectOutputGroups" でオーバーライドしています。
プロジェクト "C:\Program Files\Microsoft Visual Studio\18\Community\MSBuild\Current\Bin\Microsoft.Common.CurrentVersion.targets" のターゲット "BuiltProjectOutputGroup" をプロジェクト "C:\Program Files\Microsoft Visual Studio\18\Community\MSBuild\Microsoft\VC\v180\Microsoft.CppBuild.targets" からのターゲット "BuiltProjectOutputGroup" でオーバーライドしています。
プロジェクト "C:\Program Files\Microsoft Visual Studio\18\Community\MSBuild\Current\Bin\Microsoft.Common.CurrentVersion.targets" のターゲット "DebugSymbolsProjectOutputGroup" をプロジェクト "C:\Program Files\Microsoft Visual Studio\18\Community\MSBuild\Microsoft\VC\v180\Microsoft.CppBuild.targets" からのターゲット "DebugSymbolsProjectOutputGroup" でオーバーライドしています。
プロジェクト "C:\Program Files\Microsoft Visual Studio\18\Community\MSBuild\Current\Bin\Microsoft.Common.CurrentVersion.targets" のターゲット "DocumentationProjectOutputGroup" をプロジェクト "C:\Program Files\Microsoft Visual Studio\18\Community\MSBuild\Microsoft\VC\v180\Microsoft.CppBuild.targets" からのターゲット "DocumentationProjectOutputGroup" でオーバーライドしています。
プロジェクト "C:\Program Files\Microsoft Visual Studio\18\Community\MSBuild\Current\Bin\Microsoft.Common.CurrentVersion.targets" のターゲット "SourceFilesProjectOutputGroup" をプロジェクト "C:\Program Files\Microsoft Visual Studio\18\Community\MSBuild\Microsoft\VC\v180\Microsoft.CppBuild.targets" からのターゲット "SourceFilesProjectOutputGroup" でオーバーライドしています。
プロジェクト "C:\Program Files\Microsoft Visual Studio\18\Community\MSBuild\Current\Bin\Microsoft.Common.CurrentVersion.targets" のターゲット "ContentFilesProjectOutputGroup" をプロジェクト "C:\Program Files\Microsoft Visual Studio\18\Community\MSBuild\Microsoft\VC\v180\Microsoft.CppBuild.targets" からのターゲット "ContentFilesProjectOutputGroup" でオーバーライドしています。
プロジェクト "C:\Program Files\Microsoft Visual Studio\18\Community\MSBuild\Current\Bin\Microsoft.Common.CurrentVersion.targets" のターゲット "AllProjectOutputGroupsDependencies" をプロジェクト "C:\Program Files\Microsoft Visual Studio\18\Community\MSBuild\Microsoft\VC\v180\Microsoft.CppBuild.targets" からのターゲット "AllProjectOutputGroupsDependencies" でオーバーライドしています。
プロジェクト "C:\Program Files\Microsoft Visual Studio\18\Community\MSBuild\Current\Bin\Microsoft.Common.CurrentVersion.targets" のターゲット "BuiltProjectOutputGroupDependencies" をプロジェクト "C:\Program Files\Microsoft Visual Studio\18\Community\MSBuild\Microsoft\VC\v180\Microsoft.CppBuild.targets" からのターゲット "BuiltProjectOutputGroupDependencies" でオーバーライドしています。
プロジェクト "C:\Program Files\Microsoft Visual Studio\18\Community\MSBuild\Current\Bin\Microsoft.Common.CurrentVersion.targets" のターゲット "DebugSymbolsProjectOutputGroupDependencies" をプロジェクト "C:\Program Files\Microsoft Visual Studio\18\Community\MSBuild\Microsoft\VC\v180\Microsoft.CppBuild.targets" からのターゲット "DebugSymbolsProjectOutputGroupDependencies" でオーバーライドしています。
プロジェクト "C:\Program Files\Microsoft Visual Studio\18\Community\MSBuild\Current\Bin\Microsoft.Common.CurrentVersion.targets" のターゲット "DocumentationProjectOutputGroupDependencies" をプロジェクト "C:\Program Files\Microsoft Visual Studio\18\Community\MSBuild\Microsoft\VC\v180\Microsoft.CppBuild.targets" からのターゲット "DocumentationProjectOutputGroupDependencies" でオーバーライドしています。
プロジェクト "C:\Program Files\Microsoft Visual Studio\18\Community\MSBuild\Current\Bin\Microsoft.Common.CurrentVersion.targets" のターゲット "PreBuildEvent" をプロジェクト "C:\Program Files\Microsoft Visual Studio\18\Community\MSBuild\Microsoft\VC\v180\Microsoft.CppCommon.targets" からのターゲット "PreBuildEvent" でオーバーライドしています。
プロジェクト "C:\Program Files\Microsoft Visual Studio\18\Community\MSBuild\Current\Bin\Microsoft.Common.CurrentVersion.targets" のターゲット "PostBuildEvent" をプロジェクト "C:\Program Files\Microsoft Visual Studio\18\Community\MSBuild\Microsoft\VC\v180\Microsoft.CppCommon.targets" からのターゲット "PostBuildEvent" でオーバーライドしています。
プロジェクト "C:\Program Files\Microsoft Visual Studio\18\Community\MSBuild\Microsoft\VC\v180\Microsoft.CppBuild.targets" のターゲット "ClCompile" をプロジェクト "C:\Program Files\Microsoft Visual Studio\18\Community\MSBuild\Microsoft\VC\v180\Microsoft.CppCommon.targets" からのターゲット "ClCompile" でオーバーライドしています。
プロジェクト "C:\Program Files\Microsoft Visual Studio\18\Community\MSBuild\Microsoft\VC\v180\Microsoft.CppBuild.targets" のターゲット "Link" をプロジェクト "C:\Program Files\Microsoft Visual Studio\18\Community\MSBuild\Microsoft\VC\v180\Microsoft.CppCommon.targets" からのターゲット "Link" でオーバーライドしています。
プロジェクト "C:\Program Files\Microsoft Visual Studio\18\Community\MSBuild\Microsoft\VC\v180\Microsoft.CppBuild.targets" のターゲット "Lib" をプロジェクト "C:\Program Files\Microsoft Visual Studio\18\Community\MSBuild\Microsoft\VC\v180\Microsoft.CppCommon.targets" からのターゲット "Lib" でオーバーライドしています。
プロジェクト "C:\Program Files\Microsoft Visual Studio\18\Community\MSBuild\Microsoft\VC\v180\Microsoft.CppBuild.targets" のターゲット "ImpLib" をプロジェクト "C:\Program Files\Microsoft Visual Studio\18\Community\MSBuild\Microsoft\VC\v180\Microsoft.CppCommon.targets" からのターゲット "ImpLib" でオーバーライドしています。
プロジェクト "C:\Program Files\Microsoft Visual Studio\18\Community\MSBuild\Microsoft\VC\v180\Microsoft.CppBuild.targets" のターゲット "Midl" をプロジェクト "C:\Program Files\Microsoft Visual Studio\18\Community\MSBuild\Microsoft\VC\v180\Microsoft.CppCommon.targets" からのターゲット "Midl" でオーバーライドしています。
プロジェクト "C:\Program Files\Microsoft Visual Studio\18\Community\MSBuild\Microsoft\VC\v180\Microsoft.CppBuild.targets" のターゲット "ResourceCompile" をプロジェクト "C:\Program Files\Microsoft Visual Studio\18\Community\MSBuild\Microsoft\VC\v180\Microsoft.CppCommon.targets" からのターゲット "ResourceCompile" でオーバーライドしています。
プロジェクト "C:\Program Files\Microsoft Visual Studio\18\Community\MSBuild\Current\Bin\Microsoft.Common.CurrentVersion.targets" のターゲット "BeforeResGen" をプロジェクト "C:\Program Files\Microsoft Visual Studio\18\Community\MSBuild\Microsoft\VC\v180\Microsoft.CppCommon.targets" からのターゲット "BeforeResGen" でオーバーライドしています。
プロジェクト "C:\Program Files\Microsoft Visual Studio\18\Community\MSBuild\Current\Bin\Microsoft.Common.CurrentVersion.targets" のターゲット "ResGen" をプロジェクト "C:\Program Files\Microsoft Visual Studio\18\Community\MSBuild\Microsoft\VC\v180\Microsoft.CppCommon.targets" からのターゲット "ResGen" でオーバーライドしています。
プロジェクト "C:\Program Files\Microsoft Visual Studio\18\Community\MSBuild\Current\Bin\Microsoft.Common.CurrentVersion.targets" のターゲット "GenerateSatelliteAssemblies" をプロジェクト "C:\Program Files\Microsoft Visual Studio\18\Community\MSBuild\Microsoft\VC\v180\Microsoft.CppCommon.targets" からのターゲット "GenerateSatelliteAssemblies" でオーバーライドしています。
プロジェクト "C:\Program Files\Microsoft Visual Studio\18\Community\MSBuild\Microsoft\VC\v180\Microsoft.CppBuild.targets" のターゲット "Manifest" をプロジェクト "C:\Program Files\Microsoft Visual Studio\18\Community\MSBuild\Microsoft\VC\v180\Microsoft.CppCommon.targets" からのターゲット "Manifest" でオーバーライドしています。
プロジェクト "C:\Program Files\Microsoft Visual Studio\18\Community\MSBuild\Microsoft\VC\v180\Microsoft.CppBuild.targets" のターゲット "XdcMake" をプロジェクト "C:\Program Files\Microsoft Visual Studio\18\Community\MSBuild\Microsoft\VC\v180\Microsoft.CppCommon.targets" からのターゲット "XdcMake" でオーバーライドしています。
プロジェクト "C:\Program Files\Microsoft Visual Studio\18\Community\MSBuild\Microsoft\VC\v180\Microsoft.CppBuild.targets" のターゲット "BscMake" をプロジェクト "C:\Program Files\Microsoft Visual Studio\18\Community\MSBuild\Microsoft\VC\v180\Microsoft.CppCommon.targets" からのターゲット "BscMake" でオーバーライドしています。
プロジェクト "C:\Program Files\Microsoft Visual Studio\18\Community\MSBuild\Microsoft\VC\v180\Microsoft.MetaGen.targets" のターゲット "ComputeMetaGenInputs" をプロジェクト "C:\Program Files\Microsoft Visual Studio\18\Community\MSBuild\Microsoft\VC\v180\Microsoft.CppCommon.targets" からのターゲット "ComputeMetaGenInputs" でオーバーライドしています。
プロジェクト "C:\Program Files\Microsoft Visual Studio\18\Community\MSBuild\Current\Bin\Microsoft.Common.CurrentVersion.targets" のターゲット "GetNativeManifest" をプロジェクト "C:\Program Files\Microsoft Visual Studio\18\Community\MSBuild\Microsoft\VC\v180\Microsoft.CppCommon.targets" からのターゲット "GetNativeManifest" でオーバーライドしています。
プロジェクト "C:\Program Files\Microsoft Visual Studio\18\Community\MSBuild\Current\Bin\Microsoft.Common.CurrentVersion.targets" のターゲット "GetTargetPathWithTargetPlatformMoniker" をプロジェクト "C:\Program Files\Microsoft Visual Studio\18\Community\MSBuild\Microsoft\VC\v180\Microsoft.Cpp.DesignTime.targets" からのターゲット "GetTargetPathWithTargetPlatformMoniker" でオーバーライドしています。
"C:\Program Files\Microsoft Visual Studio\18\Community\MSBuild\Microsoft\VisualStudio\WebTools.Aspire\Microsoft.WebTools.Aspire.targets (44,11)" にある BeforeTargets 属性に一覧表示されているターゲット "CompileDesignTime" はプロジェクト内に存在しないため、無視されます。
"C:\Program Files\Microsoft Visual Studio\18\Community\MSBuild\Microsoft\VisualStudio\WebTools.Aspire\Microsoft.WebTools.Aspire.targets (57,11)" にある BeforeTargets 属性に一覧表示されているターゲット "CompileDesignTime" はプロジェクト内に存在しないため、無視されます。
プロジェクト "C:\Users\k023g\source\repos\TD4-2-Clone2\Project\ONEngine.vcxproj.metaproj" (2) は、ノード 1 上に "C:\Users\k023g\source\repos\TD4-2-Clone2\Project\Externals\ImGui\ImGui.vcxproj" (4) をビルドしています (Rebuild ターゲット)。
ファイル "C:\Program Files\Microsoft Visual Studio\18\Community\MSBuild\Current\Bin\Microsoft.Common.CurrentVersion.targets" 内にある、プロジェクト "C:\Users\k023g\source\repos\TD4-2-Clone2\Project\Externals\ImGui\ImGui.vcxproj" からのターゲット "_CheckForInvalidConfigurationAndPlatform" (ターゲット "SetTelemetryEnvironmentVariables" は依存):
タスク "Message"
  Configuration=Debug
タスク "Message" の実行が終了しました。
タスク "Message"
  Platform=x64
タスク "Message" の実行が終了しました。
プロジェクト "ImGui.vcxproj" 内のターゲット "_CheckForInvalidConfigurationAndPlatform" のビルドが終了しました。
ターゲット "_CheckForInvalidConfigurationAndPlatform" を省略しました。以前に正しくビルドされていました。
ファイル "C:\Program Files\Microsoft Visual Studio\18\Community\MSBuild\Microsoft\VC\v180\Microsoft.Cpp.DesignTime.targets" 内にある、プロジェクト "C:\Users\k023g\source\repos\TD4-2-Clone2\Project\Externals\ImGui\ImGui.vcxproj" からのターゲット "SetTelemetryEnvironmentVariables" (ターゲット "Rebuild" は依存):
"SetEnv" タスクをアセンブリ "C:\Program Files\Microsoft Visual Studio\18\Community\MSBuild\Microsoft\VC\v180\Microsoft.Build.CppTasks.Common.dll" から使用しています。
タスク "SetEnv"
  VSTEL_SolutionSessionID=
タスク "SetEnv" の実行が終了しました。
タスク "SetEnv"
  VSTEL_CurrentSolutionBuildID=
タスク "SetEnv" の実行が終了しました。
タスク "SetEnv"
  VSTEL_ProjectID={C0FF640D-2C14-8DBE-F595-301E616989EF}
タスク "SetEnv" の実行が終了しました。
タスク "SetEnv"
  VSTEL_SolutionPath=C:\Users\k023g\source\repos\TD4-2-Clone2\Project\ONEngine.sln
タスク "SetEnv" の実行が終了しました。
タスク "SetEnv"
  VSTEL_MSBuildProjectFullPath=C:\Users\k023g\source\repos\TD4-2-Clone2\Project\Externals\ImGui\ImGui.vcxproj
タスク "SetEnv" の実行が終了しました。
プロジェクト "ImGui.vcxproj" 内のターゲット "SetTelemetryEnvironmentVariables" のビルドが終了しました。
ファイル "C:\Program Files\Microsoft Visual Studio\18\Community\MSBuild\Microsoft\VC\v180\Microsoft.BuildSteps.Targets" 内にある、プロジェクト "C:\Users\k023g\source\repos\TD4-2-Clone2\Project\Externals\ImGui\ImGui.vcxproj" からのターゲット "_PrepareForRebuild" (ターゲット "Rebuild" は依存):
C:\Program Files\Microsoft Visual Studio\18\Community\MSBuild\Microsoft\VC\v180\Microsoft.BuildSteps.Targets(194,7): message : プロパティの再代入: $(_BuildActionType)="Rebuild" (以前の値: "Build") C:\Program Files\Microsoft Visual Studio\18\Community\MSBuild\Microsoft\VC\v180\Microsoft.BuildSteps.Targets (194,7) [C:\Users\k023g\source\repos\TD4-2-Clone2\Project\Externals\ImGui\ImGui.vcxproj]
プロジェクト "ImGui.vcxproj" 内のターゲット "_PrepareForRebuild" のビルドが終了しました。
ファイル "C:\Program Files\Microsoft Visual Studio\18\Community\MSBuild\Current\Bin\Microsoft.Common.CurrentVersion.targets" 内にある、プロジェクト "C:\Users\k023g\source\repos\TD4-2-Clone2\Project\Externals\ImGui\ImGui.vcxproj" からのターゲット "BeforeRebuild" (ターゲット "Rebuild" は依存):
プロジェクト "ImGui.vcxproj" 内のターゲット "BeforeRebuild" のビルドが終了しました。
ファイル "C:\Program Files\Microsoft Visual Studio\18\Community\MSBuild\Microsoft\VC\v180\Microsoft.BuildSteps.Targets" 内にある、プロジェクト "C:\Users\k023g\source\repos\TD4-2-Clone2\Project\Externals\ImGui\ImGui.vcxproj" からのターゲット "_PrepareForClean" (ターゲット "Clean" は依存):
C:\Program Files\Microsoft Visual Studio\18\Community\MSBuild\Microsoft\VC\v180\Microsoft.BuildSteps.Targets(207,7): message : プロパティの再代入: $(_BuildActionType)="Clean" (以前の値: "Rebuild") C:\Program Files\Microsoft Visual Studio\18\Community\MSBuild\Microsoft\VC\v180\Microsoft.BuildSteps.Targets (207,7) [C:\Users\k023g\source\repos\TD4-2-Clone2\Project\Externals\ImGui\ImGui.vcxproj]
タスク "Delete"
  ファイル "C:\Users\k023g\source\repos\TD4-2-Clone2\Project\Externals\ImGui\..\..\..\Generated\Obj\Debug\ImGui\ImGui.tlog\ImGui.lastbuildstate" を削除しています。
タスク "Delete" の実行が終了しました。
プロジェクト "ImGui.vcxproj" 内のターゲット "_PrepareForClean" のビルドが終了しました。
ファイル "C:\Program Files\Microsoft Visual Studio\18\Community\MSBuild\Current\Bin\Microsoft.Common.CurrentVersion.targets" 内にある、プロジェクト "C:\Users\k023g\source\repos\TD4-2-Clone2\Project\Externals\ImGui\ImGui.vcxproj" からのターゲット "BeforeClean" (ターゲット "Clean" は依存):
プロジェクト "ImGui.vcxproj" 内のターゲット "BeforeClean" のビルドが終了しました。
ファイル "C:\Program Files\Microsoft Visual Studio\18\Community\MSBuild\Current\Bin\Microsoft.Common.CurrentVersion.targets" 内にある、プロジェクト "C:\Users\k023g\source\repos\TD4-2-Clone2\Project\Externals\ImGui\ImGui.vcxproj" からのターゲット "CoreClean" (ターゲット "Clean" は依存):
タスク "Delete"
  ファイル "C:\Users\k023g\source\repos\TD4-2-Clone2\Project\Externals\ImGui\..\..\..\Generated\Obj\Debug\ImGui\\TempCA\ImGui.pdb" は存在しません。省略します。
  ファイル "C:\Users\k023g\source\repos\TD4-2-Clone2\Project\Externals\ImGui\..\..\..\Generated\Obj\Debug\ImGui\\TempCA\ImGui.lib" は存在しません。省略します。
タスク "Delete" の実行が終了しました。
タスク "ReadLinesFromFile"
タスク "ReadLinesFromFile" の実行が終了しました。
タスク "FindUnderPath"
  比較パスは "C:\Users\k023g\source\repos\TD4-2-Clone2\Project\Externals\ImGui\..\..\..\Generated\Outputs\Debug\" です。
タスク "FindUnderPath" の実行が終了しました。
タスク "FindUnderPath"
  比較パスは "C:\Users\k023g\source\repos\TD4-2-Clone2\Project\Externals\ImGui\..\..\..\Generated\Obj\Debug\ImGui\" です。
タスク "FindUnderPath" の実行が終了しました。
タスク "Delete"
タスク "Delete" の実行が終了しました。
タスク "RemoveDuplicates"
タスク "RemoveDuplicates" の実行が終了しました。
タスク "MakeDir"
タスク "MakeDir" の実行が終了しました。
タスク "WriteLinesToFile"
タスク "WriteLinesToFile" の実行が終了しました。
プロジェクト "ImGui.vcxproj" 内のターゲット "CoreClean" のビルドが終了しました。
ファイル "C:\Program Files\Microsoft Visual Studio\18\Community\MSBuild\Current\Bin\Microsoft.Common.CurrentVersion.targets" 内にある、プロジェクト "C:\Users\k023g\source\repos\TD4-2-Clone2\Project\Externals\ImGui\ImGui.vcxproj" からのターゲット "IgnoreJavaScriptOutputAssembly" (ターゲット "AssignProjectConfiguration" は依存):
プロジェクト "ImGui.vcxproj" 内のターゲット "IgnoreJavaScriptOutputAssembly" のビルドが終了しました。
ファイル "C:\Program Files\Microsoft Visual Studio\18\Community\MSBuild\Current\Bin\Microsoft.Common.CurrentVersion.targets" 内にある、プロジェクト "C:\Users\k023g\source\repos\TD4-2-Clone2\Project\Externals\ImGui\ImGui.vcxproj" からのターゲット "AssignProjectConfiguration" (ターゲット "PrepareProjectReferences" は依存):
タスク "AssignProjectConfiguration"
タスク "AssignProjectConfiguration" の実行が終了しました。
プロジェクト "ImGui.vcxproj" 内のターゲット "AssignProjectConfiguration" のビルドが終了しました。
ファイル "C:\Program Files\Microsoft Visual Studio\18\Community\MSBuild\Current\Bin\Microsoft.Common.CurrentVersion.targets" 内にある、プロジェクト "C:\Users\k023g\source\repos\TD4-2-Clone2\Project\Externals\ImGui\ImGui.vcxproj" からのターゲット "_SplitProjectReferencesByFileExistence" (ターゲット "PrepareProjectReferences" は依存):
プロジェクト "ImGui.vcxproj" 内のターゲット "_SplitProjectReferencesByFileExistence" のビルドが終了しました。
ファイル "C:\Program Files\Microsoft Visual Studio\18\Community\MSBuild\Current\Bin\Microsoft.Common.CurrentVersion.targets" 内にある、プロジェクト "C:\Users\k023g\source\repos\TD4-2-Clone2\Project\Externals\ImGui\ImGui.vcxproj" からのターゲット "_AddOutputPathToGlobalPropertiesToRemove" (ターゲット "_GetProjectReferenceTargetFrameworkProperties" は依存):
プロジェクト "ImGui.vcxproj" 内のターゲット "_AddOutputPathToGlobalPropertiesToRemove" のビルドが終了しました。
ファイル "C:\Program Files\Microsoft Visual Studio\18\Community\MSBuild\Current\Bin\Microsoft.Common.CurrentVersion.targets" 内にある、プロジェクト "C:\Users\k023g\source\repos\TD4-2-Clone2\Project\Externals\ImGui\ImGui.vcxproj" からのターゲット "_GetProjectReferenceTargetFrameworkProperties" (ターゲット "PrepareProjectReferences" は依存):
タスク "MSBuild"
タスク "MSBuild" の実行が終了しました。
タスク "SetRidAgnosticValueForProjects"
タスク "SetRidAgnosticValueForProjects" の実行が終了しました。
プロジェクト "ImGui.vcxproj" 内のターゲット "_GetProjectReferenceTargetFrameworkProperties" のビルドが終了しました。
ファイル "C:\Program Files\Microsoft Visual Studio\18\Community\MSBuild\Current\Bin\Microsoft.Common.CurrentVersion.targets" 内にある、プロジェクト "C:\Users\k023g\source\repos\TD4-2-Clone2\Project\Externals\ImGui\ImGui.vcxproj" からのターゲット "PrepareProjectReferences" (ターゲット "CleanReferencedProjects" は依存):
プロジェクト "ImGui.vcxproj" 内のターゲット "PrepareProjectReferences" のビルドが終了しました。
ファイル "C:\Program Files\Microsoft Visual Studio\18\Community\MSBuild\Current\Bin\Microsoft.Common.CurrentVersion.targets" 内にある、プロジェクト "C:\Users\k023g\source\repos\TD4-2-Clone2\Project\Externals\ImGui\ImGui.vcxproj" からのターゲット "CleanReferencedProjects" (ターゲット "Clean" は依存):
プロジェクト "ImGui.vcxproj" 内のターゲット "CleanReferencedProjects" のビルドが終了しました。
ファイル "C:\Program Files\Microsoft Visual Studio\18\Community\MSBuild\Current\Bin\Microsoft.Common.CurrentVersion.targets" 内にある、プロジェクト "C:\Users\k023g\source\repos\TD4-2-Clone2\Project\Externals\ImGui\ImGui.vcxproj" からのターゲット "CleanPublishFolder" (ターゲット "Clean" は依存):
プロジェクト "ImGui.vcxproj" 内のターゲット "CleanPublishFolder" のビルドが終了しました。
ファイル "C:\Program Files\Microsoft Visual Studio\18\Community\MSBuild\Current\Bin\Microsoft.Common.CurrentVersion.targets" 内にある、プロジェクト "C:\Users\k023g\source\repos\TD4-2-Clone2\Project\Externals\ImGui\ImGui.vcxproj" からのターゲット "AfterClean" (ターゲット "Clean" は依存):
プロジェクト "ImGui.vcxproj" 内のターゲット "AfterClean" のビルドが終了しました。
ファイル "C:\Program Files\Microsoft Visual Studio\18\Community\MSBuild\Microsoft\VC\v180\Microsoft.CppClean.targets" 内にある、プロジェクト "C:\Users\k023g\source\repos\TD4-2-Clone2\Project\Externals\ImGui\ImGui.vcxproj" からのターゲット "BeforeCppClean" (ターゲット "CppClean" は依存):
プロジェクト "ImGui.vcxproj" 内のターゲット "BeforeCppClean" のビルドが終了しました。
ファイル "C:\Program Files\Microsoft Visual Studio\18\Community\MSBuild\Microsoft\VC\v180\Microsoft.CppClean.targets" 内にある、プロジェクト "C:\Users\k023g\source\repos\TD4-2-Clone2\Project\Externals\ImGui\ImGui.vcxproj" からのターゲット "CoreCppClean" (ターゲット "CppClean" は依存):
タスク "MakeDir"
タスク "MakeDir" の実行が終了しました。
"CppClean" タスクをアセンブリ "C:\Program Files\Microsoft Visual Studio\18\Community\MSBuild\Microsoft\VC\v180\Microsoft.Build.CppTasks.Common.dll" から使用しています。
タスク "CppClean"
タスク "CppClean" の実行が終了しました。
タスク "WriteLinesToFile"
タスク "WriteLinesToFile" の実行が終了しました。
プロジェクト "ImGui.vcxproj" 内のターゲット "CoreCppClean" のビルドが終了しました。
ファイル "C:\Program Files\Microsoft Visual Studio\18\Community\MSBuild\Microsoft\VC\v180\Microsoft.CppClean.targets" 内にある、プロジェクト "C:\Users\k023g\source\repos\TD4-2-Clone2\Project\Externals\ImGui\ImGui.vcxproj" からのターゲット "AfterCppClean" (ターゲット "CppClean" は依存):
プロジェクト "ImGui.vcxproj" 内のターゲット "AfterCppClean" のビルドが終了しました。
ファイル "C:\Program Files\Microsoft Visual Studio\18\Community\MSBuild\Microsoft\VC\v180\Microsoft.CppClean.targets" 内にある、プロジェクト "C:\Users\k023g\source\repos\TD4-2-Clone2\Project\Externals\ImGui\ImGui.vcxproj" からのターゲット "PGInstrumentedClean" (ターゲット "CppClean" は依存):
タスク "Delete"
タスク "Delete" の実行が終了しました。
プロジェクト "ImGui.vcxproj" 内のターゲット "PGInstrumentedClean" のビルドが終了しました。
ファイル "C:\Program Files\Microsoft Visual Studio\18\Community\MSBuild\Microsoft\VC\v180\Microsoft.CppClean.targets" 内にある、プロジェクト "C:\Users\k023g\source\repos\TD4-2-Clone2\Project\Externals\ImGui\ImGui.vcxproj" からのターゲット "CppClean" (ターゲット "Clean" は依存):
プロジェクト "ImGui.vcxproj" 内のターゲット "CppClean" のビルドが終了しました。
ファイル "C:\Program Files\Microsoft Visual Studio\18\Community\MSBuild\Current\Bin\Microsoft.Common.CurrentVersion.targets" 内にある、プロジェクト "C:\Users\k023g\source\repos\TD4-2-Clone2\Project\Externals\ImGui\ImGui.vcxproj" からのターゲット "Clean" (ターゲット "Rebuild" は依存):
プロジェクト "ImGui.vcxproj" 内のターゲット "Clean" のビルドが終了しました。
ターゲット "SetTelemetryEnvironmentVariables" を省略しました。以前に正しくビルドされていました。
ファイル "C:\Program Files\Microsoft Visual Studio\18\Community\MSBuild\Microsoft\VC\v180\Microsoft.BuildSteps.Targets" 内にある、プロジェクト "C:\Users\k023g\source\repos\TD4-2-Clone2\Project\Externals\ImGui\ImGui.vcxproj" からのターゲット "_PrepareForBuild" (ターゲット "Build" は依存):
C:\Program Files\Microsoft Visual Studio\18\Community\MSBuild\Microsoft\VC\v180\Microsoft.BuildSteps.Targets(165,7): message : プロパティの再代入: $(_BuildActionType)="Build" (以前の値: "Clean") C:\Program Files\Microsoft Visual Studio\18\Community\MSBuild\Microsoft\VC\v180\Microsoft.BuildSteps.Targets (165,7) [C:\Users\k023g\source\repos\TD4-2-Clone2\Project\Externals\ImGui\ImGui.vcxproj]
プロジェクト "ImGui.vcxproj" 内のターゲット "_PrepareForBuild" のビルドが終了しました。
ファイル "C:\Program Files\Microsoft Visual Studio\18\Community\MSBuild\Microsoft\VC\v180\Microsoft.CppBuild.targets" 内にある、プロジェクト "C:\Users\k023g\source\repos\TD4-2-Clone2\Project\Externals\ImGui\ImGui.vcxproj" からのターゲット "_PrepareForReferenceResolution" (ターゲット "ResolveReferences" は依存):
プロジェクト "ImGui.vcxproj" 内のターゲット "_PrepareForReferenceResolution" のビルドが終了しました。
ファイル "C:\Program Files\Microsoft Visual Studio\18\Community\MSBuild\Current\Bin\Microsoft.Common.CurrentVersion.targets" 内にある、プロジェクト "C:\Users\k023g\source\repos\TD4-2-Clone2\Project\Externals\ImGui\ImGui.vcxproj" からのターゲット "BeforeResolveReferences" (ターゲット "ResolveReferences" は依存):
プロジェクト "ImGui.vcxproj" 内のターゲット "BeforeResolveReferences" のビルドが終了しました。
ターゲット "AssignProjectConfiguration" を省略しました。以前に正しくビルドされていました。
ターゲット "PrepareProjectReferences" を省略しました。以前に正しくビルドされていました。
ファイル "C:\Program Files\Microsoft Visual Studio\18\Community\MSBuild\Current\Bin\Microsoft.Common.CurrentVersion.targets" 内にある、プロジェクト "C:\Users\k023g\source\repos\TD4-2-Clone2\Project\Externals\ImGui\ImGui.vcxproj" からのターゲット "ResolveProjectReferences" (ターゲット "ResolveReferences" は依存):
プロジェクト "ImGui.vcxproj" 内のターゲット "ResolveProjectReferences" のビルドが終了しました。
ターゲット "_PrepareForReferenceResolution" を省略しました。以前に正しくビルドされていました。
ターゲット "ResolveProjectReferences" を省略しました。以前に正しくビルドされていました。
ファイル "C:\Program Files\Microsoft Visual Studio\18\Community\MSBuild\Current\Bin\Microsoft.Common.CurrentVersion.targets" 内にある、プロジェクト "C:\Users\k023g\source\repos\TD4-2-Clone2\Project\Externals\ImGui\ImGui.vcxproj" からのターゲット "GetFrameworkPaths" (ターゲット "ResolveAssemblyReferences" は依存):
プロジェクト "ImGui.vcxproj" 内のターゲット "GetFrameworkPaths" のビルドが終了しました。
ターゲット "_PrepareForReferenceResolution" を省略しました。以前に正しくビルドされていました。
ターゲット "GetFrameworkPaths" を省略しました。以前に正しくビルドされていました。
ファイル "C:\Program Files\Microsoft Visual Studio\18\Community\MSBuild\Current\Bin\Microsoft.Common.CurrentVersion.targets" 内にある、プロジェクト "C:\Users\k023g\source\repos\TD4-2-Clone2\Project\Externals\ImGui\ImGui.vcxproj" からのターゲット "GetReferenceAssemblyPaths" (ターゲット "ResolveAssemblyReferences" は依存):
C:\Program Files\Microsoft Visual Studio\18\Community\MSBuild\Current\Bin\Microsoft.Common.CurrentVersion.targets(1284,7): message : プロパティの再代入: $(AssemblySearchPaths)="{CandidateAssemblyFiles};C:\Program Files\Microsoft Visual Studio\18\Community\VC\Tools\MSVC\14.51.36231\atlmfc\lib\x64;;C:\Program Files\Microsoft Visual Studio\18\Community\VC\Tools\MSVC\14.51.36231\lib\x64;;{HintPathFromItem};{TargetFrameworkDirectory};{AssemblyFoldersFromConfig:C:\Program Files\Microsoft Visual Studio\18\Community\MSBuild\Current\Bin\AssemblyFolders.config,};;{Registry:Software\Microsoft\,,AssemblyFoldersEx};;{GAC};{RawFileName};C:\Users\k023g\source\repos\TD4-2-Clone2\Project\Externals\ImGui\..\..\..\Generated\Outputs\Debug\" (以前の値: "{CandidateAssemblyFiles};C:\Program Files\Microsoft Visual Studio\18\Community\VC\Tools\MSVC\14.51.36231\atlmfc\lib\x64;;C:\Program Files\Microsoft Visual Studio\18\Community\VC\Tools\MSVC\14.51.36231\lib\x64;;{HintPathFromItem};{TargetFrameworkDirectory};{AssemblyFoldersFromConfig:C:\Program Files\Microsoft Visual Studio\18\Community\MSBuild\Current\Bin\AssemblyFolders.config,};;{Registry:Software\Microsoft\,,AssemblyFoldersEx};{AssemblyFolders};{GAC};{RawFileName};C:\Users\k023g\source\repos\TD4-2-Clone2\Project\Externals\ImGui\..\..\..\Generated\Outputs\Debug\") C:\Program Files\Microsoft Visual Studio\18\Community\MSBuild\Current\Bin\Microsoft.Common.CurrentVersion.targets (1284,7) [C:\Users\k023g\source\repos\TD4-2-Clone2\Project\Externals\ImGui\ImGui.vcxproj]
プロジェクト "ImGui.vcxproj" 内のターゲット "GetReferenceAssemblyPaths" のビルドが終了しました。
ファイル "C:\Program Files\Microsoft Visual Studio\18\Community\MSBuild\Microsoft\VC\v180\Microsoft.Cpp.Current.targets" 内にある、プロジェクト "C:\Users\k023g\source\repos\TD4-2-Clone2\Project\Externals\ImGui\ImGui.vcxproj" からのターゲット "AddExternalIncludDirectoriesToPaths" (ターゲット "SetBuildDefaultEnvironmentVariables" は依存):
プロジェクト "ImGui.vcxproj" 内のターゲット "AddExternalIncludDirectoriesToPaths" のビルドが終了しました。
ファイル "C:\Program Files\Microsoft Visual Studio\18\Community\MSBuild\Microsoft\VC\v180\Microsoft.Cpp.Current.targets" 内にある、プロジェクト "C:\Users\k023g\source\repos\TD4-2-Clone2\Project\Externals\ImGui\ImGui.vcxproj" からのターゲット "SetBuildDefaultEnvironmentVariables" (ターゲット "PrepareForBuild" は依存):
タスク "SetEnv"
  PATH=C:\Program Files\Microsoft Visual Studio\18\Community\VC\Tools\MSVC\14.51.36231\bin\HostX86\x64;C:\Program Files\Microsoft Visual Studio\18\Community\VC\Tools\MSVC\14.51.36231\bin\HostX86\x86;C:\Program Files (x86)\Windows Kits\10\bin\10.0.26100.0\x86;;C:\Program Files (x86)\Microsoft SDKs\Windows\v10.0A\bin\NETFX 4.8 Tools;C:\Program Files\Microsoft Visual Studio\18\Community\Common7\tools;C:\Program Files\Microsoft Visual Studio\18\Community\Common7\ide;C:\Program Files (x86)\HTML Help Workshop;;C:\Program Files\Microsoft Visual Studio\18\Community\MSBuild\Current\Bin;C:\WINDOWS\Microsoft.NET\Framework\v4.0.30319\;;C:/Users/k023g/.gemini/antigravity/bin;C:\Users\k023g\AppData\Roaming\Antigravity\bin;C:\Python27\;C:\Python27\Scripts;C:\Program Files\Microsoft\jdk-11.0.16.101-hotspot\bin;C:\Windows\system32;C:\Windows;C:\Windows\System32\Wbem;C:\Windows\System32\WindowsPowerShell\v1.0\;C:\Windows\System32\OpenSSH\;C:\Program Files\Microsoft SQL Server\150\Tools\Binn\;C:\WINDOWS\system32;C:\WINDOWS;C:\WINDOWS\System32\Wbem;C:\WINDOWS\System32\WindowsPowerShell\v1.0\;C:\WINDOWS\System32\OpenSSH\;C:\Program Files\Microsoft SQL Server\Client SDK\ODBC\170\Tools\Binn\;C:\Program Files (x86)\NVIDIA Corporation\PhysX\Common;C:\Program Files\nodejs\;C:\ProgramData\chocolatey\bin;C:\Program Files (x86)\Windows Kits\10\Windows Performance Toolkit\;C:\Users\k023g\source\repos\2024_PG3\tools\premake5.exe;C:\Program Files\Git LFS;C:\Program Files\NVIDIA Corporation\NVIDIA App\NvDLISR;C:\Program Files\Microsoft SQL Server\170\Tools\Binn\;C:\Program Files\CMake\bin;C:\Program Files\LLVM\bin;C:\Program Files (x86)\LLVM\bin;C:\Program Files\Git\cmd;C:\Program Files\dotnet\;C:\Program Files (x86)\mingw64\bin;C:\Program Files\PowerShell\7\;C:\Users\k023g\AppData\Local\Programs\Python\Python313\Scripts\;C:\Users\k023g\AppData\Local\Programs\Python\Python313\;C:\Users\k023g\source\repos\2024B_GE_ET1\cocos2d-x\templates;C:\Users\k023g\source\repos\2024B_GE_ET1\cocos2d-x\tools\cocos2d-console\bin;C:\Users\k023g\AppData\Local\Programs\Python\Python39\Scripts\;C:\Users\k023g\AppData\Local\Programs\Python\Python39\;C:\Users\k023g\AppData\Local\Microsoft\WindowsApps;C:\Users\k023g\AppData\Local\Programs\Microsoft VS Code\bin;C:\Users\k023g\AppData\Local\GitHubDesktop\bin;C:\Users\k023g\AppData\Roaming\npm;C:\Users\k023g\source\repos\2024B_GE_ET1\cocos2d-x;C:\Users\k023g\AppData\Local\Programs\Antigravity\bin;C:\Users\k023g\.dotnet\tools;C:\Users\k023g\AppData\Local\Python\bin;C:\tools;C:\Users\k023g\AppData\Local\Programs\Antigravity IDE\bin;
C:\Program Files\Microsoft Visual Studio\18\Community\MSBuild\Microsoft\VC\v180\Microsoft.Cpp.Current.targets(87,7): message : プロパティの再代入: $(Path)="C:\Program Files\Microsoft Visual Studio\18\Community\VC\Tools\MSVC\14.51.36231\bin\HostX86\x64%3bC:\Program Files\Microsoft Visual Studio\18\Community\VC\Tools\MSVC\14.51.36231\bin\HostX86\x86%3bC:\Program Files %28x86%29\Windows Kits\10\bin\10.0.26100.0\x86%3b%3bC:\Program Files %28x86%29\Microsoft SDKs\Windows\v10.0A\bin\NETFX 4.8 Tools%3bC:\Program Files\Microsoft Visual Studio\18\Community\Common7\tools%3bC:\Program Files\Microsoft Visual Studio\18\Community\Common7\ide%3bC:\Program Files %28x86%29\HTML Help Workshop%3b%3bC:\Program Files\Microsoft Visual Studio\18\Community\MSBuild\Current\Bin%3bC:\WINDOWS\Microsoft.NET\Framework\v4.0.30319\%3b%3bC:/Users/k023g/.gemini/antigravity/bin%3bC:\Users\k023g\AppData\Roaming\Antigravity\bin%3bC:\Python27\%3bC:\Python27\Scripts%3bC:\Program Files\Microsoft\jdk-11.0.16.101-hotspot\bin%3bC:\Windows\system32%3bC:\Windows%3bC:\Windows\System32\Wbem%3bC:\Windows\System32\WindowsPowerShell\v1.0\%3bC:\Windows\System32\OpenSSH\%3bC:\Program Files\Microsoft SQL Server\150\Tools\Binn\%3bC:\WINDOWS\system32%3bC:\WINDOWS%3bC:\WINDOWS\System32\Wbem%3bC:\WINDOWS\System32\WindowsPowerShell\v1.0\%3bC:\WINDOWS\System32\OpenSSH\%3bC:\Program Files\Microsoft SQL Server\Client SDK\ODBC\170\Tools\Binn\%3bC:\Program Files %28x86%29\NVIDIA Corporation\PhysX\Common%3bC:\Program Files\nodejs\%3bC:\ProgramData\chocolatey\bin%3bC:\Program Files %28x86%29\Windows Kits\10\Windows Performance Toolkit\%3bC:\Users\k023g\source\repos\2024_PG3\tools\premake5.exe%3bC:\Program Files\Git LFS%3bC:\Program Files\NVIDIA Corporation\NVIDIA App\NvDLISR%3bC:\Program Files\Microsoft SQL Server\170\Tools\Binn\%3bC:\Program Files\CMake\bin%3bC:\Program Files\LLVM\bin%3bC:\Program Files %28x86%29\LLVM\bin%3bC:\Program Files\Git\cmd%3bC:\Program Files\dotnet\%3bC:\Program Files %28x86%29\mingw64\bin%3bC:\Program Files\PowerShell\7\%3bC:\Users\k023g\AppData\Local\Programs\Python\Python313\Scripts\%3bC:\Users\k023g\AppData\Local\Programs\Python\Python313\%3bC:\Users\k023g\source\repos\2024B_GE_ET1\cocos2d-x\templates%3bC:\Users\k023g\source\repos\2024B_GE_ET1\cocos2d-x\tools\cocos2d-console\bin%3bC:\Users\k023g\AppData\Local\Programs\Python\Python39\Scripts\%3bC:\Users\k023g\AppData\Local\Programs\Python\Python39\%3bC:\Users\k023g\AppData\Local\Microsoft\WindowsApps%3bC:\Users\k023g\AppData\Local\Programs\Microsoft VS Code\bin%3bC:\Users\k023g\AppData\Local\GitHubDesktop\bin%3bC:\Users\k023g\AppData\Roaming\npm%3bC:\Users\k023g\source\repos\2024B_GE_ET1\cocos2d-x%3bC:\Users\k023g\AppData\Local\Programs\Antigravity\bin%3bC:\Users\k023g\.dotnet\tools%3bC:\Users\k023g\AppData\Local\Python\bin%3bC:\tools%3bC:\Users\k023g\AppData\Local\Programs\Antigravity IDE\bin%3b" (以前の値: "C:/Users/k023g/.gemini/antigravity/bin;C:\Users\k023g\AppData\Roaming\Antigravity\bin;C:\Python27\;C:\Python27\Scripts;C:\Program Files\Microsoft\jdk-11.0.16.101-hotspot\bin;C:\Windows\system32;C:\Windows;C:\Windows\System32\Wbem;C:\Windows\System32\WindowsPowerShell\v1.0\;C:\Windows\System32\OpenSSH\;C:\Program Files\Microsoft SQL Server\150\Tools\Binn\;C:\WINDOWS\system32;C:\WINDOWS;C:\WINDOWS\System32\Wbem;C:\WINDOWS\System32\WindowsPowerShell\v1.0\;C:\WINDOWS\System32\OpenSSH\;C:\Program Files\Microsoft SQL Server\Client SDK\ODBC\170\Tools\Binn\;C:\Program Files (x86)\NVIDIA Corporation\PhysX\Common;C:\Program Files\nodejs\;C:\ProgramData\chocolatey\bin;C:\Program Files (x86)\Windows Kits\10\Windows Performance Toolkit\;C:\Users\k023g\source\repos\2024_PG3\tools\premake5.exe;C:\Program Files\Git LFS;C:\Program Files\NVIDIA Corporation\NVIDIA App\NvDLISR;C:\Program Files\Microsoft SQL Server\170\Tools\Binn\;C:\Program Files\CMake\bin;C:\Program Files\LLVM\bin;C:\Program Files (x86)\LLVM\bin;C:\Program Files\Git\cmd;C:\Program Files\dotnet\;C:\Program Files (x86)\mingw64\bin;C:\Program Files\PowerShell\7\;C:\Users\k023g\AppData\Local\Programs\Python\Python313\Scripts\;C:\Users\k023g\AppData\Local\Programs\Python\Python313\;C:\Users\k023g\source\repos\2024B_GE_ET1\cocos2d-x\templates;C:\Users\k023g\source\repos\2024B_GE_ET1\cocos2d-x\tools\cocos2d-console\bin;C:\Users\k023g\AppData\Local\Programs\Python\Python39\Scripts\;C:\Users\k023g\AppData\Local\Programs\Python\Python39\;C:\Users\k023g\AppData\Local\Microsoft\WindowsApps;C:\Users\k023g\AppData\Local\Programs\Microsoft VS Code\bin;C:\Users\k023g\AppData\Local\GitHubDesktop\bin;C:\Users\k023g\AppData\Roaming\npm;C:\Users\k023g\source\repos\2024B_GE_ET1\cocos2d-x;C:\Users\k023g\AppData\Local\Programs\Antigravity\bin;C:\Users\k023g\.dotnet\tools;C:\Users\k023g\AppData\Local\Python\bin;C:\tools;C:\Users\k023g\AppData\Local\Programs\Antigravity IDE\bin") C:\Program Files\Microsoft Visual Studio\18\Community\MSBuild\Microsoft\VC\v180\Microsoft.Cpp.Current.targets (87,7) [C:\Users\k023g\source\repos\TD4-2-Clone2\Project\Externals\ImGui\ImGui.vcxproj]
タスク "SetEnv" の実行が終了しました。
タスク "SetEnv"
  LIB=C:\Program Files\Microsoft Visual Studio\18\Community\VC\Tools\MSVC\14.51.36231\lib\x64;;C:\Program Files\Microsoft Visual Studio\18\Community\VC\Tools\MSVC\14.51.36231\atlmfc\lib\x64;;C:\Program Files\Microsoft Visual Studio\18\Community\VC\Auxiliary\VS\lib\x64;;C:\Program Files (x86)\Windows Kits\10\lib\10.0.26100.0\ucrt\x64;;;C:\Program Files\Microsoft Visual Studio\18\Community\VC\Auxiliary\VS\UnitTest\lib;C:\Program Files (x86)\Windows Kits\10\lib\10.0.26100.0\um\x64;C:\Program Files (x86)\Windows Kits\NETFXSDK\4.8\lib\um\x64;
タスク "SetEnv" の実行が終了しました。
タスク "SetEnv"
  LIBPATH=C:\Program Files\Microsoft Visual Studio\18\Community\VC\Tools\MSVC\14.51.36231\atlmfc\lib\x64;;C:\Program Files\Microsoft Visual Studio\18\Community\VC\Tools\MSVC\14.51.36231\lib\x64;
タスク "SetEnv" の実行が終了しました。
タスク "SetEnv"
  INCLUDE=C:\Program Files\Microsoft Visual Studio\18\Community\VC\Tools\MSVC\14.51.36231\include;;C:\Program Files\Microsoft Visual Studio\18\Community\VC\Tools\MSVC\14.51.36231\atlmfc\include;;C:\Program Files\Microsoft Visual Studio\18\Community\VC\Auxiliary\VS\include;;C:\Program Files (x86)\Windows Kits\10\Include\10.0.26100.0\ucrt;;;C:\Program Files\Microsoft Visual Studio\18\Community\VC\Auxiliary\VS\UnitTest\include;C:\Program Files (x86)\Windows Kits\10\Include\10.0.26100.0\um;C:\Program Files (x86)\Windows Kits\10\Include\10.0.26100.0\shared;C:\Program Files (x86)\Windows Kits\10\Include\10.0.26100.0\winrt;C:\Program Files (x86)\Windows Kits\10\Include\10.0.26100.0\cppwinrt;C:\Program Files (x86)\Windows Kits\NETFXSDK\4.8\Include\um;
タスク "SetEnv" の実行が終了しました。
タスク "SetEnv"
  EXTERNAL_INCLUDE=C:\Program Files\Microsoft Visual Studio\18\Community\VC\Tools\MSVC\14.51.36231\include;;C:\Program Files\Microsoft Visual Studio\18\Community\VC\Tools\MSVC\14.51.36231\atlmfc\include;;C:\Program Files\Microsoft Visual Studio\18\Community\VC\Auxiliary\VS\include;;C:\Program Files (x86)\Windows Kits\10\Include\10.0.26100.0\ucrt;;;C:\Program Files\Microsoft Visual Studio\18\Community\VC\Auxiliary\VS\UnitTest\include;C:\Program Files (x86)\Windows Kits\10\Include\10.0.26100.0\um;C:\Program Files (x86)\Windows Kits\10\Include\10.0.26100.0\shared;C:\Program Files (x86)\Windows Kits\10\Include\10.0.26100.0\winrt;C:\Program Files (x86)\Windows Kits\10\Include\10.0.26100.0\cppwinrt;C:\Program Files (x86)\Windows Kits\NETFXSDK\4.8\Include\um;
タスク "SetEnv" の実行が終了しました。
プロジェクト "ImGui.vcxproj" 内のターゲット "SetBuildDefaultEnvironmentVariables" のビルドが終了しました。
ターゲット "_PrepareForReferenceResolution" を省略しました。以前に正しくビルドされていました。
ファイル "C:\Program Files\Microsoft Visual Studio\18\Community\MSBuild\Microsoft\VC\v180\Microsoft.CppBuild.targets" 内にある、プロジェクト "C:\Users\k023g\source\repos\TD4-2-Clone2\Project\Externals\ImGui\ImGui.vcxproj" からのターゲット "GetResolvedWinMD" (ターゲット "PrepareForBuild" は依存):
プロジェクト "ImGui.vcxproj" 内のターゲット "GetResolvedWinMD" のビルドが終了しました。
ファイル "C:\Program Files\Microsoft Visual Studio\18\Community\MSBuild\Microsoft\VC\v180\Microsoft.Cpp.WindowsSDK.targets" 内にある、プロジェクト "C:\Users\k023g\source\repos\TD4-2-Clone2\Project\Externals\ImGui\ImGui.vcxproj" からのターゲット "_CheckWindowsSDKInstalled" (ターゲット "PrepareForBuild" は依存):
プロジェクト "ImGui.vcxproj" 内のターゲット "_CheckWindowsSDKInstalled" のビルドが終了しました。
ターゲット "GetFrameworkPaths" を省略しました。以前に正しくビルドされていました。
ターゲット "GetReferenceAssemblyPaths" を省略しました。以前に正しくビルドされていました。
ファイル "C:\Program Files\Microsoft Visual Studio\18\Community\MSBuild\Microsoft\VisualStudio\v18.0\CodeAnalysis\Microsoft.CodeAnalysis.targets" 内にある、プロジェクト "C:\Users\k023g\source\repos\TD4-2-Clone2\Project\Externals\ImGui\ImGui.vcxproj" からのターゲット "SetCABuildNativeEnvironmentVariables" (ターゲット "PrepareForBuild" は依存):
タスク "SetEnv"
  CAExcludePath=C:\Program Files\Microsoft Visual Studio\18\Community\VC\Tools\MSVC\14.51.36231\atlmfc\include;C:\Program Files\Microsoft Visual Studio\18\Community\VC\Tools\MSVC\14.51.36231\include;C:\Program Files (x86)\Windows Kits\10\Include\10.0.26100.0\ucrt;;C:\Program Files (x86)\Windows Kits\10\Include\10.0.26100.0\um;C:\Program Files (x86)\Windows Kits\10\Include\10.0.26100.0\shared;C:\Program Files (x86)\Windows Kits\10\Include\10.0.26100.0\winrt;C:\Program Files (x86)\Windows Kits\10\Include\10.0.26100.0\cppwinrt;C:\Program Files (x86)\Windows Kits\NETFXSDK\4.8\Include\um;
タスク "SetEnv" の実行が終了しました。
プロジェクト "ImGui.vcxproj" 内のターゲット "SetCABuildNativeEnvironmentVariables" のビルドが終了しました。
ファイル "C:\Program Files\Microsoft Visual Studio\18\Community\MSBuild\Microsoft\VC\v180\Microsoft.CppBuild.targets" 内にある、プロジェクト "C:\Users\k023g\source\repos\TD4-2-Clone2\Project\Externals\ImGui\ImGui.vcxproj" からのターゲット "PrepareForBuild" (ターゲット "ResolveAssemblyReferences" は依存):
C:\Program Files\Microsoft Visual Studio\18\Community\MSBuild\Microsoft\VC\v180\Microsoft.CppBuild.targets(438,7): message : プロパティの再代入: $(BuildProjectReferences)="false" (以前の値: "true") C:\Program Files\Microsoft Visual Studio\18\Community\MSBuild\Microsoft\VC\v180\Microsoft.CppBuild.targets (438,7) [C:\Users\k023g\source\repos\TD4-2-Clone2\Project\Externals\ImGui\ImGui.vcxproj]
タスク "MakeDir"
タスク "MakeDir" の実行が終了しました。
"CheckVCToolsetVersion" タスクをアセンブリ "C:\Program Files\Microsoft Visual Studio\18\Community\MSBuild\Microsoft\VC\v180\Microsoft.Build.CppTasks.Common.dll" から使用しています。
タスク "CheckVCToolsetVersion"
タスク "CheckVCToolsetVersion" の実行が終了しました。
C:\Program Files\Microsoft Visual Studio\18\Community\MSBuild\Microsoft\VC\v180\Microsoft.CppBuild.targets(556,7): message : 環境から展開された 'C:\Users\k023g\AppData\Local\Temp' 値を持つプロパティ 'TMP'。 [C:\Users\k023g\source\repos\TD4-2-Clone2\Project\Externals\ImGui\ImGui.vcxproj]
C:\Program Files\Microsoft Visual Studio\18\Community\MSBuild\Microsoft\VC\v180\Microsoft.CppBuild.targets(557,7): message : 環境から展開された 'C:\Users\k023g\AppData\Local\Temp' 値を持つプロパティ 'TEMP'。 [C:\Users\k023g\source\repos\TD4-2-Clone2\Project\Externals\ImGui\ImGui.vcxproj]
"VCMessage" タスクをアセンブリ "C:\Program Files\Microsoft Visual Studio\18\Community\MSBuild\Microsoft\VC\v180\Microsoft.Build.CppTasks.Common.dll" から使用しています。
タスク "VCMessage"
  構造化出力が有効になっています。コンパイラ診断の書式設定にはエラー階層が反映されます。詳細については、https://aka.ms/cpp/structured-output を参照してください。
タスク "VCMessage" の実行が終了しました。
タスク "MakeDir"
タスク "MakeDir" の実行が終了しました。
プロジェクト "ImGui.vcxproj" 内のターゲット "PrepareForBuild" のビルドが終了しました。
ターゲット "_PrepareForReferenceResolution" を省略しました。以前に正しくビルドされていました。
ファイル "C:\Program Files\Microsoft Visual Studio\18\Community\MSBuild\Current\Bin\Microsoft.Common.CurrentVersion.targets" 内にある、プロジェクト "C:\Users\k023g\source\repos\TD4-2-Clone2\Project\Externals\ImGui\ImGui.vcxproj" からのターゲット "ResolveSDKReferences" (ターゲット "ResolveAssemblyReferences" は依存):
プロジェクト "ImGui.vcxproj" 内のターゲット "ResolveSDKReferences" のビルドが終了しました。
ターゲット "ResolveSDKReferences" を省略しました。以前に正しくビルドされていました。
ファイル "C:\Program Files\Microsoft Visual Studio\18\Community\MSBuild\Current\Bin\Microsoft.Common.CurrentVersion.targets" 内にある、プロジェクト "C:\Users\k023g\source\repos\TD4-2-Clone2\Project\Externals\ImGui\ImGui.vcxproj" からのターゲット "ExpandSDKReferences" (ターゲット "ResolveAssemblyReferences" は依存):
プロジェクト "ImGui.vcxproj" 内のターゲット "ExpandSDKReferences" のビルドが終了しました。
ファイル "C:\Program Files\Microsoft Visual Studio\18\Community\MSBuild\Current\Bin\Microsoft.Common.CurrentVersion.targets" 内にある、プロジェクト "C:\Users\k023g\source\repos\TD4-2-Clone2\Project\Externals\ImGui\ImGui.vcxproj" からのターゲット "ResolveAssemblyReferences" (ターゲット "ResolveReferences" は依存):
プロジェクト "ImGui.vcxproj" 内のターゲット "ResolveAssemblyReferences" のビルドが終了しました。
ファイル "C:\Program Files\Microsoft Visual Studio\18\Community\MSBuild\Current\Bin\Microsoft.Common.CurrentVersion.targets" 内にある、プロジェクト "C:\Users\k023g\source\repos\TD4-2-Clone2\Project\Externals\ImGui\ImGui.vcxproj" からのターゲット "AfterResolveReferences" (ターゲット "ResolveReferences" は依存):
プロジェクト "ImGui.vcxproj" 内のターゲット "AfterResolveReferences" のビルドが終了しました。
ファイル "C:\Program Files\Microsoft Visual Studio\18\Community\MSBuild\Current\Bin\Microsoft.Common.CurrentVersion.targets" 内にある、プロジェクト "C:\Users\k023g\source\repos\TD4-2-Clone2\Project\Externals\ImGui\ImGui.vcxproj" からのターゲット "ResolveReferences" (ターゲット "Build" は依存):
プロジェクト "ImGui.vcxproj" 内のターゲット "ResolveReferences" のビルドが終了しました。
ターゲット "PrepareForBuild" を省略しました。以前に正しくビルドされていました。
ターゲット "PrepareForBuild" を省略しました。以前に正しくビルドされていました。
ファイル "C:\Program Files\Microsoft Visual Studio\18\Community\MSBuild\Microsoft\VC\v180\Microsoft.CppBuild.targets" 内にある、プロジェクト "C:\Users\k023g\source\repos\TD4-2-Clone2\Project\Externals\ImGui\ImGui.vcxproj" からのターゲット "InitializeBuildStatus" (ターゲット "Build" は依存):
タスク "ReadLinesFromFile"
タスク "ReadLinesFromFile" の実行が終了しました。
タスク "WriteLinesToFile"
タスク "WriteLinesToFile" の実行が終了しました。
タスク "Touch"
  "AlwaysCreate" が指定されたため "C:\Users\k023g\source\repos\TD4-2-Clone2\Project\Externals\ImGui\..\..\..\Generated\Obj\Debug\ImGui\ImGui.tlog\unsuccessfulbuild" を作成しています。
  "C:\Users\k023g\source\repos\TD4-2-Clone2\Project\Externals\ImGui\..\..\..\Generated\Obj\Debug\ImGui\ImGui.tlog\unsuccessfulbuild" のタッチ タスクを実行しています。
タスク "Touch" の実行が終了しました。
プロジェクト "ImGui.vcxproj" 内のターゲット "InitializeBuildStatus" のビルドが終了しました。
ターゲット "PrepareProjectReferences" を省略しました。以前に正しくビルドされていました。
ファイル "C:\Program Files\Microsoft Visual Studio\18\Community\MSBuild\Current\Bin\Microsoft.Common.CurrentVersion.targets" 内にある、プロジェクト "C:\Users\k023g\source\repos\TD4-2-Clone2\Project\Externals\ImGui\ImGui.vcxproj" からのターゲット "BuildGenerateSourcesTraverse" (ターゲット "BuildGenerateSources" は依存):
プロジェクト "ImGui.vcxproj" 内のターゲット "BuildGenerateSourcesTraverse" のビルドが終了しました。
ターゲット "PrepareForBuild" を省略しました。以前に正しくビルドされていました。
ターゲット "ResolveReferences" を省略しました。以前に正しくビルドされていました。
ファイル "C:\Program Files\Microsoft Visual Studio\18\Community\MSBuild\Microsoft\VC\v180\Microsoft.BuildSteps.Targets" 内にある、プロジェクト "C:\Users\k023g\source\repos\TD4-2-Clone2\Project\Externals\ImGui\ImGui.vcxproj" からのターゲット "BeforeBuildGenerateSources" (ターゲット "_BuildGenerateSourcesAction" は依存):
プロジェクト "ImGui.vcxproj" 内のターゲット "BeforeBuildGenerateSources" のビルドが終了しました。
ファイル "C:\Program Files\Microsoft Visual Studio\18\Community\MSBuild\Microsoft\VC\v180\Microsoft.CppCommon.targets" 内にある、プロジェクト "C:\Users\k023g\source\repos\TD4-2-Clone2\Project\Externals\ImGui\ImGui.vcxproj" からのターゲット "PreBuildEvent" (ターゲット "_BuildGenerateSourcesAction" は依存):
プロジェクト "ImGui.vcxproj" 内のターゲット "PreBuildEvent" のビルドが終了しました。
ターゲット "PrepareForBuild" を省略しました。以前に正しくビルドされていました。
ターゲット "InitializeBuildStatus" を省略しました。以前に正しくビルドされていました。
ターゲット "SetBuildDefaultEnvironmentVariables" を省略しました。以前に正しくビルドされていました。
ファイル "C:\Program Files\Microsoft Visual Studio\18\Community\MSBuild\Microsoft\VC\v180\Microsoft.CppBuild.targets" 内にある、プロジェクト "C:\Users\k023g\source\repos\TD4-2-Clone2\Project\Externals\ImGui\ImGui.vcxproj" からのターゲット "_SelectedFiles" (ターゲット "SelectCustomBuild" は依存):
プロジェクト "ImGui.vcxproj" 内のターゲット "_SelectedFiles" のビルドが終了しました。
ファイル "C:\Program Files\Microsoft Visual Studio\18\Community\MSBuild\Microsoft\VC\v180\Microsoft.CppBuild.targets" 内にある、プロジェクト "C:\Users\k023g\source\repos\TD4-2-Clone2\Project\Externals\ImGui\ImGui.vcxproj" からのターゲット "SelectCustomBuild" (ターゲット "CustomBuild" は依存):
プロジェクト "ImGui.vcxproj" 内のターゲット "SelectCustomBuild" のビルドが終了しました。
ファイル "C:\Program Files\Microsoft Visual Studio\18\Community\MSBuild\Microsoft\VC\v180\Microsoft.CppBuild.targets" 内にある、プロジェクト "C:\Users\k023g\source\repos\TD4-2-Clone2\Project\Externals\ImGui\ImGui.vcxproj" からのターゲット "ComputeCustomBuildOutput" (ターゲット "CustomBuild" は依存):
タスク "MakeDir"
タスク "MakeDir" の実行が終了しました。
プロジェクト "ImGui.vcxproj" 内のターゲット "ComputeCustomBuildOutput" のビルドが終了しました。
ファイル "C:\Program Files\Microsoft Visual Studio\18\Community\MSBuild\Microsoft\VC\v180\Microsoft.CppCommon.targets" 内にある、プロジェクト "C:\Users\k023g\source\repos\TD4-2-Clone2\Project\Externals\ImGui\ImGui.vcxproj" からのターゲット "CustomBuild" (ターゲット "_BuildGenerateSourcesAction" は依存):
"GetOutOfDateItems" タスクをアセンブリ "C:\Program Files\Microsoft Visual Studio\18\Community\MSBuild\Microsoft\VC\v180\Microsoft.Build.CppTasks.Common.dll" から使用しています。
タスク "GetOutOfDateItems"
タスク "GetOutOfDateItems" の実行が終了しました。
タスク "GetOutOfDateItems"
タスク "GetOutOfDateItems" の実行が終了しました。
プロジェクト "ImGui.vcxproj" 内のターゲット "CustomBuild" のビルドが終了しました。
ターゲット "_SelectedFiles" を省略しました。以前に正しくビルドされていました。
ファイル "C:\Program Files\Microsoft Visual Studio\18\Community\MSBuild\Microsoft\VC\v180\Microsoft.CppCommon.targets" 内にある、プロジェクト "C:\Users\k023g\source\repos\TD4-2-Clone2\Project\Externals\ImGui\ImGui.vcxproj" からのターゲット "CopyFileToFolders" (ターゲット "_BuildGenerateSourcesAction" は依存):
タスク "GetOutOfDateItems"
タスク "GetOutOfDateItems" の実行が終了しました。
プロジェクト "ImGui.vcxproj" 内のターゲット "CopyFileToFolders" のビルドが終了しました。
ファイル "C:\Program Files\Microsoft Visual Studio\18\Community\MSBuild\Microsoft\VC\v180\Microsoft.CppBuild.targets" 内にある、プロジェクト "C:\Users\k023g\source\repos\TD4-2-Clone2\Project\Externals\ImGui\ImGui.vcxproj" からのターゲット "_Xsd" (ターゲット "_BuildGenerateSourcesAction" は依存):
プロジェクト "ImGui.vcxproj" 内のターゲット "_Xsd" のビルドが終了しました。
ファイル "C:\Program Files\Microsoft Visual Studio\18\Community\MSBuild\Microsoft\VC\v180\Microsoft.CppBuild.targets" 内にある、プロジェクト "C:\Users\k023g\source\repos\TD4-2-Clone2\Project\Externals\ImGui\ImGui.vcxproj" からのターゲット "MakeDirsForMidl" (ターゲット "_Midl" は依存):
タスク "Makedir"
タスク "Makedir" の実行が終了しました。
プロジェクト "ImGui.vcxproj" 内のターゲット "MakeDirsForMidl" のビルドが終了しました。
ファイル "C:\Program Files\Microsoft Visual Studio\18\Community\MSBuild\Microsoft\VC\v180\Microsoft.CppBuild.targets" 内にある、プロジェクト "C:\Users\k023g\source\repos\TD4-2-Clone2\Project\Externals\ImGui\ImGui.vcxproj" からのターゲット "ComputeMIDLGeneratedCompileInputs" (ターゲット "_Midl" は依存):
プロジェクト "ImGui.vcxproj" 内のターゲット "ComputeMIDLGeneratedCompileInputs" のビルドが終了しました。
ファイル "C:\Program Files\Microsoft Visual Studio\18\Community\MSBuild\Microsoft\VC\v180\Microsoft.CppBuild.targets" 内にある、プロジェクト "C:\Users\k023g\source\repos\TD4-2-Clone2\Project\Externals\ImGui\ImGui.vcxproj" からのターゲット "AfterMidl" (ターゲット "_Midl" は依存):
プロジェクト "ImGui.vcxproj" 内のターゲット "AfterMidl" のビルドが終了しました。
ファイル "C:\Program Files\Microsoft Visual Studio\18\Community\MSBuild\Microsoft\VC\v180\Microsoft.CppBuild.targets" 内にある、プロジェクト "C:\Users\k023g\source\repos\TD4-2-Clone2\Project\Externals\ImGui\ImGui.vcxproj" からのターゲット "_Midl" (ターゲット "_BuildGenerateSourcesAction" は依存):
プロジェクト "ImGui.vcxproj" 内のターゲット "_Midl" のビルドが終了しました。
ファイル "C:\Program Files\Microsoft Visual Studio\18\Community\MSBuild\Microsoft\VC\v180\Microsoft.BuildSteps.Targets" 内にある、プロジェクト "C:\Users\k023g\source\repos\TD4-2-Clone2\Project\Externals\ImGui\ImGui.vcxproj" からのターゲット "AfterBuildGenerateSources" (ターゲット "_BuildGenerateSourcesAction" は依存):
プロジェクト "ImGui.vcxproj" 内のターゲット "AfterBuildGenerateSources" のビルドが終了しました。
ファイル "C:\Program Files\Microsoft Visual Studio\18\Community\MSBuild\Microsoft\VC\v180\Microsoft.CppBuild.targets" 内にある、プロジェクト "C:\Users\k023g\source\repos\TD4-2-Clone2\Project\Externals\ImGui\ImGui.vcxproj" からのターゲット "AfterBuildGenerateSourcesEvent" (ターゲット "_BuildGenerateSourcesAction" は依存):
プロジェクト "ImGui.vcxproj" 内のターゲット "AfterBuildGenerateSourcesEvent" のビルドが終了しました。
ファイル "C:\Program Files\Microsoft Visual Studio\18\Community\MSBuild\Microsoft\VC\v180\Microsoft.CppBuild.targets" 内にある、プロジェクト "C:\Users\k023g\source\repos\TD4-2-Clone2\Project\Externals\ImGui\ImGui.vcxproj" からのターゲット "_BuildGenerateSourcesAction" (ターゲット "BuildGenerateSources" は依存):
プロジェクト "ImGui.vcxproj" 内のターゲット "_BuildGenerateSourcesAction" のビルドが終了しました。
ファイル "C:\Program Files\Microsoft Visual Studio\18\Community\MSBuild\Current\Bin\Microsoft.Common.CurrentVersion.targets" 内にある、プロジェクト "C:\Users\k023g\source\repos\TD4-2-Clone2\Project\Externals\ImGui\ImGui.vcxproj" からのターゲット "BuildGenerateSources" (ターゲット "Build" は依存):
プロジェクト "ImGui.vcxproj" 内のターゲット "BuildGenerateSources" のビルドが終了しました。
ターゲット "PrepareProjectReferences" を省略しました。以前に正しくビルドされていました。
ファイル "C:\Program Files\Microsoft Visual Studio\18\Community\MSBuild\Current\Bin\Microsoft.Common.CurrentVersion.targets" 内にある、プロジェクト "C:\Users\k023g\source\repos\TD4-2-Clone2\Project\Externals\ImGui\ImGui.vcxproj" からのターゲット "BuildCompileTraverse" (ターゲット "BuildCompile" は依存):
プロジェクト "ImGui.vcxproj" 内のターゲット "BuildCompileTraverse" のビルドが終了しました。
ターゲット "PrepareForBuild" を省略しました。以前に正しくビルドされていました。
ターゲット "ResolveReferences" を省略しました。以前に正しくビルドされていました。
ファイル "C:\Program Files\Microsoft Visual Studio\18\Community\MSBuild\Microsoft\VC\v180\Microsoft.CppBuild.targets" 内にある、プロジェクト "C:\Users\k023g\source\repos\TD4-2-Clone2\Project\Externals\ImGui\ImGui.vcxproj" からのターゲット "BeforeClCompile" (ターゲット "_ClCompile" は依存):
プロジェクト "ImGui.vcxproj" 内のターゲット "BeforeClCompile" のビルドが終了しました。
ターゲット "ComputeMIDLGeneratedCompileInputs" を省略しました。以前に正しくビルドされていました。
ファイル "C:\Program Files\Microsoft Visual Studio\18\Community\MSBuild\Microsoft\VC\v180\Microsoft.CppBuild.targets" 内にある、プロジェクト "C:\Users\k023g\source\repos\TD4-2-Clone2\Project\Externals\ImGui\ImGui.vcxproj" からのターゲット "ComputeCLInputPDBName" (ターゲット "_ClCompile" は依存):
プロジェクト "ImGui.vcxproj" 内のターゲット "ComputeCLInputPDBName" のビルドが終了しました。
ターゲット "ResolveReferences" を省略しました。以前に正しくビルドされていました。
ファイル "C:\Program Files\Microsoft Visual Studio\18\Community\MSBuild\Current\Bin\Microsoft.Common.CurrentVersion.targets" 内にある、プロジェクト "C:\Users\k023g\source\repos\TD4-2-Clone2\Project\Externals\ImGui\ImGui.vcxproj" からのターゲット "FindReferenceAssembliesForReferences" (ターゲット "ComputeReferenceCLInput" は依存):
プロジェクト "ImGui.vcxproj" 内のターゲット "FindReferenceAssembliesForReferences" のビルドが終了しました。
ファイル "C:\Program Files\Microsoft Visual Studio\18\Community\MSBuild\Microsoft\VC\v180\Microsoft.CppBuild.targets" 内にある、プロジェクト "C:\Users\k023g\source\repos\TD4-2-Clone2\Project\Externals\ImGui\ImGui.vcxproj" からのターゲット "GetReferencedVCProjectsInfo" (ターゲット "ComputeReferenceCLInput" は依存):
プロジェクト "ImGui.vcxproj" 内のターゲット "GetReferencedVCProjectsInfo" のビルドが終了しました。
ファイル "C:\Program Files\Microsoft Visual Studio\18\Community\MSBuild\Microsoft\VC\v180\Microsoft.CppBuild.targets" 内にある、プロジェクト "C:\Users\k023g\source\repos\TD4-2-Clone2\Project\Externals\ImGui\ImGui.vcxproj" からのターゲット "ComputeReferenceCLInput" (ターゲット "_ClCompile" は依存):
プロジェクト "ImGui.vcxproj" 内のターゲット "ComputeReferenceCLInput" のビルドが終了しました。
ファイル "C:\Program Files\Microsoft Visual Studio\18\Community\MSBuild\Microsoft\VC\v180\Microsoft.CppCommon.targets" 内にある、プロジェクト "C:\Users\k023g\source\repos\TD4-2-Clone2\Project\Externals\ImGui\ImGui.vcxproj" からのターゲット "SetCppLanguageStandardCapabilities" (ターゲット "ComputeStdModulesCompileInputs" は依存):
プロジェクト "ImGui.vcxproj" 内のターゲット "SetCppLanguageStandardCapabilities" のビルドが終了しました。
ファイル "C:\Program Files\Microsoft Visual Studio\18\Community\MSBuild\Microsoft\VC\v180\Microsoft.CppCommon.targets" 内にある、プロジェクト "C:\Users\k023g\source\repos\TD4-2-Clone2\Project\Externals\ImGui\ImGui.vcxproj" からのターゲット "ComputeStdModulesCompileInputs" (ターゲット "_ClCompile" は依存):
"GetLibraryModuleSources" タスクをアセンブリ "C:\Program Files\Microsoft Visual Studio\18\Community\MSBuild\Microsoft\VC\v180\Microsoft.Build.CppTasks.Common.dll" から使用しています。
タスク "GetLibraryModuleSources"
  ライブラリ 'microsoft/STL' のデータを提供するライブラリ マニフェスト ファイル 'C:\Program Files\Microsoft Visual Studio\18\Community\VC\Tools\MSVC\14.51.36231\modules\modules.json' を読み取っています。
  このプロジェクトでビルドするライブラリ 'microsoft/STL' からモジュール ソース 'C:\Program Files\Microsoft Visual Studio\18\Community\VC\Tools\MSVC\14.51.36231\modules\std.ixx' を追加しています。
  このプロジェクトでビルドするライブラリ 'microsoft/STL' からモジュール ソース 'C:\Program Files\Microsoft Visual Studio\18\Community\VC\Tools\MSVC\14.51.36231\modules\std.compat.ixx' を追加しています。
タスク "GetLibraryModuleSources" の実行が終了しました。
プロジェクト "ImGui.vcxproj" 内のターゲット "ComputeStdModulesCompileInputs" のビルドが終了しました。
ターゲット "SetCppLanguageStandardCapabilities" を省略しました。以前に正しくビルドされていました。
ファイル "C:\Program Files\Microsoft Visual Studio\18\Community\MSBuild\Microsoft\VC\v180\Microsoft.CppCommon.targets" 内にある、プロジェクト "C:\Users\k023g\source\repos\TD4-2-Clone2\Project\Externals\ImGui\ImGui.vcxproj" からのターゲット "FixupCLCompileOptions" (ターゲット "_ClCompile" は依存):
プロジェクト "ImGui.vcxproj" 内のターゲット "FixupCLCompileOptions" のビルドが終了しました。
ファイル "C:\Program Files\Microsoft Visual Studio\18\Community\MSBuild\Microsoft\VC\v180\Microsoft.CppBuild.targets" 内にある、プロジェクト "C:\Users\k023g\source\repos\TD4-2-Clone2\Project\Externals\ImGui\ImGui.vcxproj" からのターゲット "MakeDirsForCl" (ターゲット "SetModuleDependencies" は依存):
タスク "MakeDir"
タスク "MakeDir" の実行が終了しました。
プロジェクト "ImGui.vcxproj" 内のターゲット "MakeDirsForCl" のビルドが終了しました。
ファイル "C:\Program Files\Microsoft Visual Studio\18\Community\MSBuild\Microsoft\VC\v180\Microsoft.CppCommon.targets" 内にある、プロジェクト "C:\Users\k023g\source\repos\TD4-2-Clone2\Project\Externals\ImGui\ImGui.vcxproj" からのターゲット "SetModuleDependencies" (ターゲット "_ClCompile" は依存):
タスク "MakeDir"
タスク "MakeDir" の実行が終了しました。
"SetModuleDependencies" タスクをアセンブリ "C:\Program Files\Microsoft Visual Studio\18\Community\MSBuild\Microsoft\VC\v180\Microsoft.Build.CppTasks.Common.dll" から使用しています。
タスク "SetModuleDependencies"
タスク "SetModuleDependencies" の実行が終了しました。
プロジェクト "ImGui.vcxproj" 内のターゲット "SetModuleDependencies" のビルドが終了しました。
ターゲット "MakeDirsForCl" を省略しました。以前に正しくビルドされていました。
ターゲット "_SelectedFiles" を省略しました。以前に正しくビルドされていました。
ターゲット "ComputeMIDLGeneratedCompileInputs" を省略しました。以前に正しくビルドされていました。
ターゲット "ComputeCLInputPDBName" を省略しました。以前に正しくビルドされていました。
ターゲット "ComputeReferenceCLInput" を省略しました。以前に正しくビルドされていました。
ターゲット "ComputeStdModulesCompileInputs" を省略しました。以前に正しくビルドされていました。
ターゲット "FixupCLCompileOptions" を省略しました。以前に正しくビルドされていました。
ターゲット "SetModuleDependencies" を省略しました。以前に正しくビルドされていました。
ターゲット "SelectCustomBuild" を省略しました。以前に正しくビルドされていました。
ターゲット "SetModuleDependencies" を省略しました。以前に正しくビルドされていました。
ファイル "C:\Program Files\Microsoft Visual Studio\18\Community\MSBuild\Microsoft\VC\v180\Microsoft.CppBuild.targets" 内にある、プロジェクト "C:\Users\k023g\source\repos\TD4-2-Clone2\Project\Externals\ImGui\ImGui.vcxproj" からのターゲット "SelectClCompile" (ターゲット "ClCompile" は依存):
プロジェクト "ImGui.vcxproj" 内のターゲット "SelectClCompile" のビルドが終了しました。
ファイル "C:\Program Files\Microsoft Visual Studio\18\Community\MSBuild\Microsoft\VC\v180\Microsoft.CppCommon.targets" 内にある、プロジェクト "C:\Users\k023g\source\repos\TD4-2-Clone2\Project\Externals\ImGui\ImGui.vcxproj" からのターゲット "ClCompile" (ターゲット "_ClCompile" は依存):
タスク "Delete"
タスク "Delete" の実行が終了しました。
"CL" タスクをアセンブリ "C:\Program Files\Microsoft Visual Studio\18\Community\MSBuild\Microsoft\VC\v180\Microsoft.Build.CppTasks.Common.dll" から使用しています。
タスク "CL"
  PDB "C:\Users\k023g\source\repos\TD4-2-Clone2\Project\Externals\ImGui\..\..\..\Generated\Outputs\Debug\ImGui.pdb" がないため、すべてのソース ファイルを強制的に再コンパイルしています。
  ツールに渡された環境変数:
    VS_UNICODE_OUTPUT=2112
    SARIF_OUTPUT_PIPE=2120
  C:\Program Files\Microsoft Visual Studio\18\Community\VC\Tools\MSVC\14.51.36231\bin\HostX86\x64\CL.exe /c /I"C:\Users\k023g\source\repos\TD4-2-Clone2\Project\Externals\ImGui\\" /I"C:\Users\k023g\source\repos\TD4-2-Clone2\Project\Externals\ImGui\\ImGui" /ZI /JMC /nologo /W3 /WX- /diagnostics:column /Od /D _SILENCE_CXX23_ALIGNED_STORAGE_DEPRECATION_WARNING /D _UNICODE /D UNICODE /Gm- /EHsc /RTC1 /MTd /GS /fp:precise /Zc:wchar_t /Zc:forScope /Zc:inline /std:c++latest /permissive- /Fo"C:\Users\k023g\source\repos\TD4-2-Clone2\Project\Externals\ImGui\..\..\..\Generated\Obj\Debug\ImGui\\" /Fd"C:\Users\k023g\source\repos\TD4-2-Clone2\Project\Externals\ImGui\..\..\..\Generated\Outputs\Debug\ImGui.pdb" /external:W3 /Gd /TP /FC /errorReport:queue /utf-8 /MP "..\imgui-node-editor\crude_json.cpp" "..\imgui-node-editor\imgui_canvas.cpp" "..\imgui-node-editor\imgui_node_editor.cpp" "..\imgui-node-editor\imgui_node_editor_api.cpp" GraphEditor.cpp ImCurveEdit.cpp ImGradient.cpp ImGuizmo.cpp ImSequencer.cpp dialog\ImGuiFileDialog.cpp imgui.cpp imgui_demo.cpp imgui_draw.cpp imgui_impl_dx12.cpp imgui_impl_win32.cpp imgui_tables.cpp imgui_widgets.cpp
  トラッキング コマンド:
  C:\Program Files\Microsoft Visual Studio\18\Community\MSBuild\Current\Bin\Tracker.exe /d "C:\Program Files (x86)\MSBuild\15.0\FileTracker\FileTracker32.dll" /i C:\Users\k023g\source\repos\TD4-2-Clone2\Generated\Obj\Debug\ImGui\ImGui.tlog /r "C:\USERS\K023G\SOURCE\REPOS\TD4-2-CLONE2\PROJECT\EXTERNALS\IMGUI-NODE-EDITOR\CRUDE_JSON.CPP|C:\USERS\K023G\SOURCE\REPOS\TD4-2-CLONE2\PROJECT\EXTERNALS\IMGUI-NODE-EDITOR\IMGUI_CANVAS.CPP|C:\USERS\K023G\SOURCE\REPOS\TD4-2-CLONE2\PROJECT\EXTERNALS\IMGUI-NODE-EDITOR\IMGUI_NODE_EDITOR.CPP|C:\USERS\K023G\SOURCE\REPOS\TD4-2-CLONE2\PROJECT\EXTERNALS\IMGUI-NODE-EDITOR\IMGUI_NODE_EDITOR_API.CPP|C:\USERS\K023G\SOURCE\REPOS\TD4-2-CLONE2\PROJECT\EXTERNALS\IMGUI\DIALOG\IMGUIFILEDIALOG.CPP|C:\USERS\K023G\SOURCE\REPOS\TD4-2-CLONE2\PROJECT\EXTERNALS\IMGUI\GRAPHEDITOR.CPP|C:\USERS\K023G\SOURCE\REPOS\TD4-2-CLONE2\PROJECT\EXTERNALS\IMGUI\IMCURVEEDIT.CPP|C:\USERS\K023G\SOURCE\REPOS\TD4-2-CLONE2\PROJECT\EXTERNALS\IMGUI\IMGRADIENT.CPP|C:\USERS\K023G\SOURCE\REPOS\TD4-2-CLONE2\PROJECT\EXTERNALS\IMGUI\IMGUI.CPP|C:\USERS\K023G\SOURCE\REPOS\TD4-2-CLONE2\PROJECT\EXTERNALS\IMGUI\IMGUIZMO.CPP|C:\USERS\K023G\SOURCE\REPOS\TD4-2-CLONE2\PROJECT\EXTERNALS\IMGUI\IMGUI_DEMO.CPP|C:\USERS\K023G\SOURCE\REPOS\TD4-2-CLONE2\PROJECT\EXTERNALS\IMGUI\IMGUI_DRAW.CPP|C:\USERS\K023G\SOURCE\REPOS\TD4-2-CLONE2\PROJECT\EXTERNALS\IMGUI\IMGUI_IMPL_DX12.CPP|C:\USERS\K023G\SOURCE\REPOS\TD4-2-CLONE2\PROJECT\EXTERNALS\IMGUI\IMGUI_IMPL_WIN32.CPP|C:\USERS\K023G\SOURCE\REPOS\TD4-2-CLONE2\PROJECT\EXTERNALS\IMGUI\IMGUI_TABLES.CPP|C:\USERS\K023G\SOURCE\REPOS\TD4-2-CLONE2\PROJECT\EXTERNALS\IMGUI\IMGUI_WIDGETS.CPP|C:\USERS\K023G\SOURCE\REPOS\TD4-2-CLONE2\PROJECT\EXTERNALS\IMGUI\IMSEQUENCER.CPP" /b MSBuildConsole_CancelEventd924bfefe86c45b79ae4891610af44ea  /c "C:\Program Files\Microsoft Visual Studio\18\Community\VC\Tools\MSVC\14.51.36231\bin\HostX86\x64\CL.exe"  /c /I"C:\Users\k023g\source\repos\TD4-2-Clone2\Project\Externals\ImGui\\" /I"C:\Users\k023g\source\repos\TD4-2-Clone2\Project\Externals\ImGui\\ImGui" /ZI /JMC /nologo /W3 /WX- /diagnostics:column /Od /D _SILENCE_CXX23_ALIGNED_STORAGE_DEPRECATION_WARNING /D _UNICODE /D UNICODE /Gm- /EHsc /RTC1 /MTd /GS /fp:precise /Zc:wchar_t /Zc:forScope /Zc:inline /std:c++latest /permissive- /Fo"C:\Users\k023g\source\repos\TD4-2-Clone2\Project\Externals\ImGui\..\..\..\Generated\Obj\Debug\ImGui\\" /Fd"C:\Users\k023g\source\repos\TD4-2-Clone2\Project\Externals\ImGui\..\..\..\Generated\Outputs\Debug\ImGui.pdb" /external:W3 /Gd /TP /FC /errorReport:queue /utf-8 /MP "..\imgui-node-editor\crude_json.cpp" "..\imgui-node-editor\imgui_canvas.cpp" "..\imgui-node-editor\imgui_node_editor.cpp" "..\imgui-node-editor\imgui_node_editor_api.cpp" GraphEditor.cpp ImCurveEdit.cpp ImGradient.cpp ImGuizmo.cpp ImSequencer.cpp dialog\ImGuiFileDialog.cpp imgui.cpp imgui_demo.cpp imgui_draw.cpp imgui_impl_dx12.cpp imgui_impl_win32.cpp imgui_tables.cpp imgui_widgets.cpp
  crude_json.cpp
  imgui_canvas.cpp
  imgui_node_editor.cpp
  imgui_node_editor_api.cpp
  GraphEditor.cpp
  ImCurveEdit.cpp
  ImGradient.cpp
  ImGuizmo.cpp
  ImSequencer.cpp
  ImGuiFileDialog.cpp
  imgui.cpp
  imgui_demo.cpp
  imgui_draw.cpp
  imgui_impl_dx12.cpp
  imgui_impl_win32.cpp
  imgui_tables.cpp
  imgui_widgets.cpp
タスク "CL" の実行が終了しました。
プロジェクト "ImGui.vcxproj" 内のターゲット "ClCompile" のビルドが終了しました。
ファイル "C:\Program Files\Microsoft Visual Studio\18\Community\MSBuild\Microsoft\VC\v180\Microsoft.CppBuild.targets" 内にある、プロジェクト "C:\Users\k023g\source\repos\TD4-2-Clone2\Project\Externals\ImGui\ImGui.vcxproj" からのターゲット "AfterClCompile" (ターゲット "_ClCompile" は依存):
プロジェクト "ImGui.vcxproj" 内のターゲット "AfterClCompile" のビルドが終了しました。
ファイル "C:\Program Files\Microsoft Visual Studio\18\Community\MSBuild\Microsoft\VC\v180\Microsoft.CppBuild.targets" 内にある、プロジェクト "C:\Users\k023g\source\repos\TD4-2-Clone2\Project\Externals\ImGui\ImGui.vcxproj" からのターゲット "_ClCompile" (ターゲット "_BuildCompileAction" は依存):
プロジェクト "ImGui.vcxproj" 内のターゲット "_ClCompile" のビルドが終了しました。
ファイル "C:\Program Files\Microsoft Visual Studio\18\Community\MSBuild\Microsoft\VC\v180\Microsoft.CppBuild.targets" 内にある、プロジェクト "C:\Users\k023g\source\repos\TD4-2-Clone2\Project\Externals\ImGui\ImGui.vcxproj" からのターゲット "BeforeResourceCompile" (ターゲット "_ResourceCompile" は依存):
プロジェクト "ImGui.vcxproj" 内のターゲット "BeforeResourceCompile" のビルドが終了しました。
ファイル "C:\Program Files\Microsoft Visual Studio\18\Community\MSBuild\Microsoft\VC\v180\Microsoft.CppBuild.targets" 内にある、プロジェクト "C:\Users\k023g\source\repos\TD4-2-Clone2\Project\Externals\ImGui\ImGui.vcxproj" からのターゲット "MakeDirsForResourceCompile" (ターゲット "_ResourceCompile" は依存):
タスク "MakeDir"
タスク "MakeDir" の実行が終了しました。
プロジェクト "ImGui.vcxproj" 内のターゲット "MakeDirsForResourceCompile" のビルドが終了しました。
ファイル "C:\Program Files\Microsoft Visual Studio\18\Community\MSBuild\Microsoft\VC\v180\Microsoft.CppBuild.targets" 内にある、プロジェクト "C:\Users\k023g\source\repos\TD4-2-Clone2\Project\Externals\ImGui\ImGui.vcxproj" からのターゲット "AfterResourceCompile" (ターゲット "_ResourceCompile" は依存):
プロジェクト "ImGui.vcxproj" 内のターゲット "AfterResourceCompile" のビルドが終了しました。
ファイル "C:\Program Files\Microsoft Visual Studio\18\Community\MSBuild\Microsoft\VC\v180\Microsoft.CppBuild.targets" 内にある、プロジェクト "C:\Users\k023g\source\repos\TD4-2-Clone2\Project\Externals\ImGui\ImGui.vcxproj" からのターゲット "_ResourceCompile" (ターゲット "_BuildCompileAction" は依存):
プロジェクト "ImGui.vcxproj" 内のターゲット "_ResourceCompile" のビルドが終了しました。
ファイル "C:\Program Files\Microsoft Visual Studio\18\Community\MSBuild\Microsoft\VC\v180\Microsoft.CppBuild.targets" 内にある、プロジェクト "C:\Users\k023g\source\repos\TD4-2-Clone2\Project\Externals\ImGui\ImGui.vcxproj" からのターゲット "BeforeLib" (ターゲット "_Lib" は依存):
プロジェクト "ImGui.vcxproj" 内のターゲット "BeforeLib" のビルドが終了しました。
ファイル "C:\Program Files\Microsoft Visual Studio\18\Community\MSBuild\Microsoft\VC\v180\Microsoft.CppBuild.targets" 内にある、プロジェクト "C:\Users\k023g\source\repos\TD4-2-Clone2\Project\Externals\ImGui\ImGui.vcxproj" からのターゲット "ComputeLibAdditionalOptions" (ターゲット "_Lib" は依存):
プロジェクト "ImGui.vcxproj" 内のターゲット "ComputeLibAdditionalOptions" のビルドが終了しました。
ファイル "C:\Program Files\Microsoft Visual Studio\18\Community\MSBuild\Microsoft\VC\v180\Microsoft.CppBuild.targets" 内にある、プロジェクト "C:\Users\k023g\source\repos\TD4-2-Clone2\Project\Externals\ImGui\ImGui.vcxproj" からのターゲット "ComputeRCOutputs" (ターゲット "ComputeRCGeneratedLibInputs" は依存):
プロジェクト "ImGui.vcxproj" 内のターゲット "ComputeRCOutputs" のビルドが終了しました。
ファイル "C:\Program Files\Microsoft Visual Studio\18\Community\MSBuild\Microsoft\VC\v180\Microsoft.CppBuild.targets" 内にある、プロジェクト "C:\Users\k023g\source\repos\TD4-2-Clone2\Project\Externals\ImGui\ImGui.vcxproj" からのターゲット "ComputeRCGeneratedLibInputs" (ターゲット "_Lib" は依存):
プロジェクト "ImGui.vcxproj" 内のターゲット "ComputeRCGeneratedLibInputs" のビルドが終了しました。
ターゲット "ComputeCustomBuildOutput" を省略しました。以前に正しくビルドされていました。
ターゲット "ComputeMIDLGeneratedCompileInputs" を省略しました。以前に正しくビルドされていました。
ターゲット "ComputeCLInputPDBName" を省略しました。以前に正しくビルドされていました。
ターゲット "ComputeReferenceCLInput" を省略しました。以前に正しくビルドされていました。
ターゲット "ComputeStdModulesCompileInputs" を省略しました。以前に正しくビルドされていました。
ターゲット "FixupCLCompileOptions" を省略しました。以前に正しくビルドされていました。
ターゲット "SetModuleDependencies" を省略しました。以前に正しくビルドされていました。
ターゲット "SetModuleDependencies" を省略しました。以前に正しくビルドされていました。
ファイル "C:\Program Files\Microsoft Visual Studio\18\Community\MSBuild\Microsoft\VC\v180\Microsoft.CppBuild.targets" 内にある、プロジェクト "C:\Users\k023g\source\repos\TD4-2-Clone2\Project\Externals\ImGui\ImGui.vcxproj" からのターゲット "ComputeCLOutputs" (ターゲット "ComputeCLGeneratedLibInputs" は依存):
プロジェクト "ImGui.vcxproj" 内のターゲット "ComputeCLOutputs" のビルドが終了しました。
ファイル "C:\Program Files\Microsoft Visual Studio\18\Community\MSBuild\Microsoft\VC\v180\Microsoft.CppBuild.targets" 内にある、プロジェクト "C:\Users\k023g\source\repos\TD4-2-Clone2\Project\Externals\ImGui\ImGui.vcxproj" からのターゲット "ComputeCLGeneratedLibInputs" (ターゲット "_Lib" は依存):
プロジェクト "ImGui.vcxproj" 内のターゲット "ComputeCLGeneratedLibInputs" のビルドが終了しました。
ファイル "C:\Program Files\Microsoft Visual Studio\18\Community\MSBuild\Microsoft\VC\v180\Microsoft.CppBuild.targets" 内にある、プロジェクト "C:\Users\k023g\source\repos\TD4-2-Clone2\Project\Externals\ImGui\ImGui.vcxproj" からのターゲット "ComputeLibInputsFromProject" (ターゲット "_Lib" は依存):
プロジェクト "ImGui.vcxproj" 内のターゲット "ComputeLibInputsFromProject" のビルドが終了しました。
ファイル "C:\Program Files\Microsoft Visual Studio\18\Community\MSBuild\Microsoft\VC\v180\Microsoft.CppBuild.targets" 内にある、プロジェクト "C:\Users\k023g\source\repos\TD4-2-Clone2\Project\Externals\ImGui\ImGui.vcxproj" からのターゲット "MakeDirsForLib" (ターゲット "_Lib" は依存):
タスク "MakeDir"
タスク "MakeDir" の実行が終了しました。
プロジェクト "ImGui.vcxproj" 内のターゲット "MakeDirsForLib" のビルドが終了しました。
ファイル "C:\Program Files\Microsoft Visual Studio\18\Community\MSBuild\Microsoft\VC\v180\Microsoft.CppBuild.targets" 内にある、プロジェクト "C:\Users\k023g\source\repos\TD4-2-Clone2\Project\Externals\ImGui\ImGui.vcxproj" からのターゲット "DoLibOutputFilesMatch" (ターゲット "_Lib" は依存):
プロジェクト "ImGui.vcxproj" 内のターゲット "DoLibOutputFilesMatch" のビルドが終了しました。
ファイル "C:\Program Files\Microsoft Visual Studio\18\Community\MSBuild\Microsoft\VC\v180\Microsoft.CppCommon.targets" 内にある、プロジェクト "C:\Users\k023g\source\repos\TD4-2-Clone2\Project\Externals\ImGui\ImGui.vcxproj" からのターゲット "PreLinkEvent" (ターゲット "_Lib" は依存):
プロジェクト "ImGui.vcxproj" 内のターゲット "PreLinkEvent" のビルドが終了しました。
ファイル "C:\Program Files\Microsoft Visual Studio\18\Community\MSBuild\Microsoft\VC\v180\Microsoft.CppCommon.targets" 内にある、プロジェクト "C:\Users\k023g\source\repos\TD4-2-Clone2\Project\Externals\ImGui\ImGui.vcxproj" からのターゲット "Lib" (ターゲット "_Lib" は依存):
"LIB" タスクをアセンブリ "C:\Program Files\Microsoft Visual Studio\18\Community\MSBuild\Microsoft\VC\v180\Microsoft.Build.CppTasks.Common.dll" から使用しています。
タスク "LIB"
  一部のソース ファイルが最新ではありません: コマンド TLog "C:\Users\k023g\source\repos\TD4-2-Clone2\Generated\Obj\Debug\ImGui\ImGui.tlog\Lib.command.1.tlog" が見つかりません。
  C:\Program Files\Microsoft Visual Studio\18\Community\VC\Tools\MSVC\14.51.36231\bin\HostX86\x64\Lib.exe /OUT:"C:\Users\k023g\source\repos\TD4-2-Clone2\Project\Externals\ImGui\..\..\..\Generated\Outputs\Debug\ImGui.lib" /NOLOGO /MACHINE:X64 "C:\Users\k023g\source\repos\TD4-2-Clone2\Project\Externals\ImGui\..\..\..\Generated\Obj\Debug\ImGui\crude_json.obj"
  "C:\Users\k023g\source\repos\TD4-2-Clone2\Project\Externals\ImGui\..\..\..\Generated\Obj\Debug\ImGui\imgui_canvas.obj"
  "C:\Users\k023g\source\repos\TD4-2-Clone2\Project\Externals\ImGui\..\..\..\Generated\Obj\Debug\ImGui\imgui_node_editor.obj"
  "C:\Users\k023g\source\repos\TD4-2-Clone2\Project\Externals\ImGui\..\..\..\Generated\Obj\Debug\ImGui\imgui_node_editor_api.obj"
  "C:\Users\k023g\source\repos\TD4-2-Clone2\Project\Externals\ImGui\..\..\..\Generated\Obj\Debug\ImGui\GraphEditor.obj"
  "C:\Users\k023g\source\repos\TD4-2-Clone2\Project\Externals\ImGui\..\..\..\Generated\Obj\Debug\ImGui\ImCurveEdit.obj"
  "C:\Users\k023g\source\repos\TD4-2-Clone2\Project\Externals\ImGui\..\..\..\Generated\Obj\Debug\ImGui\ImGradient.obj"
  "C:\Users\k023g\source\repos\TD4-2-Clone2\Project\Externals\ImGui\..\..\..\Generated\Obj\Debug\ImGui\ImGuizmo.obj"
  "C:\Users\k023g\source\repos\TD4-2-Clone2\Project\Externals\ImGui\..\..\..\Generated\Obj\Debug\ImGui\ImSequencer.obj"
  "C:\Users\k023g\source\repos\TD4-2-Clone2\Project\Externals\ImGui\..\..\..\Generated\Obj\Debug\ImGui\ImGuiFileDialog.obj"
  "C:\Users\k023g\source\repos\TD4-2-Clone2\Project\Externals\ImGui\..\..\..\Generated\Obj\Debug\ImGui\imgui.obj"
  "C:\Users\k023g\source\repos\TD4-2-Clone2\Project\Externals\ImGui\..\..\..\Generated\Obj\Debug\ImGui\imgui_demo.obj"
  "C:\Users\k023g\source\repos\TD4-2-Clone2\Project\Externals\ImGui\..\..\..\Generated\Obj\Debug\ImGui\imgui_draw.obj"
  "C:\Users\k023g\source\repos\TD4-2-Clone2\Project\Externals\ImGui\..\..\..\Generated\Obj\Debug\ImGui\imgui_impl_dx12.obj"
  "C:\Users\k023g\source\repos\TD4-2-Clone2\Project\Externals\ImGui\..\..\..\Generated\Obj\Debug\ImGui\imgui_impl_win32.obj"
  "C:\Users\k023g\source\repos\TD4-2-Clone2\Project\Externals\ImGui\..\..\..\Generated\Obj\Debug\ImGui\imgui_tables.obj"
  "C:\Users\k023g\source\repos\TD4-2-Clone2\Project\Externals\ImGui\..\..\..\Generated\Obj\Debug\ImGui\imgui_widgets.obj"
  トラッキング コマンド:
  C:\Program Files\Microsoft Visual Studio\18\Community\MSBuild\Current\Bin\Tracker.exe /d "C:\Program Files (x86)\MSBuild\15.0\FileTracker\FileTracker32.dll" /i C:\Users\k023g\source\repos\TD4-2-Clone2\Generated\Obj\Debug\ImGui\ImGui.tlog /r "C:\USERS\K023G\SOURCE\REPOS\TD4-2-CLONE2\GENERATED\OBJ\DEBUG\IMGUI\CRUDE_JSON.OBJ|C:\USERS\K023G\SOURCE\REPOS\TD4-2-CLONE2\GENERATED\OBJ\DEBUG\IMGUI\GRAPHEDITOR.OBJ|C:\USERS\K023G\SOURCE\REPOS\TD4-2-CLONE2\GENERATED\OBJ\DEBUG\IMGUI\IMCURVEEDIT.OBJ|C:\USERS\K023G\SOURCE\REPOS\TD4-2-CLONE2\GENERATED\OBJ\DEBUG\IMGUI\IMGRADIENT.OBJ|C:\USERS\K023G\SOURCE\REPOS\TD4-2-CLONE2\GENERATED\OBJ\DEBUG\IMGUI\IMGUI.OBJ|C:\USERS\K023G\SOURCE\REPOS\TD4-2-CLONE2\GENERATED\OBJ\DEBUG\IMGUI\IMGUIFILEDIALOG.OBJ|C:\USERS\K023G\SOURCE\REPOS\TD4-2-CLONE2\GENERATED\OBJ\DEBUG\IMGUI\IMGUIZMO.OBJ|C:\USERS\K023G\SOURCE\REPOS\TD4-2-CLONE2\GENERATED\OBJ\DEBUG\IMGUI\IMGUI_CANVAS.OBJ|C:\USERS\K023G\SOURCE\REPOS\TD4-2-CLONE2\GENERATED\OBJ\DEBUG\IMGUI\IMGUI_DEMO.OBJ|C:\USERS\K023G\SOURCE\REPOS\TD4-2-CLONE2\GENERATED\OBJ\DEBUG\IMGUI\IMGUI_DRAW.OBJ|C:\USERS\K023G\SOURCE\REPOS\TD4-2-CLONE2\GENERATED\OBJ\DEBUG\IMGUI\IMGUI_IMPL_DX12.OBJ|C:\USERS\K023G\SOURCE\REPOS\TD4-2-CLONE2\GENERATED\OBJ\DEBUG\IMGUI\IMGUI_IMPL_WIN32.OBJ|C:\USERS\K023G\SOURCE\REPOS\TD4-2-CLONE2\GENERATED\OBJ\DEBUG\IMGUI\IMGUI_NODE_EDITOR.OBJ|C:\USERS\K023G\SOURCE\REPOS\TD4-2-CLONE2\GENERATED\OBJ\DEBUG\IMGUI\IMGUI_NODE_EDITOR_API.OBJ|C:\USERS\K023G\SOURCE\REPOS\TD4-2-CLONE2\GENERATED\OBJ\DEBUG\IMGUI\IMGUI_TABLES.OBJ|C:\USERS\K023G\SOURCE\REPOS\TD4-2-CLONE2\GENERATED\OBJ\DEBUG\IMGUI\IMGUI_WIDGETS.OBJ|C:\USERS\K023G\SOURCE\REPOS\TD4-2-CLONE2\GENERATED\OBJ\DEBUG\IMGUI\IMSEQUENCER.OBJ" /b MSBuildConsole_CancelEvent5fd4ae3ee998485a89d91870f851b553  /c "C:\Program Files\Microsoft Visual Studio\18\Community\VC\Tools\MSVC\14.51.36231\bin\HostX86\x64\Lib.exe"  /OUT:"C:\Users\k023g\source\repos\TD4-2-Clone2\Project\Externals\ImGui\..\..\..\Generated\Outputs\Debug\ImGui.lib" /NOLOGO /MACHINE:X64 "C:\Users\k023g\source\repos\TD4-2-Clone2\Project\Externals\ImGui\..\..\..\Generated\Obj\Debug\ImGui\crude_json.obj"
  "C:\Users\k023g\source\repos\TD4-2-Clone2\Project\Externals\ImGui\..\..\..\Generated\Obj\Debug\ImGui\imgui_canvas.obj"
  "C:\Users\k023g\source\repos\TD4-2-Clone2\Project\Externals\ImGui\..\..\..\Generated\Obj\Debug\ImGui\imgui_node_editor.obj"
  "C:\Users\k023g\source\repos\TD4-2-Clone2\Project\Externals\ImGui\..\..\..\Generated\Obj\Debug\ImGui\imgui_node_editor_api.obj"
  "C:\Users\k023g\source\repos\TD4-2-Clone2\Project\Externals\ImGui\..\..\..\Generated\Obj\Debug\ImGui\GraphEditor.obj"
  "C:\Users\k023g\source\repos\TD4-2-Clone2\Project\Externals\ImGui\..\..\..\Generated\Obj\Debug\ImGui\ImCurveEdit.obj"
  "C:\Users\k023g\source\repos\TD4-2-Clone2\Project\Externals\ImGui\..\..\..\Generated\Obj\Debug\ImGui\ImGradient.obj"
  "C:\Users\k023g\source\repos\TD4-2-Clone2\Project\Externals\ImGui\..\..\..\Generated\Obj\Debug\ImGui\ImGuizmo.obj"
  "C:\Users\k023g\source\repos\TD4-2-Clone2\Project\Externals\ImGui\..\..\..\Generated\Obj\Debug\ImGui\ImSequencer.obj"
  "C:\Users\k023g\source\repos\TD4-2-Clone2\Project\Externals\ImGui\..\..\..\Generated\Obj\Debug\ImGui\ImGuiFileDialog.obj"
  "C:\Users\k023g\source\repos\TD4-2-Clone2\Project\Externals\ImGui\..\..\..\Generated\Obj\Debug\ImGui\imgui.obj"
  "C:\Users\k023g\source\repos\TD4-2-Clone2\Project\Externals\ImGui\..\..\..\Generated\Obj\Debug\ImGui\imgui_demo.obj"
  "C:\Users\k023g\source\repos\TD4-2-Clone2\Project\Externals\ImGui\..\..\..\Generated\Obj\Debug\ImGui\imgui_draw.obj"
  "C:\Users\k023g\source\repos\TD4-2-Clone2\Project\Externals\ImGui\..\..\..\Generated\Obj\Debug\ImGui\imgui_impl_dx12.obj"
  "C:\Users\k023g\source\repos\TD4-2-Clone2\Project\Externals\ImGui\..\..\..\Generated\Obj\Debug\ImGui\imgui_impl_win32.obj"
  "C:\Users\k023g\source\repos\TD4-2-Clone2\Project\Externals\ImGui\..\..\..\Generated\Obj\Debug\ImGui\imgui_tables.obj"
  "C:\Users\k023g\source\repos\TD4-2-Clone2\Project\Externals\ImGui\..\..\..\Generated\Obj\Debug\ImGui\imgui_widgets.obj"
タスク "LIB" の実行が終了しました。
タスク "Message"
  ImGui.vcxproj -> C:\Users\k023g\source\repos\TD4-2-Clone2\Generated\Outputs\Debug\ImGui.lib
タスク "Message" の実行が終了しました。
プロジェクト "ImGui.vcxproj" 内のターゲット "Lib" のビルドが終了しました。
ファイル "C:\Program Files\Microsoft Visual Studio\18\Community\MSBuild\Microsoft\VC\v180\Microsoft.CppBuild.targets" 内にある、プロジェクト "C:\Users\k023g\source\repos\TD4-2-Clone2\Project\Externals\ImGui\ImGui.vcxproj" からのターゲット "AfterLib" (ターゲット "_Lib" は依存):
プロジェクト "ImGui.vcxproj" 内のターゲット "AfterLib" のビルドが終了しました。
ファイル "C:\Program Files\Microsoft Visual Studio\18\Community\MSBuild\Microsoft\VC\v180\Microsoft.CppBuild.targets" 内にある、プロジェクト "C:\Users\k023g\source\repos\TD4-2-Clone2\Project\Externals\ImGui\ImGui.vcxproj" からのターゲット "_Lib" (ターゲット "_BuildCompileAction" は依存):
プロジェクト "ImGui.vcxproj" 内のターゲット "_Lib" のビルドが終了しました。
ファイル "C:\Program Files\Microsoft Visual Studio\18\Community\MSBuild\Microsoft\VC\v180\Microsoft.CppBuild.targets" 内にある、プロジェクト "C:\Users\k023g\source\repos\TD4-2-Clone2\Project\Externals\ImGui\ImGui.vcxproj" からのターゲット "AfterBuildCompileEvent" (ターゲット "_BuildCompileAction" は依存):
プロジェクト "ImGui.vcxproj" 内のターゲット "AfterBuildCompileEvent" のビルドが終了しました。
ファイル "C:\Program Files\Microsoft Visual Studio\18\Community\MSBuild\Microsoft\VC\v180\Microsoft.CppBuild.targets" 内にある、プロジェクト "C:\Users\k023g\source\repos\TD4-2-Clone2\Project\Externals\ImGui\ImGui.vcxproj" からのターゲット "_BuildCompileAction" (ターゲット "BuildCompile" は依存):
プロジェクト "ImGui.vcxproj" 内のターゲット "_BuildCompileAction" のビルドが終了しました。
ファイル "C:\Program Files\Microsoft Visual Studio\18\Community\MSBuild\Current\Bin\Microsoft.Common.CurrentVersion.targets" 内にある、プロジェクト "C:\Users\k023g\source\repos\TD4-2-Clone2\Project\Externals\ImGui\ImGui.vcxproj" からのターゲット "BuildCompile" (ターゲット "Build" は依存):
プロジェクト "ImGui.vcxproj" 内のターゲット "BuildCompile" のビルドが終了しました。
ターゲット "PrepareProjectReferences" を省略しました。以前に正しくビルドされていました。
ファイル "C:\Program Files\Microsoft Visual Studio\18\Community\MSBuild\Current\Bin\Microsoft.Common.CurrentVersion.targets" 内にある、プロジェクト "C:\Users\k023g\source\repos\TD4-2-Clone2\Project\Externals\ImGui\ImGui.vcxproj" からのターゲット "BuildLinkTraverse" (ターゲット "BuildLink" は依存):
プロジェクト "ImGui.vcxproj" 内のターゲット "BuildLinkTraverse" のビルドが終了しました。
ターゲット "PrepareForBuild" を省略しました。以前に正しくビルドされていました。
ターゲット "ResolveReferences" を省略しました。以前に正しくビルドされていました。
ファイル "C:\Program Files\Microsoft Visual Studio\18\Community\MSBuild\Microsoft\VC\v180\Microsoft.CppBuild.targets" 内にある、プロジェクト "C:\Users\k023g\source\repos\TD4-2-Clone2\Project\Externals\ImGui\ImGui.vcxproj" からのターゲット "ComputeLegacyManifestEmbedding" (ターゲット "_BuildLinkAction" は依存):
プロジェクト "ImGui.vcxproj" 内のターゲット "ComputeLegacyManifestEmbedding" のビルドが終了しました。
ファイル "C:\Program Files\Microsoft Visual Studio\18\Community\MSBuild\Microsoft\VC\v180\Microsoft.CppBuild.targets" 内にある、プロジェクト "C:\Users\k023g\source\repos\TD4-2-Clone2\Project\Externals\ImGui\ImGui.vcxproj" からのターゲット "_ALink" (ターゲット "_BuildLinkAction" は依存):
プロジェクト "ImGui.vcxproj" 内のターゲット "_ALink" のビルドが終了しました。
ターゲット "ComputeLegacyManifestEmbedding" を省略しました。以前に正しくビルドされていました。
ファイル "C:\Program Files\Microsoft Visual Studio\18\Community\MSBuild\Microsoft\VC\v180\Microsoft.CppBuild.targets" 内にある、プロジェクト "C:\Users\k023g\source\repos\TD4-2-Clone2\Project\Externals\ImGui\ImGui.vcxproj" からのターゲット "_Manifest" (ターゲット "_BuildLinkAction" は依存):
プロジェクト "ImGui.vcxproj" 内のターゲット "_Manifest" のビルドが終了しました。
C:\Program Files\Microsoft Visual Studio\18\Community\MSBuild\Microsoft\VC\v180\Microsoft.CppCommon.targets(2453,11): message : 環境から展開された 'AMD64' 値を持つプロパティ 'PROCESSOR_ARCHITEW6432'。 [C:\Users\k023g\source\repos\TD4-2-Clone2\Project\Externals\ImGui\ImGui.vcxproj]
ファイル "C:\Program Files\Microsoft Visual Studio\18\Community\MSBuild\Microsoft\VC\v180\Microsoft.CppCommon.targets" 内にある、プロジェクト "C:\Users\k023g\source\repos\TD4-2-Clone2\Project\Externals\ImGui\ImGui.vcxproj" からのターゲット "RegisterOutput" (ターゲット "_BuildLinkAction" は依存):
プロジェクト "ImGui.vcxproj" 内のターゲット "RegisterOutput" のビルドが終了しました。
ターゲット "PrepareForBuild" を省略しました。以前に正しくビルドされていました。
ターゲット "ResolveReferences" を省略しました。以前に正しくビルドされていました。
ファイル "C:\Program Files\Microsoft Visual Studio\18\Community\MSBuild\Microsoft\VC\v180\Microsoft.CppBuild.targets" 内にある、プロジェクト "C:\Users\k023g\source\repos\TD4-2-Clone2\Project\Externals\ImGui\ImGui.vcxproj" からのターゲット "ResolvedXDCMake" (ターゲット "_XdcMake" は依存):
プロジェクト "ImGui.vcxproj" 内のターゲット "ResolvedXDCMake" のビルドが終了しました。
ファイル "C:\Program Files\Microsoft Visual Studio\18\Community\MSBuild\Microsoft\VC\v180\Microsoft.CppBuild.targets" 内にある、プロジェクト "C:\Users\k023g\source\repos\TD4-2-Clone2\Project\Externals\ImGui\ImGui.vcxproj" からのターゲット "ComputeCLCompileGeneratedXDCFiles" (ターゲット "_XdcMake" は依存):
プロジェクト "ImGui.vcxproj" 内のターゲット "ComputeCLCompileGeneratedXDCFiles" のビルドが終了しました。
ファイル "C:\Program Files\Microsoft Visual Studio\18\Community\MSBuild\Microsoft\VC\v180\Microsoft.CppBuild.targets" 内にある、プロジェクト "C:\Users\k023g\source\repos\TD4-2-Clone2\Project\Externals\ImGui\ImGui.vcxproj" からのターゲット "MakeDirsForXdcMake" (ターゲット "_XdcMake" は依存):
タスク "MakeDir"
タスク "MakeDir" の実行が終了しました。
プロジェクト "ImGui.vcxproj" 内のターゲット "MakeDirsForXdcMake" のビルドが終了しました。
ファイル "C:\Program Files\Microsoft Visual Studio\18\Community\MSBuild\Microsoft\VC\v180\Microsoft.CppBuild.targets" 内にある、プロジェクト "C:\Users\k023g\source\repos\TD4-2-Clone2\Project\Externals\ImGui\ImGui.vcxproj" からのターゲット "_XdcMake" (ターゲット "_BuildLinkAction" は依存):
プロジェクト "ImGui.vcxproj" 内のターゲット "_XdcMake" のビルドが終了しました。
ファイル "C:\Program Files\Microsoft Visual Studio\18\Community\MSBuild\Microsoft\VC\v180\Microsoft.CppBuild.targets" 内にある、プロジェクト "C:\Users\k023g\source\repos\TD4-2-Clone2\Project\Externals\ImGui\ImGui.vcxproj" からのターゲット "ComputeCLCompileGeneratedSbrFiles" (ターゲット "_BscMake" は依存):
プロジェクト "ImGui.vcxproj" 内のターゲット "ComputeCLCompileGeneratedSbrFiles" のビルドが終了しました。
ファイル "C:\Program Files\Microsoft Visual Studio\18\Community\MSBuild\Microsoft\VC\v180\Microsoft.CppBuild.targets" 内にある、プロジェクト "C:\Users\k023g\source\repos\TD4-2-Clone2\Project\Externals\ImGui\ImGui.vcxproj" からのターゲット "MakeDirsForBscMake" (ターゲット "_BscMake" は依存):
タスク "MakeDir"
タスク "MakeDir" の実行が終了しました。
プロジェクト "ImGui.vcxproj" 内のターゲット "MakeDirsForBscMake" のビルドが終了しました。
ファイル "C:\Program Files\Microsoft Visual Studio\18\Community\MSBuild\Microsoft\VC\v180\Microsoft.CppBuild.targets" 内にある、プロジェクト "C:\Users\k023g\source\repos\TD4-2-Clone2\Project\Externals\ImGui\ImGui.vcxproj" からのターゲット "_BscMake" (ターゲット "_BuildLinkAction" は依存):
プロジェクト "ImGui.vcxproj" 内のターゲット "_BscMake" のビルドが終了しました。
ターゲット "PrepareForBuild" を省略しました。以前に正しくビルドされていました。
ファイル "C:\Program Files\Microsoft Visual Studio\18\Community\MSBuild\Microsoft\VC\v180\Microsoft.CppBuild.targets" 内にある、プロジェクト "C:\Users\k023g\source\repos\TD4-2-Clone2\Project\Externals\ImGui\ImGui.vcxproj" からのターゲット "BuiltProjectOutputGroup" (ターゲット "CreateRecipeFile" は依存):
プロジェクト "ImGui.vcxproj" 内のターゲット "BuiltProjectOutputGroup" のビルドが終了しました。
ターゲット "PrepareForBuild" を省略しました。以前に正しくビルドされていました。
ファイル "C:\Program Files\Microsoft Visual Studio\18\Community\MSBuild\Current\Bin\Microsoft.Common.CurrentVersion.targets" 内にある、プロジェクト "C:\Users\k023g\source\repos\TD4-2-Clone2\Project\Externals\ImGui\ImGui.vcxproj" からのターゲット "AssignTargetPaths" (ターゲット "PrepareResourceNames" は依存):
タスク "AssignTargetPath"
タスク "AssignTargetPath" の実行が終了しました。
タスク "AssignTargetPath"
タスク "AssignTargetPath" の実行が終了しました。
タスク "AssignTargetPath"
タスク "AssignTargetPath" の実行が終了しました。
タスク "AssignTargetPath"
タスク "AssignTargetPath" の実行が終了しました。
プロジェクト "ImGui.vcxproj" 内のターゲット "AssignTargetPaths" のビルドが終了しました。
ターゲット "AssignTargetPaths" を省略しました。以前に正しくビルドされていました。
ファイル "C:\Program Files\Microsoft Visual Studio\18\Community\MSBuild\Current\Bin\Microsoft.Common.CurrentVersion.targets" 内にある、プロジェクト "C:\Users\k023g\source\repos\TD4-2-Clone2\Project\Externals\ImGui\ImGui.vcxproj" からのターゲット "SplitResourcesByCulture" (ターゲット "PrepareResourceNames" は依存):
タスク "AssignCulture"
タスク "AssignCulture" の実行が終了しました。
プロジェクト "ImGui.vcxproj" 内のターゲット "SplitResourcesByCulture" のビルドが終了しました。
ファイル "C:\Program Files\Microsoft Visual Studio\18\Community\MSBuild\Current\Bin\Microsoft.Common.CurrentVersion.targets" 内にある、プロジェクト "C:\Users\k023g\source\repos\TD4-2-Clone2\Project\Externals\ImGui\ImGui.vcxproj" からのターゲット "CreateCustomManifestResourceNames" (ターゲット "PrepareResourceNames" は依存):
プロジェクト "ImGui.vcxproj" 内のターゲット "CreateCustomManifestResourceNames" のビルドが終了しました。
ファイル "C:\Program Files\Microsoft Visual Studio\18\Community\MSBuild\Current\Bin\Microsoft.Common.CurrentVersion.targets" 内にある、プロジェクト "C:\Users\k023g\source\repos\TD4-2-Clone2\Project\Externals\ImGui\ImGui.vcxproj" からのターゲット "PrepareResourceNames" (ターゲット "SatelliteDllsProjectOutputGroup" は依存):
プロジェクト "ImGui.vcxproj" 内のターゲット "PrepareResourceNames" のビルドが終了しました。
ファイル "C:\Program Files\Microsoft Visual Studio\18\Community\MSBuild\Current\Bin\Microsoft.Common.CurrentVersion.targets" 内にある、プロジェクト "C:\Users\k023g\source\repos\TD4-2-Clone2\Project\Externals\ImGui\ImGui.vcxproj" からのターゲット "SatelliteDllsProjectOutputGroup" (ターゲット "CreateRecipeFile" は依存):
プロジェクト "ImGui.vcxproj" 内のターゲット "SatelliteDllsProjectOutputGroup" のビルドが終了しました。
ターゲット "PrepareForBuild" を省略しました。以前に正しくビルドされていました。
ターゲット "AssignTargetPaths" を省略しました。以前に正しくビルドされていました。
ターゲット "PrepareForBuild" を省略しました。以前に正しくビルドされていました。
ターゲット "AssignTargetPaths" を省略しました。以前に正しくビルドされていました。
ファイル "C:\Program Files\Microsoft Visual Studio\18\Community\MSBuild\Microsoft\VC\v180\Microsoft.CppBuild.targets" 内にある、プロジェクト "C:\Users\k023g\source\repos\TD4-2-Clone2\Project\Externals\ImGui\ImGui.vcxproj" からのターゲット "MakeDirsForFxc" (ターゲット "ContentFilesProjectOutputGroup" は依存):
タスク "MakeDir"
タスク "MakeDir" の実行が終了しました。
プロジェクト "ImGui.vcxproj" 内のターゲット "MakeDirsForFxc" のビルドが終了しました。
ファイル "C:\Program Files\Microsoft Visual Studio\18\Community\MSBuild\Microsoft\VC\v180\Microsoft.CppBuild.targets" 内にある、プロジェクト "C:\Users\k023g\source\repos\TD4-2-Clone2\Project\Externals\ImGui\ImGui.vcxproj" からのターゲット "ContentFilesProjectOutputGroup" (ターゲット "CreateRecipeFile" は依存):
プロジェクト "ImGui.vcxproj" 内のターゲット "ContentFilesProjectOutputGroup" のビルドが終了しました。
ターゲット "GetReferencedVCProjectsInfo" を省略しました。以前に正しくビルドされていました。
ファイル "C:\Program Files\Microsoft Visual Studio\18\Community\MSBuild\Microsoft\VC\v180\Microsoft.CppBuild.targets" 内にある、プロジェクト "C:\Users\k023g\source\repos\TD4-2-Clone2\Project\Externals\ImGui\ImGui.vcxproj" からのターゲット "CreateRecipeFile" (ターゲット "_BuildLinkAction" は依存):
"GenerateDesktopDeployRecipe" タスクをアセンブリ "C:\Program Files\Microsoft Visual Studio\18\Community\MSBuild\Microsoft\VC\v180\Microsoft.Build.CppTasks.Common.dll" から使用しています。
タスク "GenerateDesktopDeployRecipe"
タスク "GenerateDesktopDeployRecipe" の実行が終了しました。
プロジェクト "ImGui.vcxproj" 内のターゲット "CreateRecipeFile" のビルドが終了しました。
ファイル "C:\Program Files\Microsoft Visual Studio\18\Community\MSBuild\Current\Bin\Microsoft.Common.CurrentVersion.targets" 内にある、プロジェクト "C:\Users\k023g\source\repos\TD4-2-Clone2\Project\Externals\ImGui\ImGui.vcxproj" からのターゲット "_GenerateSatelliteAssemblyInputs" (ターゲット "CreateSatelliteAssemblies" は依存):
プロジェクト "ImGui.vcxproj" 内のターゲット "_GenerateSatelliteAssemblyInputs" のビルドが終了しました。
ファイル "C:\Program Files\Microsoft Visual Studio\18\Community\MSBuild\Current\Bin\Microsoft.Common.CurrentVersion.targets" 内にある、プロジェクト "C:\Users\k023g\source\repos\TD4-2-Clone2\Project\Externals\ImGui\ImGui.vcxproj" からのターゲット "CreateSatelliteAssemblies" (ターゲット "_BuildLinkAction" は依存):
プロジェクト "ImGui.vcxproj" 内のターゲット "CreateSatelliteAssemblies" のビルドが終了しました。
ファイル "C:\Program Files\Microsoft Visual Studio\18\Community\MSBuild\Microsoft\VC\v180\Microsoft.CppBuild.targets" 内にある、プロジェクト "C:\Users\k023g\source\repos\TD4-2-Clone2\Project\Externals\ImGui\ImGui.vcxproj" からのターゲット "_Appverifier" (ターゲット "_BuildLinkAction" は依存):
プロジェクト "ImGui.vcxproj" 内のターゲット "_Appverifier" のビルドが終了しました。
ファイル "C:\Program Files\Microsoft Visual Studio\18\Community\MSBuild\Microsoft\VC\v180\Microsoft.CppBuild.targets" 内にある、プロジェクト "C:\Users\k023g\source\repos\TD4-2-Clone2\Project\Externals\ImGui\ImGui.vcxproj" からのターゲット "_Deploy" (ターゲット "_BuildLinkAction" は依存):
プロジェクト "ImGui.vcxproj" 内のターゲット "_Deploy" のビルドが終了しました。
ファイル "C:\Program Files\Microsoft Visual Studio\18\Community\MSBuild\Xamarin\Xamarin.Sdk.targets" 内にある、プロジェクト "C:\Users\k023g\source\repos\TD4-2-Clone2\Project\Externals\ImGui\ImGui.vcxproj" からのターゲット "_CalculatePostXamarinTelemetry" (ターゲット "PrepareForRun" は依存):
タスク "Message"
   [ImGui /Windows] Capability: desktop
タスク "Message" の実行が終了しました。
タスク "Message"
   [ImGui /Windows] Capability: AssemblyReferences
タスク "Message" の実行が終了しました。
タスク "Message"
   [ImGui /Windows] Capability: COMReferences
タスク "Message" の実行が終了しました。
タスク "Message"
   [ImGui /Windows] Capability: ProjectReferences
タスク "Message" の実行が終了しました。
タスク "Message"
   [ImGui /Windows] Capability: WinRTReferences
タスク "Message" の実行が終了しました。
タスク "Message"
   [ImGui /Windows] Capability: SDKReferences
タスク "Message" の実行が終了しました。
タスク "Message"
   [ImGui /Windows] Capability: SharedProjectReferences
タスク "Message" の実行が終了しました。
タスク "Message"
   [ImGui /Windows] Capability: OutputGroups
タスク "Message" の実行が終了しました。
タスク "Message"
   [ImGui /Windows] Capability: AllTargetOutputGroups
タスク "Message" の実行が終了しました。
タスク "Message"
   [ImGui /Windows] Capability: VisualStudioWellKnownOutputGroups
タスク "Message" の実行が終了しました。
タスク "Message"
   [ImGui /Windows] Capability: ProjectConfigurationsDeclaredAsItems
タスク "Message" の実行が終了しました。
タスク "Message"
   [ImGui /Windows] Capability: PropertyManager
タスク "Message" の実行が終了しました。
タスク "Message"
   [ImGui /Windows] Capability: native
タスク "Message" の実行が終了しました。
タスク "Message"
   [ImGui /Windows] Capability: IntegratedConsoleDebugging
タスク "Message" の実行が終了しました。
タスク "Message"
   [ImGui /Windows] _MobileCapability: False
タスク "Message" の実行が終了しました。
タスク "Message"
   [ImGui /Windows] _MauiCapability: False
タスク "Message" の実行が終了しました。
タスク "Message"
   [ImGui /Windows] _XamarinFormsCapability: False
タスク "Message" の実行が終了しました。
タスク "Message"
   [ImGui /Windows] _IsAndroid: 
タスク "Message" の実行が終了しました。
タスク "Message"
   [ImGui /Windows] _IsIOS: 
タスク "Message" の実行が終了しました。
プロジェクト "ImGui.vcxproj" 内のターゲット "_CalculatePostXamarinTelemetry" のビルドが終了しました。
ターゲット "AssignTargetPaths" を省略しました。以前に正しくビルドされていました。
ターゲット "AssignProjectConfiguration" を省略しました。以前に正しくビルドされていました。
ターゲット "_SplitProjectReferencesByFileExistence" を省略しました。以前に正しくビルドされていました。
ターゲット "_GetProjectReferenceTargetFrameworkProperties" を省略しました。以前に正しくビルドされていました。
ファイル "C:\Program Files\Microsoft Visual Studio\18\Community\MSBuild\Current\Bin\Microsoft.Common.CurrentVersion.targets" 内にある、プロジェクト "C:\Users\k023g\source\repos\TD4-2-Clone2\Project\Externals\ImGui\ImGui.vcxproj" からのターゲット "_PopulateCommonStateForGetCopyToOutputDirectoryItems" (ターゲット "GetCopyToOutputDirectoryItems" は依存):
プロジェクト "ImGui.vcxproj" 内のターゲット "_PopulateCommonStateForGetCopyToOutputDirectoryItems" のビルドが終了しました。
ファイル "C:\WINDOWS\Microsoft.NET\Framework\v4.0.30319\Microsoft.Xaml.targets" 内にある、プロジェクト "C:\Users\k023g\source\repos\TD4-2-Clone2\Project\Externals\ImGui\ImGui.vcxproj" からのターゲット "GetCopyToOutputDirectoryXamlAppDefs" (ターゲット "GetCopyToOutputDirectoryItems" は依存):
タスク "AssignTargetPath"
タスク "AssignTargetPath" の実行が終了しました。
プロジェクト "ImGui.vcxproj" 内のターゲット "GetCopyToOutputDirectoryXamlAppDefs" のビルドが終了しました。
ファイル "C:\Program Files\Microsoft Visual Studio\18\Community\MSBuild\Current\Bin\Microsoft.Common.CurrentVersion.targets" 内にある、プロジェクト "C:\Users\k023g\source\repos\TD4-2-Clone2\Project\Externals\ImGui\ImGui.vcxproj" からのターゲット "GetCopyToOutputDirectoryItems" (ターゲット "_CopySourceItemsToOutputDirectory" は依存):
タスク "CallTarget"
ターゲット "_PopulateCommonStateForGetCopyToOutputDirectoryItems" を省略しました。以前に正しくビルドされていました。
ターゲット "_AddOutputPathToGlobalPropertiesToRemove" を省略しました。以前に正しくビルドされていました。
ファイル "C:\Program Files\Microsoft Visual Studio\18\Community\MSBuild\Current\Bin\Microsoft.Common.CurrentVersion.targets" 内にある、プロジェクト "C:\Users\k023g\source\repos\TD4-2-Clone2\Project\Externals\ImGui\ImGui.vcxproj" からのターゲット "_GetCopyToOutputDirectoryItemsFromTransitiveProjectReferences" (ターゲット "GetCopyToOutputDirectoryItems" は依存):
タスク "AssignTargetPath"
タスク "AssignTargetPath" の実行が終了しました。
プロジェクト "ImGui.vcxproj" 内のターゲット "_GetCopyToOutputDirectoryItemsFromTransitiveProjectReferences" のビルドが終了しました。
タスク "CallTarget" の実行が終了しました。
タスク "CallTarget"
ターゲット "AssignTargetPaths" を省略しました。以前に正しくビルドされていました。
ターゲット "_PopulateCommonStateForGetCopyToOutputDirectoryItems" を省略しました。以前に正しくビルドされていました。
ファイル "C:\Program Files\Microsoft Visual Studio\18\Community\MSBuild\Current\Bin\Microsoft.Common.CurrentVersion.targets" 内にある、プロジェクト "C:\Users\k023g\source\repos\TD4-2-Clone2\Project\Externals\ImGui\ImGui.vcxproj" からのターゲット "_GetCopyToOutputDirectoryItemsFromThisProject" (ターゲット "GetCopyToOutputDirectoryItems" は依存):
タスク "AssignTargetPath"
タスク "AssignTargetPath" の実行が終了しました。
プロジェクト "ImGui.vcxproj" 内のターゲット "_GetCopyToOutputDirectoryItemsFromThisProject" のビルドが終了しました。
タスク "CallTarget" の実行が終了しました。
プロジェクト "ImGui.vcxproj" 内のターゲット "GetCopyToOutputDirectoryItems" のビルドが終了しました。
ファイル "C:\Program Files\Microsoft Visual Studio\18\Community\MSBuild\Current\Bin\Microsoft.Common.CurrentVersion.targets" 内にある、プロジェクト "C:\Users\k023g\source\repos\TD4-2-Clone2\Project\Externals\ImGui\ImGui.vcxproj" からのターゲット "_CopySourceItemsToOutputDirectory" (ターゲット "CopyFilesToOutputDirectory" は依存):
プロジェクト "ImGui.vcxproj" 内のターゲット "_CopySourceItemsToOutputDirectory" のビルドが終了しました。
ファイル "C:\Program Files\Microsoft Visual Studio\18\Community\MSBuild\Current\Bin\Microsoft.Common.CurrentVersion.targets" 内にある、プロジェクト "C:\Users\k023g\source\repos\TD4-2-Clone2\Project\Externals\ImGui\ImGui.vcxproj" からのターゲット "_CheckForCompileOutputs" (ターゲット "CopyFilesToOutputDirectory" は依存):
プロジェクト "ImGui.vcxproj" 内のターゲット "_CheckForCompileOutputs" のビルドが終了しました。
ファイル "C:\Program Files\Microsoft Visual Studio\18\Community\MSBuild\Current\Bin\Microsoft.Common.CurrentVersion.targets" 内にある、プロジェクト "C:\Users\k023g\source\repos\TD4-2-Clone2\Project\Externals\ImGui\ImGui.vcxproj" からのターゲット "CopyFilesToOutputDirectory" (ターゲット "PrepareForRun" は依存):
C:\Program Files\Microsoft Visual Studio\18\Community\MSBuild\Current\Bin\Microsoft.Common.CurrentVersion.targets(4907,7): message : プロパティの再代入: $(CreateHardLinksForCopyFilesToOutputDirectoryIfPossible)="false" (以前の値: "") C:\Program Files\Microsoft Visual Studio\18\Community\MSBuild\Current\Bin\Microsoft.Common.CurrentVersion.targets (4907,7) [C:\Users\k023g\source\repos\TD4-2-Clone2\Project\Externals\ImGui\ImGui.vcxproj]
プロジェクト "ImGui.vcxproj" 内のターゲット "CopyFilesToOutputDirectory" のビルドが終了しました。
ファイル "C:\Program Files\Microsoft Visual Studio\18\Community\MSBuild\Current\Bin\Microsoft.Common.CurrentVersion.targets" 内にある、プロジェクト "C:\Users\k023g\source\repos\TD4-2-Clone2\Project\Externals\ImGui\ImGui.vcxproj" からのターゲット "PrepareForRun" (ターゲット "_BuildLinkAction" は依存):
プロジェクト "ImGui.vcxproj" 内のターゲット "PrepareForRun" のビルドが終了しました。
ファイル "C:\Program Files\Microsoft Visual Studio\18\Community\MSBuild\Microsoft\VC\v180\Microsoft.CppCommon.targets" 内にある、プロジェクト "C:\Users\k023g\source\repos\TD4-2-Clone2\Project\Externals\ImGui\ImGui.vcxproj" からのターゲット "PostBuildEvent" (ターゲット "_BuildLinkAction" は依存):
プロジェクト "ImGui.vcxproj" 内のターゲット "PostBuildEvent" のビルドが終了しました。
ファイル "C:\Program Files\Microsoft Visual Studio\18\Community\MSBuild\Microsoft\VC\v180\Microsoft.CppBuild.targets" 内にある、プロジェクト "C:\Users\k023g\source\repos\TD4-2-Clone2\Project\Externals\ImGui\ImGui.vcxproj" からのターゲット "_BuildLinkAction" (ターゲット "BuildLink" は依存):
プロジェクト "ImGui.vcxproj" 内のターゲット "_BuildLinkAction" のビルドが終了しました。
ファイル "C:\Program Files\Microsoft Visual Studio\18\Community\MSBuild\Current\Bin\Microsoft.Common.CurrentVersion.targets" 内にある、プロジェクト "C:\Users\k023g\source\repos\TD4-2-Clone2\Project\Externals\ImGui\ImGui.vcxproj" からのターゲット "BuildLink" (ターゲット "Build" は依存):
プロジェクト "ImGui.vcxproj" 内のターゲット "BuildLink" のビルドが終了しました。
ファイル "C:\Program Files\Microsoft Visual Studio\18\Community\MSBuild\Microsoft\VC\v180\Microsoft.BuildSteps.Targets" 内にある、プロジェクト "C:\Users\k023g\source\repos\TD4-2-Clone2\Project\Externals\ImGui\ImGui.vcxproj" からのターゲット "AfterBuild" (ターゲット "Build" は依存):
プロジェクト "ImGui.vcxproj" 内のターゲット "AfterBuild" のビルドが終了しました。
ターゲット "_CheckForCompileOutputs" を省略しました。以前に正しくビルドされていました。
ファイル "C:\Program Files\Microsoft Visual Studio\18\Community\MSBuild\Current\Bin\Microsoft.Common.CurrentVersion.targets" 内にある、プロジェクト "C:\Users\k023g\source\repos\TD4-2-Clone2\Project\Externals\ImGui\ImGui.vcxproj" からのターゲット "_CleanGetCurrentAndPriorFileWrites" (ターゲット "IncrementalClean" は依存):
タスク "ReadLinesFromFile"
タスク "ReadLinesFromFile" の実行が終了しました。
タスク "ConvertToAbsolutePath"
タスク "ConvertToAbsolutePath" の実行が終了しました。
タスク "FindUnderPath"
  比較パスは "C:\Users\k023g\source\repos\TD4-2-Clone2\Project\Externals\ImGui" です。
タスク "FindUnderPath" の実行が終了しました。
タスク "FindUnderPath"
  比較パスは "C:\Users\k023g\source\repos\TD4-2-Clone2\Project\Externals\ImGui\..\..\..\Generated\Outputs\Debug\" です。
タスク "FindUnderPath" の実行が終了しました。
タスク "FindUnderPath"
  比較パスは "C:\Users\k023g\source\repos\TD4-2-Clone2\Project\Externals\ImGui\..\..\..\Generated\Obj\Debug\ImGui\" です。
タスク "FindUnderPath" の実行が終了しました。
タスク "RemoveDuplicates"
タスク "RemoveDuplicates" の実行が終了しました。
プロジェクト "ImGui.vcxproj" 内のターゲット "_CleanGetCurrentAndPriorFileWrites" のビルドが終了しました。
ファイル "C:\Program Files\Microsoft Visual Studio\18\Community\MSBuild\Current\Bin\Microsoft.Common.CurrentVersion.targets" 内にある、プロジェクト "C:\Users\k023g\source\repos\TD4-2-Clone2\Project\Externals\ImGui\ImGui.vcxproj" からのターゲット "IncrementalClean" (ターゲット "Build" は依存):
タスク "FindUnderPath"
  比較パスは "C:\Users\k023g\source\repos\TD4-2-Clone2\Project\Externals\ImGui\..\..\..\Generated\Outputs\Debug\" です。
タスク "FindUnderPath" の実行が終了しました。
タスク "FindUnderPath"
  比較パスは "C:\Users\k023g\source\repos\TD4-2-Clone2\Project\Externals\ImGui\..\..\..\Generated\Obj\Debug\ImGui\" です。
タスク "FindUnderPath" の実行が終了しました。
タスク "Delete"
タスク "Delete" の実行が終了しました。
タスク "RemoveDuplicates"
タスク "RemoveDuplicates" の実行が終了しました。
プロジェクト "ImGui.vcxproj" 内のターゲット "IncrementalClean" のビルドが終了しました。
ファイル "C:\Program Files\Microsoft Visual Studio\18\Community\MSBuild\Microsoft\VC\v180\Microsoft.CppBuild.targets" 内にある、プロジェクト "C:\Users\k023g\source\repos\TD4-2-Clone2\Project\Externals\ImGui\ImGui.vcxproj" からのターゲット "TlogCleanup" (ターゲット "Build" は依存):
"CleanupStaleTlogItems" タスクをアセンブリ "C:\Program Files\Microsoft Visual Studio\18\Community\MSBuild\Microsoft\VC\v180\Microsoft.Build.CppTasks.Common.dll" から使用しています。
タスク "CleanupStaleTlogItems"
タスク "CleanupStaleTlogItems" の実行が終了しました。
プロジェクト "ImGui.vcxproj" 内のターゲット "TlogCleanup" のビルドが終了しました。
ファイル "C:\Program Files\Microsoft Visual Studio\18\Community\MSBuild\Microsoft\VC\v180\Microsoft.CppBuild.targets" 内にある、プロジェクト "C:\Users\k023g\source\repos\TD4-2-Clone2\Project\Externals\ImGui\ImGui.vcxproj" からのターゲット "FinalizeBuildStatus" (ターゲット "Build" は依存):
タスク "Delete"
  ファイル "C:\Users\k023g\source\repos\TD4-2-Clone2\Project\Externals\ImGui\..\..\..\Generated\Obj\Debug\ImGui\ImGui.tlog\unsuccessfulbuild" を削除しています。
タスク "Delete" の実行が終了しました。
タスク "Touch"
  "C:\Users\k023g\source\repos\TD4-2-Clone2\Project\Externals\ImGui\..\..\..\Generated\Obj\Debug\ImGui\ImGui.tlog\ImGui.lastbuildstate" のタッチ タスクを実行しています。
タスク "Touch" の実行が終了しました。
プロジェクト "ImGui.vcxproj" 内のターゲット "FinalizeBuildStatus" のビルドが終了しました。
ファイル "C:\Program Files\Microsoft Visual Studio\18\Community\MSBuild\Microsoft\VC\v180\Microsoft.BuildSteps.Targets" 内にある、プロジェクト "C:\Users\k023g\source\repos\TD4-2-Clone2\Project\Externals\ImGui\ImGui.vcxproj" からのターゲット "Build" (ターゲット "Rebuild" は依存):
プロジェクト "ImGui.vcxproj" 内のターゲット "Build" のビルドが終了しました。
ターゲット "_CalculatePostXamarinTelemetry" を省略しました。以前に正しくビルドされていました。
ファイル "C:\Program Files\Microsoft Visual Studio\18\Community\MSBuild\Current\Bin\Microsoft.Common.CurrentVersion.targets" 内にある、プロジェクト "C:\Users\k023g\source\repos\TD4-2-Clone2\Project\Externals\ImGui\ImGui.vcxproj" からのターゲット "AfterRebuild" (ターゲット "Rebuild" は依存):
プロジェクト "ImGui.vcxproj" 内のターゲット "AfterRebuild" のビルドが終了しました。
ターゲット "_CheckForInvalidConfigurationAndPlatform" を省略しました。以前に正しくビルドされていました。
ファイル "C:\Program Files\Microsoft Visual Studio\18\Community\MSBuild\Microsoft\VC\v180\Microsoft.BuildSteps.Targets" 内にある、プロジェクト "C:\Users\k023g\source\repos\TD4-2-Clone2\Project\Externals\ImGui\ImGui.vcxproj" からのターゲット "Rebuild" (エントリ ポイント):
プロジェクト "ImGui.vcxproj" 内のターゲット "Rebuild" のビルドが終了しました。
プロジェクト "C:\Users\k023g\source\repos\TD4-2-Clone2\Project\Externals\ImGui\ImGui.vcxproj" (Rebuild ターゲット) のビルドが完了しました。
プロジェクト "C:\Users\k023g\source\repos\TD4-2-Clone2\Project\ONEngine.sln" (1) は、ノード 1 上に "C:\Users\k023g\source\repos\TD4-2-Clone2\Project\Externals\ImGui\ImGui.vcxproj" (4:2) をビルドしています (Rebuild ターゲット)。
ターゲット "Rebuild" を省略しました。以前に正しくビルドされていました。
プロジェクト "C:\Users\k023g\source\repos\TD4-2-Clone2\Project\Externals\ImGui\ImGui.vcxproj" (Rebuild ターゲット) のビルドが完了しました。
タスク "MSBuild" の実行が終了しました。
タスク "MSBuild"
  グローバル プロパティ:
    Configuration=Debug
    Platform=x64
    BuildingSolutionFile=true
    CurrentSolutionConfigurationContents=<SolutionConfiguration>
    <ProjectConfiguration Project="{58413781-440E-928C-6D27-80345953C71A}" AbsolutePath="C:\Users\k023g\source\repos\TD4-2-Clone2\Project\ONEngine.vcxproj" BuildProjectInSolution="True">Debug|x64<ProjectDependency Project="{A90EE592-95C6-26E0-FECD-FF3BEAA4C1D0}" /><ProjectDependency Project="{C0FF640D-2C14-8DBE-F595-301E616989EF}" /></ProjectConfiguration>
    <ProjectConfiguration Project="{A90EE592-95C6-26E0-FECD-FF3BEAA4C1D0}" AbsolutePath="C:\Users\k023g\source\repos\TD4-2-Clone2\Project\Externals\DirectXTex\DirectXTex.vcxproj" BuildProjectInSolution="True">Debug|x64</ProjectConfiguration>
    <ProjectConfiguration Project="{C0FF640D-2C14-8DBE-F595-301E616989EF}" AbsolutePath="C:\Users\k023g\source\repos\TD4-2-Clone2\Project\Externals\ImGui\ImGui.vcxproj" BuildProjectInSolution="True">Debug|x64</ProjectConfiguration>
  </SolutionConfiguration>
    SolutionDir=C:\Users\k023g\source\repos\TD4-2-Clone2\Project\
    SolutionExt=.sln
    SolutionFileName=ONEngine.sln
    SolutionName=ONEngine
    SolutionPath=C:\Users\k023g\source\repos\TD4-2-Clone2\Project\ONEngine.sln
プロパティの再代入: $(MSBuildExtensionsPath)="C:\Program Files\Microsoft Visual Studio\18\Community\MSBuild" (以前の値: "C:\Program Files (x86)\MSBuild") 
プロパティの再代入: $(MSBuildExtensionsPath32)="C:\Program Files\Microsoft Visual Studio\18\Community\MSBuild" (以前の値: "C:\Program Files (x86)\MSBuild") 
$(MSBuildExtensionsPath) で使用されている検索パスは C:\Program Files\Microsoft Visual Studio\18\Community\MSBuild;$(MSBuildProgramFiles32)\MSBuild です
拡張パス C:\Program Files\Microsoft Visual Studio\18\Community\MSBuild を使用して C:\Program Files\Microsoft Visual Studio\18\Community\MSBuild\$(MSBuildToolsVersion)\Microsoft.Common.props をインポートしようとしています
C:\Program Files\Microsoft Visual Studio\18\Community\MSBuild\Current\Microsoft.Common.props(60,5): message : プロパティの再代入: $(MSBuildProjectExtensionsPath)="C:\Users\k023g\source\repos\TD4-2-Clone2\Project\obj\" (以前の値: "obj\") C:\Program Files\Microsoft Visual Studio\18\Community\MSBuild\Current\Microsoft.Common.props (60,5)
C:\Program Files\Microsoft Visual Studio\18\Community\MSBuild\Current\Microsoft.Common.props(84,119): message : 環境から展開された 'C:\Users\k023g\AppData\Local\Microsoft\MSBuild' 値を持つプロパティ 'MSBuildUserExtensionsPath'。
$(MSBuildExtensionsPath) で使用されている検索パスは C:\Program Files\Microsoft Visual Studio\18\Community\MSBuild;$(MSBuildProgramFiles32)\MSBuild です
拡張パス C:\Program Files\Microsoft Visual Studio\18\Community\MSBuild を使用して C:\Program Files\Microsoft Visual Studio\18\Community\MSBuild\$(MSBuildToolsVersion)\Imports\Microsoft.Common.props\ImportBefore\* をインポートしようとしています
"Configuration" プロパティはグローバル プロパティであり、変更できません。
$(MSBuildExtensionsPath) で使用されている検索パスは C:\Program Files\Microsoft Visual Studio\18\Community\MSBuild;$(MSBuildProgramFiles32)\MSBuild です
拡張パス C:\Program Files\Microsoft Visual Studio\18\Community\MSBuild を使用して C:\Program Files\Microsoft Visual Studio\18\Community\MSBuild\$(MSBuildToolsVersion)\Microsoft.VisualStudioVersion.v*.Common.props をインポートしようとしています
拡張パス C:\Program Files (x86)\MSBuild を使用して C:\Program Files (x86)\MSBuild\$(MSBuildToolsVersion)\Microsoft.VisualStudioVersion.v*.Common.props をインポートしようとしています
$(MSBuildExtensionsPath) で使用されている検索パスは C:\Program Files\Microsoft Visual Studio\18\Community\MSBuild;$(MSBuildProgramFiles32)\MSBuild です
"Configuration" プロパティはグローバル プロパティであり、変更できません。
"SolutionDir" プロパティはグローバル プロパティであり、変更できません。
C:\Program Files\Microsoft Visual Studio\18\Community\MSBuild\Microsoft\VC\v180\Microsoft.Cpp.Default.props(227,5): message : 環境から展開された 'C:\Users\k023g\AppData\Local' 値を持つプロパティ 'LOCALAPPDATA'。
C:\Users\k023g\source\repos\TD4-2-Clone2\Project\ONEngine.vcxproj(27,5): message : プロパティの再代入: $(UseDebugLibraries)="true" (以前の値: "false") C:\Users\k023g\source\repos\TD4-2-Clone2\Project\ONEngine.vcxproj (27,5)
C:\Users\k023g\source\repos\TD4-2-Clone2\Project\ONEngine.vcxproj(28,5): message : プロパティの再代入: $(CharacterSet)="Unicode" (以前の値: "NotSet") C:\Users\k023g\source\repos\TD4-2-Clone2\Project\ONEngine.vcxproj (28,5)
C:\Program Files\Microsoft Visual Studio\18\Community\MSBuild\Microsoft\VC\v180\Microsoft.Cpp.ToolsetLocation.props(81,32): message : 環境から展開された 'x86' 値を持つプロパティ 'PROCESSOR_ARCHITECTURE'。
C:\Program Files\Microsoft Visual Studio\18\Community\MSBuild\Microsoft\VC\v180\Microsoft.Cpp.WindowsSDK.props(46,5): message : プロパティの再代入: $(NETFXSDK_Version)="4.8" (以前の値: "4.8.1") C:\Program Files\Microsoft Visual Studio\18\Community\MSBuild\Microsoft\VC\v180\Microsoft.Cpp.WindowsSDK.props (46,5)
C:\Program Files\Microsoft Visual Studio\18\Community\MSBuild\Microsoft\VC\v180\Microsoft.Cpp.WindowsSDK.props(50,5): message : プロパティの再代入: $(NETFXKitsDir)="C:\Program Files (x86)\Windows Kits\NETFXSDK\4.8\" (以前の値: "") C:\Program Files\Microsoft Visual Studio\18\Community\MSBuild\Microsoft\VC\v180\Microsoft.Cpp.WindowsSDK.props (50,5)
C:\Program Files\Microsoft Visual Studio\18\Community\MSBuild\Microsoft\VC\v180\Microsoft.Cpp.WindowsSDK.props(53,5): message : プロパティの再代入: $(NETFXSDKDir)="C:\Program Files (x86)\Microsoft SDKs\Windows\v10.0A\" (以前の値: "") C:\Program Files\Microsoft Visual Studio\18\Community\MSBuild\Microsoft\VC\v180\Microsoft.Cpp.WindowsSDK.props (53,5)
C:\Program Files\Microsoft Visual Studio\18\Community\MSBuild\Microsoft\VC\v180\Microsoft.Cpp.WindowsSDK.props(197,5): message : プロパティの再代入: $(WindowsSDK_ExecutablePath_x86)="C:\Program Files (x86)\Windows Kits\10\bin\10.0.26100.0\x86;;C:\Program Files (x86)\Microsoft SDKs\Windows\v10.0A\bin\NETFX 4.8 Tools" (以前の値: "C:\Program Files (x86)\Windows Kits\10\bin\10.0.26100.0\x86;") C:\Program Files\Microsoft Visual Studio\18\Community\MSBuild\Microsoft\VC\v180\Microsoft.Cpp.WindowsSDK.props (197,5)
C:\Program Files\Microsoft Visual Studio\18\Community\MSBuild\Microsoft\VC\v180\Microsoft.Cpp.WindowsSDK.props(198,5): message : プロパティの再代入: $(WindowsSDK_ExecutablePath_x64)="C:\Program Files (x86)\Windows Kits\10\bin\10.0.26100.0\x64;;C:\Program Files (x86)\Microsoft SDKs\Windows\v10.0A\bin\NETFX 4.8 Tools\x64" (以前の値: "C:\Program Files (x86)\Windows Kits\10\bin\10.0.26100.0\x64;") C:\Program Files\Microsoft Visual Studio\18\Community\MSBuild\Microsoft\VC\v180\Microsoft.Cpp.WindowsSDK.props (198,5)
C:\Program Files\Microsoft Visual Studio\18\Community\MSBuild\Microsoft\VC\v180\Microsoft.Cpp.Common.props(28,5): message : プロパティの再代入: $(TargetExt)=".exe" (以前の値: "") C:\Program Files\Microsoft Visual Studio\18\Community\MSBuild\Microsoft\VC\v180\Microsoft.Cpp.Common.props (28,5)
C:\Program Files\Microsoft Visual Studio\18\Community\MSBuild\Microsoft\VC\v180\Microsoft.Cpp.Common.props(89,5): message : プロパティの再代入: $(VC_ExecutablePath_Loc)="C:\Program Files\Microsoft Visual Studio\18\Community\VC\Tools\MSVC\14.51.36231\bin\HostX64\x64\1033;C:\Program Files\Microsoft Visual Studio\18\Community\VC\Tools\MSVC\14.51.36231\bin\HostX64\x86\1033;;;" (以前の値: "C:\Program Files\Microsoft Visual Studio\18\Community\VC\Tools\MSVC\14.51.36231\bin\HostX64\x86\1033;;") C:\Program Files\Microsoft Visual Studio\18\Community\MSBuild\Microsoft\VC\v180\Microsoft.Cpp.Common.props (89,5)
C:\Program Files\Microsoft Visual Studio\18\Community\MSBuild\Microsoft\VC\v180\Microsoft.Cpp.Common.props(90,5): message : プロパティの再代入: $(VC_ExecutablePath_Loc)="C:\Program Files\Microsoft Visual Studio\18\Community\VC\Tools\MSVC\14.51.36231\bin\HostX64\arm\1033;C:\Program Files\Microsoft Visual Studio\18\Community\VC\Tools\MSVC\14.51.36231\bin\HostX64\x64\1033;C:\Program Files\Microsoft Visual Studio\18\Community\VC\Tools\MSVC\14.51.36231\bin\HostX64\x86\1033;;;;" (以前の値: "C:\Program Files\Microsoft Visual Studio\18\Community\VC\Tools\MSVC\14.51.36231\bin\HostX64\x64\1033;C:\Program Files\Microsoft Visual Studio\18\Community\VC\Tools\MSVC\14.51.36231\bin\HostX64\x86\1033;;;") C:\Program Files\Microsoft Visual Studio\18\Community\MSBuild\Microsoft\VC\v180\Microsoft.Cpp.Common.props (90,5)
C:\Program Files\Microsoft Visual Studio\18\Community\MSBuild\Microsoft\VC\v180\Microsoft.Cpp.Common.props(91,5): message : プロパティの再代入: $(VC_ExecutablePath_Loc)="C:\Program Files\Microsoft Visual Studio\18\Community\VC\Tools\MSVC\14.51.36231\bin\HostX64\arm64\1033;C:\Program Files\Microsoft Visual Studio\18\Community\VC\Tools\MSVC\14.51.36231\bin\HostX64\arm\1033;C:\Program Files\Microsoft Visual Studio\18\Community\VC\Tools\MSVC\14.51.36231\bin\HostX64\x64\1033;C:\Program Files\Microsoft Visual Studio\18\Community\VC\Tools\MSVC\14.51.36231\bin\HostX64\x86\1033;;;;;" (以前の値: "C:\Program Files\Microsoft Visual Studio\18\Community\VC\Tools\MSVC\14.51.36231\bin\HostX64\arm\1033;C:\Program Files\Microsoft Visual Studio\18\Community\VC\Tools\MSVC\14.51.36231\bin\HostX64\x64\1033;C:\Program Files\Microsoft Visual Studio\18\Community\VC\Tools\MSVC\14.51.36231\bin\HostX64\x86\1033;;;;") C:\Program Files\Microsoft Visual Studio\18\Community\MSBuild\Microsoft\VC\v180\Microsoft.Cpp.Common.props (91,5)
C:\Program Files\Microsoft Visual Studio\18\Community\MSBuild\Microsoft\VC\v180\Microsoft.Cpp.Common.props(92,5): message : プロパティの再代入: $(VC_ExecutablePath_Loc)="C:\Program Files\Microsoft Visual Studio\18\Community\VC\Tools\MSVC\14.51.36231\bin\HostX86\x86\1033;C:\Program Files\Microsoft Visual Studio\18\Community\VC\Tools\MSVC\14.51.36231\bin\HostX64\arm64\1033;C:\Program Files\Microsoft Visual Studio\18\Community\VC\Tools\MSVC\14.51.36231\bin\HostX64\arm\1033;C:\Program Files\Microsoft Visual Studio\18\Community\VC\Tools\MSVC\14.51.36231\bin\HostX64\x64\1033;C:\Program Files\Microsoft Visual Studio\18\Community\VC\Tools\MSVC\14.51.36231\bin\HostX64\x86\1033;;;;;;" (以前の値: "C:\Program Files\Microsoft Visual Studio\18\Community\VC\Tools\MSVC\14.51.36231\bin\HostX64\arm64\1033;C:\Program Files\Microsoft Visual Studio\18\Community\VC\Tools\MSVC\14.51.36231\bin\HostX64\arm\1033;C:\Program Files\Microsoft Visual Studio\18\Community\VC\Tools\MSVC\14.51.36231\bin\HostX64\x64\1033;C:\Program Files\Microsoft Visual Studio\18\Community\VC\Tools\MSVC\14.51.36231\bin\HostX64\x86\1033;;;;;") C:\Program Files\Microsoft Visual Studio\18\Community\MSBuild\Microsoft\VC\v180\Microsoft.Cpp.Common.props (92,5)
C:\Program Files\Microsoft Visual Studio\18\Community\MSBuild\Microsoft\VC\v180\Microsoft.Cpp.Common.props(93,5): message : プロパティの再代入: $(VC_ExecutablePath_Loc)="C:\Program Files\Microsoft Visual Studio\18\Community\VC\Tools\MSVC\14.51.36231\bin\HostX86\x64\1033;C:\Program Files\Microsoft Visual Studio\18\Community\VC\Tools\MSVC\14.51.36231\bin\HostX86\x86\1033;C:\Program Files\Microsoft Visual Studio\18\Community\VC\Tools\MSVC\14.51.36231\bin\HostX64\arm64\1033;C:\Program Files\Microsoft Visual Studio\18\Community\VC\Tools\MSVC\14.51.36231\bin\HostX64\arm\1033;C:\Program Files\Microsoft Visual Studio\18\Community\VC\Tools\MSVC\14.51.36231\bin\HostX64\x64\1033;C:\Program Files\Microsoft Visual Studio\18\Community\VC\Tools\MSVC\14.51.36231\bin\HostX64\x86\1033;;;;;;;" (以前の値: "C:\Program Files\Microsoft Visual Studio\18\Community\VC\Tools\MSVC\14.51.36231\bin\HostX86\x86\1033;C:\Program Files\Microsoft Visual Studio\18\Community\VC\Tools\MSVC\14.51.36231\bin\HostX64\arm64\1033;C:\Program Files\Microsoft Visual Studio\18\Community\VC\Tools\MSVC\14.51.36231\bin\HostX64\arm\1033;C:\Program Files\Microsoft Visual Studio\18\Community\VC\Tools\MSVC\14.51.36231\bin\HostX64\x64\1033;C:\Program Files\Microsoft Visual Studio\18\Community\VC\Tools\MSVC\14.51.36231\bin\HostX64\x86\1033;;;;;;") C:\Program Files\Microsoft Visual Studio\18\Community\MSBuild\Microsoft\VC\v180\Microsoft.Cpp.Common.props (93,5)
C:\Program Files\Microsoft Visual Studio\18\Community\MSBuild\Microsoft\VC\v180\Microsoft.Cpp.Common.props(94,5): message : プロパティの再代入: $(VC_ExecutablePath_Loc)="C:\Program Files\Microsoft Visual Studio\18\Community\VC\Tools\MSVC\14.51.36231\bin\HostX86\arm64\1033;C:\Program Files\Microsoft Visual Studio\18\Community\VC\Tools\MSVC\14.51.36231\bin\HostX86\x64\1033;C:\Program Files\Microsoft Visual Studio\18\Community\VC\Tools\MSVC\14.51.36231\bin\HostX86\x86\1033;C:\Program Files\Microsoft Visual Studio\18\Community\VC\Tools\MSVC\14.51.36231\bin\HostX64\arm64\1033;C:\Program Files\Microsoft Visual Studio\18\Community\VC\Tools\MSVC\14.51.36231\bin\HostX64\arm\1033;C:\Program Files\Microsoft Visual Studio\18\Community\VC\Tools\MSVC\14.51.36231\bin\HostX64\x64\1033;C:\Program Files\Microsoft Visual Studio\18\Community\VC\Tools\MSVC\14.51.36231\bin\HostX64\x86\1033;;;;;;;;" (以前の値: "C:\Program Files\Microsoft Visual Studio\18\Community\VC\Tools\MSVC\14.51.36231\bin\HostX86\x64\1033;C:\Program Files\Microsoft Visual Studio\18\Community\VC\Tools\MSVC\14.51.36231\bin\HostX86\x86\1033;C:\Program Files\Microsoft Visual Studio\18\Community\VC\Tools\MSVC\14.51.36231\bin\HostX64\arm64\1033;C:\Program Files\Microsoft Visual Studio\18\Community\VC\Tools\MSVC\14.51.36231\bin\HostX64\arm\1033;C:\Program Files\Microsoft Visual Studio\18\Community\VC\Tools\MSVC\14.51.36231\bin\HostX64\x64\1033;C:\Program Files\Microsoft Visual Studio\18\Community\VC\Tools\MSVC\14.51.36231\bin\HostX64\x86\1033;;;;;;;") C:\Program Files\Microsoft Visual Studio\18\Community\MSBuild\Microsoft\VC\v180\Microsoft.Cpp.Common.props (94,5)
C:\Program Files\Microsoft Visual Studio\18\Community\MSBuild\Microsoft\VC\v180\Microsoft.Cpp.Common.props(95,5): message : プロパティの再代入: $(VC_ExecutablePath_Loc)="C:\Program Files\Microsoft Visual Studio\18\Community\VC\Tools\MSVC\14.51.36231\bin\HostArm64\x86\1033;C:\Program Files\Microsoft Visual Studio\18\Community\VC\Tools\MSVC\14.51.36231\bin\HostX86\arm64\1033;C:\Program Files\Microsoft Visual Studio\18\Community\VC\Tools\MSVC\14.51.36231\bin\HostX86\x64\1033;C:\Program Files\Microsoft Visual Studio\18\Community\VC\Tools\MSVC\14.51.36231\bin\HostX86\x86\1033;C:\Program Files\Microsoft Visual Studio\18\Community\VC\Tools\MSVC\14.51.36231\bin\HostX64\arm64\1033;C:\Program Files\Microsoft Visual Studio\18\Community\VC\Tools\MSVC\14.51.36231\bin\HostX64\arm\1033;C:\Program Files\Microsoft Visual Studio\18\Community\VC\Tools\MSVC\14.51.36231\bin\HostX64\x64\1033;C:\Program Files\Microsoft Visual Studio\18\Community\VC\Tools\MSVC\14.51.36231\bin\HostX64\x86\1033;;;;;;;;;" (以前の値: "C:\Program Files\Microsoft Visual Studio\18\Community\VC\Tools\MSVC\14.51.36231\bin\HostX86\arm64\1033;C:\Program Files\Microsoft Visual Studio\18\Community\VC\Tools\MSVC\14.51.36231\bin\HostX86\x64\1033;C:\Program Files\Microsoft Visual Studio\18\Community\VC\Tools\MSVC\14.51.36231\bin\HostX86\x86\1033;C:\Program Files\Microsoft Visual Studio\18\Community\VC\Tools\MSVC\14.51.36231\bin\HostX64\arm64\1033;C:\Program Files\Microsoft Visual Studio\18\Community\VC\Tools\MSVC\14.51.36231\bin\HostX64\arm\1033;C:\Program Files\Microsoft Visual Studio\18\Community\VC\Tools\MSVC\14.51.36231\bin\HostX64\x64\1033;C:\Program Files\Microsoft Visual Studio\18\Community\VC\Tools\MSVC\14.51.36231\bin\HostX64\x86\1033;;;;;;;;") C:\Program Files\Microsoft Visual Studio\18\Community\MSBuild\Microsoft\VC\v180\Microsoft.Cpp.Common.props (95,5)
C:\Program Files\Microsoft Visual Studio\18\Community\MSBuild\Microsoft\VC\v180\Microsoft.Cpp.Common.props(96,5): message : プロパティの再代入: $(VC_ExecutablePath_Loc)="C:\Program Files\Microsoft Visual Studio\18\Community\VC\Tools\MSVC\14.51.36231\bin\HostArm64\x64\1033;C:\Program Files\Microsoft Visual Studio\18\Community\VC\Tools\MSVC\14.51.36231\bin\HostArm64\x86\1033;C:\Program Files\Microsoft Visual Studio\18\Community\VC\Tools\MSVC\14.51.36231\bin\HostX86\arm64\1033;C:\Program Files\Microsoft Visual Studio\18\Community\VC\Tools\MSVC\14.51.36231\bin\HostX86\x64\1033;C:\Program Files\Microsoft Visual Studio\18\Community\VC\Tools\MSVC\14.51.36231\bin\HostX86\x86\1033;C:\Program Files\Microsoft Visual Studio\18\Community\VC\Tools\MSVC\14.51.36231\bin\HostX64\arm64\1033;C:\Program Files\Microsoft Visual Studio\18\Community\VC\Tools\MSVC\14.51.36231\bin\HostX64\arm\1033;C:\Program Files\Microsoft Visual Studio\18\Community\VC\Tools\MSVC\14.51.36231\bin\HostX64\x64\1033;C:\Program Files\Microsoft Visual Studio\18\Community\VC\Tools\MSVC\14.51.36231\bin\HostX64\x86\1033;;;;;;;;;;" (以前の値: "C:\Program Files\Microsoft Visual Studio\18\Community\VC\Tools\MSVC\14.51.36231\bin\HostArm64\x86\1033;C:\Program Files\Microsoft Visual Studio\18\Community\VC\Tools\MSVC\14.51.36231\bin\HostX86\arm64\1033;C:\Program Files\Microsoft Visual Studio\18\Community\VC\Tools\MSVC\14.51.36231\bin\HostX86\x64\1033;C:\Program Files\Microsoft Visual Studio\18\Community\VC\Tools\MSVC\14.51.36231\bin\HostX86\x86\1033;C:\Program Files\Microsoft Visual Studio\18\Community\VC\Tools\MSVC\14.51.36231\bin\HostX64\arm64\1033;C:\Program Files\Microsoft Visual Studio\18\Community\VC\Tools\MSVC\14.51.36231\bin\HostX64\arm\1033;C:\Program Files\Microsoft Visual Studio\18\Community\VC\Tools\MSVC\14.51.36231\bin\HostX64\x64\1033;C:\Program Files\Microsoft Visual Studio\18\Community\VC\Tools\MSVC\14.51.36231\bin\HostX64\x86\1033;;;;;;;;;") C:\Program Files\Microsoft Visual Studio\18\Community\MSBuild\Microsoft\VC\v180\Microsoft.Cpp.Common.props (96,5)
C:\Program Files\Microsoft Visual Studio\18\Community\MSBuild\Microsoft\VC\v180\Microsoft.Cpp.Common.props(97,5): message : プロパティの再代入: $(VC_ExecutablePath_Loc)="C:\Program Files\Microsoft Visual Studio\18\Community\VC\Tools\MSVC\14.51.36231\bin\HostArm64\arm\1033;C:\Program Files\Microsoft Visual Studio\18\Community\VC\Tools\MSVC\14.51.36231\bin\HostArm64\x64\1033;C:\Program Files\Microsoft Visual Studio\18\Community\VC\Tools\MSVC\14.51.36231\bin\HostArm64\x86\1033;C:\Program Files\Microsoft Visual Studio\18\Community\VC\Tools\MSVC\14.51.36231\bin\HostX86\arm64\1033;C:\Program Files\Microsoft Visual Studio\18\Community\VC\Tools\MSVC\14.51.36231\bin\HostX86\x64\1033;C:\Program Files\Microsoft Visual Studio\18\Community\VC\Tools\MSVC\14.51.36231\bin\HostX86\x86\1033;C:\Program Files\Microsoft Visual Studio\18\Community\VC\Tools\MSVC\14.51.36231\bin\HostX64\arm64\1033;C:\Program Files\Microsoft Visual Studio\18\Community\VC\Tools\MSVC\14.51.36231\bin\HostX64\arm\1033;C:\Program Files\Microsoft Visual Studio\18\Community\VC\Tools\MSVC\14.51.36231\bin\HostX64\x64\1033;C:\Program Files\Microsoft Visual Studio\18\Community\VC\Tools\MSVC\14.51.36231\bin\HostX64\x86\1033;;;;;;;;;;;" (以前の値: "C:\Program Files\Microsoft Visual Studio\18\Community\VC\Tools\MSVC\14.51.36231\bin\HostArm64\x64\1033;C:\Program Files\Microsoft Visual Studio\18\Community\VC\Tools\MSVC\14.51.36231\bin\HostArm64\x86\1033;C:\Program Files\Microsoft Visual Studio\18\Community\VC\Tools\MSVC\14.51.36231\bin\HostX86\arm64\1033;C:\Program Files\Microsoft Visual Studio\18\Community\VC\Tools\MSVC\14.51.36231\bin\HostX86\x64\1033;C:\Program Files\Microsoft Visual Studio\18\Community\VC\Tools\MSVC\14.51.36231\bin\HostX86\x86\1033;C:\Program Files\Microsoft Visual Studio\18\Community\VC\Tools\MSVC\14.51.36231\bin\HostX64\arm64\1033;C:\Program Files\Microsoft Visual Studio\18\Community\VC\Tools\MSVC\14.51.36231\bin\HostX64\arm\1033;C:\Program Files\Microsoft Visual Studio\18\Community\VC\Tools\MSVC\14.51.36231\bin\HostX64\x64\1033;C:\Program Files\Microsoft Visual Studio\18\Community\VC\Tools\MSVC\14.51.36231\bin\HostX64\x86\1033;;;;;;;;;;") C:\Program Files\Microsoft Visual Studio\18\Community\MSBuild\Microsoft\VC\v180\Microsoft.Cpp.Common.props (97,5)
C:\Program Files\Microsoft Visual Studio\18\Community\MSBuild\Microsoft\VC\v180\Microsoft.Cpp.Common.props(98,5): message : プロパティの再代入: $(VC_ExecutablePath_Loc)="C:\Program Files\Microsoft Visual Studio\18\Community\VC\Tools\MSVC\14.51.36231\bin\HostArm64\arm64\1033;C:\Program Files\Microsoft Visual Studio\18\Community\VC\Tools\MSVC\14.51.36231\bin\HostArm64\arm\1033;C:\Program Files\Microsoft Visual Studio\18\Community\VC\Tools\MSVC\14.51.36231\bin\HostArm64\x64\1033;C:\Program Files\Microsoft Visual Studio\18\Community\VC\Tools\MSVC\14.51.36231\bin\HostArm64\x86\1033;C:\Program Files\Microsoft Visual Studio\18\Community\VC\Tools\MSVC\14.51.36231\bin\HostX86\arm64\1033;C:\Program Files\Microsoft Visual Studio\18\Community\VC\Tools\MSVC\14.51.36231\bin\HostX86\x64\1033;C:\Program Files\Microsoft Visual Studio\18\Community\VC\Tools\MSVC\14.51.36231\bin\HostX86\x86\1033;C:\Program Files\Microsoft Visual Studio\18\Community\VC\Tools\MSVC\14.51.36231\bin\HostX64\arm64\1033;C:\Program Files\Microsoft Visual Studio\18\Community\VC\Tools\MSVC\14.51.36231\bin\HostX64\arm\1033;C:\Program Files\Microsoft Visual Studio\18\Community\VC\Tools\MSVC\14.51.36231\bin\HostX64\x64\1033;C:\Program Files\Microsoft Visual Studio\18\Community\VC\Tools\MSVC\14.51.36231\bin\HostX64\x86\1033;;;;;;;;;;;;" (以前の値: "C:\Program Files\Microsoft Visual Studio\18\Community\VC\Tools\MSVC\14.51.36231\bin\HostArm64\arm\1033;C:\Program Files\Microsoft Visual Studio\18\Community\VC\Tools\MSVC\14.51.36231\bin\HostArm64\x64\1033;C:\Program Files\Microsoft Visual Studio\18\Community\VC\Tools\MSVC\14.51.36231\bin\HostArm64\x86\1033;C:\Program Files\Microsoft Visual Studio\18\Community\VC\Tools\MSVC\14.51.36231\bin\HostX86\arm64\1033;C:\Program Files\Microsoft Visual Studio\18\Community\VC\Tools\MSVC\14.51.36231\bin\HostX86\x64\1033;C:\Program Files\Microsoft Visual Studio\18\Community\VC\Tools\MSVC\14.51.36231\bin\HostX86\x86\1033;C:\Program Files\Microsoft Visual Studio\18\Community\VC\Tools\MSVC\14.51.36231\bin\HostX64\arm64\1033;C:\Program Files\Microsoft Visual Studio\18\Community\VC\Tools\MSVC\14.51.36231\bin\HostX64\arm\1033;C:\Program Files\Microsoft Visual Studio\18\Community\VC\Tools\MSVC\14.51.36231\bin\HostX64\x64\1033;C:\Program Files\Microsoft Visual Studio\18\Community\VC\Tools\MSVC\14.51.36231\bin\HostX64\x86\1033;;;;;;;;;;;") C:\Program Files\Microsoft Visual Studio\18\Community\MSBuild\Microsoft\VC\v180\Microsoft.Cpp.Common.props (98,5)
C:\Program Files\Microsoft Visual Studio\18\Community\MSBuild\Microsoft\VC\v180\Microsoft.Cpp.Common.props(146,5): message : 環境から展開された 'MSI' 値を持つプロパティ 'COMPUTERNAME'。
C:\Program Files\Microsoft Visual Studio\18\Community\MSBuild\Microsoft\VC\v180\Microsoft.Cpp.Common.props(152,5): message : プロパティの再代入: $(RemoteDebuggerDeployDebugCppRuntime)="true" (以前の値: "false") C:\Program Files\Microsoft Visual Studio\18\Community\MSBuild\Microsoft\VC\v180\Microsoft.Cpp.Common.props (152,5)
C:\Program Files\Microsoft Visual Studio\18\Community\MSBuild\Microsoft\VC\v180\Microsoft.Cpp.Common.props(213,5): message : プロパティの再代入: $(MultiProcMaxCount)="0" (以前の値: "") C:\Program Files\Microsoft Visual Studio\18\Community\MSBuild\Microsoft\VC\v180\Microsoft.Cpp.Common.props (213,5)
C:\Program Files\Microsoft Visual Studio\18\Community\MSBuild\Microsoft\VC\v180\Microsoft.Cpp.Analysis.props(29,5): message : プロパティの再代入: $(MsvcAnalysisToolsPath)="C:\Program Files\Microsoft Visual Studio\18\Community\VC\Tools\MSVC\14.51.36231\bin\HostX86\x64" (以前の値: "C:\Program Files\Microsoft Visual Studio\18\Community\VC\Tools\MSVC\14.51.36231\bin\HostX64\x64") C:\Program Files\Microsoft Visual Studio\18\Community\MSBuild\Microsoft\VC\v180\Microsoft.Cpp.Analysis.props (29,5)
C:\Program Files\Microsoft Visual Studio\18\Community\MSBuild\Microsoft\VC\v180\Microsoft.Cpp.Analysis.props(33,5): message : プロパティの再代入: $(MsvcAnalysisPluginPath)="C:\Program Files\Microsoft Visual Studio\18\Community\VC\Tools\MSVC\14.51.36231\bin\HostX86\x64" (以前の値: "C:\Program Files\Microsoft Visual Studio\18\Community\VC\Tools\MSVC\14.51.36231\bin\HostX64\x64") C:\Program Files\Microsoft Visual Studio\18\Community\MSBuild\Microsoft\VC\v180\Microsoft.Cpp.Analysis.props (33,5)
C:\Program Files\Microsoft Visual Studio\18\Community\MSBuild\Microsoft\VC\v180\Microsoft.CodeAnalysis.Extensions.props(21,5): message : プロパティの再代入: $(EspXtensions)="EnumIndex.dll;CppCoreCheck.dll;" (以前の値: "CppCoreCheck.dll;") C:\Program Files\Microsoft Visual Studio\18\Community\MSBuild\Microsoft\VC\v180\Microsoft.CodeAnalysis.Extensions.props (21,5)
C:\Program Files\Microsoft Visual Studio\18\Community\MSBuild\Microsoft\VC\v180\Microsoft.CodeAnalysis.Extensions.props(24,5): message : プロパティの再代入: $(EspXtensions)="HResultCheck.dll;EnumIndex.dll;CppCoreCheck.dll;" (以前の値: "EnumIndex.dll;CppCoreCheck.dll;") C:\Program Files\Microsoft Visual Studio\18\Community\MSBuild\Microsoft\VC\v180\Microsoft.CodeAnalysis.Extensions.props (24,5)
C:\Program Files\Microsoft Visual Studio\18\Community\MSBuild\Microsoft\VC\v180\Microsoft.CodeAnalysis.Extensions.props(27,5): message : プロパティの再代入: $(EspXtensions)="VariantClear.dll;HResultCheck.dll;EnumIndex.dll;CppCoreCheck.dll;" (以前の値: "HResultCheck.dll;EnumIndex.dll;CppCoreCheck.dll;") C:\Program Files\Microsoft Visual Studio\18\Community\MSBuild\Microsoft\VC\v180\Microsoft.CodeAnalysis.Extensions.props (27,5)
C:\Program Files\Microsoft Visual Studio\18\Community\MSBuild\Microsoft\VC\v180\Microsoft.CodeAnalysis.Extensions.props(33,5): message : プロパティの再代入: $(ConcurrencyCheckPath)="C:\Program Files\Microsoft Visual Studio\18\Community\VC\Tools\MSVC\14.51.36231\bin\HostX86\x64\ConcurrencyCheck.dll" (以前の値: "C:\Program Files\Microsoft Visual Studio\18\Community\VC\Tools\MSVC\14.51.36231\bin\HostX86\x86\ConcurrencyCheck.dll") C:\Program Files\Microsoft Visual Studio\18\Community\MSBuild\Microsoft\VC\v180\Microsoft.CodeAnalysis.Extensions.props (33,5)
C:\Program Files\Microsoft Visual Studio\18\Community\MSBuild\Microsoft\VC\v180\Microsoft.CodeAnalysis.Extensions.props(34,5): message : プロパティの再代入: $(EspXtensions)="ConcurrencyCheck.dll;VariantClear.dll;HResultCheck.dll;EnumIndex.dll;CppCoreCheck.dll;" (以前の値: "VariantClear.dll;HResultCheck.dll;EnumIndex.dll;CppCoreCheck.dll;") C:\Program Files\Microsoft Visual Studio\18\Community\MSBuild\Microsoft\VC\v180\Microsoft.CodeAnalysis.Extensions.props (34,5)
C:\Program Files\Microsoft Visual Studio\18\Community\MSBuild\Microsoft\VC\v180\Microsoft.Cpp.UnitTest.props(17,5): message : プロパティの再代入: $(VC_IncludePath)="C:\Program Files\Microsoft Visual Studio\18\Community\VC\Tools\MSVC\14.51.36231\include;;C:\Program Files\Microsoft Visual Studio\18\Community\VC\Tools\MSVC\14.51.36231\atlmfc\include;;C:\Program Files\Microsoft Visual Studio\18\Community\VC\Auxiliary\VS\include;;C:\Program Files (x86)\Windows Kits\10\Include\10.0.26100.0\ucrt;;;C:\Program Files\Microsoft Visual Studio\18\Community\VC\Auxiliary\VS\UnitTest\include" (以前の値: "C:\Program Files\Microsoft Visual Studio\18\Community\VC\Tools\MSVC\14.51.36231\include;;C:\Program Files\Microsoft Visual Studio\18\Community\VC\Tools\MSVC\14.51.36231\atlmfc\include;;C:\Program Files\Microsoft Visual Studio\18\Community\VC\Auxiliary\VS\include;;C:\Program Files (x86)\Windows Kits\10\Include\10.0.26100.0\ucrt;;") C:\Program Files\Microsoft Visual Studio\18\Community\MSBuild\Microsoft\VC\v180\Microsoft.Cpp.UnitTest.props (17,5)
C:\Program Files\Microsoft Visual Studio\18\Community\MSBuild\Microsoft\VC\v180\Microsoft.Cpp.UnitTest.props(19,5): message : プロパティの再代入: $(VC_LibraryPath_x86)="C:\Program Files\Microsoft Visual Studio\18\Community\VC\Tools\MSVC\14.51.36231\lib\x86;;C:\Program Files\Microsoft Visual Studio\18\Community\VC\Tools\MSVC\14.51.36231\atlmfc\lib\x86;;C:\Program Files\Microsoft Visual Studio\18\Community\VC\Auxiliary\VS\lib\x86;;C:\Program Files (x86)\Windows Kits\10\lib\10.0.26100.0\ucrt\x86;;;C:\Program Files\Microsoft Visual Studio\18\Community\VC\Auxiliary\VS\UnitTest\lib" (以前の値: "C:\Program Files\Microsoft Visual Studio\18\Community\VC\Tools\MSVC\14.51.36231\lib\x86;;C:\Program Files\Microsoft Visual Studio\18\Community\VC\Tools\MSVC\14.51.36231\atlmfc\lib\x86;;C:\Program Files\Microsoft Visual Studio\18\Community\VC\Auxiliary\VS\lib\x86;;C:\Program Files (x86)\Windows Kits\10\lib\10.0.26100.0\ucrt\x86;;") C:\Program Files\Microsoft Visual Studio\18\Community\MSBuild\Microsoft\VC\v180\Microsoft.Cpp.UnitTest.props (19,5)
C:\Program Files\Microsoft Visual Studio\18\Community\MSBuild\Microsoft\VC\v180\Microsoft.Cpp.UnitTest.props(20,5): message : プロパティの再代入: $(VC_LibraryPath_x64)="C:\Program Files\Microsoft Visual Studio\18\Community\VC\Tools\MSVC\14.51.36231\lib\x64;;C:\Program Files\Microsoft Visual Studio\18\Community\VC\Tools\MSVC\14.51.36231\atlmfc\lib\x64;;C:\Program Files\Microsoft Visual Studio\18\Community\VC\Auxiliary\VS\lib\x64;;C:\Program Files (x86)\Windows Kits\10\lib\10.0.26100.0\ucrt\x64;;;C:\Program Files\Microsoft Visual Studio\18\Community\VC\Auxiliary\VS\UnitTest\lib" (以前の値: "C:\Program Files\Microsoft Visual Studio\18\Community\VC\Tools\MSVC\14.51.36231\lib\x64;;C:\Program Files\Microsoft Visual Studio\18\Community\VC\Tools\MSVC\14.51.36231\atlmfc\lib\x64;;C:\Program Files\Microsoft Visual Studio\18\Community\VC\Auxiliary\VS\lib\x64;;C:\Program Files (x86)\Windows Kits\10\lib\10.0.26100.0\ucrt\x64;;") C:\Program Files\Microsoft Visual Studio\18\Community\MSBuild\Microsoft\VC\v180\Microsoft.Cpp.UnitTest.props (20,5)
C:\Program Files\Microsoft Visual Studio\18\Community\MSBuild\Microsoft\VC\v180\Microsoft.Cpp.UnitTest.props(21,5): message : プロパティの再代入: $(VC_LibraryPath_ARM)="C:\Program Files\Microsoft Visual Studio\18\Community\VC\Tools\MSVC\14.51.36231\lib\ARM;;C:\Program Files\Microsoft Visual Studio\18\Community\VC\Tools\MSVC\14.51.36231\atlmfc\lib\ARM;;C:\Program Files\Microsoft Visual Studio\18\Community\VC\Auxiliary\VS\lib\ARM;;C:\Program Files (x86)\Windows Kits\10\lib\10.0.26100.0\ucrt\arm;;;C:\Program Files\Microsoft Visual Studio\18\Community\VC\Auxiliary\VS\UnitTest\lib" (以前の値: "C:\Program Files\Microsoft Visual Studio\18\Community\VC\Tools\MSVC\14.51.36231\lib\ARM;;C:\Program Files\Microsoft Visual Studio\18\Community\VC\Tools\MSVC\14.51.36231\atlmfc\lib\ARM;;C:\Program Files\Microsoft Visual Studio\18\Community\VC\Auxiliary\VS\lib\ARM;;C:\Program Files (x86)\Windows Kits\10\lib\10.0.26100.0\ucrt\arm;;") C:\Program Files\Microsoft Visual Studio\18\Community\MSBuild\Microsoft\VC\v180\Microsoft.Cpp.UnitTest.props (21,5)
C:\Program Files\Microsoft Visual Studio\18\Community\MSBuild\Microsoft\VC\v180\Microsoft.Cpp.UnitTest.props(22,5): message : プロパティの再代入: $(VC_LibraryPath_ARM64)="C:\Program Files\Microsoft Visual Studio\18\Community\VC\Tools\MSVC\14.51.36231\lib\ARM64;;C:\Program Files\Microsoft Visual Studio\18\Community\VC\Tools\MSVC\14.51.36231\atlmfc\lib\ARM64;;;C:\Program Files (x86)\Windows Kits\10\lib\10.0.26100.0\ucrt\arm64;;;C:\Program Files\Microsoft Visual Studio\18\Community\VC\Auxiliary\VS\UnitTest\lib" (以前の値: "C:\Program Files\Microsoft Visual Studio\18\Community\VC\Tools\MSVC\14.51.36231\lib\ARM64;;C:\Program Files\Microsoft Visual Studio\18\Community\VC\Tools\MSVC\14.51.36231\atlmfc\lib\ARM64;;;C:\Program Files (x86)\Windows Kits\10\lib\10.0.26100.0\ucrt\arm64;;") C:\Program Files\Microsoft Visual Studio\18\Community\MSBuild\Microsoft\VC\v180\Microsoft.Cpp.UnitTest.props (22,5)
C:\Program Files\Microsoft Visual Studio\18\Community\MSBuild\Microsoft\VC\v180\Microsoft.Cpp.unicodesupport.props(15,5): message : プロパティの再代入: $(_PropertySheetDisplayName)="Unicode Support" (以前の値: "Core Windows Libraries") C:\Program Files\Microsoft Visual Studio\18\Community\MSBuild\Microsoft\VC\v180\Microsoft.Cpp.unicodesupport.props (15,5)
C:\Program Files\Microsoft Visual Studio\18\Community\MSBuild\Microsoft\VC\v180\Microsoft.Cpp.Application.props(15,5): message : プロパティの再代入: $(_PropertySheetDisplayName)="Application" (以前の値: "Unicode Support") C:\Program Files\Microsoft Visual Studio\18\Community\MSBuild\Microsoft\VC\v180\Microsoft.Cpp.Application.props (15,5)
C:\Program Files\Microsoft Visual Studio\18\Community\MSBuild\Microsoft\VC\v180\Microsoft.Cpp.MSVC.Toolset.Common.props(55,5): message : 環境から展開された 'C:/Users/k023g/.gemini/antigravity/bin;C:\Users\k023g\AppData\Roaming\Antigravity\bin;C:\Python27\;C:\Python27\Scripts;C:\Program Files\Microsoft\jdk-11.0.16.101-hotspot\bin;C:\Windows\system32;C:\Windows;C:\Windows\System32\Wbem;C:\Windows\System32\WindowsPowerShell\v1.0\;C:\Windows\System32\OpenSSH\;C:\Program Files\Microsoft SQL Server\150\Tools\Binn\;C:\WINDOWS\system32;C:\WINDOWS;C:\WINDOWS\System32\Wbem;C:\WINDOWS\System32\WindowsPowerShell\v1.0\;C:\WINDOWS\System32\OpenSSH\;C:\Program Files\Microsoft SQL Server\Client SDK\ODBC\170\Tools\Binn\;C:\Program Files (x86)\NVIDIA Corporation\PhysX\Common;C:\Program Files\nodejs\;C:\ProgramData\chocolatey\bin;C:\Program Files (x86)\Windows Kits\10\Windows Performance Toolkit\;C:\Users\k023g\source\repos\2024_PG3\tools\premake5.exe;C:\Program Files\Git LFS;C:\Program Files\NVIDIA Corporation\NVIDIA App\NvDLISR;C:\Program Files\Microsoft SQL Server\170\Tools\Binn\;C:\Program Files\CMake\bin;C:\Program Files\LLVM\bin;C:\Program Files (x86)\LLVM\bin;C:\Program Files\Git\cmd;C:\Program Files\dotnet\;C:\Program Files (x86)\mingw64\bin;C:\Program Files\PowerShell\7\;C:\Users\k023g\AppData\Local\Programs\Python\Python313\Scripts\;C:\Users\k023g\AppData\Local\Programs\Python\Python313\;C:\Users\k023g\source\repos\2024B_GE_ET1\cocos2d-x\templates;C:\Users\k023g\source\repos\2024B_GE_ET1\cocos2d-x\tools\cocos2d-console\bin;C:\Users\k023g\AppData\Local\Programs\Python\Python39\Scripts\;C:\Users\k023g\AppData\Local\Programs\Python\Python39\;C:\Users\k023g\AppData\Local\Microsoft\WindowsApps;C:\Users\k023g\AppData\Local\Programs\Microsoft VS Code\bin;C:\Users\k023g\AppData\Local\GitHubDesktop\bin;C:\Users\k023g\AppData\Roaming\npm;C:\Users\k023g\source\repos\2024B_GE_ET1\cocos2d-x;C:\Users\k023g\AppData\Local\Programs\Antigravity\bin;C:\Users\k023g\.dotnet\tools;C:\Users\k023g\AppData\Local\Python\bin;C:\tools;C:\Users\k023g\AppData\Local\Programs\Antigravity IDE\bin' 値を持つプロパティ 'PATH'。
C:\Program Files\Microsoft Visual Studio\18\Community\MSBuild\Microsoft\VC\v180\Microsoft.Cpp.MSVC.Toolset.Common.props(56,5): message : 環境から展開された 'C:\WINDOWS' 値を持つプロパティ 'SystemRoot'。
C:\Users\k023g\source\repos\TD4-2-Clone2\Project\ONEngine.vcxproj(60,5): message : プロパティの再代入: $(OutDir)="C:\Users\k023g\source\repos\TD4-2-Clone2\Project\..\Generated\Outputs\Debug\" (以前の値: "C:\Users\k023g\source\repos\TD4-2-Clone2\Project\x64\Debug\") C:\Users\k023g\source\repos\TD4-2-Clone2\Project\ONEngine.vcxproj (60,5)
C:\Users\k023g\source\repos\TD4-2-Clone2\Project\ONEngine.vcxproj(61,5): message : プロパティの再代入: $(IntDir)="C:\Users\k023g\source\repos\TD4-2-Clone2\Project\..\Generated\Obj\ONEngine\Debug\" (以前の値: "ONEngine\x64\Debug\") C:\Users\k023g\source\repos\TD4-2-Clone2\Project\ONEngine.vcxproj (61,5)
"SolutionExt" プロパティはグローバル プロパティであり、変更できません。
C:\Program Files\Microsoft Visual Studio\18\Community\MSBuild\Microsoft\VC\v180\Microsoft.CppCommon.targets(40,5): message : プロパティの再代入: $(ExtensionsToDeleteOnClean)="*.cdf;*.cache;*.obj;*.obj.enc;*.ilk;*.ipdb;*.iobj;*.resources;*.tlb;*.tli;*.tlh;*.tmp;*.rsp;*.pgc;*.pgd;*.meta;*.tlog;*.manifest;*.res;*.pch;*.exp;*.idb;*.rep;*.xdc;*.pdb;*_manifest.rc;*.bsc;*.sbr;*.xml;*.metagen;*.bi;C:\Users\k023g\source\repos\TD4-2-Clone2\Generated\Outputs\Debug\ONEngine.exe.manifest;C:\Users\k023g\source\repos\TD4-2-Clone2\Project\..\Generated\Outputs\Debug\ONEngine.tlb;C:\Users\k023g\source\repos\TD4-2-Clone2\Project\..\Generated\Outputs\Debug\ONEngine.pdb;C:\Users\k023g\source\repos\TD4-2-Clone2\Generated\Outputs\Debug\ONEngine.exe;C:\Users\k023g\source\repos\TD4-2-Clone2\Project\..\Generated\Outputs\Debug\ONEngine.bsc;C:\Users\k023g\source\repos\TD4-2-Clone2\Project\..\Generated\Outputs\Debug\ONEngine.ilk;C:\Users\k023g\source\repos\TD4-2-Clone2\Generated\Outputs\Debug\ONEngine.exe.intermediate.manifest;C:\Users\k023g\source\repos\TD4-2-Clone2\Project\..\Generated\Obj\ONEngine\Debug\ONEngine.vcxproj.FileListAbsolute.txt" (以前の値: "*.cdf;*.cache;*.obj;*.obj.enc;*.ilk;*.ipdb;*.iobj;*.resources;*.tlb;*.tli;*.tlh;*.tmp;*.rsp;*.pgc;*.pgd;*.meta;*.tlog;*.manifest;*.res;*.pch;*.exp;*.idb;*.rep;*.xdc;*.pdb;*_manifest.rc;*.bsc;*.sbr;*.xml;*.metagen;*.bi") C:\Program Files\Microsoft Visual Studio\18\Community\MSBuild\Microsoft\VC\v180\Microsoft.CppCommon.targets (40,5)
C:\Program Files\Microsoft Visual Studio\18\Community\MSBuild\Microsoft\VC\v180\Microsoft.BuildSteps.Targets(32,5): message : プロパティの再代入: $(DebugType)="none" (以前の値: "") C:\Program Files\Microsoft Visual Studio\18\Community\MSBuild\Microsoft\VC\v180\Microsoft.BuildSteps.Targets (32,5)
$(MSBuildExtensionsPath) で使用されている検索パスは C:\Program Files\Microsoft Visual Studio\18\Community\MSBuild;$(MSBuildProgramFiles32)\MSBuild です
$(MSBuildExtensionsPath) で使用されている検索パスは C:\Program Files\Microsoft Visual Studio\18\Community\MSBuild;$(MSBuildProgramFiles32)\MSBuild です
拡張パス C:\Program Files\Microsoft Visual Studio\18\Community\MSBuild を使用して C:\Program Files\Microsoft Visual Studio\18\Community\MSBuild\$(MSBuildToolsVersion)\Microsoft.Common.targets\ImportBefore\* をインポートしようとしています
"Configuration" プロパティはグローバル プロパティであり、変更できません。
C:\Program Files\Microsoft Visual Studio\18\Community\MSBuild\Current\Bin\Microsoft.Common.CurrentVersion.targets(185,5): message : プロパティの再代入: $(_DocumentationFileProduced)="false" (以前の値: "true") C:\Program Files\Microsoft Visual Studio\18\Community\MSBuild\Current\Bin\Microsoft.Common.CurrentVersion.targets (185,5)
"SolutionName" プロパティはグローバル プロパティであり、変更できません。
"SolutionFileName" プロパティはグローバル プロパティであり、変更できません。
"SolutionPath" プロパティはグローバル プロパティであり、変更できません。
"SolutionDir" プロパティはグローバル プロパティであり、変更できません。
"SolutionExt" プロパティはグローバル プロパティであり、変更できません。
C:\Program Files\Microsoft Visual Studio\18\Community\MSBuild\Current\Bin\Microsoft.Common.CurrentVersion.targets(369,5): message : プロパティの再代入: $(AutoUnifyAssemblyReferences)="false" (以前の値: "true") C:\Program Files\Microsoft Visual Studio\18\Community\MSBuild\Current\Bin\Microsoft.Common.CurrentVersion.targets (369,5)
C:\Program Files\Microsoft Visual Studio\18\Community\MSBuild\Current\Bin\Microsoft.Common.CurrentVersion.targets(393,5): message : プロパティの再代入: $(MSBuildCopyMarkerName)="ONEngine.vcxproj.Up2Date" (以前の値: "ONEngine.vcxproj") C:\Program Files\Microsoft Visual Studio\18\Community\MSBuild\Current\Bin\Microsoft.Common.CurrentVersion.targets (393,5)
C:\Program Files\Microsoft Visual Studio\18\Community\MSBuild\Current\Bin\Microsoft.Common.CurrentVersion.targets(528,5): message : プロパティの再代入: $(ProcessorArchitecture)="amd64" (以前の値: "x64") C:\Program Files\Microsoft Visual Studio\18\Community\MSBuild\Current\Bin\Microsoft.Common.CurrentVersion.targets (528,5)
C:\Program Files\Microsoft Visual Studio\18\Community\MSBuild\Current\Bin\Microsoft.Common.CurrentVersion.targets(562,42): message : 環境から展開された 'C:\Program Files\MSBuild' 値を持つプロパティ 'MSBuildExtensionsPath64'。
C:\Program Files\Microsoft Visual Studio\18\Community\MSBuild\Current\Bin\Microsoft.Common.CurrentVersion.targets(580,5): message : プロパティの再代入: $(DelaySign)="" (以前の値: "false") C:\Program Files\Microsoft Visual Studio\18\Community\MSBuild\Current\Bin\Microsoft.Common.CurrentVersion.targets (580,5)
C:\Program Files\Microsoft Visual Studio\18\Community\MSBuild\Current\Bin\Microsoft.Common.CurrentVersion.targets(649,5): message : プロパティの再代入: $(AssemblySearchPaths)="{CandidateAssemblyFiles};C:\Program Files\Microsoft Visual Studio\18\Community\VC\Tools\MSVC\14.51.36231\atlmfc\lib\x64;;C:\Program Files\Microsoft Visual Studio\18\Community\VC\Tools\MSVC\14.51.36231\lib\x64;" (以前の値: "{CandidateAssemblyFiles}") C:\Program Files\Microsoft Visual Studio\18\Community\MSBuild\Current\Bin\Microsoft.Common.CurrentVersion.targets (649,5)
C:\Program Files\Microsoft Visual Studio\18\Community\MSBuild\Current\Bin\Microsoft.Common.CurrentVersion.targets(650,5): message : プロパティの再代入: $(AssemblySearchPaths)="{CandidateAssemblyFiles};C:\Program Files\Microsoft Visual Studio\18\Community\VC\Tools\MSVC\14.51.36231\atlmfc\lib\x64;;C:\Program Files\Microsoft Visual Studio\18\Community\VC\Tools\MSVC\14.51.36231\lib\x64;;{HintPathFromItem}" (以前の値: "{CandidateAssemblyFiles};C:\Program Files\Microsoft Visual Studio\18\Community\VC\Tools\MSVC\14.51.36231\atlmfc\lib\x64;;C:\Program Files\Microsoft Visual Studio\18\Community\VC\Tools\MSVC\14.51.36231\lib\x64;") C:\Program Files\Microsoft Visual Studio\18\Community\MSBuild\Current\Bin\Microsoft.Common.CurrentVersion.targets (650,5)
C:\Program Files\Microsoft Visual Studio\18\Community\MSBuild\Current\Bin\Microsoft.Common.CurrentVersion.targets(651,5): message : プロパティの再代入: $(AssemblySearchPaths)="{CandidateAssemblyFiles};C:\Program Files\Microsoft Visual Studio\18\Community\VC\Tools\MSVC\14.51.36231\atlmfc\lib\x64;;C:\Program Files\Microsoft Visual Studio\18\Community\VC\Tools\MSVC\14.51.36231\lib\x64;;{HintPathFromItem};{TargetFrameworkDirectory}" (以前の値: "{CandidateAssemblyFiles};C:\Program Files\Microsoft Visual Studio\18\Community\VC\Tools\MSVC\14.51.36231\atlmfc\lib\x64;;C:\Program Files\Microsoft Visual Studio\18\Community\VC\Tools\MSVC\14.51.36231\lib\x64;;{HintPathFromItem}") C:\Program Files\Microsoft Visual Studio\18\Community\MSBuild\Current\Bin\Microsoft.Common.CurrentVersion.targets (651,5)
C:\Program Files\Microsoft Visual Studio\18\Community\MSBuild\Current\Bin\Microsoft.Common.CurrentVersion.targets(652,5): message : プロパティの再代入: $(AssemblySearchPaths)="{CandidateAssemblyFiles};C:\Program Files\Microsoft Visual Studio\18\Community\VC\Tools\MSVC\14.51.36231\atlmfc\lib\x64;;C:\Program Files\Microsoft Visual Studio\18\Community\VC\Tools\MSVC\14.51.36231\lib\x64;;{HintPathFromItem};{TargetFrameworkDirectory};{AssemblyFoldersFromConfig:C:\Program Files\Microsoft Visual Studio\18\Community\MSBuild\Current\Bin\AssemblyFolders.config,};" (以前の値: "{CandidateAssemblyFiles};C:\Program Files\Microsoft Visual Studio\18\Community\VC\Tools\MSVC\14.51.36231\atlmfc\lib\x64;;C:\Program Files\Microsoft Visual Studio\18\Community\VC\Tools\MSVC\14.51.36231\lib\x64;;{HintPathFromItem};{TargetFrameworkDirectory}") C:\Program Files\Microsoft Visual Studio\18\Community\MSBuild\Current\Bin\Microsoft.Common.CurrentVersion.targets (652,5)
C:\Program Files\Microsoft Visual Studio\18\Community\MSBuild\Current\Bin\Microsoft.Common.CurrentVersion.targets(653,5): message : プロパティの再代入: $(AssemblySearchPaths)="{CandidateAssemblyFiles};C:\Program Files\Microsoft Visual Studio\18\Community\VC\Tools\MSVC\14.51.36231\atlmfc\lib\x64;;C:\Program Files\Microsoft Visual Studio\18\Community\VC\Tools\MSVC\14.51.36231\lib\x64;;{HintPathFromItem};{TargetFrameworkDirectory};{AssemblyFoldersFromConfig:C:\Program Files\Microsoft Visual Studio\18\Community\MSBuild\Current\Bin\AssemblyFolders.config,};;{Registry:Software\Microsoft\,,AssemblyFoldersEx}" (以前の値: "{CandidateAssemblyFiles};C:\Program Files\Microsoft Visual Studio\18\Community\VC\Tools\MSVC\14.51.36231\atlmfc\lib\x64;;C:\Program Files\Microsoft Visual Studio\18\Community\VC\Tools\MSVC\14.51.36231\lib\x64;;{HintPathFromItem};{TargetFrameworkDirectory};{AssemblyFoldersFromConfig:C:\Program Files\Microsoft Visual Studio\18\Community\MSBuild\Current\Bin\AssemblyFolders.config,};") C:\Program Files\Microsoft Visual Studio\18\Community\MSBuild\Current\Bin\Microsoft.Common.CurrentVersion.targets (653,5)
C:\Program Files\Microsoft Visual Studio\18\Community\MSBuild\Current\Bin\Microsoft.Common.CurrentVersion.targets(654,5): message : プロパティの再代入: $(AssemblySearchPaths)="{CandidateAssemblyFiles};C:\Program Files\Microsoft Visual Studio\18\Community\VC\Tools\MSVC\14.51.36231\atlmfc\lib\x64;;C:\Program Files\Microsoft Visual Studio\18\Community\VC\Tools\MSVC\14.51.36231\lib\x64;;{HintPathFromItem};{TargetFrameworkDirectory};{AssemblyFoldersFromConfig:C:\Program Files\Microsoft Visual Studio\18\Community\MSBuild\Current\Bin\AssemblyFolders.config,};;{Registry:Software\Microsoft\,,AssemblyFoldersEx};{AssemblyFolders}" (以前の値: "{CandidateAssemblyFiles};C:\Program Files\Microsoft Visual Studio\18\Community\VC\Tools\MSVC\14.51.36231\atlmfc\lib\x64;;C:\Program Files\Microsoft Visual Studio\18\Community\VC\Tools\MSVC\14.51.36231\lib\x64;;{HintPathFromItem};{TargetFrameworkDirectory};{AssemblyFoldersFromConfig:C:\Program Files\Microsoft Visual Studio\18\Community\MSBuild\Current\Bin\AssemblyFolders.config,};;{Registry:Software\Microsoft\,,AssemblyFoldersEx}") C:\Program Files\Microsoft Visual Studio\18\Community\MSBuild\Current\Bin\Microsoft.Common.CurrentVersion.targets (654,5)
C:\Program Files\Microsoft Visual Studio\18\Community\MSBuild\Current\Bin\Microsoft.Common.CurrentVersion.targets(655,5): message : プロパティの再代入: $(AssemblySearchPaths)="{CandidateAssemblyFiles};C:\Program Files\Microsoft Visual Studio\18\Community\VC\Tools\MSVC\14.51.36231\atlmfc\lib\x64;;C:\Program Files\Microsoft Visual Studio\18\Community\VC\Tools\MSVC\14.51.36231\lib\x64;;{HintPathFromItem};{TargetFrameworkDirectory};{AssemblyFoldersFromConfig:C:\Program Files\Microsoft Visual Studio\18\Community\MSBuild\Current\Bin\AssemblyFolders.config,};;{Registry:Software\Microsoft\,,AssemblyFoldersEx};{AssemblyFolders};{GAC}" (以前の値: "{CandidateAssemblyFiles};C:\Program Files\Microsoft Visual Studio\18\Community\VC\Tools\MSVC\14.51.36231\atlmfc\lib\x64;;C:\Program Files\Microsoft Visual Studio\18\Community\VC\Tools\MSVC\14.51.36231\lib\x64;;{HintPathFromItem};{TargetFrameworkDirectory};{AssemblyFoldersFromConfig:C:\Program Files\Microsoft Visual Studio\18\Community\MSBuild\Current\Bin\AssemblyFolders.config,};;{Registry:Software\Microsoft\,,AssemblyFoldersEx};{AssemblyFolders}") C:\Program Files\Microsoft Visual Studio\18\Community\MSBuild\Current\Bin\Microsoft.Common.CurrentVersion.targets (655,5)
C:\Program Files\Microsoft Visual Studio\18\Community\MSBuild\Current\Bin\Microsoft.Common.CurrentVersion.targets(656,5): message : プロパティの再代入: $(AssemblySearchPaths)="{CandidateAssemblyFiles};C:\Program Files\Microsoft Visual Studio\18\Community\VC\Tools\MSVC\14.51.36231\atlmfc\lib\x64;;C:\Program Files\Microsoft Visual Studio\18\Community\VC\Tools\MSVC\14.51.36231\lib\x64;;{HintPathFromItem};{TargetFrameworkDirectory};{AssemblyFoldersFromConfig:C:\Program Files\Microsoft Visual Studio\18\Community\MSBuild\Current\Bin\AssemblyFolders.config,};;{Registry:Software\Microsoft\,,AssemblyFoldersEx};{AssemblyFolders};{GAC};{RawFileName}" (以前の値: "{CandidateAssemblyFiles};C:\Program Files\Microsoft Visual Studio\18\Community\VC\Tools\MSVC\14.51.36231\atlmfc\lib\x64;;C:\Program Files\Microsoft Visual Studio\18\Community\VC\Tools\MSVC\14.51.36231\lib\x64;;{HintPathFromItem};{TargetFrameworkDirectory};{AssemblyFoldersFromConfig:C:\Program Files\Microsoft Visual Studio\18\Community\MSBuild\Current\Bin\AssemblyFolders.config,};;{Registry:Software\Microsoft\,,AssemblyFoldersEx};{AssemblyFolders};{GAC}") C:\Program Files\Microsoft Visual Studio\18\Community\MSBuild\Current\Bin\Microsoft.Common.CurrentVersion.targets (656,5)
C:\Program Files\Microsoft Visual Studio\18\Community\MSBuild\Current\Bin\Microsoft.Common.CurrentVersion.targets(657,5): message : プロパティの再代入: $(AssemblySearchPaths)="{CandidateAssemblyFiles};C:\Program Files\Microsoft Visual Studio\18\Community\VC\Tools\MSVC\14.51.36231\atlmfc\lib\x64;;C:\Program Files\Microsoft Visual Studio\18\Community\VC\Tools\MSVC\14.51.36231\lib\x64;;{HintPathFromItem};{TargetFrameworkDirectory};{AssemblyFoldersFromConfig:C:\Program Files\Microsoft Visual Studio\18\Community\MSBuild\Current\Bin\AssemblyFolders.config,};;{Registry:Software\Microsoft\,,AssemblyFoldersEx};{AssemblyFolders};{GAC};{RawFileName};C:\Users\k023g\source\repos\TD4-2-Clone2\Project\..\Generated\Outputs\Debug\" (以前の値: "{CandidateAssemblyFiles};C:\Program Files\Microsoft Visual Studio\18\Community\VC\Tools\MSVC\14.51.36231\atlmfc\lib\x64;;C:\Program Files\Microsoft Visual Studio\18\Community\VC\Tools\MSVC\14.51.36231\lib\x64;;{HintPathFromItem};{TargetFrameworkDirectory};{AssemblyFoldersFromConfig:C:\Program Files\Microsoft Visual Studio\18\Community\MSBuild\Current\Bin\AssemblyFolders.config,};;{Registry:Software\Microsoft\,,AssemblyFoldersEx};{AssemblyFolders};{GAC};{RawFileName}") C:\Program Files\Microsoft Visual Studio\18\Community\MSBuild\Current\Bin\Microsoft.Common.CurrentVersion.targets (657,5)
C:\Program Files\Microsoft Visual Studio\18\Community\MSBuild\Current\Bin\Microsoft.Common.CurrentVersion.targets(3950,5): message : プロパティの再代入: $(_SGenGenerateSerializationAssembliesConfig)="Auto" (以前の値: "") C:\Program Files\Microsoft Visual Studio\18\Community\MSBuild\Current\Bin\Microsoft.Common.CurrentVersion.targets (3950,5)
C:\Program Files\Microsoft Visual Studio\18\Community\MSBuild\Current\Bin\Microsoft.Common.CurrentVersion.targets(3951,5): message : プロパティの再代入: $(_SGenGenerateSerializationAssembliesConfig)="Off" (以前の値: "Auto") C:\Program Files\Microsoft Visual Studio\18\Community\MSBuild\Current\Bin\Microsoft.Common.CurrentVersion.targets (3951,5)
C:\Program Files\Microsoft Visual Studio\18\Community\MSBuild\Current\Bin\Microsoft.Common.CurrentVersion.targets(5162,5): message : プロパティの再代入: $(_TargetsThatPrepareProjectReferences)="
C:\Program Files\Microsoft Visual Studio\18\Community\MSBuild\Current\Bin\Microsoft.Common.CurrentVersion.targets(5162,5): message :       AssignProjectConfiguration;
C:\Program Files\Microsoft Visual Studio\18\Community\MSBuild\Current\Bin\Microsoft.Common.CurrentVersion.targets(5162,5): message :       _SplitProjectReferencesByFileExistence
C:\Program Files\Microsoft Visual Studio\18\Community\MSBuild\Current\Bin\Microsoft.Common.CurrentVersion.targets(5162,5): message :     " (以前の値: "_SplitProjectReferencesByFileExistence") C:\Program Files\Microsoft Visual Studio\18\Community\MSBuild\Current\Bin\Microsoft.Common.CurrentVersion.targets (5162,5)
C:\Program Files\Microsoft Visual Studio\18\Community\MSBuild\Microsoft\VisualStudio\v18.0\CodeAnalysis\Microsoft.CodeAnalysis.targets(125,5): message : プロパティの再代入: $(_CodeAnalysisTreatWarningsAsErrors)="false" (以前の値: "") C:\Program Files\Microsoft Visual Studio\18\Community\MSBuild\Microsoft\VisualStudio\v18.0\CodeAnalysis\Microsoft.CodeAnalysis.targets (125,5)
C:\Program Files\Microsoft Visual Studio\18\Community\MSBuild\Microsoft\VisualStudio\v18.0\CodeAnalysis\Microsoft.CodeAnalysis.targets(235,5): message : プロパティの再代入: $(CAExcludePath)="C:\Program Files (x86)\Windows Kits\10\Include\10.0.26100.0\ucrt;;C:\Program Files (x86)\Windows Kits\10\Include\10.0.26100.0\um;C:\Program Files (x86)\Windows Kits\10\Include\10.0.26100.0\shared;C:\Program Files (x86)\Windows Kits\10\Include\10.0.26100.0\winrt;C:\Program Files (x86)\Windows Kits\10\Include\10.0.26100.0\cppwinrt;C:\Program Files (x86)\Windows Kits\NETFXSDK\4.8\Include\um;" (以前の値: "C:\Program Files (x86)\Windows Kits\10\Include\10.0.26100.0\um;C:\Program Files (x86)\Windows Kits\10\Include\10.0.26100.0\shared;C:\Program Files (x86)\Windows Kits\10\Include\10.0.26100.0\winrt;C:\Program Files (x86)\Windows Kits\10\Include\10.0.26100.0\cppwinrt;C:\Program Files (x86)\Windows Kits\NETFXSDK\4.8\Include\um;") C:\Program Files\Microsoft Visual Studio\18\Community\MSBuild\Microsoft\VisualStudio\v18.0\CodeAnalysis\Microsoft.CodeAnalysis.targets (235,5)
C:\Program Files\Microsoft Visual Studio\18\Community\MSBuild\Microsoft\VisualStudio\v18.0\CodeAnalysis\Microsoft.CodeAnalysis.targets(236,5): message : プロパティの再代入: $(CAExcludePath)="C:\Program Files\Microsoft Visual Studio\18\Community\VC\Tools\MSVC\14.51.36231\include;C:\Program Files (x86)\Windows Kits\10\Include\10.0.26100.0\ucrt;;C:\Program Files (x86)\Windows Kits\10\Include\10.0.26100.0\um;C:\Program Files (x86)\Windows Kits\10\Include\10.0.26100.0\shared;C:\Program Files (x86)\Windows Kits\10\Include\10.0.26100.0\winrt;C:\Program Files (x86)\Windows Kits\10\Include\10.0.26100.0\cppwinrt;C:\Program Files (x86)\Windows Kits\NETFXSDK\4.8\Include\um;" (以前の値: "C:\Program Files (x86)\Windows Kits\10\Include\10.0.26100.0\ucrt;;C:\Program Files (x86)\Windows Kits\10\Include\10.0.26100.0\um;C:\Program Files (x86)\Windows Kits\10\Include\10.0.26100.0\shared;C:\Program Files (x86)\Windows Kits\10\Include\10.0.26100.0\winrt;C:\Program Files (x86)\Windows Kits\10\Include\10.0.26100.0\cppwinrt;C:\Program Files (x86)\Windows Kits\NETFXSDK\4.8\Include\um;") C:\Program Files\Microsoft Visual Studio\18\Community\MSBuild\Microsoft\VisualStudio\v18.0\CodeAnalysis\Microsoft.CodeAnalysis.targets (236,5)
C:\Program Files\Microsoft Visual Studio\18\Community\MSBuild\Microsoft\VisualStudio\v18.0\CodeAnalysis\Microsoft.CodeAnalysis.targets(237,5): message : プロパティの再代入: $(CAExcludePath)="C:\Program Files\Microsoft Visual Studio\18\Community\VC\Tools\MSVC\14.51.36231\atlmfc\include;C:\Program Files\Microsoft Visual Studio\18\Community\VC\Tools\MSVC\14.51.36231\include;C:\Program Files (x86)\Windows Kits\10\Include\10.0.26100.0\ucrt;;C:\Program Files (x86)\Windows Kits\10\Include\10.0.26100.0\um;C:\Program Files (x86)\Windows Kits\10\Include\10.0.26100.0\shared;C:\Program Files (x86)\Windows Kits\10\Include\10.0.26100.0\winrt;C:\Program Files (x86)\Windows Kits\10\Include\10.0.26100.0\cppwinrt;C:\Program Files (x86)\Windows Kits\NETFXSDK\4.8\Include\um;" (以前の値: "C:\Program Files\Microsoft Visual Studio\18\Community\VC\Tools\MSVC\14.51.36231\include;C:\Program Files (x86)\Windows Kits\10\Include\10.0.26100.0\ucrt;;C:\Program Files (x86)\Windows Kits\10\Include\10.0.26100.0\um;C:\Program Files (x86)\Windows Kits\10\Include\10.0.26100.0\shared;C:\Program Files (x86)\Windows Kits\10\Include\10.0.26100.0\winrt;C:\Program Files (x86)\Windows Kits\10\Include\10.0.26100.0\cppwinrt;C:\Program Files (x86)\Windows Kits\NETFXSDK\4.8\Include\um;") C:\Program Files\Microsoft Visual Studio\18\Community\MSBuild\Microsoft\VisualStudio\v18.0\CodeAnalysis\Microsoft.CodeAnalysis.targets (237,5)
C:\Program Files\Microsoft Visual Studio\18\Community\MSBuild\Microsoft\VisualStudio\v18.0\CodeAnalysis\Microsoft.CodeAnalysis.targets(240,5): message : プロパティの再代入: $(PrepareForBuildDependsOn)=";GetFrameworkPaths;GetReferenceAssemblyPaths;AssignLinkMetadata;SetCABuildNativeEnvironmentVariables" (以前の値: ";GetFrameworkPaths;GetReferenceAssemblyPaths;AssignLinkMetadata") C:\Program Files\Microsoft Visual Studio\18\Community\MSBuild\Microsoft\VisualStudio\v18.0\CodeAnalysis\Microsoft.CodeAnalysis.targets (240,5)
C:\WINDOWS\Microsoft.NET\Framework\v4.0.30319\Microsoft.Xaml.targets(35,5): message : プロパティの再代入: $(PrepareResourcesDependsOn)="
C:\WINDOWS\Microsoft.NET\Framework\v4.0.30319\Microsoft.Xaml.targets(35,5): message :       XamlMarkupCompilePass1;
C:\WINDOWS\Microsoft.NET\Framework\v4.0.30319\Microsoft.Xaml.targets(35,5): message :       XamlMarkupCompilePass2;
C:\WINDOWS\Microsoft.NET\Framework\v4.0.30319\Microsoft.Xaml.targets(35,5): message :       
C:\WINDOWS\Microsoft.NET\Framework\v4.0.30319\Microsoft.Xaml.targets(35,5): message :       ;
C:\WINDOWS\Microsoft.NET\Framework\v4.0.30319\Microsoft.Xaml.targets(35,5): message :       PrepareResourceNames;
C:\WINDOWS\Microsoft.NET\Framework\v4.0.30319\Microsoft.Xaml.targets(35,5): message :       ResGen;
C:\WINDOWS\Microsoft.NET\Framework\v4.0.30319\Microsoft.Xaml.targets(35,5): message :       CompileLicxFiles
C:\WINDOWS\Microsoft.NET\Framework\v4.0.30319\Microsoft.Xaml.targets(35,5): message :      
C:\WINDOWS\Microsoft.NET\Framework\v4.0.30319\Microsoft.Xaml.targets(35,5): message :     " (以前の値: "
C:\WINDOWS\Microsoft.NET\Framework\v4.0.30319\Microsoft.Xaml.targets(35,5): message :       ;
C:\WINDOWS\Microsoft.NET\Framework\v4.0.30319\Microsoft.Xaml.targets(35,5): message :       PrepareResourceNames;
C:\WINDOWS\Microsoft.NET\Framework\v4.0.30319\Microsoft.Xaml.targets(35,5): message :       ResGen;
C:\WINDOWS\Microsoft.NET\Framework\v4.0.30319\Microsoft.Xaml.targets(35,5): message :       CompileLicxFiles
C:\WINDOWS\Microsoft.NET\Framework\v4.0.30319\Microsoft.Xaml.targets(35,5): message :     ") C:\WINDOWS\Microsoft.NET\Framework\v4.0.30319\Microsoft.Xaml.targets (35,5)
C:\Program Files\Microsoft Visual Studio\18\Community\MSBuild\Microsoft\VisualStudio\v18.0\TeamTest\Microsoft.TeamTest.targets(4,5): message : プロパティの再代入: $(ResolveReferencesDependsOn)="
C:\Program Files\Microsoft Visual Studio\18\Community\MSBuild\Microsoft\VisualStudio\v18.0\TeamTest\Microsoft.TeamTest.targets(4,5): message :       
C:\Program Files\Microsoft Visual Studio\18\Community\MSBuild\Microsoft\VisualStudio\v18.0\TeamTest\Microsoft.TeamTest.targets(4,5): message :       BeforeResolveReferences;
C:\Program Files\Microsoft Visual Studio\18\Community\MSBuild\Microsoft\VisualStudio\v18.0\TeamTest\Microsoft.TeamTest.targets(4,5): message :       AssignProjectConfiguration;
C:\Program Files\Microsoft Visual Studio\18\Community\MSBuild\Microsoft\VisualStudio\v18.0\TeamTest\Microsoft.TeamTest.targets(4,5): message :       ResolveProjectReferences;
C:\Program Files\Microsoft Visual Studio\18\Community\MSBuild\Microsoft\VisualStudio\v18.0\TeamTest\Microsoft.TeamTest.targets(4,5): message :       FindInvalidProjectReferences;
C:\Program Files\Microsoft Visual Studio\18\Community\MSBuild\Microsoft\VisualStudio\v18.0\TeamTest\Microsoft.TeamTest.targets(4,5): message :       ResolveNativeReferences;
C:\Program Files\Microsoft Visual Studio\18\Community\MSBuild\Microsoft\VisualStudio\v18.0\TeamTest\Microsoft.TeamTest.targets(4,5): message :       ResolveAssemblyReferences;
C:\Program Files\Microsoft Visual Studio\18\Community\MSBuild\Microsoft\VisualStudio\v18.0\TeamTest\Microsoft.TeamTest.targets(4,5): message :       GenerateBindingRedirects;
C:\Program Files\Microsoft Visual Studio\18\Community\MSBuild\Microsoft\VisualStudio\v18.0\TeamTest\Microsoft.TeamTest.targets(4,5): message :       GenerateBindingRedirectsUpdateAppConfig;
C:\Program Files\Microsoft Visual Studio\18\Community\MSBuild\Microsoft\VisualStudio\v18.0\TeamTest\Microsoft.TeamTest.targets(4,5): message :       ResolveComReferences;
C:\Program Files\Microsoft Visual Studio\18\Community\MSBuild\Microsoft\VisualStudio\v18.0\TeamTest\Microsoft.TeamTest.targets(4,5): message :       AfterResolveReferences
C:\Program Files\Microsoft Visual Studio\18\Community\MSBuild\Microsoft\VisualStudio\v18.0\TeamTest\Microsoft.TeamTest.targets(4,5): message :     ;
C:\Program Files\Microsoft Visual Studio\18\Community\MSBuild\Microsoft\VisualStudio\v18.0\TeamTest\Microsoft.TeamTest.targets(4,5): message :       ResolveTestReferences
C:\Program Files\Microsoft Visual Studio\18\Community\MSBuild\Microsoft\VisualStudio\v18.0\TeamTest\Microsoft.TeamTest.targets(4,5): message :     " (以前の値: "
C:\Program Files\Microsoft Visual Studio\18\Community\MSBuild\Microsoft\VisualStudio\v18.0\TeamTest\Microsoft.TeamTest.targets(4,5): message :       BeforeResolveReferences;
C:\Program Files\Microsoft Visual Studio\18\Community\MSBuild\Microsoft\VisualStudio\v18.0\TeamTest\Microsoft.TeamTest.targets(4,5): message :       AssignProjectConfiguration;
C:\Program Files\Microsoft Visual Studio\18\Community\MSBuild\Microsoft\VisualStudio\v18.0\TeamTest\Microsoft.TeamTest.targets(4,5): message :       ResolveProjectReferences;
C:\Program Files\Microsoft Visual Studio\18\Community\MSBuild\Microsoft\VisualStudio\v18.0\TeamTest\Microsoft.TeamTest.targets(4,5): message :       FindInvalidProjectReferences;
C:\Program Files\Microsoft Visual Studio\18\Community\MSBuild\Microsoft\VisualStudio\v18.0\TeamTest\Microsoft.TeamTest.targets(4,5): message :       ResolveNativeReferences;
C:\Program Files\Microsoft Visual Studio\18\Community\MSBuild\Microsoft\VisualStudio\v18.0\TeamTest\Microsoft.TeamTest.targets(4,5): message :       ResolveAssemblyReferences;
C:\Program Files\Microsoft Visual Studio\18\Community\MSBuild\Microsoft\VisualStudio\v18.0\TeamTest\Microsoft.TeamTest.targets(4,5): message :       GenerateBindingRedirects;
C:\Program Files\Microsoft Visual Studio\18\Community\MSBuild\Microsoft\VisualStudio\v18.0\TeamTest\Microsoft.TeamTest.targets(4,5): message :       GenerateBindingRedirectsUpdateAppConfig;
C:\Program Files\Microsoft Visual Studio\18\Community\MSBuild\Microsoft\VisualStudio\v18.0\TeamTest\Microsoft.TeamTest.targets(4,5): message :       ResolveComReferences;
C:\Program Files\Microsoft Visual Studio\18\Community\MSBuild\Microsoft\VisualStudio\v18.0\TeamTest\Microsoft.TeamTest.targets(4,5): message :       AfterResolveReferences
C:\Program Files\Microsoft Visual Studio\18\Community\MSBuild\Microsoft\VisualStudio\v18.0\TeamTest\Microsoft.TeamTest.targets(4,5): message :     ") C:\Program Files\Microsoft Visual Studio\18\Community\MSBuild\Microsoft\VisualStudio\v18.0\TeamTest\Microsoft.TeamTest.targets (4,5)
$(MSBuildExtensionsPath) で使用されている検索パスは C:\Program Files\Microsoft Visual Studio\18\Community\MSBuild;$(MSBuildProgramFiles32)\MSBuild です
拡張パス C:\Program Files\Microsoft Visual Studio\18\Community\MSBuild を使用して C:\Program Files\Microsoft Visual Studio\18\Community\MSBuild\$(MSBuildToolsVersion)\Microsoft.Common.targets\ImportAfter\* をインポートしようとしています
$(MSBuildExtensionsPath) で使用されている検索パスは C:\Program Files\Microsoft Visual Studio\18\Community\MSBuild;$(MSBuildProgramFiles32)\MSBuild です
拡張パス C:\Program Files\Microsoft Visual Studio\18\Community\MSBuild を使用して C:\Program Files\Microsoft Visual Studio\18\Community\MSBuild\Sdks\Microsoft.Docker.Sdk\build\Microsoft.Docker.targets をインポートしようとしています
C:\Program Files\Microsoft Visual Studio\18\Community\MSBuild\Microsoft\NuGet\18.0\Microsoft.NuGet.targets(74,5): message : プロパティの再代入: $(ProjectLockFile)="obj\project.assets.json" (以前の値: "C:\Users\k023g\source\repos\TD4-2-Clone2\Project\obj\project.assets.json") C:\Program Files\Microsoft Visual Studio\18\Community\MSBuild\Microsoft\NuGet\18.0\Microsoft.NuGet.targets (74,5)
C:\Program Files\Microsoft Visual Studio\18\Community\MSBuild\Microsoft\NuGet\18.0\Microsoft.NuGet.targets(185,5): message : プロパティの再代入: $(ResolveAssemblyReferencesDependsOn)="
C:\Program Files\Microsoft Visual Studio\18\Community\MSBuild\Microsoft\NuGet\18.0\Microsoft.NuGet.targets(185,5): message :       ResolveProjectReferences;
C:\Program Files\Microsoft Visual Studio\18\Community\MSBuild\Microsoft\NuGet\18.0\Microsoft.NuGet.targets(185,5): message :       FindInvalidProjectReferences;
C:\Program Files\Microsoft Visual Studio\18\Community\MSBuild\Microsoft\NuGet\18.0\Microsoft.NuGet.targets(185,5): message :       GetFrameworkPaths;
C:\Program Files\Microsoft Visual Studio\18\Community\MSBuild\Microsoft\NuGet\18.0\Microsoft.NuGet.targets(185,5): message :       GetReferenceAssemblyPaths;
C:\Program Files\Microsoft Visual Studio\18\Community\MSBuild\Microsoft\NuGet\18.0\Microsoft.NuGet.targets(185,5): message :       PrepareForBuild;
C:\Program Files\Microsoft Visual Studio\18\Community\MSBuild\Microsoft\NuGet\18.0\Microsoft.NuGet.targets(185,5): message :       ResolveSDKReferences;
C:\Program Files\Microsoft Visual Studio\18\Community\MSBuild\Microsoft\NuGet\18.0\Microsoft.NuGet.targets(185,5): message :       ExpandSDKReferences;
C:\Program Files\Microsoft Visual Studio\18\Community\MSBuild\Microsoft\NuGet\18.0\Microsoft.NuGet.targets(185,5): message :     ;ResolveNuGetPackageAssets" (以前の値: "
C:\Program Files\Microsoft Visual Studio\18\Community\MSBuild\Microsoft\NuGet\18.0\Microsoft.NuGet.targets(185,5): message :       ResolveProjectReferences;
C:\Program Files\Microsoft Visual Studio\18\Community\MSBuild\Microsoft\NuGet\18.0\Microsoft.NuGet.targets(185,5): message :       FindInvalidProjectReferences;
C:\Program Files\Microsoft Visual Studio\18\Community\MSBuild\Microsoft\NuGet\18.0\Microsoft.NuGet.targets(185,5): message :       GetFrameworkPaths;
C:\Program Files\Microsoft Visual Studio\18\Community\MSBuild\Microsoft\NuGet\18.0\Microsoft.NuGet.targets(185,5): message :       GetReferenceAssemblyPaths;
C:\Program Files\Microsoft Visual Studio\18\Community\MSBuild\Microsoft\NuGet\18.0\Microsoft.NuGet.targets(185,5): message :       PrepareForBuild;
C:\Program Files\Microsoft Visual Studio\18\Community\MSBuild\Microsoft\NuGet\18.0\Microsoft.NuGet.targets(185,5): message :       ResolveSDKReferences;
C:\Program Files\Microsoft Visual Studio\18\Community\MSBuild\Microsoft\NuGet\18.0\Microsoft.NuGet.targets(185,5): message :       ExpandSDKReferences;
C:\Program Files\Microsoft Visual Studio\18\Community\MSBuild\Microsoft\NuGet\18.0\Microsoft.NuGet.targets(185,5): message :     ") C:\Program Files\Microsoft Visual Studio\18\Community\MSBuild\Microsoft\NuGet\18.0\Microsoft.NuGet.targets (185,5)
C:\Program Files\Microsoft Visual Studio\18\Community\MSBuild\Microsoft\NuGet\18.0\Microsoft.NuGet.targets(186,5): message : プロパティの再代入: $(PrepareResourcesDependsOn)="ResolveNuGetPackageAssets;
C:\Program Files\Microsoft Visual Studio\18\Community\MSBuild\Microsoft\NuGet\18.0\Microsoft.NuGet.targets(186,5): message :       XamlMarkupCompilePass1;
C:\Program Files\Microsoft Visual Studio\18\Community\MSBuild\Microsoft\NuGet\18.0\Microsoft.NuGet.targets(186,5): message :       XamlMarkupCompilePass2;
C:\Program Files\Microsoft Visual Studio\18\Community\MSBuild\Microsoft\NuGet\18.0\Microsoft.NuGet.targets(186,5): message :       
C:\Program Files\Microsoft Visual Studio\18\Community\MSBuild\Microsoft\NuGet\18.0\Microsoft.NuGet.targets(186,5): message :       ;
C:\Program Files\Microsoft Visual Studio\18\Community\MSBuild\Microsoft\NuGet\18.0\Microsoft.NuGet.targets(186,5): message :       PrepareResourceNames;
C:\Program Files\Microsoft Visual Studio\18\Community\MSBuild\Microsoft\NuGet\18.0\Microsoft.NuGet.targets(186,5): message :       ResGen;
C:\Program Files\Microsoft Visual Studio\18\Community\MSBuild\Microsoft\NuGet\18.0\Microsoft.NuGet.targets(186,5): message :       CompileLicxFiles
C:\Program Files\Microsoft Visual Studio\18\Community\MSBuild\Microsoft\NuGet\18.0\Microsoft.NuGet.targets(186,5): message :      
C:\Program Files\Microsoft Visual Studio\18\Community\MSBuild\Microsoft\NuGet\18.0\Microsoft.NuGet.targets(186,5): message :     " (以前の値: "
C:\Program Files\Microsoft Visual Studio\18\Community\MSBuild\Microsoft\NuGet\18.0\Microsoft.NuGet.targets(186,5): message :       XamlMarkupCompilePass1;
C:\Program Files\Microsoft Visual Studio\18\Community\MSBuild\Microsoft\NuGet\18.0\Microsoft.NuGet.targets(186,5): message :       XamlMarkupCompilePass2;
C:\Program Files\Microsoft Visual Studio\18\Community\MSBuild\Microsoft\NuGet\18.0\Microsoft.NuGet.targets(186,5): message :       
C:\Program Files\Microsoft Visual Studio\18\Community\MSBuild\Microsoft\NuGet\18.0\Microsoft.NuGet.targets(186,5): message :       ;
C:\Program Files\Microsoft Visual Studio\18\Community\MSBuild\Microsoft\NuGet\18.0\Microsoft.NuGet.targets(186,5): message :       PrepareResourceNames;
C:\Program Files\Microsoft Visual Studio\18\Community\MSBuild\Microsoft\NuGet\18.0\Microsoft.NuGet.targets(186,5): message :       ResGen;
C:\Program Files\Microsoft Visual Studio\18\Community\MSBuild\Microsoft\NuGet\18.0\Microsoft.NuGet.targets(186,5): message :       CompileLicxFiles
C:\Program Files\Microsoft Visual Studio\18\Community\MSBuild\Microsoft\NuGet\18.0\Microsoft.NuGet.targets(186,5): message :      
C:\Program Files\Microsoft Visual Studio\18\Community\MSBuild\Microsoft\NuGet\18.0\Microsoft.NuGet.targets(186,5): message :     ") C:\Program Files\Microsoft Visual Studio\18\Community\MSBuild\Microsoft\NuGet\18.0\Microsoft.NuGet.targets (186,5)
$(MSBuildExtensionsPath) で使用されている検索パスは C:\Program Files\Microsoft Visual Studio\18\Community\MSBuild;$(MSBuildProgramFiles32)\MSBuild です
$(MSBuildExtensionsPath) で使用されている検索パスは C:\Program Files\Microsoft Visual Studio\18\Community\MSBuild;$(MSBuildProgramFiles32)\MSBuild です
拡張パス C:\Program Files\Microsoft Visual Studio\18\Community\MSBuild を使用して C:\Program Files\Microsoft Visual Studio\18\Community\MSBuild\Microsoft\VisualStudio\WebTools.Aspire\Microsoft.WebTools.Aspire.targets をインポートしようとしています
C:\Program Files\Microsoft Visual Studio\18\Community\MSBuild\Microsoft\VisualStudio\WebTools.Aspire\Microsoft.WebTools.Aspire.targets(25,5): message : プロパティの再代入: $(JsonSchemaCombinedFilePath)="C:\Users\k023g\source\repos\TD4-2-Clone2\Generated\Obj\ONEngine\Debug\CombinedComponentSchema.json" (以前の値: "C:\Users\k023g\source\repos\TD4-2-Clone2\Project\..\Generated\Obj\ONEngine\Debug\\CombinedComponentSchema.json") C:\Program Files\Microsoft Visual Studio\18\Community\MSBuild\Microsoft\VisualStudio\WebTools.Aspire\Microsoft.WebTools.Aspire.targets (25,5)
C:\Program Files\Microsoft Visual Studio\18\Community\MSBuild\Microsoft\VisualStudio\WebTools.Aspire\Microsoft.WebTools.Aspire.targets(27,5): message : プロパティの再代入: $(AppSettingsJsonSchemaCombinedFilePath)="C:\Users\k023g\source\repos\TD4-2-Clone2\Generated\Obj\ONEngine\Debug\AppSettingsSchema.json" (以前の値: "C:\Users\k023g\source\repos\TD4-2-Clone2\Project\..\Generated\Obj\ONEngine\Debug\\AppSettingsSchema.json") C:\Program Files\Microsoft Visual Studio\18\Community\MSBuild\Microsoft\VisualStudio\WebTools.Aspire\Microsoft.WebTools.Aspire.targets (27,5)
C:\Program Files\Microsoft Visual Studio\18\Community\MSBuild\Xamarin\Xamarin.Sdk.targets(9,9): message : プロパティの再代入: $(PrepareForRunDependsOn)="
C:\Program Files\Microsoft Visual Studio\18\Community\MSBuild\Xamarin\Xamarin.Sdk.targets(9,9): message :             _CalculatePostXamarinTelemetry;
C:\Program Files\Microsoft Visual Studio\18\Community\MSBuild\Xamarin\Xamarin.Sdk.targets(9,9): message :             _PostXamarinTelemetry;
C:\Program Files\Microsoft Visual Studio\18\Community\MSBuild\Xamarin\Xamarin.Sdk.targets(9,9): message :             
C:\Program Files\Microsoft Visual Studio\18\Community\MSBuild\Xamarin\Xamarin.Sdk.targets(9,9): message :       CopyFilesToOutputDirectory
C:\Program Files\Microsoft Visual Studio\18\Community\MSBuild\Xamarin\Xamarin.Sdk.targets(9,9): message :     
C:\Program Files\Microsoft Visual Studio\18\Community\MSBuild\Xamarin\Xamarin.Sdk.targets(9,9): message :         " (以前の値: "
C:\Program Files\Microsoft Visual Studio\18\Community\MSBuild\Xamarin\Xamarin.Sdk.targets(9,9): message :       CopyFilesToOutputDirectory
C:\Program Files\Microsoft Visual Studio\18\Community\MSBuild\Xamarin\Xamarin.Sdk.targets(9,9): message :     ") C:\Program Files\Microsoft Visual Studio\18\Community\MSBuild\Xamarin\Xamarin.Sdk.targets (9,9)
C:\Program Files\Microsoft Visual Studio\18\Community\MSBuild\Microsoft\VC\v180\Microsoft.BuildSteps.Targets(39,5): message : プロパティの再代入: $(DebugType)="" (以前の値: "none") C:\Program Files\Microsoft Visual Studio\18\Community\MSBuild\Microsoft\VC\v180\Microsoft.BuildSteps.Targets (39,5)
C:\Program Files\Microsoft Visual Studio\18\Community\MSBuild\Microsoft\VC\v180\Microsoft.BuildSteps.Targets(122,5): message : プロパティの再代入: $(BuildDependsOn)="
C:\Program Files\Microsoft Visual Studio\18\Community\MSBuild\Microsoft\VC\v180\Microsoft.BuildSteps.Targets(122,5): message :       _PrepareForBuild;
C:\Program Files\Microsoft Visual Studio\18\Community\MSBuild\Microsoft\VC\v180\Microsoft.BuildSteps.Targets(122,5): message :       
C:\Program Files\Microsoft Visual Studio\18\Community\MSBuild\Microsoft\VC\v180\Microsoft.BuildSteps.Targets(122,5): message :       ResolveReferences;
C:\Program Files\Microsoft Visual Studio\18\Community\MSBuild\Microsoft\VC\v180\Microsoft.BuildSteps.Targets(122,5): message :       PrepareForBuild;
C:\Program Files\Microsoft Visual Studio\18\Community\MSBuild\Microsoft\VC\v180\Microsoft.BuildSteps.Targets(122,5): message :       InitializeBuildStatus;
C:\Program Files\Microsoft Visual Studio\18\Community\MSBuild\Microsoft\VC\v180\Microsoft.BuildSteps.Targets(122,5): message :       BuildGenerateSources;
C:\Program Files\Microsoft Visual Studio\18\Community\MSBuild\Microsoft\VC\v180\Microsoft.BuildSteps.Targets(122,5): message :       BuildCompile;
C:\Program Files\Microsoft Visual Studio\18\Community\MSBuild\Microsoft\VC\v180\Microsoft.BuildSteps.Targets(122,5): message :       BuildLink;
C:\Program Files\Microsoft Visual Studio\18\Community\MSBuild\Microsoft\VC\v180\Microsoft.BuildSteps.Targets(122,5): message :     ;
C:\Program Files\Microsoft Visual Studio\18\Community\MSBuild\Microsoft\VC\v180\Microsoft.BuildSteps.Targets(122,5): message :       AfterBuild;
C:\Program Files\Microsoft Visual Studio\18\Community\MSBuild\Microsoft\VC\v180\Microsoft.BuildSteps.Targets(122,5): message :       IncrementalClean;
C:\Program Files\Microsoft Visual Studio\18\Community\MSBuild\Microsoft\VC\v180\Microsoft.BuildSteps.Targets(122,5): message :       TlogCleanup;
C:\Program Files\Microsoft Visual Studio\18\Community\MSBuild\Microsoft\VC\v180\Microsoft.BuildSteps.Targets(122,5): message :       FinalizeBuildStatus;
C:\Program Files\Microsoft Visual Studio\18\Community\MSBuild\Microsoft\VC\v180\Microsoft.BuildSteps.Targets(122,5): message :     " (以前の値: "
C:\Program Files\Microsoft Visual Studio\18\Community\MSBuild\Microsoft\VC\v180\Microsoft.BuildSteps.Targets(122,5): message :       BeforeBuild;
C:\Program Files\Microsoft Visual Studio\18\Community\MSBuild\Microsoft\VC\v180\Microsoft.BuildSteps.Targets(122,5): message :       CoreBuild;
C:\Program Files\Microsoft Visual Studio\18\Community\MSBuild\Microsoft\VC\v180\Microsoft.BuildSteps.Targets(122,5): message :       AfterBuild
C:\Program Files\Microsoft Visual Studio\18\Community\MSBuild\Microsoft\VC\v180\Microsoft.BuildSteps.Targets(122,5): message :     ") C:\Program Files\Microsoft Visual Studio\18\Community\MSBuild\Microsoft\VC\v180\Microsoft.BuildSteps.Targets (122,5)
C:\Program Files\Microsoft Visual Studio\18\Community\MSBuild\Microsoft\VC\v180\Microsoft.BuildSteps.Targets(131,5): message : プロパティの再代入: $(RebuildDependsOn)="
C:\Program Files\Microsoft Visual Studio\18\Community\MSBuild\Microsoft\VC\v180\Microsoft.BuildSteps.Targets(131,5): message :       _PrepareForRebuild;
C:\Program Files\Microsoft Visual Studio\18\Community\MSBuild\Microsoft\VC\v180\Microsoft.BuildSteps.Targets(131,5): message :       
C:\Program Files\Microsoft Visual Studio\18\Community\MSBuild\Microsoft\VC\v180\Microsoft.BuildSteps.Targets(131,5): message :       BeforeRebuild;
C:\Program Files\Microsoft Visual Studio\18\Community\MSBuild\Microsoft\VC\v180\Microsoft.BuildSteps.Targets(131,5): message :       Clean;
C:\Program Files\Microsoft Visual Studio\18\Community\MSBuild\Microsoft\VC\v180\Microsoft.BuildSteps.Targets(131,5): message :       Build;
C:\Program Files\Microsoft Visual Studio\18\Community\MSBuild\Microsoft\VC\v180\Microsoft.BuildSteps.Targets(131,5): message :       AfterRebuild;
C:\Program Files\Microsoft Visual Studio\18\Community\MSBuild\Microsoft\VC\v180\Microsoft.BuildSteps.Targets(131,5): message :     ;
C:\Program Files\Microsoft Visual Studio\18\Community\MSBuild\Microsoft\VC\v180\Microsoft.BuildSteps.Targets(131,5): message :     " (以前の値: "
C:\Program Files\Microsoft Visual Studio\18\Community\MSBuild\Microsoft\VC\v180\Microsoft.BuildSteps.Targets(131,5): message :       BeforeRebuild;
C:\Program Files\Microsoft Visual Studio\18\Community\MSBuild\Microsoft\VC\v180\Microsoft.BuildSteps.Targets(131,5): message :       Clean;
C:\Program Files\Microsoft Visual Studio\18\Community\MSBuild\Microsoft\VC\v180\Microsoft.BuildSteps.Targets(131,5): message :       Build;
C:\Program Files\Microsoft Visual Studio\18\Community\MSBuild\Microsoft\VC\v180\Microsoft.BuildSteps.Targets(131,5): message :       AfterRebuild;
C:\Program Files\Microsoft Visual Studio\18\Community\MSBuild\Microsoft\VC\v180\Microsoft.BuildSteps.Targets(131,5): message :     ") C:\Program Files\Microsoft Visual Studio\18\Community\MSBuild\Microsoft\VC\v180\Microsoft.BuildSteps.Targets (131,5)
C:\Program Files\Microsoft Visual Studio\18\Community\MSBuild\Microsoft\VC\v180\Microsoft.BuildSteps.Targets(136,5): message : プロパティの再代入: $(CleanDependsOn)="
C:\Program Files\Microsoft Visual Studio\18\Community\MSBuild\Microsoft\VC\v180\Microsoft.BuildSteps.Targets(136,5): message :       _PrepareForClean;
C:\Program Files\Microsoft Visual Studio\18\Community\MSBuild\Microsoft\VC\v180\Microsoft.BuildSteps.Targets(136,5): message :       
C:\Program Files\Microsoft Visual Studio\18\Community\MSBuild\Microsoft\VC\v180\Microsoft.BuildSteps.Targets(136,5): message :       BeforeClean;
C:\Program Files\Microsoft Visual Studio\18\Community\MSBuild\Microsoft\VC\v180\Microsoft.BuildSteps.Targets(136,5): message :       UnmanagedUnregistration;
C:\Program Files\Microsoft Visual Studio\18\Community\MSBuild\Microsoft\VC\v180\Microsoft.BuildSteps.Targets(136,5): message :       CoreClean;
C:\Program Files\Microsoft Visual Studio\18\Community\MSBuild\Microsoft\VC\v180\Microsoft.BuildSteps.Targets(136,5): message :       CleanReferencedProjects;
C:\Program Files\Microsoft Visual Studio\18\Community\MSBuild\Microsoft\VC\v180\Microsoft.BuildSteps.Targets(136,5): message :       CleanPublishFolder;
C:\Program Files\Microsoft Visual Studio\18\Community\MSBuild\Microsoft\VC\v180\Microsoft.BuildSteps.Targets(136,5): message :       AfterClean
C:\Program Files\Microsoft Visual Studio\18\Community\MSBuild\Microsoft\VC\v180\Microsoft.BuildSteps.Targets(136,5): message :     ;
C:\Program Files\Microsoft Visual Studio\18\Community\MSBuild\Microsoft\VC\v180\Microsoft.BuildSteps.Targets(136,5): message :     " (以前の値: "
C:\Program Files\Microsoft Visual Studio\18\Community\MSBuild\Microsoft\VC\v180\Microsoft.BuildSteps.Targets(136,5): message :       BeforeClean;
C:\Program Files\Microsoft Visual Studio\18\Community\MSBuild\Microsoft\VC\v180\Microsoft.BuildSteps.Targets(136,5): message :       UnmanagedUnregistration;
C:\Program Files\Microsoft Visual Studio\18\Community\MSBuild\Microsoft\VC\v180\Microsoft.BuildSteps.Targets(136,5): message :       CoreClean;
C:\Program Files\Microsoft Visual Studio\18\Community\MSBuild\Microsoft\VC\v180\Microsoft.BuildSteps.Targets(136,5): message :       CleanReferencedProjects;
C:\Program Files\Microsoft Visual Studio\18\Community\MSBuild\Microsoft\VC\v180\Microsoft.BuildSteps.Targets(136,5): message :       CleanPublishFolder;
C:\Program Files\Microsoft Visual Studio\18\Community\MSBuild\Microsoft\VC\v180\Microsoft.BuildSteps.Targets(136,5): message :       AfterClean
C:\Program Files\Microsoft Visual Studio\18\Community\MSBuild\Microsoft\VC\v180\Microsoft.BuildSteps.Targets(136,5): message :     ") C:\Program Files\Microsoft Visual Studio\18\Community\MSBuild\Microsoft\VC\v180\Microsoft.BuildSteps.Targets (136,5)
C:\Program Files\Microsoft Visual Studio\18\Community\MSBuild\Microsoft\VC\v180\Microsoft.CppBuild.targets(60,5): message : プロパティの再代入: $(BeforeBuildGenerateSourcesTargets)="
C:\Program Files\Microsoft Visual Studio\18\Community\MSBuild\Microsoft\VC\v180\Microsoft.CppBuild.targets(60,5): message :       
C:\Program Files\Microsoft Visual Studio\18\Community\MSBuild\Microsoft\VC\v180\Microsoft.CppBuild.targets(60,5): message :       ;
C:\Program Files\Microsoft Visual Studio\18\Community\MSBuild\Microsoft\VC\v180\Microsoft.CppBuild.targets(60,5): message :       BeforeBuildGenerateSources;
C:\Program Files\Microsoft Visual Studio\18\Community\MSBuild\Microsoft\VC\v180\Microsoft.CppBuild.targets(60,5): message :     ;
C:\Program Files\Microsoft Visual Studio\18\Community\MSBuild\Microsoft\VC\v180\Microsoft.CppBuild.targets(60,5): message :     " (以前の値: "
C:\Program Files\Microsoft Visual Studio\18\Community\MSBuild\Microsoft\VC\v180\Microsoft.CppBuild.targets(60,5): message :       ;
C:\Program Files\Microsoft Visual Studio\18\Community\MSBuild\Microsoft\VC\v180\Microsoft.CppBuild.targets(60,5): message :       BeforeBuildGenerateSources;
C:\Program Files\Microsoft Visual Studio\18\Community\MSBuild\Microsoft\VC\v180\Microsoft.CppBuild.targets(60,5): message :     ") C:\Program Files\Microsoft Visual Studio\18\Community\MSBuild\Microsoft\VC\v180\Microsoft.CppBuild.targets (60,5)
C:\Program Files\Microsoft Visual Studio\18\Community\MSBuild\Microsoft\VC\v180\Microsoft.CppBuild.targets(71,5): message : プロパティの再代入: $(AfterBuildGenerateSourcesTargets)="
C:\Program Files\Microsoft Visual Studio\18\Community\MSBuild\Microsoft\VC\v180\Microsoft.CppBuild.targets(71,5): message :       
C:\Program Files\Microsoft Visual Studio\18\Community\MSBuild\Microsoft\VC\v180\Microsoft.CppBuild.targets(71,5): message :       ;
C:\Program Files\Microsoft Visual Studio\18\Community\MSBuild\Microsoft\VC\v180\Microsoft.CppBuild.targets(71,5): message :       AfterBuildGenerateSources;
C:\Program Files\Microsoft Visual Studio\18\Community\MSBuild\Microsoft\VC\v180\Microsoft.CppBuild.targets(71,5): message :     ;
C:\Program Files\Microsoft Visual Studio\18\Community\MSBuild\Microsoft\VC\v180\Microsoft.CppBuild.targets(71,5): message :       AfterBuildGenerateSourcesEvent;
C:\Program Files\Microsoft Visual Studio\18\Community\MSBuild\Microsoft\VC\v180\Microsoft.CppBuild.targets(71,5): message :     " (以前の値: "
C:\Program Files\Microsoft Visual Studio\18\Community\MSBuild\Microsoft\VC\v180\Microsoft.CppBuild.targets(71,5): message :       ;
C:\Program Files\Microsoft Visual Studio\18\Community\MSBuild\Microsoft\VC\v180\Microsoft.CppBuild.targets(71,5): message :       AfterBuildGenerateSources;
C:\Program Files\Microsoft Visual Studio\18\Community\MSBuild\Microsoft\VC\v180\Microsoft.CppBuild.targets(71,5): message :     ") C:\Program Files\Microsoft Visual Studio\18\Community\MSBuild\Microsoft\VC\v180\Microsoft.CppBuild.targets (71,5)
C:\Program Files\Microsoft Visual Studio\18\Community\MSBuild\Microsoft\VC\v180\Microsoft.CppBuild.targets(140,5): message : プロパティの再代入: $(BuildGenerateSourcesAction)="_BuildGenerateSourcesAction" (以前の値: "Build") C:\Program Files\Microsoft Visual Studio\18\Community\MSBuild\Microsoft\VC\v180\Microsoft.CppBuild.targets (140,5)
C:\Program Files\Microsoft Visual Studio\18\Community\MSBuild\Microsoft\VC\v180\Microsoft.CppBuild.targets(141,5): message : プロパティの再代入: $(BuildCompileAction)="_BuildCompileAction" (以前の値: "Build") C:\Program Files\Microsoft Visual Studio\18\Community\MSBuild\Microsoft\VC\v180\Microsoft.CppBuild.targets (141,5)
C:\Program Files\Microsoft Visual Studio\18\Community\MSBuild\Microsoft\VC\v180\Microsoft.CppBuild.targets(142,5): message : プロパティの再代入: $(BuildLinkAction)="_BuildLinkAction" (以前の値: "Build") C:\Program Files\Microsoft Visual Studio\18\Community\MSBuild\Microsoft\VC\v180\Microsoft.CppBuild.targets (142,5)
C:\Program Files\Microsoft Visual Studio\18\Community\MSBuild\Microsoft\VC\v180\Microsoft.CppBuild.targets(258,5): message : プロパティの再代入: $(DetermineProjectTypeTargets)="_PrepareForReferenceResolution;
C:\Program Files\Microsoft Visual Studio\18\Community\MSBuild\Microsoft\VC\v180\Microsoft.CppBuild.targets(258,5): message :       ;
C:\Program Files\Microsoft Visual Studio\18\Community\MSBuild\Microsoft\VC\v180\Microsoft.CppBuild.targets(258,5): message :       AddExternalIncludDirectoriesToPaths
C:\Program Files\Microsoft Visual Studio\18\Community\MSBuild\Microsoft\VC\v180\Microsoft.CppBuild.targets(258,5): message :     " (以前の値: "
C:\Program Files\Microsoft Visual Studio\18\Community\MSBuild\Microsoft\VC\v180\Microsoft.CppBuild.targets(258,5): message :       ;
C:\Program Files\Microsoft Visual Studio\18\Community\MSBuild\Microsoft\VC\v180\Microsoft.CppBuild.targets(258,5): message :       AddExternalIncludDirectoriesToPaths
C:\Program Files\Microsoft Visual Studio\18\Community\MSBuild\Microsoft\VC\v180\Microsoft.CppBuild.targets(258,5): message :     ") C:\Program Files\Microsoft Visual Studio\18\Community\MSBuild\Microsoft\VC\v180\Microsoft.CppBuild.targets (258,5)
C:\Program Files\Microsoft Visual Studio\18\Community\MSBuild\Microsoft\VC\v180\Microsoft.CppBuild.targets(323,5): message : プロパティの再代入: $(ResolveReferencesDependsOn)="_PrepareForReferenceResolution;ComputeCrtSDKReference;
C:\Program Files\Microsoft Visual Studio\18\Community\MSBuild\Microsoft\VC\v180\Microsoft.CppBuild.targets(323,5): message :       
C:\Program Files\Microsoft Visual Studio\18\Community\MSBuild\Microsoft\VC\v180\Microsoft.CppBuild.targets(323,5): message :       BeforeResolveReferences;
C:\Program Files\Microsoft Visual Studio\18\Community\MSBuild\Microsoft\VC\v180\Microsoft.CppBuild.targets(323,5): message :       AssignProjectConfiguration;
C:\Program Files\Microsoft Visual Studio\18\Community\MSBuild\Microsoft\VC\v180\Microsoft.CppBuild.targets(323,5): message :       ResolveProjectReferences;
C:\Program Files\Microsoft Visual Studio\18\Community\MSBuild\Microsoft\VC\v180\Microsoft.CppBuild.targets(323,5): message :       FindInvalidProjectReferences;
C:\Program Files\Microsoft Visual Studio\18\Community\MSBuild\Microsoft\VC\v180\Microsoft.CppBuild.targets(323,5): message :       ResolveNativeReferences;
C:\Program Files\Microsoft Visual Studio\18\Community\MSBuild\Microsoft\VC\v180\Microsoft.CppBuild.targets(323,5): message :       ResolveAssemblyReferences;
C:\Program Files\Microsoft Visual Studio\18\Community\MSBuild\Microsoft\VC\v180\Microsoft.CppBuild.targets(323,5): message :       GenerateBindingRedirects;
C:\Program Files\Microsoft Visual Studio\18\Community\MSBuild\Microsoft\VC\v180\Microsoft.CppBuild.targets(323,5): message :       GenerateBindingRedirectsUpdateAppConfig;
C:\Program Files\Microsoft Visual Studio\18\Community\MSBuild\Microsoft\VC\v180\Microsoft.CppBuild.targets(323,5): message :       ResolveComReferences;
C:\Program Files\Microsoft Visual Studio\18\Community\MSBuild\Microsoft\VC\v180\Microsoft.CppBuild.targets(323,5): message :       AfterResolveReferences
C:\Program Files\Microsoft Visual Studio\18\Community\MSBuild\Microsoft\VC\v180\Microsoft.CppBuild.targets(323,5): message :     ;
C:\Program Files\Microsoft Visual Studio\18\Community\MSBuild\Microsoft\VC\v180\Microsoft.CppBuild.targets(323,5): message :       ResolveTestReferences
C:\Program Files\Microsoft Visual Studio\18\Community\MSBuild\Microsoft\VC\v180\Microsoft.CppBuild.targets(323,5): message :     " (以前の値: "
C:\Program Files\Microsoft Visual Studio\18\Community\MSBuild\Microsoft\VC\v180\Microsoft.CppBuild.targets(323,5): message :       
C:\Program Files\Microsoft Visual Studio\18\Community\MSBuild\Microsoft\VC\v180\Microsoft.CppBuild.targets(323,5): message :       BeforeResolveReferences;
C:\Program Files\Microsoft Visual Studio\18\Community\MSBuild\Microsoft\VC\v180\Microsoft.CppBuild.targets(323,5): message :       AssignProjectConfiguration;
C:\Program Files\Microsoft Visual Studio\18\Community\MSBuild\Microsoft\VC\v180\Microsoft.CppBuild.targets(323,5): message :       ResolveProjectReferences;
C:\Program Files\Microsoft Visual Studio\18\Community\MSBuild\Microsoft\VC\v180\Microsoft.CppBuild.targets(323,5): message :       FindInvalidProjectReferences;
C:\Program Files\Microsoft Visual Studio\18\Community\MSBuild\Microsoft\VC\v180\Microsoft.CppBuild.targets(323,5): message :       ResolveNativeReferences;
C:\Program Files\Microsoft Visual Studio\18\Community\MSBuild\Microsoft\VC\v180\Microsoft.CppBuild.targets(323,5): message :       ResolveAssemblyReferences;
C:\Program Files\Microsoft Visual Studio\18\Community\MSBuild\Microsoft\VC\v180\Microsoft.CppBuild.targets(323,5): message :       GenerateBindingRedirects;
C:\Program Files\Microsoft Visual Studio\18\Community\MSBuild\Microsoft\VC\v180\Microsoft.CppBuild.targets(323,5): message :       GenerateBindingRedirectsUpdateAppConfig;
C:\Program Files\Microsoft Visual Studio\18\Community\MSBuild\Microsoft\VC\v180\Microsoft.CppBuild.targets(323,5): message :       ResolveComReferences;
C:\Program Files\Microsoft Visual Studio\18\Community\MSBuild\Microsoft\VC\v180\Microsoft.CppBuild.targets(323,5): message :       AfterResolveReferences
C:\Program Files\Microsoft Visual Studio\18\Community\MSBuild\Microsoft\VC\v180\Microsoft.CppBuild.targets(323,5): message :     ;
C:\Program Files\Microsoft Visual Studio\18\Community\MSBuild\Microsoft\VC\v180\Microsoft.CppBuild.targets(323,5): message :       ResolveTestReferences
C:\Program Files\Microsoft Visual Studio\18\Community\MSBuild\Microsoft\VC\v180\Microsoft.CppBuild.targets(323,5): message :     ") C:\Program Files\Microsoft Visual Studio\18\Community\MSBuild\Microsoft\VC\v180\Microsoft.CppBuild.targets (323,5)
C:\Program Files\Microsoft Visual Studio\18\Community\MSBuild\Microsoft\VC\v180\Microsoft.CppBuild.targets(324,5): message : プロパティの再代入: $(ResolveAssemblyReferencesDependsOn)="_PrepareForReferenceResolution;
C:\Program Files\Microsoft Visual Studio\18\Community\MSBuild\Microsoft\VC\v180\Microsoft.CppBuild.targets(324,5): message :       ResolveProjectReferences;
C:\Program Files\Microsoft Visual Studio\18\Community\MSBuild\Microsoft\VC\v180\Microsoft.CppBuild.targets(324,5): message :       FindInvalidProjectReferences;
C:\Program Files\Microsoft Visual Studio\18\Community\MSBuild\Microsoft\VC\v180\Microsoft.CppBuild.targets(324,5): message :       GetFrameworkPaths;
C:\Program Files\Microsoft Visual Studio\18\Community\MSBuild\Microsoft\VC\v180\Microsoft.CppBuild.targets(324,5): message :       GetReferenceAssemblyPaths;
C:\Program Files\Microsoft Visual Studio\18\Community\MSBuild\Microsoft\VC\v180\Microsoft.CppBuild.targets(324,5): message :       PrepareForBuild;
C:\Program Files\Microsoft Visual Studio\18\Community\MSBuild\Microsoft\VC\v180\Microsoft.CppBuild.targets(324,5): message :       ResolveSDKReferences;
C:\Program Files\Microsoft Visual Studio\18\Community\MSBuild\Microsoft\VC\v180\Microsoft.CppBuild.targets(324,5): message :       ExpandSDKReferences;
C:\Program Files\Microsoft Visual Studio\18\Community\MSBuild\Microsoft\VC\v180\Microsoft.CppBuild.targets(324,5): message :     ;ResolveNuGetPackageAssets" (以前の値: "
C:\Program Files\Microsoft Visual Studio\18\Community\MSBuild\Microsoft\VC\v180\Microsoft.CppBuild.targets(324,5): message :       ResolveProjectReferences;
C:\Program Files\Microsoft Visual Studio\18\Community\MSBuild\Microsoft\VC\v180\Microsoft.CppBuild.targets(324,5): message :       FindInvalidProjectReferences;
C:\Program Files\Microsoft Visual Studio\18\Community\MSBuild\Microsoft\VC\v180\Microsoft.CppBuild.targets(324,5): message :       GetFrameworkPaths;
C:\Program Files\Microsoft Visual Studio\18\Community\MSBuild\Microsoft\VC\v180\Microsoft.CppBuild.targets(324,5): message :       GetReferenceAssemblyPaths;
C:\Program Files\Microsoft Visual Studio\18\Community\MSBuild\Microsoft\VC\v180\Microsoft.CppBuild.targets(324,5): message :       PrepareForBuild;
C:\Program Files\Microsoft Visual Studio\18\Community\MSBuild\Microsoft\VC\v180\Microsoft.CppBuild.targets(324,5): message :       ResolveSDKReferences;
C:\Program Files\Microsoft Visual Studio\18\Community\MSBuild\Microsoft\VC\v180\Microsoft.CppBuild.targets(324,5): message :       ExpandSDKReferences;
C:\Program Files\Microsoft Visual Studio\18\Community\MSBuild\Microsoft\VC\v180\Microsoft.CppBuild.targets(324,5): message :     ;ResolveNuGetPackageAssets") C:\Program Files\Microsoft Visual Studio\18\Community\MSBuild\Microsoft\VC\v180\Microsoft.CppBuild.targets (324,5)
C:\Program Files\Microsoft Visual Studio\18\Community\MSBuild\Microsoft\VC\v180\Microsoft.CppBuild.targets(325,5): message : プロパティの再代入: $(ResolveSDKReferencesDependsOn)="_PrepareForReferenceResolution;ComputeCrtSDKReference;
C:\Program Files\Microsoft Visual Studio\18\Community\MSBuild\Microsoft\VC\v180\Microsoft.CppBuild.targets(325,5): message :       GetInstalledSDKLocations
C:\Program Files\Microsoft Visual Studio\18\Community\MSBuild\Microsoft\VC\v180\Microsoft.CppBuild.targets(325,5): message :     " (以前の値: "
C:\Program Files\Microsoft Visual Studio\18\Community\MSBuild\Microsoft\VC\v180\Microsoft.CppBuild.targets(325,5): message :       GetInstalledSDKLocations
C:\Program Files\Microsoft Visual Studio\18\Community\MSBuild\Microsoft\VC\v180\Microsoft.CppBuild.targets(325,5): message :     ") C:\Program Files\Microsoft Visual Studio\18\Community\MSBuild\Microsoft\VC\v180\Microsoft.CppBuild.targets (325,5)
C:\Program Files\Microsoft Visual Studio\18\Community\MSBuild\Microsoft\VC\v180\Microsoft.CppBuild.targets(659,5): message : プロパティの再代入: $(ComputeCompileInputsTargets)="
C:\Program Files\Microsoft Visual Studio\18\Community\MSBuild\Microsoft\VC\v180\Microsoft.CppBuild.targets(659,5): message :       
C:\Program Files\Microsoft Visual Studio\18\Community\MSBuild\Microsoft\VC\v180\Microsoft.CppBuild.targets(659,5): message :       ;
C:\Program Files\Microsoft Visual Studio\18\Community\MSBuild\Microsoft\VC\v180\Microsoft.CppBuild.targets(659,5): message :       GenerateTargetFrameworkMonikerAttribute;
C:\Program Files\Microsoft Visual Studio\18\Community\MSBuild\Microsoft\VC\v180\Microsoft.CppBuild.targets(659,5): message :     ;
C:\Program Files\Microsoft Visual Studio\18\Community\MSBuild\Microsoft\VC\v180\Microsoft.CppBuild.targets(659,5): message :       ComputeMIDLGeneratedCompileInputs;
C:\Program Files\Microsoft Visual Studio\18\Community\MSBuild\Microsoft\VC\v180\Microsoft.CppBuild.targets(659,5): message :     " (以前の値: "
C:\Program Files\Microsoft Visual Studio\18\Community\MSBuild\Microsoft\VC\v180\Microsoft.CppBuild.targets(659,5): message :       ;
C:\Program Files\Microsoft Visual Studio\18\Community\MSBuild\Microsoft\VC\v180\Microsoft.CppBuild.targets(659,5): message :       GenerateTargetFrameworkMonikerAttribute;
C:\Program Files\Microsoft Visual Studio\18\Community\MSBuild\Microsoft\VC\v180\Microsoft.CppBuild.targets(659,5): message :     ") C:\Program Files\Microsoft Visual Studio\18\Community\MSBuild\Microsoft\VC\v180\Microsoft.CppBuild.targets (659,5)
C:\Program Files\Microsoft Visual Studio\18\Community\MSBuild\Microsoft\VC\v180\Microsoft.CppBuild.targets(984,5): message : プロパティの再代入: $(ComputeLinkInputsTargets)="
C:\Program Files\Microsoft Visual Studio\18\Community\MSBuild\Microsoft\VC\v180\Microsoft.CppBuild.targets(984,5): message :       
C:\Program Files\Microsoft Visual Studio\18\Community\MSBuild\Microsoft\VC\v180\Microsoft.CppBuild.targets(984,5): message :       ;
C:\Program Files\Microsoft Visual Studio\18\Community\MSBuild\Microsoft\VC\v180\Microsoft.CppBuild.targets(984,5): message :       ComputeRCGeneratedLinkInputs;
C:\Program Files\Microsoft Visual Studio\18\Community\MSBuild\Microsoft\VC\v180\Microsoft.CppBuild.targets(984,5): message :     ;
C:\Program Files\Microsoft Visual Studio\18\Community\MSBuild\Microsoft\VC\v180\Microsoft.CppBuild.targets(984,5): message :       ComputeManifestGeneratedLinkerInputs;
C:\Program Files\Microsoft Visual Studio\18\Community\MSBuild\Microsoft\VC\v180\Microsoft.CppBuild.targets(984,5): message :     " (以前の値: "
C:\Program Files\Microsoft Visual Studio\18\Community\MSBuild\Microsoft\VC\v180\Microsoft.CppBuild.targets(984,5): message :       ;
C:\Program Files\Microsoft Visual Studio\18\Community\MSBuild\Microsoft\VC\v180\Microsoft.CppBuild.targets(984,5): message :       ComputeRCGeneratedLinkInputs;
C:\Program Files\Microsoft Visual Studio\18\Community\MSBuild\Microsoft\VC\v180\Microsoft.CppBuild.targets(984,5): message :     ") C:\Program Files\Microsoft Visual Studio\18\Community\MSBuild\Microsoft\VC\v180\Microsoft.CppBuild.targets (984,5)
C:\Program Files\Microsoft Visual Studio\18\Community\MSBuild\Microsoft\VC\v180\Microsoft.CppBuild.targets(1181,5): message : プロパティの再代入: $(ComputeCompileInputsTargets)="
C:\Program Files\Microsoft Visual Studio\18\Community\MSBuild\Microsoft\VC\v180\Microsoft.CppBuild.targets(1181,5): message :       
C:\Program Files\Microsoft Visual Studio\18\Community\MSBuild\Microsoft\VC\v180\Microsoft.CppBuild.targets(1181,5): message :       
C:\Program Files\Microsoft Visual Studio\18\Community\MSBuild\Microsoft\VC\v180\Microsoft.CppBuild.targets(1181,5): message :       ;
C:\Program Files\Microsoft Visual Studio\18\Community\MSBuild\Microsoft\VC\v180\Microsoft.CppBuild.targets(1181,5): message :       GenerateTargetFrameworkMonikerAttribute;
C:\Program Files\Microsoft Visual Studio\18\Community\MSBuild\Microsoft\VC\v180\Microsoft.CppBuild.targets(1181,5): message :     ;
C:\Program Files\Microsoft Visual Studio\18\Community\MSBuild\Microsoft\VC\v180\Microsoft.CppBuild.targets(1181,5): message :       ComputeMIDLGeneratedCompileInputs;
C:\Program Files\Microsoft Visual Studio\18\Community\MSBuild\Microsoft\VC\v180\Microsoft.CppBuild.targets(1181,5): message :     ;
C:\Program Files\Microsoft Visual Studio\18\Community\MSBuild\Microsoft\VC\v180\Microsoft.CppBuild.targets(1181,5): message :       ComputeCLInputPDBName;
C:\Program Files\Microsoft Visual Studio\18\Community\MSBuild\Microsoft\VC\v180\Microsoft.CppBuild.targets(1181,5): message :       ComputeReferenceCLInput;
C:\Program Files\Microsoft Visual Studio\18\Community\MSBuild\Microsoft\VC\v180\Microsoft.CppBuild.targets(1181,5): message :       WarnCompileDuplicatedFilename
C:\Program Files\Microsoft Visual Studio\18\Community\MSBuild\Microsoft\VC\v180\Microsoft.CppBuild.targets(1181,5): message :     " (以前の値: "
C:\Program Files\Microsoft Visual Studio\18\Community\MSBuild\Microsoft\VC\v180\Microsoft.CppBuild.targets(1181,5): message :       
C:\Program Files\Microsoft Visual Studio\18\Community\MSBuild\Microsoft\VC\v180\Microsoft.CppBuild.targets(1181,5): message :       ;
C:\Program Files\Microsoft Visual Studio\18\Community\MSBuild\Microsoft\VC\v180\Microsoft.CppBuild.targets(1181,5): message :       GenerateTargetFrameworkMonikerAttribute;
C:\Program Files\Microsoft Visual Studio\18\Community\MSBuild\Microsoft\VC\v180\Microsoft.CppBuild.targets(1181,5): message :     ;
C:\Program Files\Microsoft Visual Studio\18\Community\MSBuild\Microsoft\VC\v180\Microsoft.CppBuild.targets(1181,5): message :       ComputeMIDLGeneratedCompileInputs;
C:\Program Files\Microsoft Visual Studio\18\Community\MSBuild\Microsoft\VC\v180\Microsoft.CppBuild.targets(1181,5): message :     ") C:\Program Files\Microsoft Visual Studio\18\Community\MSBuild\Microsoft\VC\v180\Microsoft.CppBuild.targets (1181,5)
C:\Program Files\Microsoft Visual Studio\18\Community\MSBuild\Microsoft\VC\v180\Microsoft.CppBuild.targets(1233,5): message : プロパティの再代入: $(ComputeLinkInputsTargets)="
C:\Program Files\Microsoft Visual Studio\18\Community\MSBuild\Microsoft\VC\v180\Microsoft.CppBuild.targets(1233,5): message :       
C:\Program Files\Microsoft Visual Studio\18\Community\MSBuild\Microsoft\VC\v180\Microsoft.CppBuild.targets(1233,5): message :       
C:\Program Files\Microsoft Visual Studio\18\Community\MSBuild\Microsoft\VC\v180\Microsoft.CppBuild.targets(1233,5): message :       ;
C:\Program Files\Microsoft Visual Studio\18\Community\MSBuild\Microsoft\VC\v180\Microsoft.CppBuild.targets(1233,5): message :       ComputeRCGeneratedLinkInputs;
C:\Program Files\Microsoft Visual Studio\18\Community\MSBuild\Microsoft\VC\v180\Microsoft.CppBuild.targets(1233,5): message :     ;
C:\Program Files\Microsoft Visual Studio\18\Community\MSBuild\Microsoft\VC\v180\Microsoft.CppBuild.targets(1233,5): message :       ComputeManifestGeneratedLinkerInputs;
C:\Program Files\Microsoft Visual Studio\18\Community\MSBuild\Microsoft\VC\v180\Microsoft.CppBuild.targets(1233,5): message :     ;
C:\Program Files\Microsoft Visual Studio\18\Community\MSBuild\Microsoft\VC\v180\Microsoft.CppBuild.targets(1233,5): message :       ComputeCustomBuildOutput;
C:\Program Files\Microsoft Visual Studio\18\Community\MSBuild\Microsoft\VC\v180\Microsoft.CppBuild.targets(1233,5): message :     " (以前の値: "
C:\Program Files\Microsoft Visual Studio\18\Community\MSBuild\Microsoft\VC\v180\Microsoft.CppBuild.targets(1233,5): message :       
C:\Program Files\Microsoft Visual Studio\18\Community\MSBuild\Microsoft\VC\v180\Microsoft.CppBuild.targets(1233,5): message :       ;
C:\Program Files\Microsoft Visual Studio\18\Community\MSBuild\Microsoft\VC\v180\Microsoft.CppBuild.targets(1233,5): message :       ComputeRCGeneratedLinkInputs;
C:\Program Files\Microsoft Visual Studio\18\Community\MSBuild\Microsoft\VC\v180\Microsoft.CppBuild.targets(1233,5): message :     ;
C:\Program Files\Microsoft Visual Studio\18\Community\MSBuild\Microsoft\VC\v180\Microsoft.CppBuild.targets(1233,5): message :       ComputeManifestGeneratedLinkerInputs;
C:\Program Files\Microsoft Visual Studio\18\Community\MSBuild\Microsoft\VC\v180\Microsoft.CppBuild.targets(1233,5): message :     ") C:\Program Files\Microsoft Visual Studio\18\Community\MSBuild\Microsoft\VC\v180\Microsoft.CppBuild.targets (1233,5)
C:\Program Files\Microsoft Visual Studio\18\Community\MSBuild\Microsoft\VC\v180\Microsoft.CppBuild.targets(1240,5): message : プロパティの再代入: $(ComputeLibInputsTargets)="
C:\Program Files\Microsoft Visual Studio\18\Community\MSBuild\Microsoft\VC\v180\Microsoft.CppBuild.targets(1240,5): message :       
C:\Program Files\Microsoft Visual Studio\18\Community\MSBuild\Microsoft\VC\v180\Microsoft.CppBuild.targets(1240,5): message :       ;
C:\Program Files\Microsoft Visual Studio\18\Community\MSBuild\Microsoft\VC\v180\Microsoft.CppBuild.targets(1240,5): message :       ComputeRCGeneratedLibInputs;
C:\Program Files\Microsoft Visual Studio\18\Community\MSBuild\Microsoft\VC\v180\Microsoft.CppBuild.targets(1240,5): message :     ;
C:\Program Files\Microsoft Visual Studio\18\Community\MSBuild\Microsoft\VC\v180\Microsoft.CppBuild.targets(1240,5): message :       ComputeCustomBuildOutput;
C:\Program Files\Microsoft Visual Studio\18\Community\MSBuild\Microsoft\VC\v180\Microsoft.CppBuild.targets(1240,5): message :     " (以前の値: "
C:\Program Files\Microsoft Visual Studio\18\Community\MSBuild\Microsoft\VC\v180\Microsoft.CppBuild.targets(1240,5): message :       ;
C:\Program Files\Microsoft Visual Studio\18\Community\MSBuild\Microsoft\VC\v180\Microsoft.CppBuild.targets(1240,5): message :       ComputeRCGeneratedLibInputs;
C:\Program Files\Microsoft Visual Studio\18\Community\MSBuild\Microsoft\VC\v180\Microsoft.CppBuild.targets(1240,5): message :     ") C:\Program Files\Microsoft Visual Studio\18\Community\MSBuild\Microsoft\VC\v180\Microsoft.CppBuild.targets (1240,5)
C:\Program Files\Microsoft Visual Studio\18\Community\MSBuild\Microsoft\VC\v180\Microsoft.CppBuild.targets(1247,5): message : プロパティの再代入: $(ComputeImpLibInputsTargets)="
C:\Program Files\Microsoft Visual Studio\18\Community\MSBuild\Microsoft\VC\v180\Microsoft.CppBuild.targets(1247,5): message :       
C:\Program Files\Microsoft Visual Studio\18\Community\MSBuild\Microsoft\VC\v180\Microsoft.CppBuild.targets(1247,5): message :       
C:\Program Files\Microsoft Visual Studio\18\Community\MSBuild\Microsoft\VC\v180\Microsoft.CppBuild.targets(1247,5): message :       ;
C:\Program Files\Microsoft Visual Studio\18\Community\MSBuild\Microsoft\VC\v180\Microsoft.CppBuild.targets(1247,5): message :       ComputeRCGeneratedLibInputs;
C:\Program Files\Microsoft Visual Studio\18\Community\MSBuild\Microsoft\VC\v180\Microsoft.CppBuild.targets(1247,5): message :     ;
C:\Program Files\Microsoft Visual Studio\18\Community\MSBuild\Microsoft\VC\v180\Microsoft.CppBuild.targets(1247,5): message :       ComputeRCGeneratedImpLibInputs;
C:\Program Files\Microsoft Visual Studio\18\Community\MSBuild\Microsoft\VC\v180\Microsoft.CppBuild.targets(1247,5): message :     ;
C:\Program Files\Microsoft Visual Studio\18\Community\MSBuild\Microsoft\VC\v180\Microsoft.CppBuild.targets(1247,5): message :       ComputeCustomBuildOutput;
C:\Program Files\Microsoft Visual Studio\18\Community\MSBuild\Microsoft\VC\v180\Microsoft.CppBuild.targets(1247,5): message :     " (以前の値: "
C:\Program Files\Microsoft Visual Studio\18\Community\MSBuild\Microsoft\VC\v180\Microsoft.CppBuild.targets(1247,5): message :       
C:\Program Files\Microsoft Visual Studio\18\Community\MSBuild\Microsoft\VC\v180\Microsoft.CppBuild.targets(1247,5): message :       ;
C:\Program Files\Microsoft Visual Studio\18\Community\MSBuild\Microsoft\VC\v180\Microsoft.CppBuild.targets(1247,5): message :       ComputeRCGeneratedLibInputs;
C:\Program Files\Microsoft Visual Studio\18\Community\MSBuild\Microsoft\VC\v180\Microsoft.CppBuild.targets(1247,5): message :     ;
C:\Program Files\Microsoft Visual Studio\18\Community\MSBuild\Microsoft\VC\v180\Microsoft.CppBuild.targets(1247,5): message :       ComputeRCGeneratedImpLibInputs;
C:\Program Files\Microsoft Visual Studio\18\Community\MSBuild\Microsoft\VC\v180\Microsoft.CppBuild.targets(1247,5): message :     ") C:\Program Files\Microsoft Visual Studio\18\Community\MSBuild\Microsoft\VC\v180\Microsoft.CppBuild.targets (1247,5)
C:\Program Files\Microsoft Visual Studio\18\Community\MSBuild\Microsoft\VC\v180\Microsoft.CppBuild.targets(1308,5): message : プロパティの再代入: $(ComputeLinkInputsTargets)="
C:\Program Files\Microsoft Visual Studio\18\Community\MSBuild\Microsoft\VC\v180\Microsoft.CppBuild.targets(1308,5): message :       
C:\Program Files\Microsoft Visual Studio\18\Community\MSBuild\Microsoft\VC\v180\Microsoft.CppBuild.targets(1308,5): message :       
C:\Program Files\Microsoft Visual Studio\18\Community\MSBuild\Microsoft\VC\v180\Microsoft.CppBuild.targets(1308,5): message :       
C:\Program Files\Microsoft Visual Studio\18\Community\MSBuild\Microsoft\VC\v180\Microsoft.CppBuild.targets(1308,5): message :       ;
C:\Program Files\Microsoft Visual Studio\18\Community\MSBuild\Microsoft\VC\v180\Microsoft.CppBuild.targets(1308,5): message :       ComputeRCGeneratedLinkInputs;
C:\Program Files\Microsoft Visual Studio\18\Community\MSBuild\Microsoft\VC\v180\Microsoft.CppBuild.targets(1308,5): message :     ;
C:\Program Files\Microsoft Visual Studio\18\Community\MSBuild\Microsoft\VC\v180\Microsoft.CppBuild.targets(1308,5): message :       ComputeManifestGeneratedLinkerInputs;
C:\Program Files\Microsoft Visual Studio\18\Community\MSBuild\Microsoft\VC\v180\Microsoft.CppBuild.targets(1308,5): message :     ;
C:\Program Files\Microsoft Visual Studio\18\Community\MSBuild\Microsoft\VC\v180\Microsoft.CppBuild.targets(1308,5): message :       ComputeCustomBuildOutput;
C:\Program Files\Microsoft Visual Studio\18\Community\MSBuild\Microsoft\VC\v180\Microsoft.CppBuild.targets(1308,5): message :     ;
C:\Program Files\Microsoft Visual Studio\18\Community\MSBuild\Microsoft\VC\v180\Microsoft.CppBuild.targets(1308,5): message :       ComputeCLGeneratedLinkInputs;
C:\Program Files\Microsoft Visual Studio\18\Community\MSBuild\Microsoft\VC\v180\Microsoft.CppBuild.targets(1308,5): message :     " (以前の値: "
C:\Program Files\Microsoft Visual Studio\18\Community\MSBuild\Microsoft\VC\v180\Microsoft.CppBuild.targets(1308,5): message :       
C:\Program Files\Microsoft Visual Studio\18\Community\MSBuild\Microsoft\VC\v180\Microsoft.CppBuild.targets(1308,5): message :       
C:\Program Files\Microsoft Visual Studio\18\Community\MSBuild\Microsoft\VC\v180\Microsoft.CppBuild.targets(1308,5): message :       ;
C:\Program Files\Microsoft Visual Studio\18\Community\MSBuild\Microsoft\VC\v180\Microsoft.CppBuild.targets(1308,5): message :       ComputeRCGeneratedLinkInputs;
C:\Program Files\Microsoft Visual Studio\18\Community\MSBuild\Microsoft\VC\v180\Microsoft.CppBuild.targets(1308,5): message :     ;
C:\Program Files\Microsoft Visual Studio\18\Community\MSBuild\Microsoft\VC\v180\Microsoft.CppBuild.targets(1308,5): message :       ComputeManifestGeneratedLinkerInputs;
C:\Program Files\Microsoft Visual Studio\18\Community\MSBuild\Microsoft\VC\v180\Microsoft.CppBuild.targets(1308,5): message :     ;
C:\Program Files\Microsoft Visual Studio\18\Community\MSBuild\Microsoft\VC\v180\Microsoft.CppBuild.targets(1308,5): message :       ComputeCustomBuildOutput;
C:\Program Files\Microsoft Visual Studio\18\Community\MSBuild\Microsoft\VC\v180\Microsoft.CppBuild.targets(1308,5): message :     ") C:\Program Files\Microsoft Visual Studio\18\Community\MSBuild\Microsoft\VC\v180\Microsoft.CppBuild.targets (1308,5)
C:\Program Files\Microsoft Visual Studio\18\Community\MSBuild\Microsoft\VC\v180\Microsoft.CppBuild.targets(1323,5): message : プロパティの再代入: $(ComputeLibInputsTargets)="
C:\Program Files\Microsoft Visual Studio\18\Community\MSBuild\Microsoft\VC\v180\Microsoft.CppBuild.targets(1323,5): message :       
C:\Program Files\Microsoft Visual Studio\18\Community\MSBuild\Microsoft\VC\v180\Microsoft.CppBuild.targets(1323,5): message :       
C:\Program Files\Microsoft Visual Studio\18\Community\MSBuild\Microsoft\VC\v180\Microsoft.CppBuild.targets(1323,5): message :       ;
C:\Program Files\Microsoft Visual Studio\18\Community\MSBuild\Microsoft\VC\v180\Microsoft.CppBuild.targets(1323,5): message :       ComputeRCGeneratedLibInputs;
C:\Program Files\Microsoft Visual Studio\18\Community\MSBuild\Microsoft\VC\v180\Microsoft.CppBuild.targets(1323,5): message :     ;
C:\Program Files\Microsoft Visual Studio\18\Community\MSBuild\Microsoft\VC\v180\Microsoft.CppBuild.targets(1323,5): message :       ComputeCustomBuildOutput;
C:\Program Files\Microsoft Visual Studio\18\Community\MSBuild\Microsoft\VC\v180\Microsoft.CppBuild.targets(1323,5): message :     ;
C:\Program Files\Microsoft Visual Studio\18\Community\MSBuild\Microsoft\VC\v180\Microsoft.CppBuild.targets(1323,5): message :       ComputeCLGeneratedLibInputs;
C:\Program Files\Microsoft Visual Studio\18\Community\MSBuild\Microsoft\VC\v180\Microsoft.CppBuild.targets(1323,5): message :     " (以前の値: "
C:\Program Files\Microsoft Visual Studio\18\Community\MSBuild\Microsoft\VC\v180\Microsoft.CppBuild.targets(1323,5): message :       
C:\Program Files\Microsoft Visual Studio\18\Community\MSBuild\Microsoft\VC\v180\Microsoft.CppBuild.targets(1323,5): message :       ;
C:\Program Files\Microsoft Visual Studio\18\Community\MSBuild\Microsoft\VC\v180\Microsoft.CppBuild.targets(1323,5): message :       ComputeRCGeneratedLibInputs;
C:\Program Files\Microsoft Visual Studio\18\Community\MSBuild\Microsoft\VC\v180\Microsoft.CppBuild.targets(1323,5): message :     ;
C:\Program Files\Microsoft Visual Studio\18\Community\MSBuild\Microsoft\VC\v180\Microsoft.CppBuild.targets(1323,5): message :       ComputeCustomBuildOutput;
C:\Program Files\Microsoft Visual Studio\18\Community\MSBuild\Microsoft\VC\v180\Microsoft.CppBuild.targets(1323,5): message :     ") C:\Program Files\Microsoft Visual Studio\18\Community\MSBuild\Microsoft\VC\v180\Microsoft.CppBuild.targets (1323,5)
C:\Program Files\Microsoft Visual Studio\18\Community\MSBuild\Microsoft\VC\v180\Microsoft.CppBuild.targets(1338,5): message : プロパティの再代入: $(ComputeImpLibInputsTargets)="
C:\Program Files\Microsoft Visual Studio\18\Community\MSBuild\Microsoft\VC\v180\Microsoft.CppBuild.targets(1338,5): message :       
C:\Program Files\Microsoft Visual Studio\18\Community\MSBuild\Microsoft\VC\v180\Microsoft.CppBuild.targets(1338,5): message :       
C:\Program Files\Microsoft Visual Studio\18\Community\MSBuild\Microsoft\VC\v180\Microsoft.CppBuild.targets(1338,5): message :       
C:\Program Files\Microsoft Visual Studio\18\Community\MSBuild\Microsoft\VC\v180\Microsoft.CppBuild.targets(1338,5): message :       ;
C:\Program Files\Microsoft Visual Studio\18\Community\MSBuild\Microsoft\VC\v180\Microsoft.CppBuild.targets(1338,5): message :       ComputeRCGeneratedLibInputs;
C:\Program Files\Microsoft Visual Studio\18\Community\MSBuild\Microsoft\VC\v180\Microsoft.CppBuild.targets(1338,5): message :     ;
C:\Program Files\Microsoft Visual Studio\18\Community\MSBuild\Microsoft\VC\v180\Microsoft.CppBuild.targets(1338,5): message :       ComputeRCGeneratedImpLibInputs;
C:\Program Files\Microsoft Visual Studio\18\Community\MSBuild\Microsoft\VC\v180\Microsoft.CppBuild.targets(1338,5): message :     ;
C:\Program Files\Microsoft Visual Studio\18\Community\MSBuild\Microsoft\VC\v180\Microsoft.CppBuild.targets(1338,5): message :       ComputeCustomBuildOutput;
C:\Program Files\Microsoft Visual Studio\18\Community\MSBuild\Microsoft\VC\v180\Microsoft.CppBuild.targets(1338,5): message :     ;
C:\Program Files\Microsoft Visual Studio\18\Community\MSBuild\Microsoft\VC\v180\Microsoft.CppBuild.targets(1338,5): message :       ComputeCLGeneratedImpLibInputs;
C:\Program Files\Microsoft Visual Studio\18\Community\MSBuild\Microsoft\VC\v180\Microsoft.CppBuild.targets(1338,5): message :     " (以前の値: "
C:\Program Files\Microsoft Visual Studio\18\Community\MSBuild\Microsoft\VC\v180\Microsoft.CppBuild.targets(1338,5): message :       
C:\Program Files\Microsoft Visual Studio\18\Community\MSBuild\Microsoft\VC\v180\Microsoft.CppBuild.targets(1338,5): message :       
C:\Program Files\Microsoft Visual Studio\18\Community\MSBuild\Microsoft\VC\v180\Microsoft.CppBuild.targets(1338,5): message :       ;
C:\Program Files\Microsoft Visual Studio\18\Community\MSBuild\Microsoft\VC\v180\Microsoft.CppBuild.targets(1338,5): message :       ComputeRCGeneratedLibInputs;
C:\Program Files\Microsoft Visual Studio\18\Community\MSBuild\Microsoft\VC\v180\Microsoft.CppBuild.targets(1338,5): message :     ;
C:\Program Files\Microsoft Visual Studio\18\Community\MSBuild\Microsoft\VC\v180\Microsoft.CppBuild.targets(1338,5): message :       ComputeRCGeneratedImpLibInputs;
C:\Program Files\Microsoft Visual Studio\18\Community\MSBuild\Microsoft\VC\v180\Microsoft.CppBuild.targets(1338,5): message :     ;
C:\Program Files\Microsoft Visual Studio\18\Community\MSBuild\Microsoft\VC\v180\Microsoft.CppBuild.targets(1338,5): message :       ComputeCustomBuildOutput;
C:\Program Files\Microsoft Visual Studio\18\Community\MSBuild\Microsoft\VC\v180\Microsoft.CppBuild.targets(1338,5): message :     ") C:\Program Files\Microsoft Visual Studio\18\Community\MSBuild\Microsoft\VC\v180\Microsoft.CppBuild.targets (1338,5)
C:\Program Files\Microsoft Visual Studio\18\Community\MSBuild\Microsoft\VC\v180\Microsoft.CppBuild.targets(1369,5): message : プロパティの再代入: $(ComputeLinkInputsTargets)="
C:\Program Files\Microsoft Visual Studio\18\Community\MSBuild\Microsoft\VC\v180\Microsoft.CppBuild.targets(1369,5): message :       
C:\Program Files\Microsoft Visual Studio\18\Community\MSBuild\Microsoft\VC\v180\Microsoft.CppBuild.targets(1369,5): message :       
C:\Program Files\Microsoft Visual Studio\18\Community\MSBuild\Microsoft\VC\v180\Microsoft.CppBuild.targets(1369,5): message :       
C:\Program Files\Microsoft Visual Studio\18\Community\MSBuild\Microsoft\VC\v180\Microsoft.CppBuild.targets(1369,5): message :       
C:\Program Files\Microsoft Visual Studio\18\Community\MSBuild\Microsoft\VC\v180\Microsoft.CppBuild.targets(1369,5): message :       ;
C:\Program Files\Microsoft Visual Studio\18\Community\MSBuild\Microsoft\VC\v180\Microsoft.CppBuild.targets(1369,5): message :       ComputeRCGeneratedLinkInputs;
C:\Program Files\Microsoft Visual Studio\18\Community\MSBuild\Microsoft\VC\v180\Microsoft.CppBuild.targets(1369,5): message :     ;
C:\Program Files\Microsoft Visual Studio\18\Community\MSBuild\Microsoft\VC\v180\Microsoft.CppBuild.targets(1369,5): message :       ComputeManifestGeneratedLinkerInputs;
C:\Program Files\Microsoft Visual Studio\18\Community\MSBuild\Microsoft\VC\v180\Microsoft.CppBuild.targets(1369,5): message :     ;
C:\Program Files\Microsoft Visual Studio\18\Community\MSBuild\Microsoft\VC\v180\Microsoft.CppBuild.targets(1369,5): message :       ComputeCustomBuildOutput;
C:\Program Files\Microsoft Visual Studio\18\Community\MSBuild\Microsoft\VC\v180\Microsoft.CppBuild.targets(1369,5): message :     ;
C:\Program Files\Microsoft Visual Studio\18\Community\MSBuild\Microsoft\VC\v180\Microsoft.CppBuild.targets(1369,5): message :       ComputeCLGeneratedLinkInputs;
C:\Program Files\Microsoft Visual Studio\18\Community\MSBuild\Microsoft\VC\v180\Microsoft.CppBuild.targets(1369,5): message :     ;
C:\Program Files\Microsoft Visual Studio\18\Community\MSBuild\Microsoft\VC\v180\Microsoft.CppBuild.targets(1369,5): message :       ComputeLinkInputsFromProject;
C:\Program Files\Microsoft Visual Studio\18\Community\MSBuild\Microsoft\VC\v180\Microsoft.CppBuild.targets(1369,5): message :     " (以前の値: "
C:\Program Files\Microsoft Visual Studio\18\Community\MSBuild\Microsoft\VC\v180\Microsoft.CppBuild.targets(1369,5): message :       
C:\Program Files\Microsoft Visual Studio\18\Community\MSBuild\Microsoft\VC\v180\Microsoft.CppBuild.targets(1369,5): message :       
C:\Program Files\Microsoft Visual Studio\18\Community\MSBuild\Microsoft\VC\v180\Microsoft.CppBuild.targets(1369,5): message :       
C:\Program Files\Microsoft Visual Studio\18\Community\MSBuild\Microsoft\VC\v180\Microsoft.CppBuild.targets(1369,5): message :       ;
C:\Program Files\Microsoft Visual Studio\18\Community\MSBuild\Microsoft\VC\v180\Microsoft.CppBuild.targets(1369,5): message :       ComputeRCGeneratedLinkInputs;
C:\Program Files\Microsoft Visual Studio\18\Community\MSBuild\Microsoft\VC\v180\Microsoft.CppBuild.targets(1369,5): message :     ;
C:\Program Files\Microsoft Visual Studio\18\Community\MSBuild\Microsoft\VC\v180\Microsoft.CppBuild.targets(1369,5): message :       ComputeManifestGeneratedLinkerInputs;
C:\Program Files\Microsoft Visual Studio\18\Community\MSBuild\Microsoft\VC\v180\Microsoft.CppBuild.targets(1369,5): message :     ;
C:\Program Files\Microsoft Visual Studio\18\Community\MSBuild\Microsoft\VC\v180\Microsoft.CppBuild.targets(1369,5): message :       ComputeCustomBuildOutput;
C:\Program Files\Microsoft Visual Studio\18\Community\MSBuild\Microsoft\VC\v180\Microsoft.CppBuild.targets(1369,5): message :     ;
C:\Program Files\Microsoft Visual Studio\18\Community\MSBuild\Microsoft\VC\v180\Microsoft.CppBuild.targets(1369,5): message :       ComputeCLGeneratedLinkInputs;
C:\Program Files\Microsoft Visual Studio\18\Community\MSBuild\Microsoft\VC\v180\Microsoft.CppBuild.targets(1369,5): message :     ") C:\Program Files\Microsoft Visual Studio\18\Community\MSBuild\Microsoft\VC\v180\Microsoft.CppBuild.targets (1369,5)
C:\Program Files\Microsoft Visual Studio\18\Community\MSBuild\Microsoft\VC\v180\Microsoft.CppBuild.targets(1387,5): message : プロパティの再代入: $(ComputeLibInputsTargets)="
C:\Program Files\Microsoft Visual Studio\18\Community\MSBuild\Microsoft\VC\v180\Microsoft.CppBuild.targets(1387,5): message :       
C:\Program Files\Microsoft Visual Studio\18\Community\MSBuild\Microsoft\VC\v180\Microsoft.CppBuild.targets(1387,5): message :       
C:\Program Files\Microsoft Visual Studio\18\Community\MSBuild\Microsoft\VC\v180\Microsoft.CppBuild.targets(1387,5): message :       
C:\Program Files\Microsoft Visual Studio\18\Community\MSBuild\Microsoft\VC\v180\Microsoft.CppBuild.targets(1387,5): message :       ;
C:\Program Files\Microsoft Visual Studio\18\Community\MSBuild\Microsoft\VC\v180\Microsoft.CppBuild.targets(1387,5): message :       ComputeRCGeneratedLibInputs;
C:\Program Files\Microsoft Visual Studio\18\Community\MSBuild\Microsoft\VC\v180\Microsoft.CppBuild.targets(1387,5): message :     ;
C:\Program Files\Microsoft Visual Studio\18\Community\MSBuild\Microsoft\VC\v180\Microsoft.CppBuild.targets(1387,5): message :       ComputeCustomBuildOutput;
C:\Program Files\Microsoft Visual Studio\18\Community\MSBuild\Microsoft\VC\v180\Microsoft.CppBuild.targets(1387,5): message :     ;
C:\Program Files\Microsoft Visual Studio\18\Community\MSBuild\Microsoft\VC\v180\Microsoft.CppBuild.targets(1387,5): message :       ComputeCLGeneratedLibInputs;
C:\Program Files\Microsoft Visual Studio\18\Community\MSBuild\Microsoft\VC\v180\Microsoft.CppBuild.targets(1387,5): message :     ;
C:\Program Files\Microsoft Visual Studio\18\Community\MSBuild\Microsoft\VC\v180\Microsoft.CppBuild.targets(1387,5): message :       ComputeLibInputsFromProject;
C:\Program Files\Microsoft Visual Studio\18\Community\MSBuild\Microsoft\VC\v180\Microsoft.CppBuild.targets(1387,5): message :     " (以前の値: "
C:\Program Files\Microsoft Visual Studio\18\Community\MSBuild\Microsoft\VC\v180\Microsoft.CppBuild.targets(1387,5): message :       
C:\Program Files\Microsoft Visual Studio\18\Community\MSBuild\Microsoft\VC\v180\Microsoft.CppBuild.targets(1387,5): message :       
C:\Program Files\Microsoft Visual Studio\18\Community\MSBuild\Microsoft\VC\v180\Microsoft.CppBuild.targets(1387,5): message :       ;
C:\Program Files\Microsoft Visual Studio\18\Community\MSBuild\Microsoft\VC\v180\Microsoft.CppBuild.targets(1387,5): message :       ComputeRCGeneratedLibInputs;
C:\Program Files\Microsoft Visual Studio\18\Community\MSBuild\Microsoft\VC\v180\Microsoft.CppBuild.targets(1387,5): message :     ;
C:\Program Files\Microsoft Visual Studio\18\Community\MSBuild\Microsoft\VC\v180\Microsoft.CppBuild.targets(1387,5): message :       ComputeCustomBuildOutput;
C:\Program Files\Microsoft Visual Studio\18\Community\MSBuild\Microsoft\VC\v180\Microsoft.CppBuild.targets(1387,5): message :     ;
C:\Program Files\Microsoft Visual Studio\18\Community\MSBuild\Microsoft\VC\v180\Microsoft.CppBuild.targets(1387,5): message :       ComputeCLGeneratedLibInputs;
C:\Program Files\Microsoft Visual Studio\18\Community\MSBuild\Microsoft\VC\v180\Microsoft.CppBuild.targets(1387,5): message :     ") C:\Program Files\Microsoft Visual Studio\18\Community\MSBuild\Microsoft\VC\v180\Microsoft.CppBuild.targets (1387,5)
C:\Program Files\Microsoft Visual Studio\18\Community\MSBuild\Microsoft\VC\v180\Microsoft.CppBuild.targets(1405,5): message : プロパティの再代入: $(ComputeImpLibInputsTargets)="
C:\Program Files\Microsoft Visual Studio\18\Community\MSBuild\Microsoft\VC\v180\Microsoft.CppBuild.targets(1405,5): message :       
C:\Program Files\Microsoft Visual Studio\18\Community\MSBuild\Microsoft\VC\v180\Microsoft.CppBuild.targets(1405,5): message :       
C:\Program Files\Microsoft Visual Studio\18\Community\MSBuild\Microsoft\VC\v180\Microsoft.CppBuild.targets(1405,5): message :       
C:\Program Files\Microsoft Visual Studio\18\Community\MSBuild\Microsoft\VC\v180\Microsoft.CppBuild.targets(1405,5): message :       
C:\Program Files\Microsoft Visual Studio\18\Community\MSBuild\Microsoft\VC\v180\Microsoft.CppBuild.targets(1405,5): message :       ;
C:\Program Files\Microsoft Visual Studio\18\Community\MSBuild\Microsoft\VC\v180\Microsoft.CppBuild.targets(1405,5): message :       ComputeRCGeneratedLibInputs;
C:\Program Files\Microsoft Visual Studio\18\Community\MSBuild\Microsoft\VC\v180\Microsoft.CppBuild.targets(1405,5): message :     ;
C:\Program Files\Microsoft Visual Studio\18\Community\MSBuild\Microsoft\VC\v180\Microsoft.CppBuild.targets(1405,5): message :       ComputeRCGeneratedImpLibInputs;
C:\Program Files\Microsoft Visual Studio\18\Community\MSBuild\Microsoft\VC\v180\Microsoft.CppBuild.targets(1405,5): message :     ;
C:\Program Files\Microsoft Visual Studio\18\Community\MSBuild\Microsoft\VC\v180\Microsoft.CppBuild.targets(1405,5): message :       ComputeCustomBuildOutput;
C:\Program Files\Microsoft Visual Studio\18\Community\MSBuild\Microsoft\VC\v180\Microsoft.CppBuild.targets(1405,5): message :     ;
C:\Program Files\Microsoft Visual Studio\18\Community\MSBuild\Microsoft\VC\v180\Microsoft.CppBuild.targets(1405,5): message :       ComputeCLGeneratedImpLibInputs;
C:\Program Files\Microsoft Visual Studio\18\Community\MSBuild\Microsoft\VC\v180\Microsoft.CppBuild.targets(1405,5): message :     ;
C:\Program Files\Microsoft Visual Studio\18\Community\MSBuild\Microsoft\VC\v180\Microsoft.CppBuild.targets(1405,5): message :       ComputeImpLibInputsFromProject;
C:\Program Files\Microsoft Visual Studio\18\Community\MSBuild\Microsoft\VC\v180\Microsoft.CppBuild.targets(1405,5): message :     " (以前の値: "
C:\Program Files\Microsoft Visual Studio\18\Community\MSBuild\Microsoft\VC\v180\Microsoft.CppBuild.targets(1405,5): message :       
C:\Program Files\Microsoft Visual Studio\18\Community\MSBuild\Microsoft\VC\v180\Microsoft.CppBuild.targets(1405,5): message :       
C:\Program Files\Microsoft Visual Studio\18\Community\MSBuild\Microsoft\VC\v180\Microsoft.CppBuild.targets(1405,5): message :       
C:\Program Files\Microsoft Visual Studio\18\Community\MSBuild\Microsoft\VC\v180\Microsoft.CppBuild.targets(1405,5): message :       ;
C:\Program Files\Microsoft Visual Studio\18\Community\MSBuild\Microsoft\VC\v180\Microsoft.CppBuild.targets(1405,5): message :       ComputeRCGeneratedLibInputs;
C:\Program Files\Microsoft Visual Studio\18\Community\MSBuild\Microsoft\VC\v180\Microsoft.CppBuild.targets(1405,5): message :     ;
C:\Program Files\Microsoft Visual Studio\18\Community\MSBuild\Microsoft\VC\v180\Microsoft.CppBuild.targets(1405,5): message :       ComputeRCGeneratedImpLibInputs;
C:\Program Files\Microsoft Visual Studio\18\Community\MSBuild\Microsoft\VC\v180\Microsoft.CppBuild.targets(1405,5): message :     ;
C:\Program Files\Microsoft Visual Studio\18\Community\MSBuild\Microsoft\VC\v180\Microsoft.CppBuild.targets(1405,5): message :       ComputeCustomBuildOutput;
C:\Program Files\Microsoft Visual Studio\18\Community\MSBuild\Microsoft\VC\v180\Microsoft.CppBuild.targets(1405,5): message :     ;
C:\Program Files\Microsoft Visual Studio\18\Community\MSBuild\Microsoft\VC\v180\Microsoft.CppBuild.targets(1405,5): message :       ComputeCLGeneratedImpLibInputs;
C:\Program Files\Microsoft Visual Studio\18\Community\MSBuild\Microsoft\VC\v180\Microsoft.CppBuild.targets(1405,5): message :     ") C:\Program Files\Microsoft Visual Studio\18\Community\MSBuild\Microsoft\VC\v180\Microsoft.CppBuild.targets (1405,5)
C:\Program Files\Microsoft Visual Studio\18\Community\MSBuild\Microsoft\VC\v180\Microsoft.CppBuild.targets(1529,5): message : プロパティの再代入: $(ComputeLinkInputsTargets)="
C:\Program Files\Microsoft Visual Studio\18\Community\MSBuild\Microsoft\VC\v180\Microsoft.CppBuild.targets(1529,5): message :       
C:\Program Files\Microsoft Visual Studio\18\Community\MSBuild\Microsoft\VC\v180\Microsoft.CppBuild.targets(1529,5): message :       
C:\Program Files\Microsoft Visual Studio\18\Community\MSBuild\Microsoft\VC\v180\Microsoft.CppBuild.targets(1529,5): message :       
C:\Program Files\Microsoft Visual Studio\18\Community\MSBuild\Microsoft\VC\v180\Microsoft.CppBuild.targets(1529,5): message :       
C:\Program Files\Microsoft Visual Studio\18\Community\MSBuild\Microsoft\VC\v180\Microsoft.CppBuild.targets(1529,5): message :       
C:\Program Files\Microsoft Visual Studio\18\Community\MSBuild\Microsoft\VC\v180\Microsoft.CppBuild.targets(1529,5): message :       ;
C:\Program Files\Microsoft Visual Studio\18\Community\MSBuild\Microsoft\VC\v180\Microsoft.CppBuild.targets(1529,5): message :       ComputeRCGeneratedLinkInputs;
C:\Program Files\Microsoft Visual Studio\18\Community\MSBuild\Microsoft\VC\v180\Microsoft.CppBuild.targets(1529,5): message :     ;
C:\Program Files\Microsoft Visual Studio\18\Community\MSBuild\Microsoft\VC\v180\Microsoft.CppBuild.targets(1529,5): message :       ComputeManifestGeneratedLinkerInputs;
C:\Program Files\Microsoft Visual Studio\18\Community\MSBuild\Microsoft\VC\v180\Microsoft.CppBuild.targets(1529,5): message :     ;
C:\Program Files\Microsoft Visual Studio\18\Community\MSBuild\Microsoft\VC\v180\Microsoft.CppBuild.targets(1529,5): message :       ComputeCustomBuildOutput;
C:\Program Files\Microsoft Visual Studio\18\Community\MSBuild\Microsoft\VC\v180\Microsoft.CppBuild.targets(1529,5): message :     ;
C:\Program Files\Microsoft Visual Studio\18\Community\MSBuild\Microsoft\VC\v180\Microsoft.CppBuild.targets(1529,5): message :       ComputeCLGeneratedLinkInputs;
C:\Program Files\Microsoft Visual Studio\18\Community\MSBuild\Microsoft\VC\v180\Microsoft.CppBuild.targets(1529,5): message :     ;
C:\Program Files\Microsoft Visual Studio\18\Community\MSBuild\Microsoft\VC\v180\Microsoft.CppBuild.targets(1529,5): message :       ComputeLinkInputsFromProject;
C:\Program Files\Microsoft Visual Studio\18\Community\MSBuild\Microsoft\VC\v180\Microsoft.CppBuild.targets(1529,5): message :     ;
C:\Program Files\Microsoft Visual Studio\18\Community\MSBuild\Microsoft\VC\v180\Microsoft.CppBuild.targets(1529,5): message :       ComputeReferenceLinkInputs;
C:\Program Files\Microsoft Visual Studio\18\Community\MSBuild\Microsoft\VC\v180\Microsoft.CppBuild.targets(1529,5): message :     " (以前の値: "
C:\Program Files\Microsoft Visual Studio\18\Community\MSBuild\Microsoft\VC\v180\Microsoft.CppBuild.targets(1529,5): message :       
C:\Program Files\Microsoft Visual Studio\18\Community\MSBuild\Microsoft\VC\v180\Microsoft.CppBuild.targets(1529,5): message :       
C:\Program Files\Microsoft Visual Studio\18\Community\MSBuild\Microsoft\VC\v180\Microsoft.CppBuild.targets(1529,5): message :       
C:\Program Files\Microsoft Visual Studio\18\Community\MSBuild\Microsoft\VC\v180\Microsoft.CppBuild.targets(1529,5): message :       
C:\Program Files\Microsoft Visual Studio\18\Community\MSBuild\Microsoft\VC\v180\Microsoft.CppBuild.targets(1529,5): message :       ;
C:\Program Files\Microsoft Visual Studio\18\Community\MSBuild\Microsoft\VC\v180\Microsoft.CppBuild.targets(1529,5): message :       ComputeRCGeneratedLinkInputs;
C:\Program Files\Microsoft Visual Studio\18\Community\MSBuild\Microsoft\VC\v180\Microsoft.CppBuild.targets(1529,5): message :     ;
C:\Program Files\Microsoft Visual Studio\18\Community\MSBuild\Microsoft\VC\v180\Microsoft.CppBuild.targets(1529,5): message :       ComputeManifestGeneratedLinkerInputs;
C:\Program Files\Microsoft Visual Studio\18\Community\MSBuild\Microsoft\VC\v180\Microsoft.CppBuild.targets(1529,5): message :     ;
C:\Program Files\Microsoft Visual Studio\18\Community\MSBuild\Microsoft\VC\v180\Microsoft.CppBuild.targets(1529,5): message :       ComputeCustomBuildOutput;
C:\Program Files\Microsoft Visual Studio\18\Community\MSBuild\Microsoft\VC\v180\Microsoft.CppBuild.targets(1529,5): message :     ;
C:\Program Files\Microsoft Visual Studio\18\Community\MSBuild\Microsoft\VC\v180\Microsoft.CppBuild.targets(1529,5): message :       ComputeCLGeneratedLinkInputs;
C:\Program Files\Microsoft Visual Studio\18\Community\MSBuild\Microsoft\VC\v180\Microsoft.CppBuild.targets(1529,5): message :     ;
C:\Program Files\Microsoft Visual Studio\18\Community\MSBuild\Microsoft\VC\v180\Microsoft.CppBuild.targets(1529,5): message :       ComputeLinkInputsFromProject;
C:\Program Files\Microsoft Visual Studio\18\Community\MSBuild\Microsoft\VC\v180\Microsoft.CppBuild.targets(1529,5): message :     ") C:\Program Files\Microsoft Visual Studio\18\Community\MSBuild\Microsoft\VC\v180\Microsoft.CppBuild.targets (1529,5)
C:\Program Files\Microsoft Visual Studio\18\Community\MSBuild\Microsoft\VC\v180\Microsoft.CppBuild.targets(1567,5): message : プロパティの再代入: $(ComputeLibInputsTargets)="
C:\Program Files\Microsoft Visual Studio\18\Community\MSBuild\Microsoft\VC\v180\Microsoft.CppBuild.targets(1567,5): message :       
C:\Program Files\Microsoft Visual Studio\18\Community\MSBuild\Microsoft\VC\v180\Microsoft.CppBuild.targets(1567,5): message :       
C:\Program Files\Microsoft Visual Studio\18\Community\MSBuild\Microsoft\VC\v180\Microsoft.CppBuild.targets(1567,5): message :       
C:\Program Files\Microsoft Visual Studio\18\Community\MSBuild\Microsoft\VC\v180\Microsoft.CppBuild.targets(1567,5): message :       
C:\Program Files\Microsoft Visual Studio\18\Community\MSBuild\Microsoft\VC\v180\Microsoft.CppBuild.targets(1567,5): message :       ;
C:\Program Files\Microsoft Visual Studio\18\Community\MSBuild\Microsoft\VC\v180\Microsoft.CppBuild.targets(1567,5): message :       ComputeRCGeneratedLibInputs;
C:\Program Files\Microsoft Visual Studio\18\Community\MSBuild\Microsoft\VC\v180\Microsoft.CppBuild.targets(1567,5): message :     ;
C:\Program Files\Microsoft Visual Studio\18\Community\MSBuild\Microsoft\VC\v180\Microsoft.CppBuild.targets(1567,5): message :       ComputeCustomBuildOutput;
C:\Program Files\Microsoft Visual Studio\18\Community\MSBuild\Microsoft\VC\v180\Microsoft.CppBuild.targets(1567,5): message :     ;
C:\Program Files\Microsoft Visual Studio\18\Community\MSBuild\Microsoft\VC\v180\Microsoft.CppBuild.targets(1567,5): message :       ComputeCLGeneratedLibInputs;
C:\Program Files\Microsoft Visual Studio\18\Community\MSBuild\Microsoft\VC\v180\Microsoft.CppBuild.targets(1567,5): message :     ;
C:\Program Files\Microsoft Visual Studio\18\Community\MSBuild\Microsoft\VC\v180\Microsoft.CppBuild.targets(1567,5): message :       ComputeLibInputsFromProject;
C:\Program Files\Microsoft Visual Studio\18\Community\MSBuild\Microsoft\VC\v180\Microsoft.CppBuild.targets(1567,5): message :     ;
C:\Program Files\Microsoft Visual Studio\18\Community\MSBuild\Microsoft\VC\v180\Microsoft.CppBuild.targets(1567,5): message :       ComputeReferenceLibInputs;
C:\Program Files\Microsoft Visual Studio\18\Community\MSBuild\Microsoft\VC\v180\Microsoft.CppBuild.targets(1567,5): message :     " (以前の値: "
C:\Program Files\Microsoft Visual Studio\18\Community\MSBuild\Microsoft\VC\v180\Microsoft.CppBuild.targets(1567,5): message :       
C:\Program Files\Microsoft Visual Studio\18\Community\MSBuild\Microsoft\VC\v180\Microsoft.CppBuild.targets(1567,5): message :       
C:\Program Files\Microsoft Visual Studio\18\Community\MSBuild\Microsoft\VC\v180\Microsoft.CppBuild.targets(1567,5): message :       
C:\Program Files\Microsoft Visual Studio\18\Community\MSBuild\Microsoft\VC\v180\Microsoft.CppBuild.targets(1567,5): message :       ;
C:\Program Files\Microsoft Visual Studio\18\Community\MSBuild\Microsoft\VC\v180\Microsoft.CppBuild.targets(1567,5): message :       ComputeRCGeneratedLibInputs;
C:\Program Files\Microsoft Visual Studio\18\Community\MSBuild\Microsoft\VC\v180\Microsoft.CppBuild.targets(1567,5): message :     ;
C:\Program Files\Microsoft Visual Studio\18\Community\MSBuild\Microsoft\VC\v180\Microsoft.CppBuild.targets(1567,5): message :       ComputeCustomBuildOutput;
C:\Program Files\Microsoft Visual Studio\18\Community\MSBuild\Microsoft\VC\v180\Microsoft.CppBuild.targets(1567,5): message :     ;
C:\Program Files\Microsoft Visual Studio\18\Community\MSBuild\Microsoft\VC\v180\Microsoft.CppBuild.targets(1567,5): message :       ComputeCLGeneratedLibInputs;
C:\Program Files\Microsoft Visual Studio\18\Community\MSBuild\Microsoft\VC\v180\Microsoft.CppBuild.targets(1567,5): message :     ;
C:\Program Files\Microsoft Visual Studio\18\Community\MSBuild\Microsoft\VC\v180\Microsoft.CppBuild.targets(1567,5): message :       ComputeLibInputsFromProject;
C:\Program Files\Microsoft Visual Studio\18\Community\MSBuild\Microsoft\VC\v180\Microsoft.CppBuild.targets(1567,5): message :     ") C:\Program Files\Microsoft Visual Studio\18\Community\MSBuild\Microsoft\VC\v180\Microsoft.CppBuild.targets (1567,5)
C:\Program Files\Microsoft Visual Studio\18\Community\MSBuild\Microsoft\VC\v180\Microsoft.CppBuild.targets(1624,5): message : プロパティの再代入: $(ComputeLibInputsTargets)="
C:\Program Files\Microsoft Visual Studio\18\Community\MSBuild\Microsoft\VC\v180\Microsoft.CppBuild.targets(1624,5): message :       ComputeLibAdditionalOptions;
C:\Program Files\Microsoft Visual Studio\18\Community\MSBuild\Microsoft\VC\v180\Microsoft.CppBuild.targets(1624,5): message :       
C:\Program Files\Microsoft Visual Studio\18\Community\MSBuild\Microsoft\VC\v180\Microsoft.CppBuild.targets(1624,5): message :       
C:\Program Files\Microsoft Visual Studio\18\Community\MSBuild\Microsoft\VC\v180\Microsoft.CppBuild.targets(1624,5): message :       
C:\Program Files\Microsoft Visual Studio\18\Community\MSBuild\Microsoft\VC\v180\Microsoft.CppBuild.targets(1624,5): message :       
C:\Program Files\Microsoft Visual Studio\18\Community\MSBuild\Microsoft\VC\v180\Microsoft.CppBuild.targets(1624,5): message :       
C:\Program Files\Microsoft Visual Studio\18\Community\MSBuild\Microsoft\VC\v180\Microsoft.CppBuild.targets(1624,5): message :       ;
C:\Program Files\Microsoft Visual Studio\18\Community\MSBuild\Microsoft\VC\v180\Microsoft.CppBuild.targets(1624,5): message :       ComputeRCGeneratedLibInputs;
C:\Program Files\Microsoft Visual Studio\18\Community\MSBuild\Microsoft\VC\v180\Microsoft.CppBuild.targets(1624,5): message :     ;
C:\Program Files\Microsoft Visual Studio\18\Community\MSBuild\Microsoft\VC\v180\Microsoft.CppBuild.targets(1624,5): message :       ComputeCustomBuildOutput;
C:\Program Files\Microsoft Visual Studio\18\Community\MSBuild\Microsoft\VC\v180\Microsoft.CppBuild.targets(1624,5): message :     ;
C:\Program Files\Microsoft Visual Studio\18\Community\MSBuild\Microsoft\VC\v180\Microsoft.CppBuild.targets(1624,5): message :       ComputeCLGeneratedLibInputs;
C:\Program Files\Microsoft Visual Studio\18\Community\MSBuild\Microsoft\VC\v180\Microsoft.CppBuild.targets(1624,5): message :     ;
C:\Program Files\Microsoft Visual Studio\18\Community\MSBuild\Microsoft\VC\v180\Microsoft.CppBuild.targets(1624,5): message :       ComputeLibInputsFromProject;
C:\Program Files\Microsoft Visual Studio\18\Community\MSBuild\Microsoft\VC\v180\Microsoft.CppBuild.targets(1624,5): message :     ;
C:\Program Files\Microsoft Visual Studio\18\Community\MSBuild\Microsoft\VC\v180\Microsoft.CppBuild.targets(1624,5): message :       ComputeReferenceLibInputs;
C:\Program Files\Microsoft Visual Studio\18\Community\MSBuild\Microsoft\VC\v180\Microsoft.CppBuild.targets(1624,5): message :     
C:\Program Files\Microsoft Visual Studio\18\Community\MSBuild\Microsoft\VC\v180\Microsoft.CppBuild.targets(1624,5): message :     " (以前の値: "
C:\Program Files\Microsoft Visual Studio\18\Community\MSBuild\Microsoft\VC\v180\Microsoft.CppBuild.targets(1624,5): message :       
C:\Program Files\Microsoft Visual Studio\18\Community\MSBuild\Microsoft\VC\v180\Microsoft.CppBuild.targets(1624,5): message :       
C:\Program Files\Microsoft Visual Studio\18\Community\MSBuild\Microsoft\VC\v180\Microsoft.CppBuild.targets(1624,5): message :       
C:\Program Files\Microsoft Visual Studio\18\Community\MSBuild\Microsoft\VC\v180\Microsoft.CppBuild.targets(1624,5): message :       
C:\Program Files\Microsoft Visual Studio\18\Community\MSBuild\Microsoft\VC\v180\Microsoft.CppBuild.targets(1624,5): message :       ;
C:\Program Files\Microsoft Visual Studio\18\Community\MSBuild\Microsoft\VC\v180\Microsoft.CppBuild.targets(1624,5): message :       ComputeRCGeneratedLibInputs;
C:\Program Files\Microsoft Visual Studio\18\Community\MSBuild\Microsoft\VC\v180\Microsoft.CppBuild.targets(1624,5): message :     ;
C:\Program Files\Microsoft Visual Studio\18\Community\MSBuild\Microsoft\VC\v180\Microsoft.CppBuild.targets(1624,5): message :       ComputeCustomBuildOutput;
C:\Program Files\Microsoft Visual Studio\18\Community\MSBuild\Microsoft\VC\v180\Microsoft.CppBuild.targets(1624,5): message :     ;
C:\Program Files\Microsoft Visual Studio\18\Community\MSBuild\Microsoft\VC\v180\Microsoft.CppBuild.targets(1624,5): message :       ComputeCLGeneratedLibInputs;
C:\Program Files\Microsoft Visual Studio\18\Community\MSBuild\Microsoft\VC\v180\Microsoft.CppBuild.targets(1624,5): message :     ;
C:\Program Files\Microsoft Visual Studio\18\Community\MSBuild\Microsoft\VC\v180\Microsoft.CppBuild.targets(1624,5): message :       ComputeLibInputsFromProject;
C:\Program Files\Microsoft Visual Studio\18\Community\MSBuild\Microsoft\VC\v180\Microsoft.CppBuild.targets(1624,5): message :     ;
C:\Program Files\Microsoft Visual Studio\18\Community\MSBuild\Microsoft\VC\v180\Microsoft.CppBuild.targets(1624,5): message :       ComputeReferenceLibInputs;
C:\Program Files\Microsoft Visual Studio\18\Community\MSBuild\Microsoft\VC\v180\Microsoft.CppBuild.targets(1624,5): message :     ") C:\Program Files\Microsoft Visual Studio\18\Community\MSBuild\Microsoft\VC\v180\Microsoft.CppBuild.targets (1624,5)
C:\Program Files\Microsoft Visual Studio\18\Community\MSBuild\Microsoft\VC\v180\Microsoft.CppBuild.targets(1812,5): message : プロパティの再代入: $(GetProjectInfoForReferenceDependsOn)="
C:\Program Files\Microsoft Visual Studio\18\Community\MSBuild\Microsoft\VC\v180\Microsoft.CppBuild.targets(1812,5): message :       
C:\Program Files\Microsoft Visual Studio\18\Community\MSBuild\Microsoft\VC\v180\Microsoft.CppBuild.targets(1812,5): message :       ;
C:\Program Files\Microsoft Visual Studio\18\Community\MSBuild\Microsoft\VC\v180\Microsoft.CppBuild.targets(1812,5): message :       AddPublicIncludeDirectoriesToProjectsInfoForReference;
C:\Program Files\Microsoft Visual Studio\18\Community\MSBuild\Microsoft\VC\v180\Microsoft.CppBuild.targets(1812,5): message :     ;
C:\Program Files\Microsoft Visual Studio\18\Community\MSBuild\Microsoft\VC\v180\Microsoft.CppBuild.targets(1812,5): message :       AddPublicBMIsToProjectsInfoForReference;
C:\Program Files\Microsoft Visual Studio\18\Community\MSBuild\Microsoft\VC\v180\Microsoft.CppBuild.targets(1812,5): message :       AddDeployRecipeFileToProjectsInfoForReference;
C:\Program Files\Microsoft Visual Studio\18\Community\MSBuild\Microsoft\VC\v180\Microsoft.CppBuild.targets(1812,5): message :       AddLibrariesToProjectsInfoForReference;
C:\Program Files\Microsoft Visual Studio\18\Community\MSBuild\Microsoft\VC\v180\Microsoft.CppBuild.targets(1812,5): message :     " (以前の値: "
C:\Program Files\Microsoft Visual Studio\18\Community\MSBuild\Microsoft\VC\v180\Microsoft.CppBuild.targets(1812,5): message :       ;
C:\Program Files\Microsoft Visual Studio\18\Community\MSBuild\Microsoft\VC\v180\Microsoft.CppBuild.targets(1812,5): message :       AddPublicIncludeDirectoriesToProjectsInfoForReference;
C:\Program Files\Microsoft Visual Studio\18\Community\MSBuild\Microsoft\VC\v180\Microsoft.CppBuild.targets(1812,5): message :     ") C:\Program Files\Microsoft Visual Studio\18\Community\MSBuild\Microsoft\VC\v180\Microsoft.CppBuild.targets (1812,5)
C:\Program Files\Microsoft Visual Studio\18\Community\MSBuild\Microsoft\VC\v180\Microsoft.CppBuild.targets(2237,5): message : プロパティの再代入: $(DocumentationProjectOutputGroupDependsOn)="ResolvedXDCMake;ComputeCLCompileGeneratedXDCFiles" (以前の値: "") C:\Program Files\Microsoft Visual Studio\18\Community\MSBuild\Microsoft\VC\v180\Microsoft.CppBuild.targets (2237,5)
C:\Program Files\Microsoft Visual Studio\18\Community\MSBuild\Microsoft\VC\v180\Microsoft.CppBuild.targets(2303,5): message : プロパティの再代入: $(ContentFilesProjectOutputGroupDependsOn)="PrepareForBuild;AssignTargetPaths;PrepareForBuild;AssignTargetPaths;MakeDirsForFxc" (以前の値: "PrepareForBuild;AssignTargetPaths") C:\Program Files\Microsoft Visual Studio\18\Community\MSBuild\Microsoft\VC\v180\Microsoft.CppBuild.targets (2303,5)
C:\Program Files\Microsoft Visual Studio\18\Community\MSBuild\Microsoft\VC\v180\Microsoft.CppCommon.targets(315,5): message : プロパティの再代入: $(ComputeCompileInputsTargets)="
C:\Program Files\Microsoft Visual Studio\18\Community\MSBuild\Microsoft\VC\v180\Microsoft.CppCommon.targets(315,5): message :       
C:\Program Files\Microsoft Visual Studio\18\Community\MSBuild\Microsoft\VC\v180\Microsoft.CppCommon.targets(315,5): message :       
C:\Program Files\Microsoft Visual Studio\18\Community\MSBuild\Microsoft\VC\v180\Microsoft.CppCommon.targets(315,5): message :       
C:\Program Files\Microsoft Visual Studio\18\Community\MSBuild\Microsoft\VC\v180\Microsoft.CppCommon.targets(315,5): message :       ;
C:\Program Files\Microsoft Visual Studio\18\Community\MSBuild\Microsoft\VC\v180\Microsoft.CppCommon.targets(315,5): message :       GenerateTargetFrameworkMonikerAttribute;
C:\Program Files\Microsoft Visual Studio\18\Community\MSBuild\Microsoft\VC\v180\Microsoft.CppCommon.targets(315,5): message :     ;
C:\Program Files\Microsoft Visual Studio\18\Community\MSBuild\Microsoft\VC\v180\Microsoft.CppCommon.targets(315,5): message :       ComputeMIDLGeneratedCompileInputs;
C:\Program Files\Microsoft Visual Studio\18\Community\MSBuild\Microsoft\VC\v180\Microsoft.CppCommon.targets(315,5): message :     ;
C:\Program Files\Microsoft Visual Studio\18\Community\MSBuild\Microsoft\VC\v180\Microsoft.CppCommon.targets(315,5): message :       ComputeCLInputPDBName;
C:\Program Files\Microsoft Visual Studio\18\Community\MSBuild\Microsoft\VC\v180\Microsoft.CppCommon.targets(315,5): message :       ComputeReferenceCLInput;
C:\Program Files\Microsoft Visual Studio\18\Community\MSBuild\Microsoft\VC\v180\Microsoft.CppCommon.targets(315,5): message :       WarnCompileDuplicatedFilename
C:\Program Files\Microsoft Visual Studio\18\Community\MSBuild\Microsoft\VC\v180\Microsoft.CppCommon.targets(315,5): message :     ;
C:\Program Files\Microsoft Visual Studio\18\Community\MSBuild\Microsoft\VC\v180\Microsoft.CppCommon.targets(315,5): message :       ;
C:\Program Files\Microsoft Visual Studio\18\Community\MSBuild\Microsoft\VC\v180\Microsoft.CppCommon.targets(315,5): message :       ComputeStdModulesCompileInputs;
C:\Program Files\Microsoft Visual Studio\18\Community\MSBuild\Microsoft\VC\v180\Microsoft.CppCommon.targets(315,5): message :       FixupCLCompileOptions;
C:\Program Files\Microsoft Visual Studio\18\Community\MSBuild\Microsoft\VC\v180\Microsoft.CppCommon.targets(315,5): message :       SetModuleDependencies;
C:\Program Files\Microsoft Visual Studio\18\Community\MSBuild\Microsoft\VC\v180\Microsoft.CppCommon.targets(315,5): message :     " (以前の値: "
C:\Program Files\Microsoft Visual Studio\18\Community\MSBuild\Microsoft\VC\v180\Microsoft.CppCommon.targets(315,5): message :       
C:\Program Files\Microsoft Visual Studio\18\Community\MSBuild\Microsoft\VC\v180\Microsoft.CppCommon.targets(315,5): message :       
C:\Program Files\Microsoft Visual Studio\18\Community\MSBuild\Microsoft\VC\v180\Microsoft.CppCommon.targets(315,5): message :       ;
C:\Program Files\Microsoft Visual Studio\18\Community\MSBuild\Microsoft\VC\v180\Microsoft.CppCommon.targets(315,5): message :       GenerateTargetFrameworkMonikerAttribute;
C:\Program Files\Microsoft Visual Studio\18\Community\MSBuild\Microsoft\VC\v180\Microsoft.CppCommon.targets(315,5): message :     ;
C:\Program Files\Microsoft Visual Studio\18\Community\MSBuild\Microsoft\VC\v180\Microsoft.CppCommon.targets(315,5): message :       ComputeMIDLGeneratedCompileInputs;
C:\Program Files\Microsoft Visual Studio\18\Community\MSBuild\Microsoft\VC\v180\Microsoft.CppCommon.targets(315,5): message :     ;
C:\Program Files\Microsoft Visual Studio\18\Community\MSBuild\Microsoft\VC\v180\Microsoft.CppCommon.targets(315,5): message :       ComputeCLInputPDBName;
C:\Program Files\Microsoft Visual Studio\18\Community\MSBuild\Microsoft\VC\v180\Microsoft.CppCommon.targets(315,5): message :       ComputeReferenceCLInput;
C:\Program Files\Microsoft Visual Studio\18\Community\MSBuild\Microsoft\VC\v180\Microsoft.CppCommon.targets(315,5): message :       WarnCompileDuplicatedFilename
C:\Program Files\Microsoft Visual Studio\18\Community\MSBuild\Microsoft\VC\v180\Microsoft.CppCommon.targets(315,5): message :     ") C:\Program Files\Microsoft Visual Studio\18\Community\MSBuild\Microsoft\VC\v180\Microsoft.CppCommon.targets (315,5)
C:\Program Files\Microsoft Visual Studio\18\Community\MSBuild\Microsoft\VC\v180\Microsoft.CppCommon.targets(2130,5): message : プロパティの再代入: $(BuildingProject)="true" (以前の値: "false") C:\Program Files\Microsoft Visual Studio\18\Community\MSBuild\Microsoft\VC\v180\Microsoft.CppCommon.targets (2130,5)
C:\Program Files\Microsoft Visual Studio\18\Community\MSBuild\Microsoft\VC\v180\Microsoft.CppCommon.targets(2676,5): message : プロパティの再代入: $(ContentFilesProjectOutputGroupDependsOn)="PrepareForBuild;AssignTargetPaths;PrepareForBuild;AssignTargetPaths;MakeDirsForFxc;_CreateCopyFileItems;" (以前の値: "PrepareForBuild;AssignTargetPaths;PrepareForBuild;AssignTargetPaths;MakeDirsForFxc") C:\Program Files\Microsoft Visual Studio\18\Community\MSBuild\Microsoft\VC\v180\Microsoft.CppCommon.targets (2676,5)
C:\Program Files\Microsoft Visual Studio\18\Community\MSBuild\Microsoft\VC\v180\Microsoft.Cpp.WindowsSDK.targets(16,5): message : プロパティの再代入: $(PrepareForBuildDependsOn)="_CheckWindowsSDKInstalled;;GetFrameworkPaths;GetReferenceAssemblyPaths;AssignLinkMetadata;SetCABuildNativeEnvironmentVariables" (以前の値: ";GetFrameworkPaths;GetReferenceAssemblyPaths;AssignLinkMetadata;SetCABuildNativeEnvironmentVariables") C:\Program Files\Microsoft Visual Studio\18\Community\MSBuild\Microsoft\VC\v180\Microsoft.Cpp.WindowsSDK.targets (16,5)
C:\Program Files\Microsoft Visual Studio\18\Community\MSBuild\Microsoft\VC\v180\Microsoft.CppClean.targets(22,5): message : プロパティの再代入: $(CleanDependsOn)="
C:\Program Files\Microsoft Visual Studio\18\Community\MSBuild\Microsoft\VC\v180\Microsoft.CppClean.targets(22,5): message :       
C:\Program Files\Microsoft Visual Studio\18\Community\MSBuild\Microsoft\VC\v180\Microsoft.CppClean.targets(22,5): message :       _PrepareForClean;
C:\Program Files\Microsoft Visual Studio\18\Community\MSBuild\Microsoft\VC\v180\Microsoft.CppClean.targets(22,5): message :       
C:\Program Files\Microsoft Visual Studio\18\Community\MSBuild\Microsoft\VC\v180\Microsoft.CppClean.targets(22,5): message :       BeforeClean;
C:\Program Files\Microsoft Visual Studio\18\Community\MSBuild\Microsoft\VC\v180\Microsoft.CppClean.targets(22,5): message :       UnmanagedUnregistration;
C:\Program Files\Microsoft Visual Studio\18\Community\MSBuild\Microsoft\VC\v180\Microsoft.CppClean.targets(22,5): message :       CoreClean;
C:\Program Files\Microsoft Visual Studio\18\Community\MSBuild\Microsoft\VC\v180\Microsoft.CppClean.targets(22,5): message :       CleanReferencedProjects;
C:\Program Files\Microsoft Visual Studio\18\Community\MSBuild\Microsoft\VC\v180\Microsoft.CppClean.targets(22,5): message :       CleanPublishFolder;
C:\Program Files\Microsoft Visual Studio\18\Community\MSBuild\Microsoft\VC\v180\Microsoft.CppClean.targets(22,5): message :       AfterClean
C:\Program Files\Microsoft Visual Studio\18\Community\MSBuild\Microsoft\VC\v180\Microsoft.CppClean.targets(22,5): message :     ;
C:\Program Files\Microsoft Visual Studio\18\Community\MSBuild\Microsoft\VC\v180\Microsoft.CppClean.targets(22,5): message :     ;
C:\Program Files\Microsoft Visual Studio\18\Community\MSBuild\Microsoft\VC\v180\Microsoft.CppClean.targets(22,5): message :       CppClean
C:\Program Files\Microsoft Visual Studio\18\Community\MSBuild\Microsoft\VC\v180\Microsoft.CppClean.targets(22,5): message :     " (以前の値: "
C:\Program Files\Microsoft Visual Studio\18\Community\MSBuild\Microsoft\VC\v180\Microsoft.CppClean.targets(22,5): message :       _PrepareForClean;
C:\Program Files\Microsoft Visual Studio\18\Community\MSBuild\Microsoft\VC\v180\Microsoft.CppClean.targets(22,5): message :       
C:\Program Files\Microsoft Visual Studio\18\Community\MSBuild\Microsoft\VC\v180\Microsoft.CppClean.targets(22,5): message :       BeforeClean;
C:\Program Files\Microsoft Visual Studio\18\Community\MSBuild\Microsoft\VC\v180\Microsoft.CppClean.targets(22,5): message :       UnmanagedUnregistration;
C:\Program Files\Microsoft Visual Studio\18\Community\MSBuild\Microsoft\VC\v180\Microsoft.CppClean.targets(22,5): message :       CoreClean;
C:\Program Files\Microsoft Visual Studio\18\Community\MSBuild\Microsoft\VC\v180\Microsoft.CppClean.targets(22,5): message :       CleanReferencedProjects;
C:\Program Files\Microsoft Visual Studio\18\Community\MSBuild\Microsoft\VC\v180\Microsoft.CppClean.targets(22,5): message :       CleanPublishFolder;
C:\Program Files\Microsoft Visual Studio\18\Community\MSBuild\Microsoft\VC\v180\Microsoft.CppClean.targets(22,5): message :       AfterClean
C:\Program Files\Microsoft Visual Studio\18\Community\MSBuild\Microsoft\VC\v180\Microsoft.CppClean.targets(22,5): message :     ;
C:\Program Files\Microsoft Visual Studio\18\Community\MSBuild\Microsoft\VC\v180\Microsoft.CppClean.targets(22,5): message :     ") C:\Program Files\Microsoft Visual Studio\18\Community\MSBuild\Microsoft\VC\v180\Microsoft.CppClean.targets (22,5)
C:\Program Files\Microsoft Visual Studio\18\Community\MSBuild\Microsoft\VC\v180\Microsoft.CppClean.targets(92,5): message : プロパティの再代入: $(CppCleanDependsOn)="
C:\Program Files\Microsoft Visual Studio\18\Community\MSBuild\Microsoft\VC\v180\Microsoft.CppClean.targets(92,5): message :       BeforeCppClean;
C:\Program Files\Microsoft Visual Studio\18\Community\MSBuild\Microsoft\VC\v180\Microsoft.CppClean.targets(92,5): message :       ;
C:\Program Files\Microsoft Visual Studio\18\Community\MSBuild\Microsoft\VC\v180\Microsoft.CppClean.targets(92,5): message :       CoreCppClean;
C:\Program Files\Microsoft Visual Studio\18\Community\MSBuild\Microsoft\VC\v180\Microsoft.CppClean.targets(92,5): message :       AfterCppClean;
C:\Program Files\Microsoft Visual Studio\18\Community\MSBuild\Microsoft\VC\v180\Microsoft.CppClean.targets(92,5): message :     ;PGInstrumentedClean" (以前の値: "
C:\Program Files\Microsoft Visual Studio\18\Community\MSBuild\Microsoft\VC\v180\Microsoft.CppClean.targets(92,5): message :       BeforeCppClean;
C:\Program Files\Microsoft Visual Studio\18\Community\MSBuild\Microsoft\VC\v180\Microsoft.CppClean.targets(92,5): message :       ;
C:\Program Files\Microsoft Visual Studio\18\Community\MSBuild\Microsoft\VC\v180\Microsoft.CppClean.targets(92,5): message :       CoreCppClean;
C:\Program Files\Microsoft Visual Studio\18\Community\MSBuild\Microsoft\VC\v180\Microsoft.CppClean.targets(92,5): message :       AfterCppClean;
C:\Program Files\Microsoft Visual Studio\18\Community\MSBuild\Microsoft\VC\v180\Microsoft.CppClean.targets(92,5): message :     ") C:\Program Files\Microsoft Visual Studio\18\Community\MSBuild\Microsoft\VC\v180\Microsoft.CppClean.targets (92,5)
C:\Program Files\Microsoft Visual Studio\18\Community\MSBuild\Microsoft\VC\v180\Microsoft.Cpp.DesignTime.targets(541,5): message : プロパティの再代入: $(BuildDependsOn)="SetTelemetryEnvironmentVariables;
C:\Program Files\Microsoft Visual Studio\18\Community\MSBuild\Microsoft\VC\v180\Microsoft.Cpp.DesignTime.targets(541,5): message :       _PrepareForBuild;
C:\Program Files\Microsoft Visual Studio\18\Community\MSBuild\Microsoft\VC\v180\Microsoft.Cpp.DesignTime.targets(541,5): message :       
C:\Program Files\Microsoft Visual Studio\18\Community\MSBuild\Microsoft\VC\v180\Microsoft.Cpp.DesignTime.targets(541,5): message :       ResolveReferences;
C:\Program Files\Microsoft Visual Studio\18\Community\MSBuild\Microsoft\VC\v180\Microsoft.Cpp.DesignTime.targets(541,5): message :       PrepareForBuild;
C:\Program Files\Microsoft Visual Studio\18\Community\MSBuild\Microsoft\VC\v180\Microsoft.Cpp.DesignTime.targets(541,5): message :       InitializeBuildStatus;
C:\Program Files\Microsoft Visual Studio\18\Community\MSBuild\Microsoft\VC\v180\Microsoft.Cpp.DesignTime.targets(541,5): message :       BuildGenerateSources;
C:\Program Files\Microsoft Visual Studio\18\Community\MSBuild\Microsoft\VC\v180\Microsoft.Cpp.DesignTime.targets(541,5): message :       BuildCompile;
C:\Program Files\Microsoft Visual Studio\18\Community\MSBuild\Microsoft\VC\v180\Microsoft.Cpp.DesignTime.targets(541,5): message :       BuildLink;
C:\Program Files\Microsoft Visual Studio\18\Community\MSBuild\Microsoft\VC\v180\Microsoft.Cpp.DesignTime.targets(541,5): message :     ;
C:\Program Files\Microsoft Visual Studio\18\Community\MSBuild\Microsoft\VC\v180\Microsoft.Cpp.DesignTime.targets(541,5): message :       AfterBuild;
C:\Program Files\Microsoft Visual Studio\18\Community\MSBuild\Microsoft\VC\v180\Microsoft.Cpp.DesignTime.targets(541,5): message :       IncrementalClean;
C:\Program Files\Microsoft Visual Studio\18\Community\MSBuild\Microsoft\VC\v180\Microsoft.Cpp.DesignTime.targets(541,5): message :       TlogCleanup;
C:\Program Files\Microsoft Visual Studio\18\Community\MSBuild\Microsoft\VC\v180\Microsoft.Cpp.DesignTime.targets(541,5): message :       FinalizeBuildStatus;
C:\Program Files\Microsoft Visual Studio\18\Community\MSBuild\Microsoft\VC\v180\Microsoft.Cpp.DesignTime.targets(541,5): message :     " (以前の値: "
C:\Program Files\Microsoft Visual Studio\18\Community\MSBuild\Microsoft\VC\v180\Microsoft.Cpp.DesignTime.targets(541,5): message :       _PrepareForBuild;
C:\Program Files\Microsoft Visual Studio\18\Community\MSBuild\Microsoft\VC\v180\Microsoft.Cpp.DesignTime.targets(541,5): message :       
C:\Program Files\Microsoft Visual Studio\18\Community\MSBuild\Microsoft\VC\v180\Microsoft.Cpp.DesignTime.targets(541,5): message :       ResolveReferences;
C:\Program Files\Microsoft Visual Studio\18\Community\MSBuild\Microsoft\VC\v180\Microsoft.Cpp.DesignTime.targets(541,5): message :       PrepareForBuild;
C:\Program Files\Microsoft Visual Studio\18\Community\MSBuild\Microsoft\VC\v180\Microsoft.Cpp.DesignTime.targets(541,5): message :       InitializeBuildStatus;
C:\Program Files\Microsoft Visual Studio\18\Community\MSBuild\Microsoft\VC\v180\Microsoft.Cpp.DesignTime.targets(541,5): message :       BuildGenerateSources;
C:\Program Files\Microsoft Visual Studio\18\Community\MSBuild\Microsoft\VC\v180\Microsoft.Cpp.DesignTime.targets(541,5): message :       BuildCompile;
C:\Program Files\Microsoft Visual Studio\18\Community\MSBuild\Microsoft\VC\v180\Microsoft.Cpp.DesignTime.targets(541,5): message :       BuildLink;
C:\Program Files\Microsoft Visual Studio\18\Community\MSBuild\Microsoft\VC\v180\Microsoft.Cpp.DesignTime.targets(541,5): message :     ;
C:\Program Files\Microsoft Visual Studio\18\Community\MSBuild\Microsoft\VC\v180\Microsoft.Cpp.DesignTime.targets(541,5): message :       AfterBuild;
C:\Program Files\Microsoft Visual Studio\18\Community\MSBuild\Microsoft\VC\v180\Microsoft.Cpp.DesignTime.targets(541,5): message :       IncrementalClean;
C:\Program Files\Microsoft Visual Studio\18\Community\MSBuild\Microsoft\VC\v180\Microsoft.Cpp.DesignTime.targets(541,5): message :       TlogCleanup;
C:\Program Files\Microsoft Visual Studio\18\Community\MSBuild\Microsoft\VC\v180\Microsoft.Cpp.DesignTime.targets(541,5): message :       FinalizeBuildStatus;
C:\Program Files\Microsoft Visual Studio\18\Community\MSBuild\Microsoft\VC\v180\Microsoft.Cpp.DesignTime.targets(541,5): message :     ") C:\Program Files\Microsoft Visual Studio\18\Community\MSBuild\Microsoft\VC\v180\Microsoft.Cpp.DesignTime.targets (541,5)
C:\Program Files\Microsoft Visual Studio\18\Community\MSBuild\Microsoft\VC\v180\Microsoft.Cpp.DesignTime.targets(542,5): message : プロパティの再代入: $(RebuildDependsOn)="SetTelemetryEnvironmentVariables;
C:\Program Files\Microsoft Visual Studio\18\Community\MSBuild\Microsoft\VC\v180\Microsoft.Cpp.DesignTime.targets(542,5): message :       _PrepareForRebuild;
C:\Program Files\Microsoft Visual Studio\18\Community\MSBuild\Microsoft\VC\v180\Microsoft.Cpp.DesignTime.targets(542,5): message :       
C:\Program Files\Microsoft Visual Studio\18\Community\MSBuild\Microsoft\VC\v180\Microsoft.Cpp.DesignTime.targets(542,5): message :       BeforeRebuild;
C:\Program Files\Microsoft Visual Studio\18\Community\MSBuild\Microsoft\VC\v180\Microsoft.Cpp.DesignTime.targets(542,5): message :       Clean;
C:\Program Files\Microsoft Visual Studio\18\Community\MSBuild\Microsoft\VC\v180\Microsoft.Cpp.DesignTime.targets(542,5): message :       Build;
C:\Program Files\Microsoft Visual Studio\18\Community\MSBuild\Microsoft\VC\v180\Microsoft.Cpp.DesignTime.targets(542,5): message :       AfterRebuild;
C:\Program Files\Microsoft Visual Studio\18\Community\MSBuild\Microsoft\VC\v180\Microsoft.Cpp.DesignTime.targets(542,5): message :     ;
C:\Program Files\Microsoft Visual Studio\18\Community\MSBuild\Microsoft\VC\v180\Microsoft.Cpp.DesignTime.targets(542,5): message :     " (以前の値: "
C:\Program Files\Microsoft Visual Studio\18\Community\MSBuild\Microsoft\VC\v180\Microsoft.Cpp.DesignTime.targets(542,5): message :       _PrepareForRebuild;
C:\Program Files\Microsoft Visual Studio\18\Community\MSBuild\Microsoft\VC\v180\Microsoft.Cpp.DesignTime.targets(542,5): message :       
C:\Program Files\Microsoft Visual Studio\18\Community\MSBuild\Microsoft\VC\v180\Microsoft.Cpp.DesignTime.targets(542,5): message :       BeforeRebuild;
C:\Program Files\Microsoft Visual Studio\18\Community\MSBuild\Microsoft\VC\v180\Microsoft.Cpp.DesignTime.targets(542,5): message :       Clean;
C:\Program Files\Microsoft Visual Studio\18\Community\MSBuild\Microsoft\VC\v180\Microsoft.Cpp.DesignTime.targets(542,5): message :       Build;
C:\Program Files\Microsoft Visual Studio\18\Community\MSBuild\Microsoft\VC\v180\Microsoft.Cpp.DesignTime.targets(542,5): message :       AfterRebuild;
C:\Program Files\Microsoft Visual Studio\18\Community\MSBuild\Microsoft\VC\v180\Microsoft.Cpp.DesignTime.targets(542,5): message :     ;
C:\Program Files\Microsoft Visual Studio\18\Community\MSBuild\Microsoft\VC\v180\Microsoft.Cpp.DesignTime.targets(542,5): message :     ") C:\Program Files\Microsoft Visual Studio\18\Community\MSBuild\Microsoft\VC\v180\Microsoft.Cpp.DesignTime.targets (542,5)
プロジェクト "C:\Program Files\Microsoft Visual Studio\18\Community\MSBuild\Current\Bin\Microsoft.Common.CurrentVersion.targets" のターゲット "GenerateTargetFrameworkMonikerAttribute" をプロジェクト "C:\Program Files\Microsoft Visual Studio\18\Community\MSBuild\Microsoft\VC\v180\Microsoft.BuildSteps.Targets" からのターゲット "GenerateTargetFrameworkMonikerAttribute" でオーバーライドしています。
プロジェクト "C:\Program Files\Microsoft Visual Studio\18\Community\MSBuild\Current\Bin\Microsoft.Common.CurrentVersion.targets" のターゲット "Build" をプロジェクト "C:\Program Files\Microsoft Visual Studio\18\Community\MSBuild\Microsoft\VC\v180\Microsoft.BuildSteps.Targets" からのターゲット "Build" でオーバーライドしています。
プロジェクト "C:\Program Files\Microsoft Visual Studio\18\Community\MSBuild\Current\Bin\Microsoft.Common.CurrentVersion.targets" のターゲット "Rebuild" をプロジェクト "C:\Program Files\Microsoft Visual Studio\18\Community\MSBuild\Microsoft\VC\v180\Microsoft.BuildSteps.Targets" からのターゲット "Rebuild" でオーバーライドしています。
プロジェクト "C:\Program Files\Microsoft Visual Studio\18\Community\MSBuild\Current\Bin\Microsoft.Common.CurrentVersion.targets" のターゲット "AfterBuild" をプロジェクト "C:\Program Files\Microsoft Visual Studio\18\Community\MSBuild\Microsoft\VC\v180\Microsoft.BuildSteps.Targets" からのターゲット "AfterBuild" でオーバーライドしています。
プロジェクト "C:\Program Files\Microsoft Visual Studio\18\Community\MSBuild\Current\Bin\Microsoft.Common.CurrentVersion.targets" のターゲット "PrepareForBuild" をプロジェクト "C:\Program Files\Microsoft Visual Studio\18\Community\MSBuild\Microsoft\VC\v180\Microsoft.CppBuild.targets" からのターゲット "PrepareForBuild" でオーバーライドしています。
プロジェクト "C:\Program Files\Microsoft Visual Studio\18\Community\MSBuild\Current\Bin\Microsoft.Common.CurrentVersion.targets" のターゲット "GetTargetPath" をプロジェクト "C:\Program Files\Microsoft Visual Studio\18\Community\MSBuild\Microsoft\VC\v180\Microsoft.CppBuild.targets" からのターゲット "GetTargetPath" でオーバーライドしています。
プロジェクト "C:\Program Files\Microsoft Visual Studio\18\Community\MSBuild\Current\Bin\Microsoft.Common.CurrentVersion.targets" のターゲット "ComputeIntermediateSatelliteAssemblies" をプロジェクト "C:\Program Files\Microsoft Visual Studio\18\Community\MSBuild\Microsoft\VC\v180\Microsoft.CppBuild.targets" からのターゲット "ComputeIntermediateSatelliteAssemblies" でオーバーライドしています。
プロジェクト "C:\Program Files\Microsoft Visual Studio\18\Community\MSBuild\Microsoft\VC\v180\Microsoft.CppBuild.targets" のターゲット "ClCompile" をプロジェクト "C:\Program Files\Microsoft Visual Studio\18\Community\MSBuild\Microsoft\VC\v180\Microsoft.CppBuild.targets" からのターゲット "ClCompile" でオーバーライドしています。
プロジェクト "C:\Program Files\Microsoft Visual Studio\18\Community\MSBuild\Microsoft\VC\v180\Microsoft.CppBuild.targets" のターゲット "ResourceCompile" をプロジェクト "C:\Program Files\Microsoft Visual Studio\18\Community\MSBuild\Microsoft\VC\v180\Microsoft.CppBuild.targets" からのターゲット "ResourceCompile" でオーバーライドしています。
プロジェクト "C:\Program Files\Microsoft Visual Studio\18\Community\MSBuild\Microsoft\VC\v180\Microsoft.CppBuild.targets" のターゲット "Lib" をプロジェクト "C:\Program Files\Microsoft Visual Studio\18\Community\MSBuild\Microsoft\VC\v180\Microsoft.CppBuild.targets" からのターゲット "Lib" でオーバーライドしています。
プロジェクト "C:\Program Files\Microsoft Visual Studio\18\Community\MSBuild\Microsoft\VC\v180\Microsoft.CppBuild.targets" のターゲット "Link" をプロジェクト "C:\Program Files\Microsoft Visual Studio\18\Community\MSBuild\Microsoft\VC\v180\Microsoft.CppBuild.targets" からのターゲット "Link" でオーバーライドしています。
プロジェクト "C:\Program Files\Microsoft Visual Studio\18\Community\MSBuild\Current\Bin\Microsoft.Common.CurrentVersion.targets" のターゲット "AllProjectOutputGroups" をプロジェクト "C:\Program Files\Microsoft Visual Studio\18\Community\MSBuild\Microsoft\VC\v180\Microsoft.CppBuild.targets" からのターゲット "AllProjectOutputGroups" でオーバーライドしています。
プロジェクト "C:\Program Files\Microsoft Visual Studio\18\Community\MSBuild\Current\Bin\Microsoft.Common.CurrentVersion.targets" のターゲット "BuiltProjectOutputGroup" をプロジェクト "C:\Program Files\Microsoft Visual Studio\18\Community\MSBuild\Microsoft\VC\v180\Microsoft.CppBuild.targets" からのターゲット "BuiltProjectOutputGroup" でオーバーライドしています。
プロジェクト "C:\Program Files\Microsoft Visual Studio\18\Community\MSBuild\Current\Bin\Microsoft.Common.CurrentVersion.targets" のターゲット "DebugSymbolsProjectOutputGroup" をプロジェクト "C:\Program Files\Microsoft Visual Studio\18\Community\MSBuild\Microsoft\VC\v180\Microsoft.CppBuild.targets" からのターゲット "DebugSymbolsProjectOutputGroup" でオーバーライドしています。
プロジェクト "C:\Program Files\Microsoft Visual Studio\18\Community\MSBuild\Current\Bin\Microsoft.Common.CurrentVersion.targets" のターゲット "DocumentationProjectOutputGroup" をプロジェクト "C:\Program Files\Microsoft Visual Studio\18\Community\MSBuild\Microsoft\VC\v180\Microsoft.CppBuild.targets" からのターゲット "DocumentationProjectOutputGroup" でオーバーライドしています。
プロジェクト "C:\Program Files\Microsoft Visual Studio\18\Community\MSBuild\Current\Bin\Microsoft.Common.CurrentVersion.targets" のターゲット "SourceFilesProjectOutputGroup" をプロジェクト "C:\Program Files\Microsoft Visual Studio\18\Community\MSBuild\Microsoft\VC\v180\Microsoft.CppBuild.targets" からのターゲット "SourceFilesProjectOutputGroup" でオーバーライドしています。
プロジェクト "C:\Program Files\Microsoft Visual Studio\18\Community\MSBuild\Current\Bin\Microsoft.Common.CurrentVersion.targets" のターゲット "ContentFilesProjectOutputGroup" をプロジェクト "C:\Program Files\Microsoft Visual Studio\18\Community\MSBuild\Microsoft\VC\v180\Microsoft.CppBuild.targets" からのターゲット "ContentFilesProjectOutputGroup" でオーバーライドしています。
プロジェクト "C:\Program Files\Microsoft Visual Studio\18\Community\MSBuild\Current\Bin\Microsoft.Common.CurrentVersion.targets" のターゲット "AllProjectOutputGroupsDependencies" をプロジェクト "C:\Program Files\Microsoft Visual Studio\18\Community\MSBuild\Microsoft\VC\v180\Microsoft.CppBuild.targets" からのターゲット "AllProjectOutputGroupsDependencies" でオーバーライドしています。
プロジェクト "C:\Program Files\Microsoft Visual Studio\18\Community\MSBuild\Current\Bin\Microsoft.Common.CurrentVersion.targets" のターゲット "BuiltProjectOutputGroupDependencies" をプロジェクト "C:\Program Files\Microsoft Visual Studio\18\Community\MSBuild\Microsoft\VC\v180\Microsoft.CppBuild.targets" からのターゲット "BuiltProjectOutputGroupDependencies" でオーバーライドしています。
プロジェクト "C:\Program Files\Microsoft Visual Studio\18\Community\MSBuild\Current\Bin\Microsoft.Common.CurrentVersion.targets" のターゲット "DebugSymbolsProjectOutputGroupDependencies" をプロジェクト "C:\Program Files\Microsoft Visual Studio\18\Community\MSBuild\Microsoft\VC\v180\Microsoft.CppBuild.targets" からのターゲット "DebugSymbolsProjectOutputGroupDependencies" でオーバーライドしています。
プロジェクト "C:\Program Files\Microsoft Visual Studio\18\Community\MSBuild\Current\Bin\Microsoft.Common.CurrentVersion.targets" のターゲット "DocumentationProjectOutputGroupDependencies" をプロジェクト "C:\Program Files\Microsoft Visual Studio\18\Community\MSBuild\Microsoft\VC\v180\Microsoft.CppBuild.targets" からのターゲット "DocumentationProjectOutputGroupDependencies" でオーバーライドしています。
プロジェクト "C:\Program Files\Microsoft Visual Studio\18\Community\MSBuild\Current\Bin\Microsoft.Common.CurrentVersion.targets" のターゲット "PreBuildEvent" をプロジェクト "C:\Program Files\Microsoft Visual Studio\18\Community\MSBuild\Microsoft\VC\v180\Microsoft.CppCommon.targets" からのターゲット "PreBuildEvent" でオーバーライドしています。
プロジェクト "C:\Program Files\Microsoft Visual Studio\18\Community\MSBuild\Current\Bin\Microsoft.Common.CurrentVersion.targets" のターゲット "PostBuildEvent" をプロジェクト "C:\Program Files\Microsoft Visual Studio\18\Community\MSBuild\Microsoft\VC\v180\Microsoft.CppCommon.targets" からのターゲット "PostBuildEvent" でオーバーライドしています。
プロジェクト "C:\Program Files\Microsoft Visual Studio\18\Community\MSBuild\Microsoft\VC\v180\Microsoft.CppBuild.targets" のターゲット "ClCompile" をプロジェクト "C:\Program Files\Microsoft Visual Studio\18\Community\MSBuild\Microsoft\VC\v180\Microsoft.CppCommon.targets" からのターゲット "ClCompile" でオーバーライドしています。
プロジェクト "C:\Program Files\Microsoft Visual Studio\18\Community\MSBuild\Microsoft\VC\v180\Microsoft.CppBuild.targets" のターゲット "Link" をプロジェクト "C:\Program Files\Microsoft Visual Studio\18\Community\MSBuild\Microsoft\VC\v180\Microsoft.CppCommon.targets" からのターゲット "Link" でオーバーライドしています。
プロジェクト "C:\Program Files\Microsoft Visual Studio\18\Community\MSBuild\Microsoft\VC\v180\Microsoft.CppBuild.targets" のターゲット "Lib" をプロジェクト "C:\Program Files\Microsoft Visual Studio\18\Community\MSBuild\Microsoft\VC\v180\Microsoft.CppCommon.targets" からのターゲット "Lib" でオーバーライドしています。
プロジェクト "C:\Program Files\Microsoft Visual Studio\18\Community\MSBuild\Microsoft\VC\v180\Microsoft.CppBuild.targets" のターゲット "ImpLib" をプロジェクト "C:\Program Files\Microsoft Visual Studio\18\Community\MSBuild\Microsoft\VC\v180\Microsoft.CppCommon.targets" からのターゲット "ImpLib" でオーバーライドしています。
プロジェクト "C:\Program Files\Microsoft Visual Studio\18\Community\MSBuild\Microsoft\VC\v180\Microsoft.CppBuild.targets" のターゲット "Midl" をプロジェクト "C:\Program Files\Microsoft Visual Studio\18\Community\MSBuild\Microsoft\VC\v180\Microsoft.CppCommon.targets" からのターゲット "Midl" でオーバーライドしています。
プロジェクト "C:\Program Files\Microsoft Visual Studio\18\Community\MSBuild\Microsoft\VC\v180\Microsoft.CppBuild.targets" のターゲット "ResourceCompile" をプロジェクト "C:\Program Files\Microsoft Visual Studio\18\Community\MSBuild\Microsoft\VC\v180\Microsoft.CppCommon.targets" からのターゲット "ResourceCompile" でオーバーライドしています。
プロジェクト "C:\Program Files\Microsoft Visual Studio\18\Community\MSBuild\Current\Bin\Microsoft.Common.CurrentVersion.targets" のターゲット "BeforeResGen" をプロジェクト "C:\Program Files\Microsoft Visual Studio\18\Community\MSBuild\Microsoft\VC\v180\Microsoft.CppCommon.targets" からのターゲット "BeforeResGen" でオーバーライドしています。
プロジェクト "C:\Program Files\Microsoft Visual Studio\18\Community\MSBuild\Current\Bin\Microsoft.Common.CurrentVersion.targets" のターゲット "ResGen" をプロジェクト "C:\Program Files\Microsoft Visual Studio\18\Community\MSBuild\Microsoft\VC\v180\Microsoft.CppCommon.targets" からのターゲット "ResGen" でオーバーライドしています。
プロジェクト "C:\Program Files\Microsoft Visual Studio\18\Community\MSBuild\Current\Bin\Microsoft.Common.CurrentVersion.targets" のターゲット "GenerateSatelliteAssemblies" をプロジェクト "C:\Program Files\Microsoft Visual Studio\18\Community\MSBuild\Microsoft\VC\v180\Microsoft.CppCommon.targets" からのターゲット "GenerateSatelliteAssemblies" でオーバーライドしています。
プロジェクト "C:\Program Files\Microsoft Visual Studio\18\Community\MSBuild\Microsoft\VC\v180\Microsoft.CppBuild.targets" のターゲット "Manifest" をプロジェクト "C:\Program Files\Microsoft Visual Studio\18\Community\MSBuild\Microsoft\VC\v180\Microsoft.CppCommon.targets" からのターゲット "Manifest" でオーバーライドしています。
プロジェクト "C:\Program Files\Microsoft Visual Studio\18\Community\MSBuild\Microsoft\VC\v180\Microsoft.CppBuild.targets" のターゲット "XdcMake" をプロジェクト "C:\Program Files\Microsoft Visual Studio\18\Community\MSBuild\Microsoft\VC\v180\Microsoft.CppCommon.targets" からのターゲット "XdcMake" でオーバーライドしています。
プロジェクト "C:\Program Files\Microsoft Visual Studio\18\Community\MSBuild\Microsoft\VC\v180\Microsoft.CppBuild.targets" のターゲット "BscMake" をプロジェクト "C:\Program Files\Microsoft Visual Studio\18\Community\MSBuild\Microsoft\VC\v180\Microsoft.CppCommon.targets" からのターゲット "BscMake" でオーバーライドしています。
プロジェクト "C:\Program Files\Microsoft Visual Studio\18\Community\MSBuild\Microsoft\VC\v180\Microsoft.MetaGen.targets" のターゲット "ComputeMetaGenInputs" をプロジェクト "C:\Program Files\Microsoft Visual Studio\18\Community\MSBuild\Microsoft\VC\v180\Microsoft.CppCommon.targets" からのターゲット "ComputeMetaGenInputs" でオーバーライドしています。
プロジェクト "C:\Program Files\Microsoft Visual Studio\18\Community\MSBuild\Current\Bin\Microsoft.Common.CurrentVersion.targets" のターゲット "GetNativeManifest" をプロジェクト "C:\Program Files\Microsoft Visual Studio\18\Community\MSBuild\Microsoft\VC\v180\Microsoft.CppCommon.targets" からのターゲット "GetNativeManifest" でオーバーライドしています。
プロジェクト "C:\Program Files\Microsoft Visual Studio\18\Community\MSBuild\Current\Bin\Microsoft.Common.CurrentVersion.targets" のターゲット "GetTargetPathWithTargetPlatformMoniker" をプロジェクト "C:\Program Files\Microsoft Visual Studio\18\Community\MSBuild\Microsoft\VC\v180\Microsoft.Cpp.DesignTime.targets" からのターゲット "GetTargetPathWithTargetPlatformMoniker" でオーバーライドしています。
"C:\Program Files\Microsoft Visual Studio\18\Community\MSBuild\Microsoft\VisualStudio\WebTools.Aspire\Microsoft.WebTools.Aspire.targets (44,11)" にある BeforeTargets 属性に一覧表示されているターゲット "CompileDesignTime" はプロジェクト内に存在しないため、無視されます。
"C:\Program Files\Microsoft Visual Studio\18\Community\MSBuild\Microsoft\VisualStudio\WebTools.Aspire\Microsoft.WebTools.Aspire.targets (57,11)" にある BeforeTargets 属性に一覧表示されているターゲット "CompileDesignTime" はプロジェクト内に存在しないため、無視されます。
プロジェクト "C:\Users\k023g\source\repos\TD4-2-Clone2\Project\ONEngine.vcxproj.metaproj" (2) は、ノード 1 上に "C:\Users\k023g\source\repos\TD4-2-Clone2\Project\ONEngine.vcxproj" (5) をビルドしています (Rebuild ターゲット)。
ファイル "C:\Program Files\Microsoft Visual Studio\18\Community\MSBuild\Current\Bin\Microsoft.Common.CurrentVersion.targets" 内にある、プロジェクト "C:\Users\k023g\source\repos\TD4-2-Clone2\Project\ONEngine.vcxproj" からのターゲット "_CheckForInvalidConfigurationAndPlatform" (ターゲット "SetTelemetryEnvironmentVariables" は依存):
タスク "Message"
  Configuration=Debug
タスク "Message" の実行が終了しました。
タスク "Message"
  Platform=x64
タスク "Message" の実行が終了しました。
プロジェクト "ONEngine.vcxproj" 内のターゲット "_CheckForInvalidConfigurationAndPlatform" のビルドが終了しました。
ターゲット "_CheckForInvalidConfigurationAndPlatform" を省略しました。以前に正しくビルドされていました。
ファイル "C:\Program Files\Microsoft Visual Studio\18\Community\MSBuild\Microsoft\VC\v180\Microsoft.Cpp.DesignTime.targets" 内にある、プロジェクト "C:\Users\k023g\source\repos\TD4-2-Clone2\Project\ONEngine.vcxproj" からのターゲット "SetTelemetryEnvironmentVariables" (ターゲット "Rebuild" は依存):
"SetEnv" タスクをアセンブリ "C:\Program Files\Microsoft Visual Studio\18\Community\MSBuild\Microsoft\VC\v180\Microsoft.Build.CppTasks.Common.dll" から使用しています。
タスク "SetEnv"
  VSTEL_SolutionSessionID=
タスク "SetEnv" の実行が終了しました。
タスク "SetEnv"
  VSTEL_CurrentSolutionBuildID=
タスク "SetEnv" の実行が終了しました。
タスク "SetEnv"
  VSTEL_ProjectID={58413781-440E-928C-6D27-80345953C71A}
タスク "SetEnv" の実行が終了しました。
タスク "SetEnv"
  VSTEL_SolutionPath=C:\Users\k023g\source\repos\TD4-2-Clone2\Project\ONEngine.sln
タスク "SetEnv" の実行が終了しました。
タスク "SetEnv"
  VSTEL_MSBuildProjectFullPath=C:\Users\k023g\source\repos\TD4-2-Clone2\Project\ONEngine.vcxproj
タスク "SetEnv" の実行が終了しました。
プロジェクト "ONEngine.vcxproj" 内のターゲット "SetTelemetryEnvironmentVariables" のビルドが終了しました。
ファイル "C:\Program Files\Microsoft Visual Studio\18\Community\MSBuild\Microsoft\VC\v180\Microsoft.BuildSteps.Targets" 内にある、プロジェクト "C:\Users\k023g\source\repos\TD4-2-Clone2\Project\ONEngine.vcxproj" からのターゲット "_PrepareForRebuild" (ターゲット "Rebuild" は依存):
C:\Program Files\Microsoft Visual Studio\18\Community\MSBuild\Microsoft\VC\v180\Microsoft.BuildSteps.Targets(194,7): message : プロパティの再代入: $(_BuildActionType)="Rebuild" (以前の値: "Build") C:\Program Files\Microsoft Visual Studio\18\Community\MSBuild\Microsoft\VC\v180\Microsoft.BuildSteps.Targets (194,7) [C:\Users\k023g\source\repos\TD4-2-Clone2\Project\ONEngine.vcxproj]
プロジェクト "ONEngine.vcxproj" 内のターゲット "_PrepareForRebuild" のビルドが終了しました。
ファイル "C:\Program Files\Microsoft Visual Studio\18\Community\MSBuild\Current\Bin\Microsoft.Common.CurrentVersion.targets" 内にある、プロジェクト "C:\Users\k023g\source\repos\TD4-2-Clone2\Project\ONEngine.vcxproj" からのターゲット "BeforeRebuild" (ターゲット "Rebuild" は依存):
プロジェクト "ONEngine.vcxproj" 内のターゲット "BeforeRebuild" のビルドが終了しました。
ファイル "C:\Program Files\Microsoft Visual Studio\18\Community\MSBuild\Microsoft\VC\v180\Microsoft.BuildSteps.Targets" 内にある、プロジェクト "C:\Users\k023g\source\repos\TD4-2-Clone2\Project\ONEngine.vcxproj" からのターゲット "_PrepareForClean" (ターゲット "Clean" は依存):
C:\Program Files\Microsoft Visual Studio\18\Community\MSBuild\Microsoft\VC\v180\Microsoft.BuildSteps.Targets(207,7): message : プロパティの再代入: $(_BuildActionType)="Clean" (以前の値: "Rebuild") C:\Program Files\Microsoft Visual Studio\18\Community\MSBuild\Microsoft\VC\v180\Microsoft.BuildSteps.Targets (207,7) [C:\Users\k023g\source\repos\TD4-2-Clone2\Project\ONEngine.vcxproj]
タスク "Delete"
  ファイル "C:\Users\k023g\source\repos\TD4-2-Clone2\Project\..\Generated\Obj\ONEngine\Debug\ONEngine.tlog\ONEngine.lastbuildstate" を削除しています。
タスク "Delete" の実行が終了しました。
プロジェクト "ONEngine.vcxproj" 内のターゲット "_PrepareForClean" のビルドが終了しました。
ファイル "C:\Program Files\Microsoft Visual Studio\18\Community\MSBuild\Current\Bin\Microsoft.Common.CurrentVersion.targets" 内にある、プロジェクト "C:\Users\k023g\source\repos\TD4-2-Clone2\Project\ONEngine.vcxproj" からのターゲット "BeforeClean" (ターゲット "Clean" は依存):
プロジェクト "ONEngine.vcxproj" 内のターゲット "BeforeClean" のビルドが終了しました。
ファイル "C:\Program Files\Microsoft Visual Studio\18\Community\MSBuild\Current\Bin\Microsoft.Common.CurrentVersion.targets" 内にある、プロジェクト "C:\Users\k023g\source\repos\TD4-2-Clone2\Project\ONEngine.vcxproj" からのターゲット "CoreClean" (ターゲット "Clean" は依存):
タスク "Delete"
  ファイル "C:\Users\k023g\source\repos\TD4-2-Clone2\Project\..\Generated\Obj\ONEngine\Debug\\TempCA\ONEngine.pdb" は存在しません。省略します。
  ファイル "C:\Users\k023g\source\repos\TD4-2-Clone2\Project\..\Generated\Obj\ONEngine\Debug\\TempCA\ONEngine.exe" は存在しません。省略します。
タスク "Delete" の実行が終了しました。
タスク "ReadLinesFromFile"
タスク "ReadLinesFromFile" の実行が終了しました。
タスク "FindUnderPath"
  比較パスは "C:\Users\k023g\source\repos\TD4-2-Clone2\Project\..\Generated\Outputs\Debug\" です。
タスク "FindUnderPath" の実行が終了しました。
タスク "FindUnderPath"
  比較パスは "C:\Users\k023g\source\repos\TD4-2-Clone2\Project\..\Generated\Obj\ONEngine\Debug\" です。
タスク "FindUnderPath" の実行が終了しました。
タスク "Delete"
タスク "Delete" の実行が終了しました。
タスク "RemoveDuplicates"
タスク "RemoveDuplicates" の実行が終了しました。
タスク "MakeDir"
タスク "MakeDir" の実行が終了しました。
タスク "WriteLinesToFile"
タスク "WriteLinesToFile" の実行が終了しました。
プロジェクト "ONEngine.vcxproj" 内のターゲット "CoreClean" のビルドが終了しました。
ファイル "C:\Program Files\Microsoft Visual Studio\18\Community\MSBuild\Current\Bin\Microsoft.Common.CurrentVersion.targets" 内にある、プロジェクト "C:\Users\k023g\source\repos\TD4-2-Clone2\Project\ONEngine.vcxproj" からのターゲット "IgnoreJavaScriptOutputAssembly" (ターゲット "AssignProjectConfiguration" は依存):
プロジェクト "ONEngine.vcxproj" 内のターゲット "IgnoreJavaScriptOutputAssembly" のビルドが終了しました。
ファイル "C:\Program Files\Microsoft Visual Studio\18\Community\MSBuild\Current\Bin\Microsoft.Common.CurrentVersion.targets" 内にある、プロジェクト "C:\Users\k023g\source\repos\TD4-2-Clone2\Project\ONEngine.vcxproj" からのターゲット "AssignProjectConfiguration" (ターゲット "PrepareProjectReferences" は依存):
タスク "AssignProjectConfiguration"
  プロジェクト参照 "Externals\DirectXTex\DirectXTex.vcxproj" に "Debug|x64" 構成を割り当てました。
  プロジェクト参照 "Externals\ImGui\ImGui.vcxproj" に "Debug|x64" 構成を割り当てました。
タスク "AssignProjectConfiguration" の実行が終了しました。
プロジェクト "ONEngine.vcxproj" 内のターゲット "AssignProjectConfiguration" のビルドが終了しました。
ファイル "C:\Program Files\Microsoft Visual Studio\18\Community\MSBuild\Current\Bin\Microsoft.Common.CurrentVersion.targets" 内にある、プロジェクト "C:\Users\k023g\source\repos\TD4-2-Clone2\Project\ONEngine.vcxproj" からのターゲット "_SplitProjectReferencesByFileExistence" (ターゲット "PrepareProjectReferences" は依存):
プロジェクト "ONEngine.vcxproj" 内のターゲット "_SplitProjectReferencesByFileExistence" のビルドが終了しました。
ファイル "C:\Program Files\Microsoft Visual Studio\18\Community\MSBuild\Current\Bin\Microsoft.Common.CurrentVersion.targets" 内にある、プロジェクト "C:\Users\k023g\source\repos\TD4-2-Clone2\Project\ONEngine.vcxproj" からのターゲット "_AddOutputPathToGlobalPropertiesToRemove" (ターゲット "_GetProjectReferenceTargetFrameworkProperties" は依存):
プロジェクト "ONEngine.vcxproj" 内のターゲット "_AddOutputPathToGlobalPropertiesToRemove" のビルドが終了しました。
ファイル "C:\Program Files\Microsoft Visual Studio\18\Community\MSBuild\Current\Bin\Microsoft.Common.CurrentVersion.targets" 内にある、プロジェクト "C:\Users\k023g\source\repos\TD4-2-Clone2\Project\ONEngine.vcxproj" からのターゲット "_GetProjectReferenceTargetFrameworkProperties" (ターゲット "PrepareProjectReferences" は依存):
タスク "SetRidAgnosticValueForProjects"
タスク "SetRidAgnosticValueForProjects" の実行が終了しました。
プロジェクト "ONEngine.vcxproj" 内のターゲット "_GetProjectReferenceTargetFrameworkProperties" のビルドが終了しました。
ファイル "C:\Program Files\Microsoft Visual Studio\18\Community\MSBuild\Current\Bin\Microsoft.Common.CurrentVersion.targets" 内にある、プロジェクト "C:\Users\k023g\source\repos\TD4-2-Clone2\Project\ONEngine.vcxproj" からのターゲット "PrepareProjectReferences" (ターゲット "CleanReferencedProjects" は依存):
プロジェクト "ONEngine.vcxproj" 内のターゲット "PrepareProjectReferences" のビルドが終了しました。
ファイル "C:\Program Files\Microsoft Visual Studio\18\Community\MSBuild\Current\Bin\Microsoft.Common.CurrentVersion.targets" 内にある、プロジェクト "C:\Users\k023g\source\repos\TD4-2-Clone2\Project\ONEngine.vcxproj" からのターゲット "CleanReferencedProjects" (ターゲット "Clean" は依存):
タスク "MSBuild"
  グローバル プロパティ:
    Configuration=Debug
    Platform=x64
  プロジェクト "Externals\DirectXTex\DirectXTex.vcxproj" のプロパティの削除:
    TargetFramework
  プロジェクト "Externals\ImGui\ImGui.vcxproj" のプロパティの削除:
    TargetFramework
プロジェクト "C:\Users\k023g\source\repos\TD4-2-Clone2\Project\ONEngine.vcxproj" (5) は、ノード 1 上に "C:\Users\k023g\source\repos\TD4-2-Clone2\Project\Externals\DirectXTex\DirectXTex.vcxproj" (3:3) をビルドしています (Clean ターゲット)。
ターゲット "Clean" を省略しました。以前に正しくビルドされていました。
プロジェクト "C:\Users\k023g\source\repos\TD4-2-Clone2\Project\Externals\DirectXTex\DirectXTex.vcxproj" (Clean ターゲット) のビルドが完了しました。
プロジェクト "C:\Users\k023g\source\repos\TD4-2-Clone2\Project\ONEngine.vcxproj" (5) は、ノード 1 上に "C:\Users\k023g\source\repos\TD4-2-Clone2\Project\Externals\ImGui\ImGui.vcxproj" (4:3) をビルドしています (Clean ターゲット)。
ターゲット "Clean" を省略しました。以前に正しくビルドされていました。
プロジェクト "C:\Users\k023g\source\repos\TD4-2-Clone2\Project\Externals\ImGui\ImGui.vcxproj" (Clean ターゲット) のビルドが完了しました。
タスク "MSBuild" の実行が終了しました。
プロジェクト "ONEngine.vcxproj" 内のターゲット "CleanReferencedProjects" のビルドが終了しました。
ファイル "C:\Program Files\Microsoft Visual Studio\18\Community\MSBuild\Current\Bin\Microsoft.Common.CurrentVersion.targets" 内にある、プロジェクト "C:\Users\k023g\source\repos\TD4-2-Clone2\Project\ONEngine.vcxproj" からのターゲット "CleanPublishFolder" (ターゲット "Clean" は依存):
プロジェクト "ONEngine.vcxproj" 内のターゲット "CleanPublishFolder" のビルドが終了しました。
ファイル "C:\Program Files\Microsoft Visual Studio\18\Community\MSBuild\Current\Bin\Microsoft.Common.CurrentVersion.targets" 内にある、プロジェクト "C:\Users\k023g\source\repos\TD4-2-Clone2\Project\ONEngine.vcxproj" からのターゲット "AfterClean" (ターゲット "Clean" は依存):
プロジェクト "ONEngine.vcxproj" 内のターゲット "AfterClean" のビルドが終了しました。
ファイル "C:\Program Files\Microsoft Visual Studio\18\Community\MSBuild\Microsoft\VC\v180\Microsoft.CppClean.targets" 内にある、プロジェクト "C:\Users\k023g\source\repos\TD4-2-Clone2\Project\ONEngine.vcxproj" からのターゲット "BeforeCppClean" (ターゲット "CppClean" は依存):
プロジェクト "ONEngine.vcxproj" 内のターゲット "BeforeCppClean" のビルドが終了しました。
ファイル "C:\Program Files\Microsoft Visual Studio\18\Community\MSBuild\Microsoft\VC\v180\Microsoft.CppClean.targets" 内にある、プロジェクト "C:\Users\k023g\source\repos\TD4-2-Clone2\Project\ONEngine.vcxproj" からのターゲット "CoreCppClean" (ターゲット "CppClean" は依存):
タスク "MakeDir"
タスク "MakeDir" の実行が終了しました。
"CppClean" タスクをアセンブリ "C:\Program Files\Microsoft Visual Studio\18\Community\MSBuild\Microsoft\VC\v180\Microsoft.Build.CppTasks.Common.dll" から使用しています。
タスク "CppClean"
タスク "CppClean" の実行が終了しました。
タスク "WriteLinesToFile"
タスク "WriteLinesToFile" の実行が終了しました。
プロジェクト "ONEngine.vcxproj" 内のターゲット "CoreCppClean" のビルドが終了しました。
ファイル "C:\Program Files\Microsoft Visual Studio\18\Community\MSBuild\Microsoft\VC\v180\Microsoft.CppClean.targets" 内にある、プロジェクト "C:\Users\k023g\source\repos\TD4-2-Clone2\Project\ONEngine.vcxproj" からのターゲット "AfterCppClean" (ターゲット "CppClean" は依存):
プロジェクト "ONEngine.vcxproj" 内のターゲット "AfterCppClean" のビルドが終了しました。
ファイル "C:\Program Files\Microsoft Visual Studio\18\Community\MSBuild\Microsoft\VC\v180\Microsoft.CppClean.targets" 内にある、プロジェクト "C:\Users\k023g\source\repos\TD4-2-Clone2\Project\ONEngine.vcxproj" からのターゲット "PGInstrumentedClean" (ターゲット "CppClean" は依存):
タスク "Delete"
タスク "Delete" の実行が終了しました。
プロジェクト "ONEngine.vcxproj" 内のターゲット "PGInstrumentedClean" のビルドが終了しました。
ファイル "C:\Program Files\Microsoft Visual Studio\18\Community\MSBuild\Microsoft\VC\v180\Microsoft.CppClean.targets" 内にある、プロジェクト "C:\Users\k023g\source\repos\TD4-2-Clone2\Project\ONEngine.vcxproj" からのターゲット "CppClean" (ターゲット "Clean" は依存):
プロジェクト "ONEngine.vcxproj" 内のターゲット "CppClean" のビルドが終了しました。
ファイル "C:\Program Files\Microsoft Visual Studio\18\Community\MSBuild\Current\Bin\Microsoft.Common.CurrentVersion.targets" 内にある、プロジェクト "C:\Users\k023g\source\repos\TD4-2-Clone2\Project\ONEngine.vcxproj" からのターゲット "Clean" (ターゲット "Rebuild" は依存):
プロジェクト "ONEngine.vcxproj" 内のターゲット "Clean" のビルドが終了しました。
ターゲット "SetTelemetryEnvironmentVariables" を省略しました。以前に正しくビルドされていました。
ファイル "C:\Program Files\Microsoft Visual Studio\18\Community\MSBuild\Microsoft\VC\v180\Microsoft.BuildSteps.Targets" 内にある、プロジェクト "C:\Users\k023g\source\repos\TD4-2-Clone2\Project\ONEngine.vcxproj" からのターゲット "_PrepareForBuild" (ターゲット "Build" は依存):
C:\Program Files\Microsoft Visual Studio\18\Community\MSBuild\Microsoft\VC\v180\Microsoft.BuildSteps.Targets(165,7): message : プロパティの再代入: $(_BuildActionType)="Build" (以前の値: "Clean") C:\Program Files\Microsoft Visual Studio\18\Community\MSBuild\Microsoft\VC\v180\Microsoft.BuildSteps.Targets (165,7) [C:\Users\k023g\source\repos\TD4-2-Clone2\Project\ONEngine.vcxproj]
プロジェクト "ONEngine.vcxproj" 内のターゲット "_PrepareForBuild" のビルドが終了しました。
ファイル "C:\Program Files\Microsoft Visual Studio\18\Community\MSBuild\Microsoft\VC\v180\Microsoft.CppBuild.targets" 内にある、プロジェクト "C:\Users\k023g\source\repos\TD4-2-Clone2\Project\ONEngine.vcxproj" からのターゲット "_PrepareForReferenceResolution" (ターゲット "ResolveReferences" は依存):
プロジェクト "ONEngine.vcxproj" 内のターゲット "_PrepareForReferenceResolution" のビルドが終了しました。
ファイル "C:\Program Files\Microsoft Visual Studio\18\Community\MSBuild\Current\Bin\Microsoft.Common.CurrentVersion.targets" 内にある、プロジェクト "C:\Users\k023g\source\repos\TD4-2-Clone2\Project\ONEngine.vcxproj" からのターゲット "BeforeResolveReferences" (ターゲット "ResolveReferences" は依存):
プロジェクト "ONEngine.vcxproj" 内のターゲット "BeforeResolveReferences" のビルドが終了しました。
ターゲット "AssignProjectConfiguration" を省略しました。以前に正しくビルドされていました。
ターゲット "PrepareProjectReferences" を省略しました。以前に正しくビルドされていました。
ファイル "C:\Program Files\Microsoft Visual Studio\18\Community\MSBuild\Microsoft\VC\v180\Microsoft.CppBuild.targets" 内にある、プロジェクト "C:\Users\k023g\source\repos\TD4-2-Clone2\Project\ONEngine.vcxproj" からのターゲット "_RemoveNameMetadataFromProjectReferenceItems" (ターゲット "ResolveProjectReferences" は依存):
プロジェクト "ONEngine.vcxproj" 内のターゲット "_RemoveNameMetadataFromProjectReferenceItems" のビルドが終了しました。
ファイル "C:\Program Files\Microsoft Visual Studio\18\Community\MSBuild\Current\Bin\Microsoft.Common.CurrentVersion.targets" 内にある、プロジェクト "C:\Users\k023g\source\repos\TD4-2-Clone2\Project\ONEngine.vcxproj" からのターゲット "ResolveProjectReferences" (ターゲット "ResolveReferences" は依存):
タスク "MSBuild"
  グローバル プロパティ:
    Configuration=Debug
    Platform=x64
  プロジェクト "Externals\DirectXTex\DirectXTex.vcxproj" のプロパティの削除:
    TargetFramework
  プロジェクト "Externals\ImGui\ImGui.vcxproj" のプロパティの削除:
    TargetFramework
プロジェクト "C:\Users\k023g\source\repos\TD4-2-Clone2\Project\ONEngine.vcxproj" (5) は、ノード 1 上に "C:\Users\k023g\source\repos\TD4-2-Clone2\Project\Externals\DirectXTex\DirectXTex.vcxproj" (3:4) をビルドしています (既定のターゲット)。
ターゲット "Build" を省略しました。以前に正しくビルドされていました。
プロジェクト "C:\Users\k023g\source\repos\TD4-2-Clone2\Project\Externals\DirectXTex\DirectXTex.vcxproj" (既定のターゲット) のビルドが完了しました。
プロジェクト "C:\Users\k023g\source\repos\TD4-2-Clone2\Project\ONEngine.vcxproj" (5) は、ノード 1 上に "C:\Users\k023g\source\repos\TD4-2-Clone2\Project\Externals\ImGui\ImGui.vcxproj" (4:4) をビルドしています (既定のターゲット)。
ターゲット "Build" を省略しました。以前に正しくビルドされていました。
プロジェクト "C:\Users\k023g\source\repos\TD4-2-Clone2\Project\Externals\ImGui\ImGui.vcxproj" (既定のターゲット) のビルドが完了しました。
タスク "MSBuild" の実行が終了しました。
タスク "MSBuild"
  グローバル プロパティ:
    Configuration=Debug
    Platform=x64
  プロジェクト "Externals\DirectXTex\DirectXTex.vcxproj" のプロパティの削除:
    TargetFramework
  プロジェクト "Externals\ImGui\ImGui.vcxproj" のプロパティの削除:
    TargetFramework
プロジェクト "C:\Users\k023g\source\repos\TD4-2-Clone2\Project\ONEngine.vcxproj" (5) は、ノード 1 上に "C:\Users\k023g\source\repos\TD4-2-Clone2\Project\Externals\DirectXTex\DirectXTex.vcxproj" (3:5) をビルドしています (GetNativeManifest ターゲット)。
ファイル "C:\Program Files\Microsoft Visual Studio\18\Community\MSBuild\Microsoft\VC\v180\Microsoft.CppCommon.targets" 内にある、プロジェクト "C:\Users\k023g\source\repos\TD4-2-Clone2\Project\Externals\DirectXTex\DirectXTex.vcxproj" からのターゲット "GetNativeManifest" (エントリ ポイント):
プロジェクト "DirectXTex.vcxproj" 内のターゲット "GetNativeManifest" のビルドが終了しました。
プロジェクト "C:\Users\k023g\source\repos\TD4-2-Clone2\Project\Externals\DirectXTex\DirectXTex.vcxproj" (GetNativeManifest ターゲット) のビルドが完了しました。
プロジェクト "C:\Users\k023g\source\repos\TD4-2-Clone2\Project\ONEngine.vcxproj" (5) は、ノード 1 上に "C:\Users\k023g\source\repos\TD4-2-Clone2\Project\Externals\ImGui\ImGui.vcxproj" (4:5) をビルドしています (GetNativeManifest ターゲット)。
ファイル "C:\Program Files\Microsoft Visual Studio\18\Community\MSBuild\Microsoft\VC\v180\Microsoft.CppCommon.targets" 内にある、プロジェクト "C:\Users\k023g\source\repos\TD4-2-Clone2\Project\Externals\ImGui\ImGui.vcxproj" からのターゲット "GetNativeManifest" (エントリ ポイント):
プロジェクト "ImGui.vcxproj" 内のターゲット "GetNativeManifest" のビルドが終了しました。
プロジェクト "C:\Users\k023g\source\repos\TD4-2-Clone2\Project\Externals\ImGui\ImGui.vcxproj" (GetNativeManifest ターゲット) のビルドが完了しました。
タスク "MSBuild" の実行が終了しました。
プロジェクト "ONEngine.vcxproj" 内のターゲット "ResolveProjectReferences" のビルドが終了しました。
ターゲット "_PrepareForReferenceResolution" を省略しました。以前に正しくビルドされていました。
ターゲット "ResolveProjectReferences" を省略しました。以前に正しくビルドされていました。
ファイル "C:\Program Files\Microsoft Visual Studio\18\Community\MSBuild\Current\Bin\Microsoft.Common.CurrentVersion.targets" 内にある、プロジェクト "C:\Users\k023g\source\repos\TD4-2-Clone2\Project\ONEngine.vcxproj" からのターゲット "GetFrameworkPaths" (ターゲット "ResolveAssemblyReferences" は依存):
プロジェクト "ONEngine.vcxproj" 内のターゲット "GetFrameworkPaths" のビルドが終了しました。
ターゲット "_PrepareForReferenceResolution" を省略しました。以前に正しくビルドされていました。
ターゲット "GetFrameworkPaths" を省略しました。以前に正しくビルドされていました。
ファイル "C:\Program Files\Microsoft Visual Studio\18\Community\MSBuild\Current\Bin\Microsoft.Common.CurrentVersion.targets" 内にある、プロジェクト "C:\Users\k023g\source\repos\TD4-2-Clone2\Project\ONEngine.vcxproj" からのターゲット "GetReferenceAssemblyPaths" (ターゲット "ResolveAssemblyReferences" は依存):
C:\Program Files\Microsoft Visual Studio\18\Community\MSBuild\Current\Bin\Microsoft.Common.CurrentVersion.targets(1284,7): message : プロパティの再代入: $(AssemblySearchPaths)="{CandidateAssemblyFiles};C:\Program Files\Microsoft Visual Studio\18\Community\VC\Tools\MSVC\14.51.36231\atlmfc\lib\x64;;C:\Program Files\Microsoft Visual Studio\18\Community\VC\Tools\MSVC\14.51.36231\lib\x64;;{HintPathFromItem};{TargetFrameworkDirectory};{AssemblyFoldersFromConfig:C:\Program Files\Microsoft Visual Studio\18\Community\MSBuild\Current\Bin\AssemblyFolders.config,};;{Registry:Software\Microsoft\,,AssemblyFoldersEx};;{GAC};{RawFileName};C:\Users\k023g\source\repos\TD4-2-Clone2\Project\..\Generated\Outputs\Debug\" (以前の値: "{CandidateAssemblyFiles};C:\Program Files\Microsoft Visual Studio\18\Community\VC\Tools\MSVC\14.51.36231\atlmfc\lib\x64;;C:\Program Files\Microsoft Visual Studio\18\Community\VC\Tools\MSVC\14.51.36231\lib\x64;;{HintPathFromItem};{TargetFrameworkDirectory};{AssemblyFoldersFromConfig:C:\Program Files\Microsoft Visual Studio\18\Community\MSBuild\Current\Bin\AssemblyFolders.config,};;{Registry:Software\Microsoft\,,AssemblyFoldersEx};{AssemblyFolders};{GAC};{RawFileName};C:\Users\k023g\source\repos\TD4-2-Clone2\Project\..\Generated\Outputs\Debug\") C:\Program Files\Microsoft Visual Studio\18\Community\MSBuild\Current\Bin\Microsoft.Common.CurrentVersion.targets (1284,7) [C:\Users\k023g\source\repos\TD4-2-Clone2\Project\ONEngine.vcxproj]
プロジェクト "ONEngine.vcxproj" 内のターゲット "GetReferenceAssemblyPaths" のビルドが終了しました。
ファイル "C:\Program Files\Microsoft Visual Studio\18\Community\MSBuild\Microsoft\VC\v180\Microsoft.Cpp.Current.targets" 内にある、プロジェクト "C:\Users\k023g\source\repos\TD4-2-Clone2\Project\ONEngine.vcxproj" からのターゲット "AddExternalIncludDirectoriesToPaths" (ターゲット "SetBuildDefaultEnvironmentVariables" は依存):
プロジェクト "ONEngine.vcxproj" 内のターゲット "AddExternalIncludDirectoriesToPaths" のビルドが終了しました。
ファイル "C:\Program Files\Microsoft Visual Studio\18\Community\MSBuild\Microsoft\VC\v180\Microsoft.Cpp.Current.targets" 内にある、プロジェクト "C:\Users\k023g\source\repos\TD4-2-Clone2\Project\ONEngine.vcxproj" からのターゲット "SetBuildDefaultEnvironmentVariables" (ターゲット "PrepareForBuild" は依存):
タスク "SetEnv"
  PATH=C:\Program Files\Microsoft Visual Studio\18\Community\VC\Tools\MSVC\14.51.36231\bin\HostX86\x64;C:\Program Files\Microsoft Visual Studio\18\Community\VC\Tools\MSVC\14.51.36231\bin\HostX86\x86;C:\Program Files (x86)\Windows Kits\10\bin\10.0.26100.0\x86;;C:\Program Files (x86)\Microsoft SDKs\Windows\v10.0A\bin\NETFX 4.8 Tools;C:\Program Files\Microsoft Visual Studio\18\Community\Common7\tools;C:\Program Files\Microsoft Visual Studio\18\Community\Common7\ide;C:\Program Files (x86)\HTML Help Workshop;;C:\Program Files\Microsoft Visual Studio\18\Community\MSBuild\Current\Bin;C:\WINDOWS\Microsoft.NET\Framework\v4.0.30319\;;C:/Users/k023g/.gemini/antigravity/bin;C:\Users\k023g\AppData\Roaming\Antigravity\bin;C:\Python27\;C:\Python27\Scripts;C:\Program Files\Microsoft\jdk-11.0.16.101-hotspot\bin;C:\Windows\system32;C:\Windows;C:\Windows\System32\Wbem;C:\Windows\System32\WindowsPowerShell\v1.0\;C:\Windows\System32\OpenSSH\;C:\Program Files\Microsoft SQL Server\150\Tools\Binn\;C:\WINDOWS\system32;C:\WINDOWS;C:\WINDOWS\System32\Wbem;C:\WINDOWS\System32\WindowsPowerShell\v1.0\;C:\WINDOWS\System32\OpenSSH\;C:\Program Files\Microsoft SQL Server\Client SDK\ODBC\170\Tools\Binn\;C:\Program Files (x86)\NVIDIA Corporation\PhysX\Common;C:\Program Files\nodejs\;C:\ProgramData\chocolatey\bin;C:\Program Files (x86)\Windows Kits\10\Windows Performance Toolkit\;C:\Users\k023g\source\repos\2024_PG3\tools\premake5.exe;C:\Program Files\Git LFS;C:\Program Files\NVIDIA Corporation\NVIDIA App\NvDLISR;C:\Program Files\Microsoft SQL Server\170\Tools\Binn\;C:\Program Files\CMake\bin;C:\Program Files\LLVM\bin;C:\Program Files (x86)\LLVM\bin;C:\Program Files\Git\cmd;C:\Program Files\dotnet\;C:\Program Files (x86)\mingw64\bin;C:\Program Files\PowerShell\7\;C:\Users\k023g\AppData\Local\Programs\Python\Python313\Scripts\;C:\Users\k023g\AppData\Local\Programs\Python\Python313\;C:\Users\k023g\source\repos\2024B_GE_ET1\cocos2d-x\templates;C:\Users\k023g\source\repos\2024B_GE_ET1\cocos2d-x\tools\cocos2d-console\bin;C:\Users\k023g\AppData\Local\Programs\Python\Python39\Scripts\;C:\Users\k023g\AppData\Local\Programs\Python\Python39\;C:\Users\k023g\AppData\Local\Microsoft\WindowsApps;C:\Users\k023g\AppData\Local\Programs\Microsoft VS Code\bin;C:\Users\k023g\AppData\Local\GitHubDesktop\bin;C:\Users\k023g\AppData\Roaming\npm;C:\Users\k023g\source\repos\2024B_GE_ET1\cocos2d-x;C:\Users\k023g\AppData\Local\Programs\Antigravity\bin;C:\Users\k023g\.dotnet\tools;C:\Users\k023g\AppData\Local\Python\bin;C:\tools;C:\Users\k023g\AppData\Local\Programs\Antigravity IDE\bin;
C:\Program Files\Microsoft Visual Studio\18\Community\MSBuild\Microsoft\VC\v180\Microsoft.Cpp.Current.targets(87,7): message : プロパティの再代入: $(Path)="C:\Program Files\Microsoft Visual Studio\18\Community\VC\Tools\MSVC\14.51.36231\bin\HostX86\x64%3bC:\Program Files\Microsoft Visual Studio\18\Community\VC\Tools\MSVC\14.51.36231\bin\HostX86\x86%3bC:\Program Files %28x86%29\Windows Kits\10\bin\10.0.26100.0\x86%3b%3bC:\Program Files %28x86%29\Microsoft SDKs\Windows\v10.0A\bin\NETFX 4.8 Tools%3bC:\Program Files\Microsoft Visual Studio\18\Community\Common7\tools%3bC:\Program Files\Microsoft Visual Studio\18\Community\Common7\ide%3bC:\Program Files %28x86%29\HTML Help Workshop%3b%3bC:\Program Files\Microsoft Visual Studio\18\Community\MSBuild\Current\Bin%3bC:\WINDOWS\Microsoft.NET\Framework\v4.0.30319\%3b%3bC:/Users/k023g/.gemini/antigravity/bin%3bC:\Users\k023g\AppData\Roaming\Antigravity\bin%3bC:\Python27\%3bC:\Python27\Scripts%3bC:\Program Files\Microsoft\jdk-11.0.16.101-hotspot\bin%3bC:\Windows\system32%3bC:\Windows%3bC:\Windows\System32\Wbem%3bC:\Windows\System32\WindowsPowerShell\v1.0\%3bC:\Windows\System32\OpenSSH\%3bC:\Program Files\Microsoft SQL Server\150\Tools\Binn\%3bC:\WINDOWS\system32%3bC:\WINDOWS%3bC:\WINDOWS\System32\Wbem%3bC:\WINDOWS\System32\WindowsPowerShell\v1.0\%3bC:\WINDOWS\System32\OpenSSH\%3bC:\Program Files\Microsoft SQL Server\Client SDK\ODBC\170\Tools\Binn\%3bC:\Program Files %28x86%29\NVIDIA Corporation\PhysX\Common%3bC:\Program Files\nodejs\%3bC:\ProgramData\chocolatey\bin%3bC:\Program Files %28x86%29\Windows Kits\10\Windows Performance Toolkit\%3bC:\Users\k023g\source\repos\2024_PG3\tools\premake5.exe%3bC:\Program Files\Git LFS%3bC:\Program Files\NVIDIA Corporation\NVIDIA App\NvDLISR%3bC:\Program Files\Microsoft SQL Server\170\Tools\Binn\%3bC:\Program Files\CMake\bin%3bC:\Program Files\LLVM\bin%3bC:\Program Files %28x86%29\LLVM\bin%3bC:\Program Files\Git\cmd%3bC:\Program Files\dotnet\%3bC:\Program Files %28x86%29\mingw64\bin%3bC:\Program Files\PowerShell\7\%3bC:\Users\k023g\AppData\Local\Programs\Python\Python313\Scripts\%3bC:\Users\k023g\AppData\Local\Programs\Python\Python313\%3bC:\Users\k023g\source\repos\2024B_GE_ET1\cocos2d-x\templates%3bC:\Users\k023g\source\repos\2024B_GE_ET1\cocos2d-x\tools\cocos2d-console\bin%3bC:\Users\k023g\AppData\Local\Programs\Python\Python39\Scripts\%3bC:\Users\k023g\AppData\Local\Programs\Python\Python39\%3bC:\Users\k023g\AppData\Local\Microsoft\WindowsApps%3bC:\Users\k023g\AppData\Local\Programs\Microsoft VS Code\bin%3bC:\Users\k023g\AppData\Local\GitHubDesktop\bin%3bC:\Users\k023g\AppData\Roaming\npm%3bC:\Users\k023g\source\repos\2024B_GE_ET1\cocos2d-x%3bC:\Users\k023g\AppData\Local\Programs\Antigravity\bin%3bC:\Users\k023g\.dotnet\tools%3bC:\Users\k023g\AppData\Local\Python\bin%3bC:\tools%3bC:\Users\k023g\AppData\Local\Programs\Antigravity IDE\bin%3b" (以前の値: "C:/Users/k023g/.gemini/antigravity/bin;C:\Users\k023g\AppData\Roaming\Antigravity\bin;C:\Python27\;C:\Python27\Scripts;C:\Program Files\Microsoft\jdk-11.0.16.101-hotspot\bin;C:\Windows\system32;C:\Windows;C:\Windows\System32\Wbem;C:\Windows\System32\WindowsPowerShell\v1.0\;C:\Windows\System32\OpenSSH\;C:\Program Files\Microsoft SQL Server\150\Tools\Binn\;C:\WINDOWS\system32;C:\WINDOWS;C:\WINDOWS\System32\Wbem;C:\WINDOWS\System32\WindowsPowerShell\v1.0\;C:\WINDOWS\System32\OpenSSH\;C:\Program Files\Microsoft SQL Server\Client SDK\ODBC\170\Tools\Binn\;C:\Program Files (x86)\NVIDIA Corporation\PhysX\Common;C:\Program Files\nodejs\;C:\ProgramData\chocolatey\bin;C:\Program Files (x86)\Windows Kits\10\Windows Performance Toolkit\;C:\Users\k023g\source\repos\2024_PG3\tools\premake5.exe;C:\Program Files\Git LFS;C:\Program Files\NVIDIA Corporation\NVIDIA App\NvDLISR;C:\Program Files\Microsoft SQL Server\170\Tools\Binn\;C:\Program Files\CMake\bin;C:\Program Files\LLVM\bin;C:\Program Files (x86)\LLVM\bin;C:\Program Files\Git\cmd;C:\Program Files\dotnet\;C:\Program Files (x86)\mingw64\bin;C:\Program Files\PowerShell\7\;C:\Users\k023g\AppData\Local\Programs\Python\Python313\Scripts\;C:\Users\k023g\AppData\Local\Programs\Python\Python313\;C:\Users\k023g\source\repos\2024B_GE_ET1\cocos2d-x\templates;C:\Users\k023g\source\repos\2024B_GE_ET1\cocos2d-x\tools\cocos2d-console\bin;C:\Users\k023g\AppData\Local\Programs\Python\Python39\Scripts\;C:\Users\k023g\AppData\Local\Programs\Python\Python39\;C:\Users\k023g\AppData\Local\Microsoft\WindowsApps;C:\Users\k023g\AppData\Local\Programs\Microsoft VS Code\bin;C:\Users\k023g\AppData\Local\GitHubDesktop\bin;C:\Users\k023g\AppData\Roaming\npm;C:\Users\k023g\source\repos\2024B_GE_ET1\cocos2d-x;C:\Users\k023g\AppData\Local\Programs\Antigravity\bin;C:\Users\k023g\.dotnet\tools;C:\Users\k023g\AppData\Local\Python\bin;C:\tools;C:\Users\k023g\AppData\Local\Programs\Antigravity IDE\bin") C:\Program Files\Microsoft Visual Studio\18\Community\MSBuild\Microsoft\VC\v180\Microsoft.Cpp.Current.targets (87,7) [C:\Users\k023g\source\repos\TD4-2-Clone2\Project\ONEngine.vcxproj]
タスク "SetEnv" の実行が終了しました。
タスク "SetEnv"
  LIB=C:\Program Files\Microsoft Visual Studio\18\Community\VC\Tools\MSVC\14.51.36231\lib\x64;;C:\Program Files\Microsoft Visual Studio\18\Community\VC\Tools\MSVC\14.51.36231\atlmfc\lib\x64;;C:\Program Files\Microsoft Visual Studio\18\Community\VC\Auxiliary\VS\lib\x64;;C:\Program Files (x86)\Windows Kits\10\lib\10.0.26100.0\ucrt\x64;;;C:\Program Files\Microsoft Visual Studio\18\Community\VC\Auxiliary\VS\UnitTest\lib;C:\Program Files (x86)\Windows Kits\10\lib\10.0.26100.0\um\x64;C:\Program Files (x86)\Windows Kits\NETFXSDK\4.8\lib\um\x64;
タスク "SetEnv" の実行が終了しました。
タスク "SetEnv"
  LIBPATH=C:\Program Files\Microsoft Visual Studio\18\Community\VC\Tools\MSVC\14.51.36231\atlmfc\lib\x64;;C:\Program Files\Microsoft Visual Studio\18\Community\VC\Tools\MSVC\14.51.36231\lib\x64;
タスク "SetEnv" の実行が終了しました。
タスク "SetEnv"
  INCLUDE=C:\Program Files\Microsoft Visual Studio\18\Community\VC\Tools\MSVC\14.51.36231\include;;C:\Program Files\Microsoft Visual Studio\18\Community\VC\Tools\MSVC\14.51.36231\atlmfc\include;;C:\Program Files\Microsoft Visual Studio\18\Community\VC\Auxiliary\VS\include;;C:\Program Files (x86)\Windows Kits\10\Include\10.0.26100.0\ucrt;;;C:\Program Files\Microsoft Visual Studio\18\Community\VC\Auxiliary\VS\UnitTest\include;C:\Program Files (x86)\Windows Kits\10\Include\10.0.26100.0\um;C:\Program Files (x86)\Windows Kits\10\Include\10.0.26100.0\shared;C:\Program Files (x86)\Windows Kits\10\Include\10.0.26100.0\winrt;C:\Program Files (x86)\Windows Kits\10\Include\10.0.26100.0\cppwinrt;C:\Program Files (x86)\Windows Kits\NETFXSDK\4.8\Include\um;
タスク "SetEnv" の実行が終了しました。
タスク "SetEnv"
  EXTERNAL_INCLUDE=C:\Program Files\Microsoft Visual Studio\18\Community\VC\Tools\MSVC\14.51.36231\include;;C:\Program Files\Microsoft Visual Studio\18\Community\VC\Tools\MSVC\14.51.36231\atlmfc\include;;C:\Program Files\Microsoft Visual Studio\18\Community\VC\Auxiliary\VS\include;;C:\Program Files (x86)\Windows Kits\10\Include\10.0.26100.0\ucrt;;;C:\Program Files\Microsoft Visual Studio\18\Community\VC\Auxiliary\VS\UnitTest\include;C:\Program Files (x86)\Windows Kits\10\Include\10.0.26100.0\um;C:\Program Files (x86)\Windows Kits\10\Include\10.0.26100.0\shared;C:\Program Files (x86)\Windows Kits\10\Include\10.0.26100.0\winrt;C:\Program Files (x86)\Windows Kits\10\Include\10.0.26100.0\cppwinrt;C:\Program Files (x86)\Windows Kits\NETFXSDK\4.8\Include\um;
タスク "SetEnv" の実行が終了しました。
プロジェクト "ONEngine.vcxproj" 内のターゲット "SetBuildDefaultEnvironmentVariables" のビルドが終了しました。
ターゲット "_PrepareForReferenceResolution" を省略しました。以前に正しくビルドされていました。
ファイル "C:\Program Files\Microsoft Visual Studio\18\Community\MSBuild\Microsoft\VC\v180\Microsoft.CppBuild.targets" 内にある、プロジェクト "C:\Users\k023g\source\repos\TD4-2-Clone2\Project\ONEngine.vcxproj" からのターゲット "GetResolvedWinMD" (ターゲット "PrepareForBuild" は依存):
プロジェクト "ONEngine.vcxproj" 内のターゲット "GetResolvedWinMD" のビルドが終了しました。
ファイル "C:\Program Files\Microsoft Visual Studio\18\Community\MSBuild\Microsoft\VC\v180\Microsoft.Cpp.WindowsSDK.targets" 内にある、プロジェクト "C:\Users\k023g\source\repos\TD4-2-Clone2\Project\ONEngine.vcxproj" からのターゲット "_CheckWindowsSDKInstalled" (ターゲット "PrepareForBuild" は依存):
プロジェクト "ONEngine.vcxproj" 内のターゲット "_CheckWindowsSDKInstalled" のビルドが終了しました。
ターゲット "GetFrameworkPaths" を省略しました。以前に正しくビルドされていました。
ターゲット "GetReferenceAssemblyPaths" を省略しました。以前に正しくビルドされていました。
ファイル "C:\Program Files\Microsoft Visual Studio\18\Community\MSBuild\Microsoft\VisualStudio\v18.0\CodeAnalysis\Microsoft.CodeAnalysis.targets" 内にある、プロジェクト "C:\Users\k023g\source\repos\TD4-2-Clone2\Project\ONEngine.vcxproj" からのターゲット "SetCABuildNativeEnvironmentVariables" (ターゲット "PrepareForBuild" は依存):
タスク "SetEnv"
  CAExcludePath=C:\Program Files\Microsoft Visual Studio\18\Community\VC\Tools\MSVC\14.51.36231\atlmfc\include;C:\Program Files\Microsoft Visual Studio\18\Community\VC\Tools\MSVC\14.51.36231\include;C:\Program Files (x86)\Windows Kits\10\Include\10.0.26100.0\ucrt;;C:\Program Files (x86)\Windows Kits\10\Include\10.0.26100.0\um;C:\Program Files (x86)\Windows Kits\10\Include\10.0.26100.0\shared;C:\Program Files (x86)\Windows Kits\10\Include\10.0.26100.0\winrt;C:\Program Files (x86)\Windows Kits\10\Include\10.0.26100.0\cppwinrt;C:\Program Files (x86)\Windows Kits\NETFXSDK\4.8\Include\um;
タスク "SetEnv" の実行が終了しました。
プロジェクト "ONEngine.vcxproj" 内のターゲット "SetCABuildNativeEnvironmentVariables" のビルドが終了しました。
ファイル "C:\Program Files\Microsoft Visual Studio\18\Community\MSBuild\Microsoft\VC\v180\Microsoft.CppBuild.targets" 内にある、プロジェクト "C:\Users\k023g\source\repos\TD4-2-Clone2\Project\ONEngine.vcxproj" からのターゲット "PrepareForBuild" (ターゲット "ResolveAssemblyReferences" は依存):
C:\Program Files\Microsoft Visual Studio\18\Community\MSBuild\Microsoft\VC\v180\Microsoft.CppBuild.targets(438,7): message : プロパティの再代入: $(BuildProjectReferences)="false" (以前の値: "true") C:\Program Files\Microsoft Visual Studio\18\Community\MSBuild\Microsoft\VC\v180\Microsoft.CppBuild.targets (438,7) [C:\Users\k023g\source\repos\TD4-2-Clone2\Project\ONEngine.vcxproj]
タスク "MakeDir"
タスク "MakeDir" の実行が終了しました。
"CheckVCToolsetVersion" タスクをアセンブリ "C:\Program Files\Microsoft Visual Studio\18\Community\MSBuild\Microsoft\VC\v180\Microsoft.Build.CppTasks.Common.dll" から使用しています。
タスク "CheckVCToolsetVersion"
タスク "CheckVCToolsetVersion" の実行が終了しました。
C:\Program Files\Microsoft Visual Studio\18\Community\MSBuild\Microsoft\VC\v180\Microsoft.CppBuild.targets(556,7): message : 環境から展開された 'C:\Users\k023g\AppData\Local\Temp' 値を持つプロパティ 'TMP'。 [C:\Users\k023g\source\repos\TD4-2-Clone2\Project\ONEngine.vcxproj]
C:\Program Files\Microsoft Visual Studio\18\Community\MSBuild\Microsoft\VC\v180\Microsoft.CppBuild.targets(557,7): message : 環境から展開された 'C:\Users\k023g\AppData\Local\Temp' 値を持つプロパティ 'TEMP'。 [C:\Users\k023g\source\repos\TD4-2-Clone2\Project\ONEngine.vcxproj]
"VCMessage" タスクをアセンブリ "C:\Program Files\Microsoft Visual Studio\18\Community\MSBuild\Microsoft\VC\v180\Microsoft.Build.CppTasks.Common.dll" から使用しています。
タスク "VCMessage"
  構造化出力が有効になっています。コンパイラ診断の書式設定にはエラー階層が反映されます。詳細については、https://aka.ms/cpp/structured-output を参照してください。
タスク "VCMessage" の実行が終了しました。
タスク "MakeDir"
タスク "MakeDir" の実行が終了しました。
プロジェクト "ONEngine.vcxproj" 内のターゲット "PrepareForBuild" のビルドが終了しました。
ターゲット "_PrepareForReferenceResolution" を省略しました。以前に正しくビルドされていました。
ファイル "C:\Program Files\Microsoft Visual Studio\18\Community\MSBuild\Current\Bin\Microsoft.Common.CurrentVersion.targets" 内にある、プロジェクト "C:\Users\k023g\source\repos\TD4-2-Clone2\Project\ONEngine.vcxproj" からのターゲット "ResolveSDKReferences" (ターゲット "ResolveAssemblyReferences" は依存):
プロジェクト "ONEngine.vcxproj" 内のターゲット "ResolveSDKReferences" のビルドが終了しました。
ターゲット "ResolveSDKReferences" を省略しました。以前に正しくビルドされていました。
ファイル "C:\Program Files\Microsoft Visual Studio\18\Community\MSBuild\Current\Bin\Microsoft.Common.CurrentVersion.targets" 内にある、プロジェクト "C:\Users\k023g\source\repos\TD4-2-Clone2\Project\ONEngine.vcxproj" からのターゲット "ExpandSDKReferences" (ターゲット "ResolveAssemblyReferences" は依存):
プロジェクト "ONEngine.vcxproj" 内のターゲット "ExpandSDKReferences" のビルドが終了しました。
ファイル "C:\Program Files\Microsoft Visual Studio\18\Community\MSBuild\Current\Bin\Microsoft.Common.CurrentVersion.targets" 内にある、プロジェクト "C:\Users\k023g\source\repos\TD4-2-Clone2\Project\ONEngine.vcxproj" からのターゲット "ResolveAssemblyReferences" (ターゲット "ResolveReferences" は依存):
プロジェクト "ONEngine.vcxproj" 内のターゲット "ResolveAssemblyReferences" のビルドが終了しました。
ファイル "C:\Program Files\Microsoft Visual Studio\18\Community\MSBuild\Current\Bin\Microsoft.Common.CurrentVersion.targets" 内にある、プロジェクト "C:\Users\k023g\source\repos\TD4-2-Clone2\Project\ONEngine.vcxproj" からのターゲット "AfterResolveReferences" (ターゲット "ResolveReferences" は依存):
プロジェクト "ONEngine.vcxproj" 内のターゲット "AfterResolveReferences" のビルドが終了しました。
ファイル "C:\Program Files\Microsoft Visual Studio\18\Community\MSBuild\Current\Bin\Microsoft.Common.CurrentVersion.targets" 内にある、プロジェクト "C:\Users\k023g\source\repos\TD4-2-Clone2\Project\ONEngine.vcxproj" からのターゲット "ResolveReferences" (ターゲット "Build" は依存):
プロジェクト "ONEngine.vcxproj" 内のターゲット "ResolveReferences" のビルドが終了しました。
ターゲット "PrepareForBuild" を省略しました。以前に正しくビルドされていました。
ターゲット "PrepareForBuild" を省略しました。以前に正しくビルドされていました。
ファイル "C:\Program Files\Microsoft Visual Studio\18\Community\MSBuild\Microsoft\VC\v180\Microsoft.CppBuild.targets" 内にある、プロジェクト "C:\Users\k023g\source\repos\TD4-2-Clone2\Project\ONEngine.vcxproj" からのターゲット "InitializeBuildStatus" (ターゲット "Build" は依存):
タスク "ReadLinesFromFile"
タスク "ReadLinesFromFile" の実行が終了しました。
タスク "WriteLinesToFile"
タスク "WriteLinesToFile" の実行が終了しました。
タスク "Touch"
  "C:\Users\k023g\source\repos\TD4-2-Clone2\Project\..\Generated\Obj\ONEngine\Debug\ONEngine.tlog\unsuccessfulbuild" のタッチ タスクを実行しています。
タスク "Touch" の実行が終了しました。
プロジェクト "ONEngine.vcxproj" 内のターゲット "InitializeBuildStatus" のビルドが終了しました。
ターゲット "PrepareProjectReferences" を省略しました。以前に正しくビルドされていました。
ファイル "C:\Program Files\Microsoft Visual Studio\18\Community\MSBuild\Current\Bin\Microsoft.Common.CurrentVersion.targets" 内にある、プロジェクト "C:\Users\k023g\source\repos\TD4-2-Clone2\Project\ONEngine.vcxproj" からのターゲット "BuildGenerateSourcesTraverse" (ターゲット "BuildGenerateSources" は依存):
プロジェクト "ONEngine.vcxproj" 内のターゲット "BuildGenerateSourcesTraverse" のビルドが終了しました。
ターゲット "PrepareForBuild" を省略しました。以前に正しくビルドされていました。
ターゲット "ResolveReferences" を省略しました。以前に正しくビルドされていました。
ファイル "C:\Program Files\Microsoft Visual Studio\18\Community\MSBuild\Microsoft\VC\v180\Microsoft.BuildSteps.Targets" 内にある、プロジェクト "C:\Users\k023g\source\repos\TD4-2-Clone2\Project\ONEngine.vcxproj" からのターゲット "BeforeBuildGenerateSources" (ターゲット "_BuildGenerateSourcesAction" は依存):
プロジェクト "ONEngine.vcxproj" 内のターゲット "BeforeBuildGenerateSources" のビルドが終了しました。
ファイル "C:\Program Files\Microsoft Visual Studio\18\Community\MSBuild\Microsoft\VC\v180\Microsoft.CppCommon.targets" 内にある、プロジェクト "C:\Users\k023g\source\repos\TD4-2-Clone2\Project\ONEngine.vcxproj" からのターゲット "PreBuildEvent" (ターゲット "_BuildGenerateSourcesAction" は依存):
プロジェクト "ONEngine.vcxproj" 内のターゲット "PreBuildEvent" のビルドが終了しました。
ターゲット "PrepareForBuild" を省略しました。以前に正しくビルドされていました。
ターゲット "InitializeBuildStatus" を省略しました。以前に正しくビルドされていました。
ターゲット "SetBuildDefaultEnvironmentVariables" を省略しました。以前に正しくビルドされていました。
ファイル "C:\Program Files\Microsoft Visual Studio\18\Community\MSBuild\Microsoft\VC\v180\Microsoft.CppBuild.targets" 内にある、プロジェクト "C:\Users\k023g\source\repos\TD4-2-Clone2\Project\ONEngine.vcxproj" からのターゲット "_SelectedFiles" (ターゲット "SelectCustomBuild" は依存):
プロジェクト "ONEngine.vcxproj" 内のターゲット "_SelectedFiles" のビルドが終了しました。
ファイル "C:\Program Files\Microsoft Visual Studio\18\Community\MSBuild\Microsoft\VC\v180\Microsoft.CppBuild.targets" 内にある、プロジェクト "C:\Users\k023g\source\repos\TD4-2-Clone2\Project\ONEngine.vcxproj" からのターゲット "SelectCustomBuild" (ターゲット "CustomBuild" は依存):
プロジェクト "ONEngine.vcxproj" 内のターゲット "SelectCustomBuild" のビルドが終了しました。
ファイル "C:\Program Files\Microsoft Visual Studio\18\Community\MSBuild\Microsoft\VC\v180\Microsoft.CppBuild.targets" 内にある、プロジェクト "C:\Users\k023g\source\repos\TD4-2-Clone2\Project\ONEngine.vcxproj" からのターゲット "ComputeCustomBuildOutput" (ターゲット "CustomBuild" は依存):
タスク "MakeDir"
タスク "MakeDir" の実行が終了しました。
プロジェクト "ONEngine.vcxproj" 内のターゲット "ComputeCustomBuildOutput" のビルドが終了しました。
ファイル "C:\Program Files\Microsoft Visual Studio\18\Community\MSBuild\Microsoft\VC\v180\Microsoft.CppCommon.targets" 内にある、プロジェクト "C:\Users\k023g\source\repos\TD4-2-Clone2\Project\ONEngine.vcxproj" からのターゲット "CustomBuild" (ターゲット "_BuildGenerateSourcesAction" は依存):
"GetOutOfDateItems" タスクをアセンブリ "C:\Program Files\Microsoft Visual Studio\18\Community\MSBuild\Microsoft\VC\v180\Microsoft.Build.CppTasks.Common.dll" から使用しています。
タスク "GetOutOfDateItems"
タスク "GetOutOfDateItems" の実行が終了しました。
タスク "GetOutOfDateItems"
タスク "GetOutOfDateItems" の実行が終了しました。
プロジェクト "ONEngine.vcxproj" 内のターゲット "CustomBuild" のビルドが終了しました。
ターゲット "_SelectedFiles" を省略しました。以前に正しくビルドされていました。
ファイル "C:\Program Files\Microsoft Visual Studio\18\Community\MSBuild\Microsoft\VC\v180\Microsoft.CppCommon.targets" 内にある、プロジェクト "C:\Users\k023g\source\repos\TD4-2-Clone2\Project\ONEngine.vcxproj" からのターゲット "CopyFileToFolders" (ターゲット "_BuildGenerateSourcesAction" は依存):
タスク "GetOutOfDateItems"
タスク "GetOutOfDateItems" の実行が終了しました。
プロジェクト "ONEngine.vcxproj" 内のターゲット "CopyFileToFolders" のビルドが終了しました。
ファイル "C:\Program Files\Microsoft Visual Studio\18\Community\MSBuild\Microsoft\VC\v180\Microsoft.CppBuild.targets" 内にある、プロジェクト "C:\Users\k023g\source\repos\TD4-2-Clone2\Project\ONEngine.vcxproj" からのターゲット "_Xsd" (ターゲット "_BuildGenerateSourcesAction" は依存):
プロジェクト "ONEngine.vcxproj" 内のターゲット "_Xsd" のビルドが終了しました。
ファイル "C:\Program Files\Microsoft Visual Studio\18\Community\MSBuild\Microsoft\VC\v180\Microsoft.CppBuild.targets" 内にある、プロジェクト "C:\Users\k023g\source\repos\TD4-2-Clone2\Project\ONEngine.vcxproj" からのターゲット "MakeDirsForMidl" (ターゲット "_Midl" は依存):
タスク "Makedir"
タスク "Makedir" の実行が終了しました。
プロジェクト "ONEngine.vcxproj" 内のターゲット "MakeDirsForMidl" のビルドが終了しました。
ファイル "C:\Program Files\Microsoft Visual Studio\18\Community\MSBuild\Microsoft\VC\v180\Microsoft.CppBuild.targets" 内にある、プロジェクト "C:\Users\k023g\source\repos\TD4-2-Clone2\Project\ONEngine.vcxproj" からのターゲット "ComputeMIDLGeneratedCompileInputs" (ターゲット "_Midl" は依存):
プロジェクト "ONEngine.vcxproj" 内のターゲット "ComputeMIDLGeneratedCompileInputs" のビルドが終了しました。
ファイル "C:\Program Files\Microsoft Visual Studio\18\Community\MSBuild\Microsoft\VC\v180\Microsoft.CppBuild.targets" 内にある、プロジェクト "C:\Users\k023g\source\repos\TD4-2-Clone2\Project\ONEngine.vcxproj" からのターゲット "AfterMidl" (ターゲット "_Midl" は依存):
プロジェクト "ONEngine.vcxproj" 内のターゲット "AfterMidl" のビルドが終了しました。
ファイル "C:\Program Files\Microsoft Visual Studio\18\Community\MSBuild\Microsoft\VC\v180\Microsoft.CppBuild.targets" 内にある、プロジェクト "C:\Users\k023g\source\repos\TD4-2-Clone2\Project\ONEngine.vcxproj" からのターゲット "_Midl" (ターゲット "_BuildGenerateSourcesAction" は依存):
プロジェクト "ONEngine.vcxproj" 内のターゲット "_Midl" のビルドが終了しました。
ファイル "C:\Program Files\Microsoft Visual Studio\18\Community\MSBuild\Microsoft\VC\v180\Microsoft.BuildSteps.Targets" 内にある、プロジェクト "C:\Users\k023g\source\repos\TD4-2-Clone2\Project\ONEngine.vcxproj" からのターゲット "AfterBuildGenerateSources" (ターゲット "_BuildGenerateSourcesAction" は依存):
プロジェクト "ONEngine.vcxproj" 内のターゲット "AfterBuildGenerateSources" のビルドが終了しました。
ファイル "C:\Program Files\Microsoft Visual Studio\18\Community\MSBuild\Microsoft\VC\v180\Microsoft.CppBuild.targets" 内にある、プロジェクト "C:\Users\k023g\source\repos\TD4-2-Clone2\Project\ONEngine.vcxproj" からのターゲット "AfterBuildGenerateSourcesEvent" (ターゲット "_BuildGenerateSourcesAction" は依存):
プロジェクト "ONEngine.vcxproj" 内のターゲット "AfterBuildGenerateSourcesEvent" のビルドが終了しました。
ファイル "C:\Program Files\Microsoft Visual Studio\18\Community\MSBuild\Microsoft\VC\v180\Microsoft.CppBuild.targets" 内にある、プロジェクト "C:\Users\k023g\source\repos\TD4-2-Clone2\Project\ONEngine.vcxproj" からのターゲット "_BuildGenerateSourcesAction" (ターゲット "BuildGenerateSources" は依存):
プロジェクト "ONEngine.vcxproj" 内のターゲット "_BuildGenerateSourcesAction" のビルドが終了しました。
ファイル "C:\Program Files\Microsoft Visual Studio\18\Community\MSBuild\Current\Bin\Microsoft.Common.CurrentVersion.targets" 内にある、プロジェクト "C:\Users\k023g\source\repos\TD4-2-Clone2\Project\ONEngine.vcxproj" からのターゲット "BuildGenerateSources" (ターゲット "Build" は依存):
プロジェクト "ONEngine.vcxproj" 内のターゲット "BuildGenerateSources" のビルドが終了しました。
ターゲット "PrepareProjectReferences" を省略しました。以前に正しくビルドされていました。
ファイル "C:\Program Files\Microsoft Visual Studio\18\Community\MSBuild\Current\Bin\Microsoft.Common.CurrentVersion.targets" 内にある、プロジェクト "C:\Users\k023g\source\repos\TD4-2-Clone2\Project\ONEngine.vcxproj" からのターゲット "BuildCompileTraverse" (ターゲット "BuildCompile" は依存):
プロジェクト "ONEngine.vcxproj" 内のターゲット "BuildCompileTraverse" のビルドが終了しました。
ターゲット "PrepareForBuild" を省略しました。以前に正しくビルドされていました。
ターゲット "ResolveReferences" を省略しました。以前に正しくビルドされていました。
ファイル "C:\Program Files\Microsoft Visual Studio\18\Community\MSBuild\Microsoft\VC\v180\Microsoft.CppBuild.targets" 内にある、プロジェクト "C:\Users\k023g\source\repos\TD4-2-Clone2\Project\ONEngine.vcxproj" からのターゲット "BeforeClCompile" (ターゲット "_ClCompile" は依存):
プロジェクト "ONEngine.vcxproj" 内のターゲット "BeforeClCompile" のビルドが終了しました。
ターゲット "ComputeMIDLGeneratedCompileInputs" を省略しました。以前に正しくビルドされていました。
ファイル "C:\Program Files\Microsoft Visual Studio\18\Community\MSBuild\Microsoft\VC\v180\Microsoft.CppBuild.targets" 内にある、プロジェクト "C:\Users\k023g\source\repos\TD4-2-Clone2\Project\ONEngine.vcxproj" からのターゲット "ComputeCLInputPDBName" (ターゲット "_ClCompile" は依存):
プロジェクト "ONEngine.vcxproj" 内のターゲット "ComputeCLInputPDBName" のビルドが終了しました。
ターゲット "ResolveReferences" を省略しました。以前に正しくビルドされていました。
ファイル "C:\Program Files\Microsoft Visual Studio\18\Community\MSBuild\Current\Bin\Microsoft.Common.CurrentVersion.targets" 内にある、プロジェクト "C:\Users\k023g\source\repos\TD4-2-Clone2\Project\ONEngine.vcxproj" からのターゲット "FindReferenceAssembliesForReferences" (ターゲット "ComputeReferenceCLInput" は依存):
プロジェクト "ONEngine.vcxproj" 内のターゲット "FindReferenceAssembliesForReferences" のビルドが終了しました。
ファイル "C:\Program Files\Microsoft Visual Studio\18\Community\MSBuild\Microsoft\VC\v180\Microsoft.CppBuild.targets" 内にある、プロジェクト "C:\Users\k023g\source\repos\TD4-2-Clone2\Project\ONEngine.vcxproj" からのターゲット "GetReferencedVCProjectsInfo" (ターゲット "ComputeReferenceCLInput" は依存):
タスク "MSBuild"
  グローバル プロパティ:
    Configuration=Debug
    Platform=x64
  プロジェクト "Externals\DirectXTex\DirectXTex.vcxproj" のプロパティの削除:
    TargetFramework
  プロジェクト "Externals\ImGui\ImGui.vcxproj" のプロパティの削除:
    TargetFramework
プロジェクト "C:\Users\k023g\source\repos\TD4-2-Clone2\Project\ONEngine.vcxproj" (5) は、ノード 1 上に "C:\Users\k023g\source\repos\TD4-2-Clone2\Project\Externals\DirectXTex\DirectXTex.vcxproj" (3:6) をビルドしています (GetProjectInfoForReference ターゲット)。
ファイル "C:\Program Files\Microsoft Visual Studio\18\Community\MSBuild\Microsoft\VC\v180\Microsoft.CppBuild.targets" 内にある、プロジェクト "C:\Users\k023g\source\repos\TD4-2-Clone2\Project\Externals\DirectXTex\DirectXTex.vcxproj" からのターゲット "DisableProjectReferenceRecursionForClInputs" (ターゲット "GetProjectInfoForReference" は依存):
プロジェクト "DirectXTex.vcxproj" 内のターゲット "DisableProjectReferenceRecursionForClInputs" のビルドが終了しました。
ターゲット "PrepareForBuild" を省略しました。以前に正しくビルドされていました。
ファイル "C:\Program Files\Microsoft Visual Studio\18\Community\MSBuild\Microsoft\VC\v180\Microsoft.CppBuild.targets" 内にある、プロジェクト "C:\Users\k023g\source\repos\TD4-2-Clone2\Project\Externals\DirectXTex\DirectXTex.vcxproj" からのターゲット "GetPublicIncludeDirectories" (ターゲット "AddPublicIncludeDirectoriesToProjectsInfoForReference" は依存):
プロジェクト "DirectXTex.vcxproj" 内のターゲット "GetPublicIncludeDirectories" のビルドが終了しました。
ファイル "C:\Program Files\Microsoft Visual Studio\18\Community\MSBuild\Microsoft\VC\v180\Microsoft.CppBuild.targets" 内にある、プロジェクト "C:\Users\k023g\source\repos\TD4-2-Clone2\Project\Externals\DirectXTex\DirectXTex.vcxproj" からのターゲット "AddPublicIncludeDirectoriesToProjectsInfoForReference" (ターゲット "GetProjectInfoForReference" は依存):
プロジェクト "DirectXTex.vcxproj" 内のターゲット "AddPublicIncludeDirectoriesToProjectsInfoForReference" のビルドが終了しました。
ターゲット "ComputeMIDLGeneratedCompileInputs" を省略しました。以前に正しくビルドされていました。
ターゲット "ComputeCLInputPDBName" を省略しました。以前に正しくビルドされていました。
ターゲット "ComputeReferenceCLInput" を省略しました。以前に正しくビルドされていました。
ターゲット "ComputeStdModulesCompileInputs" を省略しました。以前に正しくビルドされていました。
ターゲット "FixupCLCompileOptions" を省略しました。以前に正しくビルドされていました。
ターゲット "SetModuleDependencies" を省略しました。以前に正しくビルドされていました。
ターゲット "SetModuleDependencies" を省略しました。以前に正しくビルドされていました。
ターゲット "GetPublicIncludeDirectories" を省略しました。以前に正しくビルドされていました。
ファイル "C:\Program Files\Microsoft Visual Studio\18\Community\MSBuild\Microsoft\VC\v180\Microsoft.CppBuild.targets" 内にある、プロジェクト "C:\Users\k023g\source\repos\TD4-2-Clone2\Project\Externals\DirectXTex\DirectXTex.vcxproj" からのターゲット "AddPublicBMIsToProjectsInfoForReference" (ターゲット "GetProjectInfoForReference" は依存):
プロジェクト "DirectXTex.vcxproj" 内のターゲット "AddPublicBMIsToProjectsInfoForReference" のビルドが終了しました。
ファイル "C:\Program Files\Microsoft Visual Studio\18\Community\MSBuild\Microsoft\VC\v180\Microsoft.CppBuild.targets" 内にある、プロジェクト "C:\Users\k023g\source\repos\TD4-2-Clone2\Project\Externals\DirectXTex\DirectXTex.vcxproj" からのターゲット "AddDeployRecipeFileToProjectsInfoForReference" (ターゲット "GetProjectInfoForReference" は依存):
プロジェクト "DirectXTex.vcxproj" 内のターゲット "AddDeployRecipeFileToProjectsInfoForReference" のビルドが終了しました。
ターゲット "PrepareForBuild" を省略しました。以前に正しくビルドされていました。
ターゲット "ResolveReferences" を省略しました。以前に正しくビルドされていました。
ターゲット "GetReferencedVCProjectsInfo" を省略しました。以前に正しくビルドされていました。
ファイル "C:\Program Files\Microsoft Visual Studio\18\Community\MSBuild\Microsoft\VC\v180\Microsoft.CppBuild.targets" 内にある、プロジェクト "C:\Users\k023g\source\repos\TD4-2-Clone2\Project\Externals\DirectXTex\DirectXTex.vcxproj" からのターゲット "ResolvedLinkLib" (ターゲット "GetResolvedLinkLibs" は依存):
プロジェクト "DirectXTex.vcxproj" 内のターゲット "ResolvedLinkLib" のビルドが終了しました。
ファイル "C:\Program Files\Microsoft Visual Studio\18\Community\MSBuild\Microsoft\VC\v180\Microsoft.CppBuild.targets" 内にある、プロジェクト "C:\Users\k023g\source\repos\TD4-2-Clone2\Project\Externals\DirectXTex\DirectXTex.vcxproj" からのターゲット "GetResolvedLinkLibs" (ターゲット "AddLibrariesToProjectsInfoForReference" は依存):
プロジェクト "DirectXTex.vcxproj" 内のターゲット "GetResolvedLinkLibs" のビルドが終了しました。
ファイル "C:\Program Files\Microsoft Visual Studio\18\Community\MSBuild\Microsoft\VC\v180\Microsoft.CppBuild.targets" 内にある、プロジェクト "C:\Users\k023g\source\repos\TD4-2-Clone2\Project\Externals\DirectXTex\DirectXTex.vcxproj" からのターゲット "AddLibrariesToProjectsInfoForReference" (ターゲット "GetProjectInfoForReference" は依存):
プロジェクト "DirectXTex.vcxproj" 内のターゲット "AddLibrariesToProjectsInfoForReference" のビルドが終了しました。
ファイル "C:\Program Files\Microsoft Visual Studio\18\Community\MSBuild\Microsoft\VC\v180\Microsoft.CppBuild.targets" 内にある、プロジェクト "C:\Users\k023g\source\repos\TD4-2-Clone2\Project\Externals\DirectXTex\DirectXTex.vcxproj" からのターゲット "GetProjectInfoForReference" (エントリ ポイント):
プロジェクト "DirectXTex.vcxproj" 内のターゲット "GetProjectInfoForReference" のビルドが終了しました。
プロジェクト "C:\Users\k023g\source\repos\TD4-2-Clone2\Project\Externals\DirectXTex\DirectXTex.vcxproj" (GetProjectInfoForReference ターゲット) のビルドが完了しました。
プロジェクト "C:\Users\k023g\source\repos\TD4-2-Clone2\Project\ONEngine.vcxproj" (5) は、ノード 1 上に "C:\Users\k023g\source\repos\TD4-2-Clone2\Project\Externals\ImGui\ImGui.vcxproj" (4:6) をビルドしています (GetProjectInfoForReference ターゲット)。
ファイル "C:\Program Files\Microsoft Visual Studio\18\Community\MSBuild\Microsoft\VC\v180\Microsoft.CppBuild.targets" 内にある、プロジェクト "C:\Users\k023g\source\repos\TD4-2-Clone2\Project\Externals\ImGui\ImGui.vcxproj" からのターゲット "DisableProjectReferenceRecursionForClInputs" (ターゲット "GetProjectInfoForReference" は依存):
プロジェクト "ImGui.vcxproj" 内のターゲット "DisableProjectReferenceRecursionForClInputs" のビルドが終了しました。
ターゲット "PrepareForBuild" を省略しました。以前に正しくビルドされていました。
ファイル "C:\Program Files\Microsoft Visual Studio\18\Community\MSBuild\Microsoft\VC\v180\Microsoft.CppBuild.targets" 内にある、プロジェクト "C:\Users\k023g\source\repos\TD4-2-Clone2\Project\Externals\ImGui\ImGui.vcxproj" からのターゲット "GetPublicIncludeDirectories" (ターゲット "AddPublicIncludeDirectoriesToProjectsInfoForReference" は依存):
プロジェクト "ImGui.vcxproj" 内のターゲット "GetPublicIncludeDirectories" のビルドが終了しました。
ファイル "C:\Program Files\Microsoft Visual Studio\18\Community\MSBuild\Microsoft\VC\v180\Microsoft.CppBuild.targets" 内にある、プロジェクト "C:\Users\k023g\source\repos\TD4-2-Clone2\Project\Externals\ImGui\ImGui.vcxproj" からのターゲット "AddPublicIncludeDirectoriesToProjectsInfoForReference" (ターゲット "GetProjectInfoForReference" は依存):
プロジェクト "ImGui.vcxproj" 内のターゲット "AddPublicIncludeDirectoriesToProjectsInfoForReference" のビルドが終了しました。
ターゲット "ComputeMIDLGeneratedCompileInputs" を省略しました。以前に正しくビルドされていました。
ターゲット "ComputeCLInputPDBName" を省略しました。以前に正しくビルドされていました。
ターゲット "ComputeReferenceCLInput" を省略しました。以前に正しくビルドされていました。
ターゲット "ComputeStdModulesCompileInputs" を省略しました。以前に正しくビルドされていました。
ターゲット "FixupCLCompileOptions" を省略しました。以前に正しくビルドされていました。
ターゲット "SetModuleDependencies" を省略しました。以前に正しくビルドされていました。
ターゲット "SetModuleDependencies" を省略しました。以前に正しくビルドされていました。
ターゲット "GetPublicIncludeDirectories" を省略しました。以前に正しくビルドされていました。
ファイル "C:\Program Files\Microsoft Visual Studio\18\Community\MSBuild\Microsoft\VC\v180\Microsoft.CppBuild.targets" 内にある、プロジェクト "C:\Users\k023g\source\repos\TD4-2-Clone2\Project\Externals\ImGui\ImGui.vcxproj" からのターゲット "AddPublicBMIsToProjectsInfoForReference" (ターゲット "GetProjectInfoForReference" は依存):
プロジェクト "ImGui.vcxproj" 内のターゲット "AddPublicBMIsToProjectsInfoForReference" のビルドが終了しました。
ファイル "C:\Program Files\Microsoft Visual Studio\18\Community\MSBuild\Microsoft\VC\v180\Microsoft.CppBuild.targets" 内にある、プロジェクト "C:\Users\k023g\source\repos\TD4-2-Clone2\Project\Externals\ImGui\ImGui.vcxproj" からのターゲット "AddDeployRecipeFileToProjectsInfoForReference" (ターゲット "GetProjectInfoForReference" は依存):
プロジェクト "ImGui.vcxproj" 内のターゲット "AddDeployRecipeFileToProjectsInfoForReference" のビルドが終了しました。
ターゲット "PrepareForBuild" を省略しました。以前に正しくビルドされていました。
ターゲット "ResolveReferences" を省略しました。以前に正しくビルドされていました。
ターゲット "GetReferencedVCProjectsInfo" を省略しました。以前に正しくビルドされていました。
ファイル "C:\Program Files\Microsoft Visual Studio\18\Community\MSBuild\Microsoft\VC\v180\Microsoft.CppBuild.targets" 内にある、プロジェクト "C:\Users\k023g\source\repos\TD4-2-Clone2\Project\Externals\ImGui\ImGui.vcxproj" からのターゲット "ResolvedLinkLib" (ターゲット "GetResolvedLinkLibs" は依存):
プロジェクト "ImGui.vcxproj" 内のターゲット "ResolvedLinkLib" のビルドが終了しました。
ファイル "C:\Program Files\Microsoft Visual Studio\18\Community\MSBuild\Microsoft\VC\v180\Microsoft.CppBuild.targets" 内にある、プロジェクト "C:\Users\k023g\source\repos\TD4-2-Clone2\Project\Externals\ImGui\ImGui.vcxproj" からのターゲット "GetResolvedLinkLibs" (ターゲット "AddLibrariesToProjectsInfoForReference" は依存):
プロジェクト "ImGui.vcxproj" 内のターゲット "GetResolvedLinkLibs" のビルドが終了しました。
ファイル "C:\Program Files\Microsoft Visual Studio\18\Community\MSBuild\Microsoft\VC\v180\Microsoft.CppBuild.targets" 内にある、プロジェクト "C:\Users\k023g\source\repos\TD4-2-Clone2\Project\Externals\ImGui\ImGui.vcxproj" からのターゲット "AddLibrariesToProjectsInfoForReference" (ターゲット "GetProjectInfoForReference" は依存):
プロジェクト "ImGui.vcxproj" 内のターゲット "AddLibrariesToProjectsInfoForReference" のビルドが終了しました。
ファイル "C:\Program Files\Microsoft Visual Studio\18\Community\MSBuild\Microsoft\VC\v180\Microsoft.CppBuild.targets" 内にある、プロジェクト "C:\Users\k023g\source\repos\TD4-2-Clone2\Project\Externals\ImGui\ImGui.vcxproj" からのターゲット "GetProjectInfoForReference" (エントリ ポイント):
プロジェクト "ImGui.vcxproj" 内のターゲット "GetProjectInfoForReference" のビルドが終了しました。
プロジェクト "C:\Users\k023g\source\repos\TD4-2-Clone2\Project\Externals\ImGui\ImGui.vcxproj" (GetProjectInfoForReference ターゲット) のビルドが完了しました。
タスク "MSBuild" の実行が終了しました。
プロジェクト "ONEngine.vcxproj" 内のターゲット "GetReferencedVCProjectsInfo" のビルドが終了しました。
ファイル "C:\Program Files\Microsoft Visual Studio\18\Community\MSBuild\Microsoft\VC\v180\Microsoft.CppBuild.targets" 内にある、プロジェクト "C:\Users\k023g\source\repos\TD4-2-Clone2\Project\ONEngine.vcxproj" からのターゲット "ComputeReferenceCLInput" (ターゲット "_ClCompile" は依存):
プロジェクト "ONEngine.vcxproj" 内のターゲット "ComputeReferenceCLInput" のビルドが終了しました。
ファイル "C:\Program Files\Microsoft Visual Studio\18\Community\MSBuild\Microsoft\VC\v180\Microsoft.CppCommon.targets" 内にある、プロジェクト "C:\Users\k023g\source\repos\TD4-2-Clone2\Project\ONEngine.vcxproj" からのターゲット "SetCppLanguageStandardCapabilities" (ターゲット "ComputeStdModulesCompileInputs" は依存):
プロジェクト "ONEngine.vcxproj" 内のターゲット "SetCppLanguageStandardCapabilities" のビルドが終了しました。
ファイル "C:\Program Files\Microsoft Visual Studio\18\Community\MSBuild\Microsoft\VC\v180\Microsoft.CppCommon.targets" 内にある、プロジェクト "C:\Users\k023g\source\repos\TD4-2-Clone2\Project\ONEngine.vcxproj" からのターゲット "ComputeStdModulesCompileInputs" (ターゲット "_ClCompile" は依存):
"GetLibraryModuleSources" タスクをアセンブリ "C:\Program Files\Microsoft Visual Studio\18\Community\MSBuild\Microsoft\VC\v180\Microsoft.Build.CppTasks.Common.dll" から使用しています。
タスク "GetLibraryModuleSources"
  ライブラリ 'microsoft/STL' のデータを提供するライブラリ マニフェスト ファイル 'C:\Program Files\Microsoft Visual Studio\18\Community\VC\Tools\MSVC\14.51.36231\modules\modules.json' を読み取っています。
  このプロジェクトでビルドするライブラリ 'microsoft/STL' からモジュール ソース 'C:\Program Files\Microsoft Visual Studio\18\Community\VC\Tools\MSVC\14.51.36231\modules\std.ixx' を追加しています。
  このプロジェクトでビルドするライブラリ 'microsoft/STL' からモジュール ソース 'C:\Program Files\Microsoft Visual Studio\18\Community\VC\Tools\MSVC\14.51.36231\modules\std.compat.ixx' を追加しています。
タスク "GetLibraryModuleSources" の実行が終了しました。
プロジェクト "ONEngine.vcxproj" 内のターゲット "ComputeStdModulesCompileInputs" のビルドが終了しました。
ターゲット "SetCppLanguageStandardCapabilities" を省略しました。以前に正しくビルドされていました。
ファイル "C:\Program Files\Microsoft Visual Studio\18\Community\MSBuild\Microsoft\VC\v180\Microsoft.CppCommon.targets" 内にある、プロジェクト "C:\Users\k023g\source\repos\TD4-2-Clone2\Project\ONEngine.vcxproj" からのターゲット "FixupCLCompileOptions" (ターゲット "_ClCompile" は依存):
プロジェクト "ONEngine.vcxproj" 内のターゲット "FixupCLCompileOptions" のビルドが終了しました。
ファイル "C:\Program Files\Microsoft Visual Studio\18\Community\MSBuild\Microsoft\VC\v180\Microsoft.CppBuild.targets" 内にある、プロジェクト "C:\Users\k023g\source\repos\TD4-2-Clone2\Project\ONEngine.vcxproj" からのターゲット "MakeDirsForCl" (ターゲット "SetModuleDependencies" は依存):
タスク "MakeDir"
タスク "MakeDir" の実行が終了しました。
プロジェクト "ONEngine.vcxproj" 内のターゲット "MakeDirsForCl" のビルドが終了しました。
ファイル "C:\Program Files\Microsoft Visual Studio\18\Community\MSBuild\Microsoft\VC\v180\Microsoft.CppCommon.targets" 内にある、プロジェクト "C:\Users\k023g\source\repos\TD4-2-Clone2\Project\ONEngine.vcxproj" からのターゲット "SetModuleDependencies" (ターゲット "_ClCompile" は依存):
タスク "MakeDir"
タスク "MakeDir" の実行が終了しました。
"SetModuleDependencies" タスクをアセンブリ "C:\Program Files\Microsoft Visual Studio\18\Community\MSBuild\Microsoft\VC\v180\Microsoft.Build.CppTasks.Common.dll" から使用しています。
タスク "SetModuleDependencies"
タスク "SetModuleDependencies" の実行が終了しました。
プロジェクト "ONEngine.vcxproj" 内のターゲット "SetModuleDependencies" のビルドが終了しました。
ターゲット "MakeDirsForCl" を省略しました。以前に正しくビルドされていました。
ターゲット "_SelectedFiles" を省略しました。以前に正しくビルドされていました。
ターゲット "ComputeMIDLGeneratedCompileInputs" を省略しました。以前に正しくビルドされていました。
ターゲット "ComputeCLInputPDBName" を省略しました。以前に正しくビルドされていました。
ターゲット "ComputeReferenceCLInput" を省略しました。以前に正しくビルドされていました。
ターゲット "ComputeStdModulesCompileInputs" を省略しました。以前に正しくビルドされていました。
ターゲット "FixupCLCompileOptions" を省略しました。以前に正しくビルドされていました。
ターゲット "SetModuleDependencies" を省略しました。以前に正しくビルドされていました。
ターゲット "SelectCustomBuild" を省略しました。以前に正しくビルドされていました。
ターゲット "SetModuleDependencies" を省略しました。以前に正しくビルドされていました。
ファイル "C:\Program Files\Microsoft Visual Studio\18\Community\MSBuild\Microsoft\VC\v180\Microsoft.CppBuild.targets" 内にある、プロジェクト "C:\Users\k023g\source\repos\TD4-2-Clone2\Project\ONEngine.vcxproj" からのターゲット "SelectClCompile" (ターゲット "ClCompile" は依存):
プロジェクト "ONEngine.vcxproj" 内のターゲット "SelectClCompile" のビルドが終了しました。
ファイル "C:\Program Files\Microsoft Visual Studio\18\Community\MSBuild\Microsoft\VC\v180\Microsoft.CppCommon.targets" 内にある、プロジェクト "C:\Users\k023g\source\repos\TD4-2-Clone2\Project\ONEngine.vcxproj" からのターゲット "ClCompile" (ターゲット "_ClCompile" は依存):
タスク "Delete"
タスク "Delete" の実行が終了しました。
"CL" タスクをアセンブリ "C:\Program Files\Microsoft Visual Studio\18\Community\MSBuild\Microsoft\VC\v180\Microsoft.Build.CppTasks.Common.dll" から使用しています。
タスク "CL"
  PDB "C:\Users\k023g\source\repos\TD4-2-Clone2\Project\..\Generated\Obj\ONEngine\Debug\vc145.pdb" がないため、すべてのソース ファイルを強制的に再コンパイルしています。
  ツールに渡された環境変数:
    VS_UNICODE_OUTPUT=1872
    SARIF_OUTPUT_PIPE=2124
  C:\Program Files\Microsoft Visual Studio\18\Community\VC\Tools\MSVC\14.51.36231\bin\HostX86\x64\CL.exe /c /I"C:\Users\k023g\source\repos\TD4-2-Clone2\Project\\" /I"C:\Users\k023g\source\repos\TD4-2-Clone2\Project\Engine" /I"C:\Users\k023g\source\repos\TD4-2-Clone2\Project\Externals\assimp\include" /I"C:\Users\k023g\source\repos\TD4-2-Clone2\Project\Externals\imgui" /I"C:\Users\k023g\source\repos\TD4-2-Clone2\Project\Externals\glib" /I"C:\Users\k023g\source\repos\TD4-2-Clone2\Project\Externals\mono" /I"C:\Users\k023g\source\repos\TD4-2-Clone2\Project\Externals\DirectXTex" /I"C:\Users\k023g\source\repos\TD4-2-Clone2\Project\Externals" /ZI /JMC /nologo /W4 /WX- /diagnostics:column /Od /D _SILENCE_CXX23_ALIGNED_STORAGE_DEPRECATION_WARNING /D _DEBUG /D _WINDOWS /D DEBUG_MODE /D _UNICODE /D UNICODE /Gm- /EHsc /RTC1 /MTd /GS /fp:precise /Zc:wchar_t /Zc:forScope /Zc:inline /std:c++latest /permissive- /Fo"C:\Users\k023g\source\repos\TD4-2-Clone2\Project\..\Generated\Obj\ONEngine\Debug\\" /Fd"C:\Users\k023g\source\repos\TD4-2-Clone2\Project\..\Generated\Obj\ONEngine\Debug\vc145.pdb" /external:W3 /Gd /TP /FC /errorReport:queue /utf-8 /MP /bigobj Engine\Asset\AssetType.cpp Engine\Asset\Assets\Animation\AnimationClipLoader.cpp Engine\Asset\Assets\AudioClip\AudioClip.cpp Engine\Asset\Assets\AudioClip\AudioClipLoader.cpp Engine\Asset\Assets\Material\Material.cpp Engine\Asset\Assets\Material\MaterialLoader.cpp Engine\Asset\Assets\Mesh\Mesh.cpp Engine\Asset\Assets\Mesh\Model.cpp Engine\Asset\Assets\Mesh\ModelLoader.cpp Engine\Asset\Assets\Mesh\Skinning.cpp Engine\Asset\Assets\Shader\Shader.cpp Engine\Asset\Assets\Shader\ShaderLoader.cpp Engine\Asset\Assets\Texture\Texture.cpp Engine\Asset\Assets\Texture\TextureLoader.cpp Engine\Asset\Collection\AssetCollection.cpp Engine\Asset\Guid\Guid.cpp Engine\Asset\Meta\MetaFile.cpp Engine\Core\Config\EngineConfig.cpp Engine\Core\DirectX12\Command\DxCommand.cpp Engine\Core\DirectX12\Command\DxUploadCommand.cpp Engine\Core\DirectX12\Debug\DxDebug.cpp Engine\Core\DirectX12\DepthStencil\DxDepthStencil.cpp Engine\Core\DirectX12\DescriptorHeap\DxDSVHeap.cpp Engine\Core\DirectX12\DescriptorHeap\DxRTVHeap.cpp Engine\Core\DirectX12\DescriptorHeap\DxSRVHeap.cpp Engine\Core\DirectX12\DescriptorHeap\IDxDescriptorHeap.cpp Engine\Core\DirectX12\Device\DxDevice.cpp Engine\Core\DirectX12\GPUTimeStamp\GPUTimeStamp.cpp Engine\Core\DirectX12\Manager\DxManager.cpp Engine\Core\DirectX12\Resource\DxResource.cpp Engine\Core\DirectX12\SwapChain\DxSwapChain.cpp Engine\Core\Event\FrameEventQueue.cpp Engine\Core\Event\GameEventData.cpp Engine\Core\GameFramework\DebugSceneGenerator.cpp Engine\Core\GameFramework\GameFramework.cpp Engine\Core\Threading\ThreadPool.cpp Engine\Core\Utility\FileSystem\FileSystem.cpp Engine\Core\Utility\Font\FontAtlas.cpp Engine\Core\Utility\Font\FontAtlasManager.cpp Engine\Core\Utility\Font\FontRasterizer.cpp Engine\Core\Utility\Input\Gamepad.cpp Engine\Core\Utility\Input\Input.cpp Engine\Core\Utility\Input\InputSystem.cpp Engine\Core\Utility\Input\Keyboard.cpp Engine\Core\Utility\Input\Mouse.cpp Engine\Core\Utility\Math\Color.cpp Engine\Core\Utility\Math\Math.cpp Engine\Core\Utility\Math\Matrix4x4.cpp Engine\Core\Utility\Math\Primitive.cpp Engine\Core\Utility\Math\Quaternion.cpp Engine\Core\Utility\Time\CPUTimeStamp.cpp Engine\Core\Utility\Time\Time.cpp Engine\Core\Utility\Tools\Ease.cpp Engine\Core\Utility\Tools\Gizmo.cpp Engine\Core\Utility\Tools\Log.cpp Engine\Core\Utility\Tools\Random.cpp Engine\Core\Window\Window.cpp Engine\Core\Window\WindowManager.cpp Engine\ECS\Component\Collection\ComponentCollection.cpp Engine\ECS\Component\Components\ComputeComponents\Agent\AgentIntentComponent.cpp Engine\ECS\Component\Components\ComputeComponents\Animation\AnimationPlayer.cpp Engine\ECS\Component\Components\ComputeComponents\Animator\Animator.cpp Engine\ECS\Component\Components\ComputeComponents\Audio\BGMPlayer.cpp Engine\ECS\Component\Components\ComputeComponents\Audio\SEPlayer.cpp Engine\ECS\Component\Components\ComputeComponents\Camera\CameraComponent.cpp Engine\ECS\Component\Components\ComputeComponents\Collision\BoxCollider.cpp Engine\ECS\Component\Components\ComputeComponents\Collision\BoxCollider2D.cpp Engine\ECS\Component\Components\ComputeComponents\Collision\CircleCollider.cpp Engine\ECS\Component\Components\ComputeComponents\Collision\CollisionCheck\CollisionCheck.cpp Engine\ECS\Component\Components\ComputeComponents\Collision\ICollider.cpp Engine\ECS\Component\Components\ComputeComponents\Collision\SphereCollider.cpp Engine\ECS\Component\Components\ComputeComponents\Effect\Effect.cpp Engine\ECS\Component\Components\ComputeComponents\Effect\EmitShape\EffectEmitShape.cpp Engine\ECS\Component\Components\ComputeComponents\Effect\MainModule\EffectMainModule.cpp Engine\ECS\Component\Components\ComputeComponents\Light\Light.cpp Engine\ECS\Component\Components\ComputeComponents\ParticleSystem\ParticleSystem.cpp Engine\ECS\Component\Components\ComputeComponents\ParticleSystem2D\ParticleSystem2D.cpp Engine\ECS\Component\Components\ComputeComponents\Script\Script.cpp Engine\ECS\Component\Components\ComputeComponents\ShadowCaster\ShadowCaster.cpp Engine\ECS\Component\Components\ComputeComponents\Terrain\Grass\GrassField.cpp Engine\ECS\Component\Components\ComputeComponents\Terrain\River\River.cpp Engine\ECS\Component\Components\ComputeComponents\Terrain\Terrain.cpp Engine\ECS\Component\Components\ComputeComponents\Terrain\TerrainCollider.cpp Engine\ECS\Component\Components\ComputeComponents\Transform\Transform.cpp Engine\ECS\Component\Components\ComputeComponents\UI\UIElementComponent.cpp Engine\ECS\Component\Components\ComputeComponents\UI\UIGroupComponent.cpp Engine\ECS\Component\Components\ComputeComponents\UI\UILinkNavigationComponent.cpp Engine\ECS\Component\Components\ComputeComponents\Variables\Variables.cpp Engine\ECS\Component\Components\ComputeComponents\VoxelTerrain\VoxelTerrain.cpp Engine\ECS\Component\Components\ComputeComponents\VoxelTerrain\VoxelTerrainChunk.cpp Engine\ECS\Component\Components\Interface\IComponent.cpp Engine\ECS\Component\Components\RendererComponents\Mesh\CustomMeshRenderer.cpp Engine\ECS\Component\Components\RendererComponents\Mesh\DissolveMeshRenderer.cpp Engine\ECS\Component\Components\RendererComponents\Mesh\MeshRenderer.cpp Engine\ECS\Component\Components\RendererComponents\Primitive\Line2DRenderer.cpp Engine\ECS\Component\Components\RendererComponents\Primitive\Line3DRenderer.cpp Engine\ECS\Component\Components\RendererComponents\ScreenPostEffectTag\ScreenPostEffectTag.cpp Engine\ECS\Component\Components\RendererComponents\SkinMesh\SkinMeshRenderer.cpp Engine\ECS\Component\Components\RendererComponents\Skybox\Skybox.cpp Engine\ECS\Component\Components\RendererComponents\Sprite\SpriteRenderer.cpp Engine\ECS\Component\Components\RendererComponents\Text\TextRenderer.cpp Engine\ECS\Entity\Collection\EntityCollection.cpp Engine\ECS\Entity\EntityJsonConverter.cpp Engine\ECS\Entity\GameEntity\GameEntity.cpp Engine\ECS\Entity\Prefab\EntityPrefab.cpp Engine\ECS\Entity\Prefab\EntityPrefabCollection.cpp Engine\ECS\EntityComponentSystem\AddECSSystemFunction.cpp Engine\ECS\EntityComponentSystem\ComponentApplyFunc.cpp Engine\ECS\EntityComponentSystem\ECSGroup.cpp Engine\ECS\EntityComponentSystem\EntityComponentSystem.cpp Engine\ECS\System\AI\AISystem.cpp Engine\ECS\System\Animation\AnimationSystem.cpp Engine\ECS\System\Animator\AnimatorUpdateSystem.cpp Engine\ECS\System\Audio\AudioPlaybackSystem.cpp Engine\ECS\System\CameraUpdate\CameraUpdateSystem.cpp Engine\ECS\System\Collision\ColliderRenderQueueSystem.cpp Engine\ECS\System\Collision\Collision2DSystem.cpp Engine\ECS\System\Collision\CollisionSystem.cpp Engine\ECS\System\EffectUpdateSystem\EffectUpdateSystem.cpp Engine\ECS\System\GrassBufferCreateSystem\GrassBufferCreateSystem.cpp Engine\ECS\System\MeshBufferRecreate\MeshBufferRecreate.cpp Engine\ECS\System\Movement\MovementSystem.cpp Engine\ECS\System\ParticleSystem2DUpdateSystem\ParticleSystem2DUpdateSystem.cpp Engine\ECS\System\ParticleSystemUpdateSystem\ParticleSystemUpdateSystem.cpp Engine\ECS\System\ScriptUpdateSystem\ScriptUpdateSystem.cpp Engine\ECS\System\ShadowCaster\ShadowCasterUpdateSystem.cpp Engine\ECS\System\SkinMesh\SkinMeshUpdateSystem.cpp Engine\ECS\System\SystemCollection\SystemCollection.cpp Engine\ECS\System\Terrain\TerrainColliderVertexGenerator.cpp Engine\ECS\System\Terrain\TerrainCollision.cpp Engine\ECS\System\Transform\TransformUpdateSystem.cpp Engine\ECS\System\UI\UIHierarchySystem.cpp Engine\ECS\System\UI\UIInputNavigationSystem.cpp Engine\Editor\Commands\ComponentEditCommands\ComponentEditCommands.cpp Engine\Editor\Commands\ComponentEditCommands\ComponentJsonConverter.cpp Engine\Editor\Commands\ComponentEditCommands\ModifyScriptVariableCommand.cpp Engine\Editor\Commands\ImGuiCommand\FocusEntityCommand.cpp Engine\Editor\Commands\ImGuiCommand\ImGuiCommand.cpp Engine\Editor\Commands\WorldEditorCommands\WorldEditorCommands.cpp Engine\Editor\EditorCompute\GameEntityPicking\GameEntityPickingPipeline.cpp Engine\Editor\EditorCompute\Grass\GrassArrangementPipeline.cpp Engine\Editor\EditorCompute\River\RiverMeshGeneratePipeline.cpp Engine\Editor\EditorCompute\TerrainEditor\RiverTerrainAdjustPipeline.cpp Engine\Editor\EditorCompute\TerrainEditor\TerrainDataOutput.cpp Engine\Editor\EditorCompute\TerrainEditor\TerrainVertexCreator.cpp Engine\Editor\EditorCompute\TerrainEditor\TerrainVertexEditorCompute.cpp Engine\Editor\EditorCompute\VoxelTerrainEditor\VoxelTerrainEditorComputePipeline.cpp Engine\Editor\Manager\EditCommand.cpp Engine\Editor\Manager\EditorManager.cpp Engine\Editor\Manager\ImGuiManager.cpp Engine\Editor\Math\AssetDebugger.cpp Engine\Editor\Math\DragDrop\DragDrop.cpp Engine\Editor\Math\FileWatcher\FileWatcher.cpp Engine\Editor\Math\ImGuiMath.cpp Engine\Editor\Math\ImGuiSelection.cpp Engine\Editor\Math\ImGuiShowField.cpp Engine\Editor\Math\Pivot\Pivot.cpp Engine\Editor\Math\Preview\Texture2DPreview.cpp Engine\Editor\Math\Widget\BasicTypeWidget.cpp Engine\Editor\Math\Widget\VectorWidget.cpp Engine\Editor\Views\EditorViewCollection.cpp Engine\Editor\Views\Tabs\AITab.cpp Engine\Editor\Views\Tabs\AnimationTab.cpp Engine\Editor\Views\Tabs\DevelopTab.cpp Engine\Editor\Views\Tabs\EditorTab.cpp Engine\Editor\Views\Tabs\EventTab.cpp Engine\Editor\Views\Tabs\GameTab.cpp Engine\Editor\Views\Tabs\PrefabTab.cpp Engine\Editor\Views\Tabs\SettingsTab.cpp Engine\Editor\Views\Tabs\UITab.cpp Engine\Editor\Views\Windows\Develop\AnimationEditorWindow.cpp Engine\Editor\Views\Windows\Develop\BehaviorTreeEditorWindow.cpp Engine\Editor\Views\Windows\Develop\ConsoleWindow.cpp Engine\Editor\Views\Windows\Develop\DebugSceneView.cpp Engine\Editor\Views\Windows\Develop\GameEventEditorWindow.cpp Engine\Editor\Views\Windows\Develop\GameSceneView.cpp Engine\Editor\Views\Windows\Develop\HierarchyWindow.cpp Engine\Editor\Views\Windows\Develop\InspectorWindow.cpp Engine\Editor\Views\Windows\Develop\ProjectSettingsWindow.cpp Engine\Editor\Views\Windows\Develop\ProjectWindow.cpp Engine\Editor\Views\Windows\Develop\TexturePreviewWindow.cpp Engine\Editor\Views\Windows\Develop\UIEditorWindow.cpp Engine\Editor\Views\Windows\Editor\TestWindow.cpp Engine\Editor\Views\Windows\Prefab\PrefabFileWindow.cpp Engine\Editor\Views\Windows\Prefab\PrefabViewWindow.cpp Engine\Graphics\Buffer\ByteAddressBuffer.cpp Engine\Graphics\Buffer\Data\GPUMaterial.cpp Engine\Graphics\Buffer\Data\UVTransform.cpp Engine\Graphics\Buffer\IndexBuffer.cpp Engine\Graphics\Framework\RenderingFramework.cpp Engine\Graphics\Pipelines\Collection\RenderingPipelineCollection.cpp Engine\Graphics\Pipelines\Interface\IPostProcessPipeline.cpp Engine\Graphics\Pipelines\PostProcess\PerObject\Bloom\PostProcessBloom.cpp Engine\Graphics\Pipelines\PostProcess\PerObject\Blur\PostProcessGaussianBlurPerObject.cpp Engine\Graphics\Pipelines\PostProcess\PerObject\Grayscale\PostProcessGrayscalePerObject.cpp Engine\Graphics\Pipelines\PostProcess\PerObject\Light\PostProcessLighting.cpp Engine\Graphics\Pipelines\PostProcess\PerObject\RadialBlur\PostProcessRadialBlurPerObject.cpp Engine\Graphics\Pipelines\PostProcess\PerObject\TerrainBrush\PostProcessTerrainBrush.cpp Engine\Graphics\Pipelines\PostProcess\PerObject\VoxelTerrainBrush\PostProcessVoxelTerrainBrush.cpp Engine\Graphics\Pipelines\PostProcess\Screen\Fisheye\PostProcessFisheye.cpp Engine\Graphics\Pipelines\PostProcess\Screen\Fog\PostProcessFog.cpp Engine\Graphics\Pipelines\PostProcess\Screen\Grayscale\PostProcessGrayscale.cpp Engine\Graphics\Pipelines\PostProcess\Screen\Pixelate\PostProcessPixelate.cpp Engine\Graphics\Pipelines\PostProcess\Screen\RadialBlur\PostProcessRadialBlur.cpp Engine\Graphics\Pipelines\PostProcess\Screen\Shadow\PostProcessShadowApply.cpp Engine\Graphics\Pipelines\PostProcess\Screen\WaterCausticsLightShafts\PostProcessWaterCausticsLightShafts.cpp Engine\Graphics\Pipelines\PostProcess\Screen\WaterColorGrading\PostProcessWaterColorGrading.cpp Engine\Graphics\Pipelines\PostProcess\Screen\WaterDepthFogVignette\PostProcessWaterDepthFogVignette.cpp Engine\Graphics\Pipelines\PostProcess\Screen\WaterDistortion\PostProcessWaterDistortion.cpp Engine\Graphics\Pipelines\Render\CopyImage\CopyImageRenderingPipeline.cpp Engine\Graphics\Pipelines\Render\Effect\EffectRenderingPipeline.cpp Engine\Graphics\Pipelines\Render\Gizmo\Gizmo2DRenderingPipeline.cpp Engine\Graphics\Pipelines\Render\Gizmo\Gizmo3DRenderingPipeline.cpp Engine\Graphics\Pipelines\Render\Gizmo\GizmoPrimitiveVertices.cpp Engine\Graphics\Pipelines\Render\Grass\GrassRenderingPipeline.cpp Engine\Graphics\Pipelines\Render\Grid\GridRenderingPipeline.cpp Engine\Graphics\Pipelines\Render\Mesh\DissolveMeshRenderingPipeline.cpp Engine\Graphics\Pipelines\Render\Mesh\MeshRenderingPipeline.cpp Engine\Graphics\Pipelines\Render\Mesh\SkinMeshRenderingPipeline.cpp Engine\Graphics\Pipelines\Render\Mesh\SkinMeshSkeletonRenderingPipeline.cpp Engine\Graphics\Pipelines\Render\ParticleSystem\ParticleSystemRenderingPipeline.cpp Engine\Graphics\Pipelines\Render\ParticleSystem2D\ParticleSystem2DRenderingPipeline.cpp Engine\Graphics\Pipelines\Render\Primitive\Line2DRenderingPipeline.cpp Engine\Graphics\Pipelines\Render\Primitive\Line3DRenderingPipeline.cpp Engine\Graphics\Pipelines\Render\River\RiverRenderingPipeline.cpp Engine\Graphics\Pipelines\Render\Skybox\SkyboxRenderingPipeline.cpp Engine\Graphics\Pipelines\Render\Sprite\SpriteRenderingPipeline.cpp Engine\Graphics\Pipelines\Render\Terrain\TerrainProceduralRenderingPipeline.cpp Engine\Graphics\Pipelines\Render\Terrain\TerrainRenderingPipeline.cpp Engine\Graphics\Pipelines\Render\Text\TextRenderingPipeline.cpp Engine\Graphics\Pipelines\Render\VoxelTerrain\VoxelTerrainBrushPreviewRenderingPipeline.cpp Engine\Graphics\Pipelines\Render\VoxelTerrain\VoxelTerrainRenderingPipeline.cpp Engine\Graphics\Pipelines\Render\VoxelTerrain\VoxelTerrainTransvoxelRenderingPipeline.cpp Engine\Graphics\Pipelines\Render\VoxelTerrain\VoxelTerrainVertexCreatePipeline.cpp Engine\Graphics\Pipelines\Render\VoxelTerrain\VoxelTerrainVertexShaderRenderingPipeline.cpp Engine\Graphics\RenderTexture\RenderTexture.cpp Engine\Graphics\RenderTexture\SceneRenderTexture.cpp Engine\Graphics\Shader\ComputePipeline.cpp Engine\Graphics\Shader\GraphicsPipeline.cpp Engine\Graphics\Shader\ShaderCompiler.cpp Engine\Scene\Loader\SceneIO.cpp Engine\Scene\SceneManager.cpp Engine\Script\InternalCalls\AddInternalMethods.cpp Engine\Script\InternalCalls\AnimationInternalCalls.cpp Engine\Script\InternalCalls\EventInternalCalls.cpp Engine\Script\MonoScriptEngine.cpp main.cpp
  トラッキング コマンド:
  C:\Program Files\Microsoft Visual Studio\18\Community\MSBuild\Current\Bin\Tracker.exe /d "C:\Program Files (x86)\MSBuild\15.0\FileTracker\FileTracker32.dll" /i C:\Users\k023g\source\repos\TD4-2-Clone2\Generated\Obj\ONEngine\Debug\ONEngine.tlog /r "C:\USERS\K023G\SOURCE\REPOS\TD4-2-CLONE2\PROJECT\ENGINE\ASSET\ASSETS\ANIMATION\ANIMATIONCLIPLOADER.CPP|C:\USERS\K023G\SOURCE\REPOS\TD4-2-CLONE2\PROJECT\ENGINE\ASSET\ASSETS\AUDIOCLIP\AUDIOCLIP.CPP|C:\USERS\K023G\SOURCE\REPOS\TD4-2-CLONE2\PROJECT\ENGINE\ASSET\ASSETS\AUDIOCLIP\AUDIOCLIPLOADER.CPP|C:\USERS\K023G\SOURCE\REPOS\TD4-2-CLONE2\PROJECT\ENGINE\ASSET\ASSETS\MATERIAL\MATERIAL.CPP|C:\USERS\K023G\SOURCE\REPOS\TD4-2-CLONE2\PROJECT\ENGINE\ASSET\ASSETS\MATERIAL\MATERIALLOADER.CPP|C:\USERS\K023G\SOURCE\REPOS\TD4-2-CLONE2\PROJECT\ENGINE\ASSET\ASSETS\MESH\MESH.CPP|C:\USERS\K023G\SOURCE\REPOS\TD4-2-CLONE2\PROJECT\ENGINE\ASSET\ASSETS\MESH\MODEL.CPP|C:\USERS\K023G\SOURCE\REPOS\TD4-2-CLONE2\PROJECT\ENGINE\ASSET\ASSETS\MESH\MODELLOADER.CPP|C:\USERS\K023G\SOURCE\REPOS\TD4-2-CLONE2\PROJECT\ENGINE\ASSET\ASSETS\MESH\SKINNING.CPP|C:\USERS\K023G\SOURCE\REPOS\TD4-2-CLONE2\PROJECT\ENGINE\ASSET\ASSETS\SHADER\SHADER.CPP|C:\USERS\K023G\SOURCE\REPOS\TD4-2-CLONE2\PROJECT\ENGINE\ASSET\ASSETS\SHADER\SHADERLOADER.CPP|C:\USERS\K023G\SOURCE\REPOS\TD4-2-CLONE2\PROJECT\ENGINE\ASSET\ASSETS\TEXTURE\TEXTURE.CPP|C:\USERS\K023G\SOURCE\REPOS\TD4-2-CLONE2\PROJECT\ENGINE\ASSET\ASSETS\TEXTURE\TEXTURELOADER.CPP|C:\USERS\K023G\SOURCE\REPOS\TD4-2-CLONE2\PROJECT\ENGINE\ASSET\ASSETTYPE.CPP|C:\USERS\K023G\SOURCE\REPOS\TD4-2-CLONE2\PROJECT\ENGINE\ASSET\COLLECTION\ASSETCOLLECTION.CPP|C:\USERS\K023G\SOURCE\REPOS\TD4-2-CLONE2\PROJECT\ENGINE\ASSET\GUID\GUID.CPP|C:\USERS\K023G\SOURCE\REPOS\TD4-2-CLONE2\PROJECT\ENGINE\ASSET\META\METAFILE.CPP|C:\USERS\K023G\SOURCE\REPOS\TD4-2-CLONE2\PROJECT\ENGINE\CORE\CONFIG\ENGINECONFIG.CPP|C:\USERS\K023G\SOURCE\REPOS\TD4-2-CLONE2\PROJECT\ENGINE\CORE\DIRECTX12\COMMAND\DXCOMMAND.CPP|C:\USERS\K023G\SOURCE\REPOS\TD4-2-CLONE2\PROJECT\ENGINE\CORE\DIRECTX12\COMMAND\DXUPLOADCOMMAND.CPP|C:\USERS\K023G\SOURCE\REPOS\TD4-2-CLONE2\PROJECT\ENGINE\CORE\DIRECTX12\DEBUG\DXDEBUG.CPP|C:\USERS\K023G\SOURCE\REPOS\TD4-2-CLONE2\PROJECT\ENGINE\CORE\DIRECTX12\DEPTHSTENCIL\DXDEPTHSTENCIL.CPP|C:\USERS\K023G\SOURCE\REPOS\TD4-2-CLONE2\PROJECT\ENGINE\CORE\DIRECTX12\DESCRIPTORHEAP\DXDSVHEAP.CPP|C:\USERS\K023G\SOURCE\REPOS\TD4-2-CLONE2\PROJECT\ENGINE\CORE\DIRECTX12\DESCRIPTORHEAP\DXRTVHEAP.CPP|C:\USERS\K023G\SOURCE\REPOS\TD4-2-CLONE2\PROJECT\ENGINE\CORE\DIRECTX12\DESCRIPTORHEAP\DXSRVHEAP.CPP|C:\USERS\K023G\SOURCE\REPOS\TD4-2-CLONE2\PROJECT\ENGINE\CORE\DIRECTX12\DESCRIPTORHEAP\IDXDESCRIPTORHEAP.CPP|C:\USERS\K023G\SOURCE\REPOS\TD4-2-CLONE2\PROJECT\ENGINE\CORE\DIRECTX12\DEVICE\DXDEVICE.CPP|C:\USERS\K023G\SOURCE\REPOS\TD4-2-CLONE2\PROJECT\ENGINE\CORE\DIRECTX12\GPUTIMESTAMP\GPUTIMESTAMP.CPP|C:\USERS\K023G\SOURCE\REPOS\TD4-2-CLONE2\PROJECT\ENGINE\CORE\DIRECTX12\MANAGER\DXMANAGER.CPP|C:\USERS\K023G\SOURCE\REPOS\TD4-2-CLONE2\PROJECT\ENGINE\CORE\DIRECTX12\RESOURCE\DXRESOURCE.CPP|C:\USERS\K023G\SOURCE\REPOS\TD4-2-CLONE2\PROJECT\ENGINE\CORE\DIRECTX12\SWAPCHAIN\DXSWAPCHAIN.CPP|C:\USERS\K023G\SOURCE\REPOS\TD4-2-CLONE2\PROJECT\ENGINE\CORE\EVENT\FRAMEEVENTQUEUE.CPP|C:\USERS\K023G\SOURCE\REPOS\TD4-2-CLONE2\PROJECT\ENGINE\CORE\EVENT\GAMEEVENTDATA.CPP|C:\USERS\K023G\SOURCE\REPOS\TD4-2-CLONE2\PROJECT\ENGINE\CORE\GAMEFRAMEWORK\DEBUGSCENEGENERATOR.CPP|C:\USERS\K023G\SOURCE\REPOS\TD4-2-CLONE2\PROJECT\ENGINE\CORE\GAMEFRAMEWORK\GAMEFRAMEWORK.CPP|C:\USERS\K023G\SOURCE\REPOS\TD4-2-CLONE2\PROJECT\ENGINE\CORE\THREADING\THREADPOOL.CPP|C:\USERS\K023G\SOURCE\REPOS\TD4-2-CLONE2\PROJECT\ENGINE\CORE\UTILITY\FILESYSTEM\FILESYSTEM.CPP|C:\USERS\K023G\SOURCE\REPOS\TD4-2-CLONE2\PROJECT\ENGINE\CORE\UTILITY\FONT\FONTATLAS.CPP|C:\USERS\K023G\SOURCE\REPOS\TD4-2-CLONE2\PROJECT\ENGINE\CORE\UTILITY\FONT\FONTATLASMANAGER.CPP|C:\USERS\K023G\SOURCE\REPOS\TD4-2-CLONE2\PROJECT\ENGINE\CORE\UTILITY\FONT\FONTRASTERIZER.CPP|C:\USERS\K023G\SOURCE\REPOS\TD4-2-CLONE2\PROJECT\ENGINE\CORE\UTILITY\INPUT\GAMEPAD.CPP|C:\USERS\K023G\SOURCE\REPOS\TD4-2-CLONE2\PROJECT\ENGINE\CORE\UTILITY\INPUT\INPUT.CPP|C:\USERS\K023G\SOURCE\REPOS\TD4-2-CLONE2\PROJECT\ENGINE\CORE\UTILITY\INPUT\INPUTSYSTEM.CPP|C:\USERS\K023G\SOURCE\REPOS\TD4-2-CLONE2\PROJECT\ENGINE\CORE\UTILITY\INPUT\KEYBOARD.CPP|C:\USERS\K023G\SOURCE\REPOS\TD4-2-CLONE2\PROJECT\ENGINE\CORE\UTILITY\INPUT\MOUSE.CPP|C:\USERS\K023G\SOURCE\REPOS\TD4-2-CLONE2\PROJECT\ENGINE\CORE\UTILITY\MATH\COLOR.CPP|C:\USERS\K023G\SOURCE\REPOS\TD4-2-CLONE2\PROJECT\ENGINE\CORE\UTILITY\MATH\MATH.CPP|C:\USERS\K023G\SOURCE\REPOS\TD4-2-CLONE2\PROJECT\ENGINE\CORE\UTILITY\MATH\MATRIX4X4.CPP|C:\USERS\K023G\SOURCE\REPOS\TD4-2-CLONE2\PROJECT\ENGINE\CORE\UTILITY\MATH\PRIMITIVE.CPP|C:\USERS\K023G\SOURCE\REPOS\TD4-2-CLONE2\PROJECT\ENGINE\CORE\UTILITY\MATH\QUATERNION.CPP|C:\USERS\K023G\SOURCE\REPOS\TD4-2-CLONE2\PROJECT\ENGINE\CORE\UTILITY\TIME\CPUTIMESTAMP.CPP|C:\USERS\K023G\SOURCE\REPOS\TD4-2-CLONE2\PROJECT\ENGINE\CORE\UTILITY\TIME\TIME.CPP|C:\USERS\K023G\SOURCE\REPOS\TD4-2-CLONE2\PROJECT\ENGINE\CORE\UTILITY\TOOLS\EASE.CPP|C:\USERS\K023G\SOURCE\REPOS\TD4-2-CLONE2\PROJECT\ENGINE\CORE\UTILITY\TOOLS\GIZMO.CPP|C:\USERS\K023G\SOURCE\REPOS\TD4-2-CLONE2\PROJECT\ENGINE\CORE\UTILITY\TOOLS\LOG.CPP|C:\USERS\K023G\SOURCE\REPOS\TD4-2-CLONE2\PROJECT\ENGINE\CORE\UTILITY\TOOLS\RANDOM.CPP|C:\USERS\K023G\SOURCE\REPOS\TD4-2-CLONE2\PROJECT\ENGINE\CORE\WINDOW\WINDOW.CPP|C:\USERS\K023G\SOURCE\REPOS\TD4-2-CLONE2\PROJECT\ENGINE\CORE\WINDOW\WINDOWMANAGER.CPP|C:\USERS\K023G\SOURCE\REPOS\TD4-2-CLONE2\PROJECT\ENGINE\ECS\COMPONENT\COLLECTION\COMPONENTCOLLECTION.CPP|C:\USERS\K023G\SOURCE\REPOS\TD4-2-CLONE2\PROJECT\ENGINE\ECS\COMPONENT\COMPONENTS\COMPUTECOMPONENTS\AGENT\AGENTINTENTCOMPONENT.CPP|C:\USERS\K023G\SOURCE\REPOS\TD4-2-CLONE2\PROJECT\ENGINE\ECS\COMPONENT\COMPONENTS\COMPUTECOMPONENTS\ANIMATION\ANIMATIONPLAYER.CPP|C:\USERS\K023G\SOURCE\REPOS\TD4-2-CLONE2\PROJECT\ENGINE\ECS\COMPONENT\COMPONENTS\COMPUTECOMPONENTS\ANIMATOR\ANIMATOR.CPP|C:\USERS\K023G\SOURCE\REPOS\TD4-2-CLONE2\PROJECT\ENGINE\ECS\COMPONENT\COMPONENTS\COMPUTECOMPONENTS\AUDIO\BGMPLAYER.CPP|C:\USERS\K023G\SOURCE\REPOS\TD4-2-CLONE2\PROJECT\ENGINE\ECS\COMPONENT\COMPONENTS\COMPUTECOMPONENTS\AUDIO\SEPLAYER.CPP|C:\USERS\K023G\SOURCE\REPOS\TD4-2-CLONE2\PROJECT\ENGINE\ECS\COMPONENT\COMPONENTS\COMPUTECOMPONENTS\CAMERA\CAMERACOMPONENT.CPP|C:\USERS\K023G\SOURCE\REPOS\TD4-2-CLONE2\PROJECT\ENGINE\ECS\COMPONENT\COMPONENTS\COMPUTECOMPONENTS\COLLISION\BOXCOLLIDER.CPP|C:\USERS\K023G\SOURCE\REPOS\TD4-2-CLONE2\PROJECT\ENGINE\ECS\COMPONENT\COMPONENTS\COMPUTECOMPONENTS\COLLISION\BOXCOLLIDER2D.CPP|C:\USERS\K023G\SOURCE\REPOS\TD4-2-CLONE2\PROJECT\ENGINE\ECS\COMPONENT\COMPONENTS\COMPUTECOMPONENTS\COLLISION\CIRCLECOLLIDER.CPP|C:\USERS\K023G\SOURCE\REPOS\TD4-2-CLONE2\PROJECT\ENGINE\ECS\COMPONENT\COMPONENTS\COMPUTECOMPONENTS\COLLISION\COLLISIONCHECK\COLLISIONCHECK.CPP|C:\USERS\K023G\SOURCE\REPOS\TD4-2-CLONE2\PROJECT\ENGINE\ECS\COMPONENT\COMPONENTS\COMPUTECOMPONENTS\COLLISION\ICOLLIDER.CPP|C:\USERS\K023G\SOURCE\REPOS\TD4-2-CLONE2\PROJECT\ENGINE\ECS\COMPONENT\COMPONENTS\COMPUTECOMPONENTS\COLLISION\SPHERECOLLIDER.CPP|C:\USERS\K023G\SOURCE\REPOS\TD4-2-CLONE2\PROJECT\ENGINE\ECS\COMPONENT\COMPONENTS\COMPUTECOMPONENTS\EFFECT\EFFECT.CPP|C:\USERS\K023G\SOURCE\REPOS\TD4-2-CLONE2\PROJECT\ENGINE\ECS\COMPONENT\COMPONENTS\COMPUTECOMPONENTS\EFFECT\EMITSHAPE\EFFECTEMITSHAPE.CPP|C:\USERS\K023G\SOURCE\REPOS\TD4-2-CLONE2\PROJECT\ENGINE\ECS\COMPONENT\COMPONENTS\COMPUTECOMPONENTS\EFFECT\MAINMODULE\EFFECTMAINMODULE.CPP|C:\USERS\K023G\SOURCE\REPOS\TD4-2-CLONE2\PROJECT\ENGINE\ECS\COMPONENT\COMPONENTS\COMPUTECOMPONENTS\LIGHT\LIGHT.CPP|C:\USERS\K023G\SOURCE\REPOS\TD4-2-CLONE2\PROJECT\ENGINE\ECS\COMPONENT\COMPONENTS\COMPUTECOMPONENTS\PARTICLESYSTEM2D\PARTICLESYSTEM2D.CPP|C:\USERS\K023G\SOURCE\REPOS\TD4-2-CLONE2\PROJECT\ENGINE\ECS\COMPONENT\COMPONENTS\COMPUTECOMPONENTS\PARTICLESYSTEM\PARTICLESYSTEM.CPP|C:\USERS\K023G\SOURCE\REPOS\TD4-2-CLONE2\PROJECT\ENGINE\ECS\COMPONENT\COMPONENTS\COMPUTECOMPONENTS\SCRIPT\SCRIPT.CPP|C:\USERS\K023G\SOURCE\REPOS\TD4-2-CLONE2\PROJECT\ENGINE\ECS\COMPONENT\COMPONENTS\COMPUTECOMPONENTS\SHADOWCASTER\SHADOWCASTER.CPP|C:\USERS\K023G\SOURCE\REPOS\TD4-2-CLONE2\PROJECT\ENGINE\ECS\COMPONENT\COMPONENTS\COMPUTECOMPONENTS\TERRAIN\GRASS\GRASSFIELD.CPP|C:\USERS\K023G\SOURCE\REPOS\TD4-2-CLONE2\PROJECT\ENGINE\ECS\COMPONENT\COMPONENTS\COMPUTECOMPONENTS\TERRAIN\RIVER\RIVER.CPP|C:\USERS\K023G\SOURCE\REPOS\TD4-2-CLONE2\PROJECT\ENGINE\ECS\COMPONENT\COMPONENTS\COMPUTECOMPONENTS\TERRAIN\TERRAIN.CPP|C:\USERS\K023G\SOURCE\REPOS\TD4-2-CLONE2\PROJECT\ENGINE\ECS\COMPONENT\COMPONENTS\COMPUTECOMPONENTS\TERRAIN\TERRAINCOLLIDER.CPP|C:\USERS\K023G\SOURCE\REPOS\TD4-2-CLONE2\PROJECT\ENGINE\ECS\COMPONENT\COMPONENTS\COMPUTECOMPONENTS\TRANSFORM\TRANSFORM.CPP|C:\USERS\K023G\SOURCE\REPOS\TD4-2-CLONE2\PROJECT\ENGINE\ECS\COMPONENT\COMPONENTS\COMPUTECOMPONENTS\UI\UIELEMENTCOMPONENT.CPP|C:\USERS\K023G\SOURCE\REPOS\TD4-2-CLONE2\PROJECT\ENGINE\ECS\COMPONENT\COMPONENTS\COMPUTECOMPONENTS\UI\UIGROUPCOMPONENT.CPP|C:\USERS\K023G\SOURCE\REPOS\TD4-2-CLONE2\PROJECT\ENGINE\ECS\COMPONENT\COMPONENTS\COMPUTECOMPONENTS\UI\UILINKNAVIGATIONCOMPONENT.CPP|C:\USERS\K023G\SOURCE\REPOS\TD4-2-CLONE2\PROJECT\ENGINE\ECS\COMPONENT\COMPONENTS\COMPUTECOMPONENTS\VARIABLES\VARIABLES.CPP|C:\USERS\K023G\SOURCE\REPOS\TD4-2-CLONE2\PROJECT\ENGINE\ECS\COMPONENT\COMPONENTS\COMPUTECOMPONENTS\VOXELTERRAIN\VOXELTERRAIN.CPP|C:\USERS\K023G\SOURCE\REPOS\TD4-2-CLONE2\PROJECT\ENGINE\ECS\COMPONENT\COMPONENTS\COMPUTECOMPONENTS\VOXELTERRAIN\VOXELTERRAINCHUNK.CPP|C:\USERS\K023G\SOURCE\REPOS\TD4-2-CLONE2\PROJECT\ENGINE\ECS\COMPONENT\COMPONENTS\INTERFACE\ICOMPONENT.CPP|C:\USERS\K023G\SOURCE\REPOS\TD4-2-CLONE2\PROJECT\ENGINE\ECS\COMPONENT\COMPONENTS\RENDERERCOMPONENTS\MESH\CUSTOMMESHRENDERER.CPP|C:\USERS\K023G\SOURCE\REPOS\TD4-2-CLONE2\PROJECT\ENGINE\ECS\COMPONENT\COMPONENTS\RENDERERCOMPONENTS\MESH\DISSOLVEMESHRENDERER.CPP|C:\USERS\K023G\SOURCE\REPOS\TD4-2-CLONE2\PROJECT\ENGINE\ECS\COMPONENT\COMPONENTS\RENDERERCOMPONENTS\MESH\MESHRENDERER.CPP|C:\USERS\K023G\SOURCE\REPOS\TD4-2-CLONE2\PROJECT\ENGINE\ECS\COMPONENT\COMPONENTS\RENDERERCOMPONENTS\PRIMITIVE\LINE2DRENDERER.CPP|C:\USERS\K023G\SOURCE\REPOS\TD4-2-CLONE2\PROJECT\ENGINE\ECS\COMPONENT\COMPONENTS\RENDERERCOMPONENTS\PRIMITIVE\LINE3DRENDERER.CPP|C:\USERS\K023G\SOURCE\REPOS\TD4-2-CLONE2\PROJECT\ENGINE\ECS\COMPONENT\COMPONENTS\RENDERERCOMPONENTS\SCREENPOSTEFFECTTAG\SCREENPOSTEFFECTTAG.CPP|C:\USERS\K023G\SOURCE\REPOS\TD4-2-CLONE2\PROJECT\ENGINE\ECS\COMPONENT\COMPONENTS\RENDERERCOMPONENTS\SKINMESH\SKINMESHRENDERER.CPP|C:\USERS\K023G\SOURCE\REPOS\TD4-2-CLONE2\PROJECT\ENGINE\ECS\COMPONENT\COMPONENTS\RENDERERCOMPONENTS\SKYBOX\SKYBOX.CPP|C:\USERS\K023G\SOURCE\REPOS\TD4-2-CLONE2\PROJECT\ENGINE\ECS\COMPONENT\COMPONENTS\RENDERERCOMPONENTS\SPRITE\SPRITERENDERER.CPP|C:\USERS\K023G\SOURCE\REPOS\TD4-2-CLONE2\PROJECT\ENGINE\ECS\COMPONENT\COMPONENTS\RENDERERCOMPONENTS\TEXT\TEXTRENDERER.CPP|C:\USERS\K023G\SOURCE\REPOS\TD4-2-CLONE2\PROJECT\ENGINE\ECS\ENTITYCOMPONENTSYSTEM\ADDECSSYSTEMFUNCTION.CPP|C:\USERS\K023G\SOURCE\REPOS\TD4-2-CLONE2\PROJECT\ENGINE\ECS\ENTITYCOMPONENTSYSTEM\COMPONENTAPPLYFUNC.CPP|C:\USERS\K023G\SOURCE\REPOS\TD4-2-CLONE2\PROJECT\ENGINE\ECS\ENTITYCOMPONENTSYSTEM\ECSGROUP.CPP|C:\USERS\K023G\SOURCE\REPOS\TD4-2-CLONE2\PROJECT\ENGINE\ECS\ENTITYCOMPONENTSYSTEM\ENTITYCOMPONENTSYSTEM.CPP|C:\USERS\K023G\SOURCE\REPOS\TD4-2-CLONE2\PROJECT\ENGINE\ECS\ENTITY\COLLECTION\ENTITYCOLLECTION.CPP|C:\USERS\K023G\SOURCE\REPOS\TD4-2-CLONE2\PROJECT\ENGINE\ECS\ENTITY\ENTITYJSONCONVERTER.CPP|C:\USERS\K023G\SOURCE\REPOS\TD4-2-CLONE2\PROJECT\ENGINE\ECS\ENTITY\GAMEENTITY\GAMEENTITY.CPP|C:\USERS\K023G\SOURCE\REPOS\TD4-2-CLONE2\PROJECT\ENGINE\ECS\ENTITY\PREFAB\ENTITYPREFAB.CPP|C:\USERS\K023G\SOURCE\REPOS\TD4-2-CLONE2\PROJECT\ENGINE\ECS\ENTITY\PREFAB\ENTITYPREFABCOLLECTION.CPP|C:\USERS\K023G\SOURCE\REPOS\TD4-2-CLONE2\PROJECT\ENGINE\ECS\SYSTEM\AI\AISYSTEM.CPP|C:\USERS\K023G\SOURCE\REPOS\TD4-2-CLONE2\PROJECT\ENGINE\ECS\SYSTEM\ANIMATION\ANIMATIONSYSTEM.CPP|C:\USERS\K023G\SOURCE\REPOS\TD4-2-CLONE2\PROJECT\ENGINE\ECS\SYSTEM\ANIMATOR\ANIMATORUPDATESYSTEM.CPP|C:\USERS\K023G\SOURCE\REPOS\TD4-2-CLONE2\PROJECT\ENGINE\ECS\SYSTEM\AUDIO\AUDIOPLAYBACKSYSTEM.CPP|C:\USERS\K023G\SOURCE\REPOS\TD4-2-CLONE2\PROJECT\ENGINE\ECS\SYSTEM\CAMERAUPDATE\CAMERAUPDATESYSTEM.CPP|C:\USERS\K023G\SOURCE\REPOS\TD4-2-CLONE2\PROJECT\ENGINE\ECS\SYSTEM\COLLISION\COLLIDERRENDERQUEUESYSTEM.CPP|C:\USERS\K023G\SOURCE\REPOS\TD4-2-CLONE2\PROJECT\ENGINE\ECS\SYSTEM\COLLISION\COLLISION2DSYSTEM.CPP|C:\USERS\K023G\SOURCE\REPOS\TD4-2-CLONE2\PROJECT\ENGINE\ECS\SYSTEM\COLLISION\COLLISIONSYSTEM.CPP|C:\USERS\K023G\SOURCE\REPOS\TD4-2-CLONE2\PROJECT\ENGINE\ECS\SYSTEM\EFFECTUPDATESYSTEM\EFFECTUPDATESYSTEM.CPP|C:\USERS\K023G\SOURCE\REPOS\TD4-2-CLONE2\PROJECT\ENGINE\ECS\SYSTEM\GRASSBUFFERCREATESYSTEM\GRASSBUFFERCREATESYSTEM.CPP|C:\USERS\K023G\SOURCE\REPOS\TD4-2-CLONE2\PROJECT\ENGINE\ECS\SYSTEM\MESHBUFFERRECREATE\MESHBUFFERRECREATE.CPP|C:\USERS\K023G\SOURCE\REPOS\TD4-2-CLONE2\PROJECT\ENGINE\ECS\SYSTEM\MOVEMENT\MOVEMENTSYSTEM.CPP|C:\USERS\K023G\SOURCE\REPOS\TD4-2-CLONE2\PROJECT\ENGINE\ECS\SYSTEM\PARTICLESYSTEM2DUPDATESYSTEM\PARTICLESYSTEM2DUPDATESYSTEM.CPP|C:\USERS\K023G\SOURCE\REPOS\TD4-2-CLONE2\PROJECT\ENGINE\ECS\SYSTEM\PARTICLESYSTEMUPDATESYSTEM\PARTICLESYSTEMUPDATESYSTEM.CPP|C:\USERS\K023G\SOURCE\REPOS\TD4-2-CLONE2\PROJECT\ENGINE\ECS\SYSTEM\SCRIPTUPDATESYSTEM\SCRIPTUPDATESYSTEM.CPP|C:\USERS\K023G\SOURCE\REPOS\TD4-2-CLONE2\PROJECT\ENGINE\ECS\SYSTEM\SHADOWCASTER\SHADOWCASTERUPDATESYSTEM.CPP|C:\USERS\K023G\SOURCE\REPOS\TD4-2-CLONE2\PROJECT\ENGINE\ECS\SYSTEM\SKINMESH\SKINMESHUPDATESYSTEM.CPP|C:\USERS\K023G\SOURCE\REPOS\TD4-2-CLONE2\PROJECT\ENGINE\ECS\SYSTEM\SYSTEMCOLLECTION\SYSTEMCOLLECTION.CPP|C:\USERS\K023G\SOURCE\REPOS\TD4-2-CLONE2\PROJECT\ENGINE\ECS\SYSTEM\TERRAIN\TERRAINCOLLIDERVERTEXGENERATOR.CPP|C:\USERS\K023G\SOURCE\REPOS\TD4-2-CLONE2\PROJECT\ENGINE\ECS\SYSTEM\TERRAIN\TERRAINCOLLISION.CPP|C:\USERS\K023G\SOURCE\REPOS\TD4-2-CLONE2\PROJECT\ENGINE\ECS\SYSTEM\TRANSFORM\TRANSFORMUPDATESYSTEM.CPP|C:\USERS\K023G\SOURCE\REPOS\TD4-2-CLONE2\PROJECT\ENGINE\ECS\SYSTEM\UI\UIHIERARCHYSYSTEM.CPP|C:\USERS\K023G\SOURCE\REPOS\TD4-2-CLONE2\PROJECT\ENGINE\ECS\SYSTEM\UI\UIINPUTNAVIGATIONSYSTEM.CPP|C:\USERS\K023G\SOURCE\REPOS\TD4-2-CLONE2\PROJECT\ENGINE\EDITOR\COMMANDS\COMPONENTEDITCOMMANDS\COMPONENTEDITCOMMANDS.CPP|C:\USERS\K023G\SOURCE\REPOS\TD4-2-CLONE2\PROJECT\ENGINE\EDITOR\COMMANDS\COMPONENTEDITCOMMANDS\COMPONENTJSONCONVERTER.CPP|C:\USERS\K023G\SOURCE\REPOS\TD4-2-CLONE2\PROJECT\ENGINE\EDITOR\COMMANDS\COMPONENTEDITCOMMANDS\MODIFYSCRIPTVARIABLECOMMAND.CPP|C:\USERS\K023G\SOURCE\REPOS\TD4-2-CLONE2\PROJECT\ENGINE\EDITOR\COMMANDS\IMGUICOMMAND\FOCUSENTITYCOMMAND.CPP|C:\USERS\K023G\SOURCE\REPOS\TD4-2-CLONE2\PROJECT\ENGINE\EDITOR\COMMANDS\IMGUICOMMAND\IMGUICOMMAND.CPP|C:\USERS\K023G\SOURCE\REPOS\TD4-2-CLONE2\PROJECT\ENGINE\EDITOR\COMMANDS\WORLDEDITORCOMMANDS\WORLDEDITORCOMMANDS.CPP|C:\USERS\K023G\SOURCE\REPOS\TD4-2-CLONE2\PROJECT\ENGINE\EDITOR\EDITORCOMPUTE\GAMEENTITYPICKING\GAMEENTITYPICKINGPIPELINE.CPP|C:\USERS\K023G\SOURCE\REPOS\TD4-2-CLONE2\PROJECT\ENGINE\EDITOR\EDITORCOMPUTE\GRASS\GRASSARRANGEMENTPIPELINE.CPP|C:\USERS\K023G\SOURCE\REPOS\TD4-2-CLONE2\PROJECT\ENGINE\EDITOR\EDITORCOMPUTE\RIVER\RIVERMESHGENERATEPIPELINE.CPP|C:\USERS\K023G\SOURCE\REPOS\TD4-2-CLONE2\PROJECT\ENGINE\EDITOR\EDITORCOMPUTE\TERRAINEDITOR\RIVERTERRAINADJUSTPIPELINE.CPP|C:\USERS\K023G\SOURCE\REPOS\TD4-2-CLONE2\PROJECT\ENGINE\EDITOR\EDITORCOMPUTE\TERRAINEDITOR\TERRAINDATAOUTPUT.CPP|C:\USERS\K023G\SOURCE\REPOS\TD4-2-CLONE2\PROJECT\ENGINE\EDITOR\EDITORCOMPUTE\TERRAINEDITOR\TERRAINVERTEXCREATOR.CPP|C:\USERS\K023G\SOURCE\REPOS\TD4-2-CLONE2\PROJECT\ENGINE\EDITOR\EDITORCOMPUTE\TERRAINEDITOR\TERRAINVERTEXEDITORCOMPUTE.CPP|C:\USERS\K023G\SOURCE\REPOS\TD4-2-CLONE2\PROJECT\ENGINE\EDITOR\EDITORCOMPUTE\VOXELTERRAINEDITOR\VOXELTERRAINEDITORCOMPUTEPIPELINE.CPP|C:\USERS\K023G\SOURCE\REPOS\TD4-2-CLONE2\PROJECT\ENGINE\EDITOR\MANAGER\EDITCOMMAND.CPP|C:\USERS\K023G\SOURCE\REPOS\TD4-2-CLONE2\PROJECT\ENGINE\EDITOR\MANAGER\EDITORMANAGER.CPP|C:\USERS\K023G\SOURCE\REPOS\TD4-2-CLONE2\PROJECT\ENGINE\EDITOR\MANAGER\IMGUIMANAGER.CPP|C:\USERS\K023G\SOURCE\REPOS\TD4-2-CLONE2\PROJECT\ENGINE\EDITOR\MATH\ASSETDEBUGGER.CPP|C:\USERS\K023G\SOURCE\REPOS\TD4-2-CLONE2\PROJECT\ENGINE\EDITOR\MATH\DRAGDROP\DRAGDROP.CPP|C:\USERS\K023G\SOURCE\REPOS\TD4-2-CLONE2\PROJECT\ENGINE\EDITOR\MATH\FILEWATCHER\FILEWATCHER.CPP|C:\USERS\K023G\SOURCE\REPOS\TD4-2-CLONE2\PROJECT\ENGINE\EDITOR\MATH\IMGUIMATH.CPP|C:\USERS\K023G\SOURCE\REPOS\TD4-2-CLONE2\PROJECT\ENGINE\EDITOR\MATH\IMGUISELECTION.CPP|C:\USERS\K023G\SOURCE\REPOS\TD4-2-CLONE2\PROJECT\ENGINE\EDITOR\MATH\IMGUISHOWFIELD.CPP|C:\USERS\K023G\SOURCE\REPOS\TD4-2-CLONE2\PROJECT\ENGINE\EDITOR\MATH\PIVOT\PIVOT.CPP|C:\USERS\K023G\SOURCE\REPOS\TD4-2-CLONE2\PROJECT\ENGINE\EDITOR\MATH\PREVIEW\TEXTURE2DPREVIEW.CPP|C:\USERS\K023G\SOURCE\REPOS\TD4-2-CLONE2\PROJECT\ENGINE\EDITOR\MATH\WIDGET\BASICTYPEWIDGET.CPP|C:\USERS\K023G\SOURCE\REPOS\TD4-2-CLONE2\PROJECT\ENGINE\EDITOR\MATH\WIDGET\VECTORWIDGET.CPP|C:\USERS\K023G\SOURCE\REPOS\TD4-2-CLONE2\PROJECT\ENGINE\EDITOR\VIEWS\EDITORVIEWCOLLECTION.CPP|C:\USERS\K023G\SOURCE\REPOS\TD4-2-CLONE2\PROJECT\ENGINE\EDITOR\VIEWS\TABS\AITAB.CPP|C:\USERS\K023G\SOURCE\REPOS\TD4-2-CLONE2\PROJECT\ENGINE\EDITOR\VIEWS\TABS\ANIMATIONTAB.CPP|C:\USERS\K023G\SOURCE\REPOS\TD4-2-CLONE2\PROJECT\ENGINE\EDITOR\VIEWS\TABS\DEVELOPTAB.CPP|C:\USERS\K023G\SOURCE\REPOS\TD4-2-CLONE2\PROJECT\ENGINE\EDITOR\VIEWS\TABS\EDITORTAB.CPP|C:\USERS\K023G\SOURCE\REPOS\TD4-2-CLONE2\PROJECT\ENGINE\EDITOR\VIEWS\TABS\EVENTTAB.CPP|C:\USERS\K023G\SOURCE\REPOS\TD4-2-CLONE2\PROJECT\ENGINE\EDITOR\VIEWS\TABS\GAMETAB.CPP|C:\USERS\K023G\SOURCE\REPOS\TD4-2-CLONE2\PROJECT\ENGINE\EDITOR\VIEWS\TABS\PREFABTAB.CPP|C:\USERS\K023G\SOURCE\REPOS\TD4-2-CLONE2\PROJECT\ENGINE\EDITOR\VIEWS\TABS\SETTINGSTAB.CPP|C:\USERS\K023G\SOURCE\REPOS\TD4-2-CLONE2\PROJECT\ENGINE\EDITOR\VIEWS\TABS\UITAB.CPP|C:\USERS\K023G\SOURCE\REPOS\TD4-2-CLONE2\PROJECT\ENGINE\EDITOR\VIEWS\WINDOWS\DEVELOP\ANIMATIONEDITORWINDOW.CPP|C:\USERS\K023G\SOURCE\REPOS\TD4-2-CLONE2\PROJECT\ENGINE\EDITOR\VIEWS\WINDOWS\DEVELOP\BEHAVIORTREEEDITORWINDOW.CPP|C:\USERS\K023G\SOURCE\REPOS\TD4-2-CLONE2\PROJECT\ENGINE\EDITOR\VIEWS\WINDOWS\DEVELOP\CONSOLEWINDOW.CPP|C:\USERS\K023G\SOURCE\REPOS\TD4-2-CLONE2\PROJECT\ENGINE\EDITOR\VIEWS\WINDOWS\DEVELOP\DEBUGSCENEVIEW.CPP|C:\USERS\K023G\SOURCE\REPOS\TD4-2-CLONE2\PROJECT\ENGINE\EDITOR\VIEWS\WINDOWS\DEVELOP\GAMEEVENTEDITORWINDOW.CPP|C:\USERS\K023G\SOURCE\REPOS\TD4-2-CLONE2\PROJECT\ENGINE\EDITOR\VIEWS\WINDOWS\DEVELOP\GAMESCENEVIEW.CPP|C:\USERS\K023G\SOURCE\REPOS\TD4-2-CLONE2\PROJECT\ENGINE\EDITOR\VIEWS\WINDOWS\DEVELOP\HIERARCHYWINDOW.CPP|C:\USERS\K023G\SOURCE\REPOS\TD4-2-CLONE2\PROJECT\ENGINE\EDITOR\VIEWS\WINDOWS\DEVELOP\INSPECTORWINDOW.CPP|C:\USERS\K023G\SOURCE\REPOS\TD4-2-CLONE2\PROJECT\ENGINE\EDITOR\VIEWS\WINDOWS\DEVELOP\PROJECTSETTINGSWINDOW.CPP|C:\USERS\K023G\SOURCE\REPOS\TD4-2-CLONE2\PROJECT\ENGINE\EDITOR\VIEWS\WINDOWS\DEVELOP\PROJECTWINDOW.CPP|C:\USERS\K023G\SOURCE\REPOS\TD4-2-CLONE2\PROJECT\ENGINE\EDITOR\VIEWS\WINDOWS\DEVELOP\TEXTUREPREVIEWWINDOW.CPP|C:\USERS\K023G\SOURCE\REPOS\TD4-2-CLONE2\PROJECT\ENGINE\EDITOR\VIEWS\WINDOWS\DEVELOP\UIEDITORWINDOW.CPP|C:\USERS\K023G\SOURCE\REPOS\TD4-2-CLONE2\PROJECT\ENGINE\EDITOR\VIEWS\WINDOWS\EDITOR\TESTWINDOW.CPP|C:\USERS\K023G\SOURCE\REPOS\TD4-2-CLONE2\PROJECT\ENGINE\EDITOR\VIEWS\WINDOWS\PREFAB\PREFABFILEWINDOW.CPP|C:\USERS\K023G\SOURCE\REPOS\TD4-2-CLONE2\PROJECT\ENGINE\EDITOR\VIEWS\WINDOWS\PREFAB\PREFABVIEWWINDOW.CPP|C:\USERS\K023G\SOURCE\REPOS\TD4-2-CLONE2\PROJECT\ENGINE\GRAPHICS\BUFFER\BYTEADDRESSBUFFER.CPP|C:\USERS\K023G\SOURCE\REPOS\TD4-2-CLONE2\PROJECT\ENGINE\GRAPHICS\BUFFER\DATA\GPUMATERIAL.CPP|C:\USERS\K023G\SOURCE\REPOS\TD4-2-CLONE2\PROJECT\ENGINE\GRAPHICS\BUFFER\DATA\UVTRANSFORM.CPP|C:\USERS\K023G\SOURCE\REPOS\TD4-2-CLONE2\PROJECT\ENGINE\GRAPHICS\BUFFER\INDEXBUFFER.CPP|C:\USERS\K023G\SOURCE\REPOS\TD4-2-CLONE2\PROJECT\ENGINE\GRAPHICS\FRAMEWORK\RENDERINGFRAMEWORK.CPP|C:\USERS\K023G\SOURCE\REPOS\TD4-2-CLONE2\PROJECT\ENGINE\GRAPHICS\PIPELINES\COLLECTION\RENDERINGPIPELINECOLLECTION.CPP|C:\USERS\K023G\SOURCE\REPOS\TD4-2-CLONE2\PROJECT\ENGINE\GRAPHICS\PIPELINES\INTERFACE\IPOSTPROCESSPIPELINE.CPP|C:\USERS\K023G\SOURCE\REPOS\TD4-2-CLONE2\PROJECT\ENGINE\GRAPHICS\PIPELINES\POSTPROCESS\PEROBJECT\BLOOM\POSTPROCESSBLOOM.CPP|C:\USERS\K023G\SOURCE\REPOS\TD4-2-CLONE2\PROJECT\ENGINE\GRAPHICS\PIPELINES\POSTPROCESS\PEROBJECT\BLUR\POSTPROCESSGAUSSIANBLURPEROBJECT.CPP|C:\USERS\K023G\SOURCE\REPOS\TD4-2-CLONE2\PROJECT\ENGINE\GRAPHICS\PIPELINES\POSTPROCESS\PEROBJECT\GRAYSCALE\POSTPROCESSGRAYSCALEPEROBJECT.CPP|C:\USERS\K023G\SOURCE\REPOS\TD4-2-CLONE2\PROJECT\ENGINE\GRAPHICS\PIPELINES\POSTPROCESS\PEROBJECT\LIGHT\POSTPROCESSLIGHTING.CPP|C:\USERS\K023G\SOURCE\REPOS\TD4-2-CLONE2\PROJECT\ENGINE\GRAPHICS\PIPELINES\POSTPROCESS\PEROBJECT\RADIALBLUR\POSTPROCESSRADIALBLURPEROBJECT.CPP|C:\USERS\K023G\SOURCE\REPOS\TD4-2-CLONE2\PROJECT\ENGINE\GRAPHICS\PIPELINES\POSTPROCESS\PEROBJECT\TERRAINBRUSH\POSTPROCESSTERRAINBRUSH.CPP|C:\USERS\K023G\SOURCE\REPOS\TD4-2-CLONE2\PROJECT\ENGINE\GRAPHICS\PIPELINES\POSTPROCESS\PEROBJECT\VOXELTERRAINBRUSH\POSTPROCESSVOXELTERRAINBRUSH.CPP|C:\USERS\K023G\SOURCE\REPOS\TD4-2-CLONE2\PROJECT\ENGINE\GRAPHICS\PIPELINES\POSTPROCESS\SCREEN\FISHEYE\POSTPROCESSFISHEYE.CPP|C:\USERS\K023G\SOURCE\REPOS\TD4-2-CLONE2\PROJECT\ENGINE\GRAPHICS\PIPELINES\POSTPROCESS\SCREEN\FOG\POSTPROCESSFOG.CPP|C:\USERS\K023G\SOURCE\REPOS\TD4-2-CLONE2\PROJECT\ENGINE\GRAPHICS\PIPELINES\POSTPROCESS\SCREEN\GRAYSCALE\POSTPROCESSGRAYSCALE.CPP|C:\USERS\K023G\SOURCE\REPOS\TD4-2-CLONE2\PROJECT\ENGINE\GRAPHICS\PIPELINES\POSTPROCESS\SCREEN\PIXELATE\POSTPROCESSPIXELATE.CPP|C:\USERS\K023G\SOURCE\REPOS\TD4-2-CLONE2\PROJECT\ENGINE\GRAPHICS\PIPELINES\POSTPROCESS\SCREEN\RADIALBLUR\POSTPROCESSRADIALBLUR.CPP|C:\USERS\K023G\SOURCE\REPOS\TD4-2-CLONE2\PROJECT\ENGINE\GRAPHICS\PIPELINES\POSTPROCESS\SCREEN\SHADOW\POSTPROCESSSHADOWAPPLY.CPP|C:\USERS\K023G\SOURCE\REPOS\TD4-2-CLONE2\PROJECT\ENGINE\GRAPHICS\PIPELINES\POSTPROCESS\SCREEN\WATERCAUSTICSLIGHTSHAFTS\POSTPROCESSWATERCAUSTICSLIGHTSHAFTS.CPP|C:\USERS\K023G\SOURCE\REPOS\TD4-2-CLONE2\PROJECT\ENGINE\GRAPHICS\PIPELINES\POSTPROCESS\SCREEN\WATERCOLORGRADING\POSTPROCESSWATERCOLORGRADING.CPP|C:\USERS\K023G\SOURCE\REPOS\TD4-2-CLONE2\PROJECT\ENGINE\GRAPHICS\PIPELINES\POSTPROCESS\SCREEN\WATERDEPTHFOGVIGNETTE\POSTPROCESSWATERDEPTHFOGVIGNETTE.CPP|C:\USERS\K023G\SOURCE\REPOS\TD4-2-CLONE2\PROJECT\ENGINE\GRAPHICS\PIPELINES\POSTPROCESS\SCREEN\WATERDISTORTION\POSTPROCESSWATERDISTORTION.CPP|C:\USERS\K023G\SOURCE\REPOS\TD4-2-CLONE2\PROJECT\ENGINE\GRAPHICS\PIPELINES\RENDER\COPYIMAGE\COPYIMAGERENDERINGPIPELINE.CPP|C:\USERS\K023G\SOURCE\REPOS\TD4-2-CLONE2\PROJECT\ENGINE\GRAPHICS\PIPELINES\RENDER\EFFECT\EFFECTRENDERINGPIPELINE.CPP|C:\USERS\K023G\SOURCE\REPOS\TD4-2-CLONE2\PROJECT\ENGINE\GRAPHICS\PIPELINES\RENDER\GIZMO\GIZMO2DRENDERINGPIPELINE.CPP|C:\USERS\K023G\SOURCE\REPOS\TD4-2-CLONE2\PROJECT\ENGINE\GRAPHICS\PIPELINES\RENDER\GIZMO\GIZMO3DRENDERINGPIPELINE.CPP|C:\USERS\K023G\SOURCE\REPOS\TD4-2-CLONE2\PROJECT\ENGINE\GRAPHICS\PIPELINES\RENDER\GIZMO\GIZMOPRIMITIVEVERTICES.CPP|C:\USERS\K023G\SOURCE\REPOS\TD4-2-CLONE2\PROJECT\ENGINE\GRAPHICS\PIPELINES\RENDER\GRASS\GRASSRENDERINGPIPELINE.CPP|C:\USERS\K023G\SOURCE\REPOS\TD4-2-CLONE2\PROJECT\ENGINE\GRAPHICS\PIPELINES\RENDER\GRID\GRIDRENDERINGPIPELINE.CPP|C:\USERS\K023G\SOURCE\REPOS\TD4-2-CLONE2\PROJECT\ENGINE\GRAPHICS\PIPELINES\RENDER\MESH\DISSOLVEMESHRENDERINGPIPELINE.CPP|C:\USERS\K023G\SOURCE\REPOS\TD4-2-CLONE2\PROJECT\ENGINE\GRAPHICS\PIPELINES\RENDER\MESH\MESHRENDERINGPIPELINE.CPP|C:\USERS\K023G\SOURCE\REPOS\TD4-2-CLONE2\PROJECT\ENGINE\GRAPHICS\PIPELINES\RENDER\MESH\SKINMESHRENDERINGPIPELINE.CPP|C:\USERS\K023G\SOURCE\REPOS\TD4-2-CLONE2\PROJECT\ENGINE\GRAPHICS\PIPELINES\RENDER\MESH\SKINMESHSKELETONRENDERINGPIPELINE.CPP|C:\USERS\K023G\SOURCE\REPOS\TD4-2-CLONE2\PROJECT\ENGINE\GRAPHICS\PIPELINES\RENDER\PARTICLESYSTEM2D\PARTICLESYSTEM2DRENDERINGPIPELINE.CPP|C:\USERS\K023G\SOURCE\REPOS\TD4-2-CLONE2\PROJECT\ENGINE\GRAPHICS\PIPELINES\RENDER\PARTICLESYSTEM\PARTICLESYSTEMRENDERINGPIPELINE.CPP|C:\USERS\K023G\SOURCE\REPOS\TD4-2-CLONE2\PROJECT\ENGINE\GRAPHICS\PIPELINES\RENDER\PRIMITIVE\LINE2DRENDERINGPIPELINE.CPP|C:\USERS\K023G\SOURCE\REPOS\TD4-2-CLONE2\PROJECT\ENGINE\GRAPHICS\PIPELINES\RENDER\PRIMITIVE\LINE3DRENDERINGPIPELINE.CPP|C:\USERS\K023G\SOURCE\REPOS\TD4-2-CLONE2\PROJECT\ENGINE\GRAPHICS\PIPELINES\RENDER\RIVER\RIVERRENDERINGPIPELINE.CPP|C:\USERS\K023G\SOURCE\REPOS\TD4-2-CLONE2\PROJECT\ENGINE\GRAPHICS\PIPELINES\RENDER\SKYBOX\SKYBOXRENDERINGPIPELINE.CPP|C:\USERS\K023G\SOURCE\REPOS\TD4-2-CLONE2\PROJECT\ENGINE\GRAPHICS\PIPELINES\RENDER\SPRITE\SPRITERENDERINGPIPELINE.CPP|C:\USERS\K023G\SOURCE\REPOS\TD4-2-CLONE2\PROJECT\ENGINE\GRAPHICS\PIPELINES\RENDER\TERRAIN\TERRAINPROCEDURALRENDERINGPIPELINE.CPP|C:\USERS\K023G\SOURCE\REPOS\TD4-2-CLONE2\PROJECT\ENGINE\GRAPHICS\PIPELINES\RENDER\TERRAIN\TERRAINRENDERINGPIPELINE.CPP|C:\USERS\K023G\SOURCE\REPOS\TD4-2-CLONE2\PROJECT\ENGINE\GRAPHICS\PIPELINES\RENDER\TEXT\TEXTRENDERINGPIPELINE.CPP|C:\USERS\K023G\SOURCE\REPOS\TD4-2-CLONE2\PROJECT\ENGINE\GRAPHICS\PIPELINES\RENDER\VOXELTERRAIN\VOXELTERRAINBRUSHPREVIEWRENDERINGPIPELINE.CPP|C:\USERS\K023G\SOURCE\REPOS\TD4-2-CLONE2\PROJECT\ENGINE\GRAPHICS\PIPELINES\RENDER\VOXELTERRAIN\VOXELTERRAINRENDERINGPIPELINE.CPP|C:\USERS\K023G\SOURCE\REPOS\TD4-2-CLONE2\PROJECT\ENGINE\GRAPHICS\PIPELINES\RENDER\VOXELTERRAIN\VOXELTERRAINTRANSVOXELRENDERINGPIPELINE.CPP|C:\USERS\K023G\SOURCE\REPOS\TD4-2-CLONE2\PROJECT\ENGINE\GRAPHICS\PIPELINES\RENDER\VOXELTERRAIN\VOXELTERRAINVERTEXCREATEPIPELINE.CPP|C:\USERS\K023G\SOURCE\REPOS\TD4-2-CLONE2\PROJECT\ENGINE\GRAPHICS\PIPELINES\RENDER\VOXELTERRAIN\VOXELTERRAINVERTEXSHADERRENDERINGPIPELINE.CPP|C:\USERS\K023G\SOURCE\REPOS\TD4-2-CLONE2\PROJECT\ENGINE\GRAPHICS\RENDERTEXTURE\RENDERTEXTURE.CPP|C:\USERS\K023G\SOURCE\REPOS\TD4-2-CLONE2\PROJECT\ENGINE\GRAPHICS\RENDERTEXTURE\SCENERENDERTEXTURE.CPP|C:\USERS\K023G\SOURCE\REPOS\TD4-2-CLONE2\PROJECT\ENGINE\GRAPHICS\SHADER\COMPUTEPIPELINE.CPP|C:\USERS\K023G\SOURCE\REPOS\TD4-2-CLONE2\PROJECT\ENGINE\GRAPHICS\SHADER\GRAPHICSPIPELINE.CPP|C:\USERS\K023G\SOURCE\REPOS\TD4-2-CLONE2\PROJECT\ENGINE\GRAPHICS\SHADER\SHADERCOMPILER.CPP|C:\USERS\K023G\SOURCE\REPOS\TD4-2-CLONE2\PROJECT\ENGINE\SCENE\LOADER\SCENEIO.CPP|C:\USERS\K023G\SOURCE\REPOS\TD4-2-CLONE2\PROJECT\ENGINE\SCENE\SCENEMANAGER.CPP|C:\USERS\K023G\SOURCE\REPOS\TD4-2-CLONE2\PROJECT\ENGINE\SCRIPT\INTERNALCALLS\ADDINTERNALMETHODS.CPP|C:\USERS\K023G\SOURCE\REPOS\TD4-2-CLONE2\PROJECT\ENGINE\SCRIPT\INTERNALCALLS\ANIMATIONINTERNALCALLS.CPP|C:\USERS\K023G\SOURCE\REPOS\TD4-2-CLONE2\PROJECT\ENGINE\SCRIPT\INTERNALCALLS\EVENTINTERNALCALLS.CPP|C:\USERS\K023G\SOURCE\REPOS\TD4-2-CLONE2\PROJECT\ENGINE\SCRIPT\MONOSCRIPTENGINE.CPP|C:\USERS\K023G\SOURCE\REPOS\TD4-2-CLONE2\PROJECT\MAIN.CPP" /b MSBuildConsole_CancelEvent656855ae804144c087dee064c4b469c3  /c "C:\Program Files\Microsoft Visual Studio\18\Community\VC\Tools\MSVC\14.51.36231\bin\HostX86\x64\CL.exe"  /c /I"C:\Users\k023g\source\repos\TD4-2-Clone2\Project\\" /I"C:\Users\k023g\source\repos\TD4-2-Clone2\Project\Engine" /I"C:\Users\k023g\source\repos\TD4-2-Clone2\Project\Externals\assimp\include" /I"C:\Users\k023g\source\repos\TD4-2-Clone2\Project\Externals\imgui" /I"C:\Users\k023g\source\repos\TD4-2-Clone2\Project\Externals\glib" /I"C:\Users\k023g\source\repos\TD4-2-Clone2\Project\Externals\mono" /I"C:\Users\k023g\source\repos\TD4-2-Clone2\Project\Externals\DirectXTex" /I"C:\Users\k023g\source\repos\TD4-2-Clone2\Project\Externals" /ZI /JMC /nologo /W4 /WX- /diagnostics:column /Od /D _SILENCE_CXX23_ALIGNED_STORAGE_DEPRECATION_WARNING /D _DEBUG /D _WINDOWS /D DEBUG_MODE /D _UNICODE /D UNICODE /Gm- /EHsc /RTC1 /MTd /GS /fp:precise /Zc:wchar_t /Zc:forScope /Zc:inline /std:c++latest /permissive- /Fo"C:\Users\k023g\source\repos\TD4-2-Clone2\Project\..\Generated\Obj\ONEngine\Debug\\" /Fd"C:\Users\k023g\source\repos\TD4-2-Clone2\Project\..\Generated\Obj\ONEngine\Debug\vc145.pdb" /external:W3 /Gd /TP /FC /errorReport:queue /utf-8 /MP /bigobj Engine\Asset\AssetType.cpp Engine\Asset\Assets\Animation\AnimationClipLoader.cpp Engine\Asset\Assets\AudioClip\AudioClip.cpp Engine\Asset\Assets\AudioClip\AudioClipLoader.cpp Engine\Asset\Assets\Material\Material.cpp Engine\Asset\Assets\Material\MaterialLoader.cpp Engine\Asset\Assets\Mesh\Mesh.cpp Engine\Asset\Assets\Mesh\Model.cpp Engine\Asset\Assets\Mesh\ModelLoader.cpp Engine\Asset\Assets\Mesh\Skinning.cpp Engine\Asset\Assets\Shader\Shader.cpp Engine\Asset\Assets\Shader\ShaderLoader.cpp Engine\Asset\Assets\Texture\Texture.cpp Engine\Asset\Assets\Texture\TextureLoader.cpp Engine\Asset\Collection\AssetCollection.cpp Engine\Asset\Guid\Guid.cpp Engine\Asset\Meta\MetaFile.cpp Engine\Core\Config\EngineConfig.cpp Engine\Core\DirectX12\Command\DxCommand.cpp Engine\Core\DirectX12\Command\DxUploadCommand.cpp Engine\Core\DirectX12\Debug\DxDebug.cpp Engine\Core\DirectX12\DepthStencil\DxDepthStencil.cpp Engine\Core\DirectX12\DescriptorHeap\DxDSVHeap.cpp Engine\Core\DirectX12\DescriptorHeap\DxRTVHeap.cpp Engine\Core\DirectX12\DescriptorHeap\DxSRVHeap.cpp Engine\Core\DirectX12\DescriptorHeap\IDxDescriptorHeap.cpp Engine\Core\DirectX12\Device\DxDevice.cpp Engine\Core\DirectX12\GPUTimeStamp\GPUTimeStamp.cpp Engine\Core\DirectX12\Manager\DxManager.cpp Engine\Core\DirectX12\Resource\DxResource.cpp Engine\Core\DirectX12\SwapChain\DxSwapChain.cpp Engine\Core\Event\FrameEventQueue.cpp Engine\Core\Event\GameEventData.cpp Engine\Core\GameFramework\DebugSceneGenerator.cpp Engine\Core\GameFramework\GameFramework.cpp Engine\Core\Threading\ThreadPool.cpp Engine\Core\Utility\FileSystem\FileSystem.cpp Engine\Core\Utility\Font\FontAtlas.cpp Engine\Core\Utility\Font\FontAtlasManager.cpp Engine\Core\Utility\Font\FontRasterizer.cpp Engine\Core\Utility\Input\Gamepad.cpp Engine\Core\Utility\Input\Input.cpp Engine\Core\Utility\Input\InputSystem.cpp Engine\Core\Utility\Input\Keyboard.cpp Engine\Core\Utility\Input\Mouse.cpp Engine\Core\Utility\Math\Color.cpp Engine\Core\Utility\Math\Math.cpp Engine\Core\Utility\Math\Matrix4x4.cpp Engine\Core\Utility\Math\Primitive.cpp Engine\Core\Utility\Math\Quaternion.cpp Engine\Core\Utility\Time\CPUTimeStamp.cpp Engine\Core\Utility\Time\Time.cpp Engine\Core\Utility\Tools\Ease.cpp Engine\Core\Utility\Tools\Gizmo.cpp Engine\Core\Utility\Tools\Log.cpp Engine\Core\Utility\Tools\Random.cpp Engine\Core\Window\Window.cpp Engine\Core\Window\WindowManager.cpp Engine\ECS\Component\Collection\ComponentCollection.cpp Engine\ECS\Component\Components\ComputeComponents\Agent\AgentIntentComponent.cpp Engine\ECS\Component\Components\ComputeComponents\Animation\AnimationPlayer.cpp Engine\ECS\Component\Components\ComputeComponents\Animator\Animator.cpp Engine\ECS\Component\Components\ComputeComponents\Audio\BGMPlayer.cpp Engine\ECS\Component\Components\ComputeComponents\Audio\SEPlayer.cpp Engine\ECS\Component\Components\ComputeComponents\Camera\CameraComponent.cpp Engine\ECS\Component\Components\ComputeComponents\Collision\BoxCollider.cpp Engine\ECS\Component\Components\ComputeComponents\Collision\BoxCollider2D.cpp Engine\ECS\Component\Components\ComputeComponents\Collision\CircleCollider.cpp Engine\ECS\Component\Components\ComputeComponents\Collision\CollisionCheck\CollisionCheck.cpp Engine\ECS\Component\Components\ComputeComponents\Collision\ICollider.cpp Engine\ECS\Component\Components\ComputeComponents\Collision\SphereCollider.cpp Engine\ECS\Component\Components\ComputeComponents\Effect\Effect.cpp Engine\ECS\Component\Components\ComputeComponents\Effect\EmitShape\EffectEmitShape.cpp Engine\ECS\Component\Components\ComputeComponents\Effect\MainModule\EffectMainModule.cpp Engine\ECS\Component\Components\ComputeComponents\Light\Light.cpp Engine\ECS\Component\Components\ComputeComponents\ParticleSystem\ParticleSystem.cpp Engine\ECS\Component\Components\ComputeComponents\ParticleSystem2D\ParticleSystem2D.cpp Engine\ECS\Component\Components\ComputeComponents\Script\Script.cpp Engine\ECS\Component\Components\ComputeComponents\ShadowCaster\ShadowCaster.cpp Engine\ECS\Component\Components\ComputeComponents\Terrain\Grass\GrassField.cpp Engine\ECS\Component\Components\ComputeComponents\Terrain\River\River.cpp Engine\ECS\Component\Components\ComputeComponents\Terrain\Terrain.cpp Engine\ECS\Component\Components\ComputeComponents\Terrain\TerrainCollider.cpp Engine\ECS\Component\Components\ComputeComponents\Transform\Transform.cpp Engine\ECS\Component\Components\ComputeComponents\UI\UIElementComponent.cpp Engine\ECS\Component\Components\ComputeComponents\UI\UIGroupComponent.cpp Engine\ECS\Component\Components\ComputeComponents\UI\UILinkNavigationComponent.cpp Engine\ECS\Component\Components\ComputeComponents\Variables\Variables.cpp Engine\ECS\Component\Components\ComputeComponents\VoxelTerrain\VoxelTerrain.cpp Engine\ECS\Component\Components\ComputeComponents\VoxelTerrain\VoxelTerrainChunk.cpp Engine\ECS\Component\Components\Interface\IComponent.cpp Engine\ECS\Component\Components\RendererComponents\Mesh\CustomMeshRenderer.cpp Engine\ECS\Component\Components\RendererComponents\Mesh\DissolveMeshRenderer.cpp Engine\ECS\Component\Components\RendererComponents\Mesh\MeshRenderer.cpp Engine\ECS\Component\Components\RendererComponents\Primitive\Line2DRenderer.cpp Engine\ECS\Component\Components\RendererComponents\Primitive\Line3DRenderer.cpp Engine\ECS\Component\Components\RendererComponents\ScreenPostEffectTag\ScreenPostEffectTag.cpp Engine\ECS\Component\Components\RendererComponents\SkinMesh\SkinMeshRenderer.cpp Engine\ECS\Component\Components\RendererComponents\Skybox\Skybox.cpp Engine\ECS\Component\Components\RendererComponents\Sprite\SpriteRenderer.cpp Engine\ECS\Component\Components\RendererComponents\Text\TextRenderer.cpp Engine\ECS\Entity\Collection\EntityCollection.cpp Engine\ECS\Entity\EntityJsonConverter.cpp Engine\ECS\Entity\GameEntity\GameEntity.cpp Engine\ECS\Entity\Prefab\EntityPrefab.cpp Engine\ECS\Entity\Prefab\EntityPrefabCollection.cpp Engine\ECS\EntityComponentSystem\AddECSSystemFunction.cpp Engine\ECS\EntityComponentSystem\ComponentApplyFunc.cpp Engine\ECS\EntityComponentSystem\ECSGroup.cpp Engine\ECS\EntityComponentSystem\EntityComponentSystem.cpp Engine\ECS\System\AI\AISystem.cpp Engine\ECS\System\Animation\AnimationSystem.cpp Engine\ECS\System\Animator\AnimatorUpdateSystem.cpp Engine\ECS\System\Audio\AudioPlaybackSystem.cpp Engine\ECS\System\CameraUpdate\CameraUpdateSystem.cpp Engine\ECS\System\Collision\ColliderRenderQueueSystem.cpp Engine\ECS\System\Collision\Collision2DSystem.cpp Engine\ECS\System\Collision\CollisionSystem.cpp Engine\ECS\System\EffectUpdateSystem\EffectUpdateSystem.cpp Engine\ECS\System\GrassBufferCreateSystem\GrassBufferCreateSystem.cpp Engine\ECS\System\MeshBufferRecreate\MeshBufferRecreate.cpp Engine\ECS\System\Movement\MovementSystem.cpp Engine\ECS\System\ParticleSystem2DUpdateSystem\ParticleSystem2DUpdateSystem.cpp Engine\ECS\System\ParticleSystemUpdateSystem\ParticleSystemUpdateSystem.cpp Engine\ECS\System\ScriptUpdateSystem\ScriptUpdateSystem.cpp Engine\ECS\System\ShadowCaster\ShadowCasterUpdateSystem.cpp Engine\ECS\System\SkinMesh\SkinMeshUpdateSystem.cpp Engine\ECS\System\SystemCollection\SystemCollection.cpp Engine\ECS\System\Terrain\TerrainColliderVertexGenerator.cpp Engine\ECS\System\Terrain\TerrainCollision.cpp Engine\ECS\System\Transform\TransformUpdateSystem.cpp Engine\ECS\System\UI\UIHierarchySystem.cpp Engine\ECS\System\UI\UIInputNavigationSystem.cpp Engine\Editor\Commands\ComponentEditCommands\ComponentEditCommands.cpp Engine\Editor\Commands\ComponentEditCommands\ComponentJsonConverter.cpp Engine\Editor\Commands\ComponentEditCommands\ModifyScriptVariableCommand.cpp Engine\Editor\Commands\ImGuiCommand\FocusEntityCommand.cpp Engine\Editor\Commands\ImGuiCommand\ImGuiCommand.cpp Engine\Editor\Commands\WorldEditorCommands\WorldEditorCommands.cpp Engine\Editor\EditorCompute\GameEntityPicking\GameEntityPickingPipeline.cpp Engine\Editor\EditorCompute\Grass\GrassArrangementPipeline.cpp Engine\Editor\EditorCompute\River\RiverMeshGeneratePipeline.cpp Engine\Editor\EditorCompute\TerrainEditor\RiverTerrainAdjustPipeline.cpp Engine\Editor\EditorCompute\TerrainEditor\TerrainDataOutput.cpp Engine\Editor\EditorCompute\TerrainEditor\TerrainVertexCreator.cpp Engine\Editor\EditorCompute\TerrainEditor\TerrainVertexEditorCompute.cpp Engine\Editor\EditorCompute\VoxelTerrainEditor\VoxelTerrainEditorComputePipeline.cpp Engine\Editor\Manager\EditCommand.cpp Engine\Editor\Manager\EditorManager.cpp Engine\Editor\Manager\ImGuiManager.cpp Engine\Editor\Math\AssetDebugger.cpp Engine\Editor\Math\DragDrop\DragDrop.cpp Engine\Editor\Math\FileWatcher\FileWatcher.cpp Engine\Editor\Math\ImGuiMath.cpp Engine\Editor\Math\ImGuiSelection.cpp Engine\Editor\Math\ImGuiShowField.cpp Engine\Editor\Math\Pivot\Pivot.cpp Engine\Editor\Math\Preview\Texture2DPreview.cpp Engine\Editor\Math\Widget\BasicTypeWidget.cpp Engine\Editor\Math\Widget\VectorWidget.cpp Engine\Editor\Views\EditorViewCollection.cpp Engine\Editor\Views\Tabs\AITab.cpp Engine\Editor\Views\Tabs\AnimationTab.cpp Engine\Editor\Views\Tabs\DevelopTab.cpp Engine\Editor\Views\Tabs\EditorTab.cpp Engine\Editor\Views\Tabs\EventTab.cpp Engine\Editor\Views\Tabs\GameTab.cpp Engine\Editor\Views\Tabs\PrefabTab.cpp Engine\Editor\Views\Tabs\SettingsTab.cpp Engine\Editor\Views\Tabs\UITab.cpp Engine\Editor\Views\Windows\Develop\AnimationEditorWindow.cpp Engine\Editor\Views\Windows\Develop\BehaviorTreeEditorWindow.cpp Engine\Editor\Views\Windows\Develop\ConsoleWindow.cpp Engine\Editor\Views\Windows\Develop\DebugSceneView.cpp Engine\Editor\Views\Windows\Develop\GameEventEditorWindow.cpp Engine\Editor\Views\Windows\Develop\GameSceneView.cpp Engine\Editor\Views\Windows\Develop\HierarchyWindow.cpp Engine\Editor\Views\Windows\Develop\InspectorWindow.cpp Engine\Editor\Views\Windows\Develop\ProjectSettingsWindow.cpp Engine\Editor\Views\Windows\Develop\ProjectWindow.cpp Engine\Editor\Views\Windows\Develop\TexturePreviewWindow.cpp Engine\Editor\Views\Windows\Develop\UIEditorWindow.cpp Engine\Editor\Views\Windows\Editor\TestWindow.cpp Engine\Editor\Views\Windows\Prefab\PrefabFileWindow.cpp Engine\Editor\Views\Windows\Prefab\PrefabViewWindow.cpp Engine\Graphics\Buffer\ByteAddressBuffer.cpp Engine\Graphics\Buffer\Data\GPUMaterial.cpp Engine\Graphics\Buffer\Data\UVTransform.cpp Engine\Graphics\Buffer\IndexBuffer.cpp Engine\Graphics\Framework\RenderingFramework.cpp Engine\Graphics\Pipelines\Collection\RenderingPipelineCollection.cpp Engine\Graphics\Pipelines\Interface\IPostProcessPipeline.cpp Engine\Graphics\Pipelines\PostProcess\PerObject\Bloom\PostProcessBloom.cpp Engine\Graphics\Pipelines\PostProcess\PerObject\Blur\PostProcessGaussianBlurPerObject.cpp Engine\Graphics\Pipelines\PostProcess\PerObject\Grayscale\PostProcessGrayscalePerObject.cpp Engine\Graphics\Pipelines\PostProcess\PerObject\Light\PostProcessLighting.cpp Engine\Graphics\Pipelines\PostProcess\PerObject\RadialBlur\PostProcessRadialBlurPerObject.cpp Engine\Graphics\Pipelines\PostProcess\PerObject\TerrainBrush\PostProcessTerrainBrush.cpp Engine\Graphics\Pipelines\PostProcess\PerObject\VoxelTerrainBrush\PostProcessVoxelTerrainBrush.cpp Engine\Graphics\Pipelines\PostProcess\Screen\Fisheye\PostProcessFisheye.cpp Engine\Graphics\Pipelines\PostProcess\Screen\Fog\PostProcessFog.cpp Engine\Graphics\Pipelines\PostProcess\Screen\Grayscale\PostProcessGrayscale.cpp Engine\Graphics\Pipelines\PostProcess\Screen\Pixelate\PostProcessPixelate.cpp Engine\Graphics\Pipelines\PostProcess\Screen\RadialBlur\PostProcessRadialBlur.cpp Engine\Graphics\Pipelines\PostProcess\Screen\Shadow\PostProcessShadowApply.cpp Engine\Graphics\Pipelines\PostProcess\Screen\WaterCausticsLightShafts\PostProcessWaterCausticsLightShafts.cpp Engine\Graphics\Pipelines\PostProcess\Screen\WaterColorGrading\PostProcessWaterColorGrading.cpp Engine\Graphics\Pipelines\PostProcess\Screen\WaterDepthFogVignette\PostProcessWaterDepthFogVignette.cpp Engine\Graphics\Pipelines\PostProcess\Screen\WaterDistortion\PostProcessWaterDistortion.cpp Engine\Graphics\Pipelines\Render\CopyImage\CopyImageRenderingPipeline.cpp Engine\Graphics\Pipelines\Render\Effect\EffectRenderingPipeline.cpp Engine\Graphics\Pipelines\Render\Gizmo\Gizmo2DRenderingPipeline.cpp Engine\Graphics\Pipelines\Render\Gizmo\Gizmo3DRenderingPipeline.cpp Engine\Graphics\Pipelines\Render\Gizmo\GizmoPrimitiveVertices.cpp Engine\Graphics\Pipelines\Render\Grass\GrassRenderingPipeline.cpp Engine\Graphics\Pipelines\Render\Grid\GridRenderingPipeline.cpp Engine\Graphics\Pipelines\Render\Mesh\DissolveMeshRenderingPipeline.cpp Engine\Graphics\Pipelines\Render\Mesh\MeshRenderingPipeline.cpp Engine\Graphics\Pipelines\Render\Mesh\SkinMeshRenderingPipeline.cpp Engine\Graphics\Pipelines\Render\Mesh\SkinMeshSkeletonRenderingPipeline.cpp Engine\Graphics\Pipelines\Render\ParticleSystem\ParticleSystemRenderingPipeline.cpp Engine\Graphics\Pipelines\Render\ParticleSystem2D\ParticleSystem2DRenderingPipeline.cpp Engine\Graphics\Pipelines\Render\Primitive\Line2DRenderingPipeline.cpp Engine\Graphics\Pipelines\Render\Primitive\Line3DRenderingPipeline.cpp Engine\Graphics\Pipelines\Render\River\RiverRenderingPipeline.cpp Engine\Graphics\Pipelines\Render\Skybox\SkyboxRenderingPipeline.cpp Engine\Graphics\Pipelines\Render\Sprite\SpriteRenderingPipeline.cpp Engine\Graphics\Pipelines\Render\Terrain\TerrainProceduralRenderingPipeline.cpp Engine\Graphics\Pipelines\Render\Terrain\TerrainRenderingPipeline.cpp Engine\Graphics\Pipelines\Render\Text\TextRenderingPipeline.cpp Engine\Graphics\Pipelines\Render\VoxelTerrain\VoxelTerrainBrushPreviewRenderingPipeline.cpp Engine\Graphics\Pipelines\Render\VoxelTerrain\VoxelTerrainRenderingPipeline.cpp Engine\Graphics\Pipelines\Render\VoxelTerrain\VoxelTerrainTransvoxelRenderingPipeline.cpp Engine\Graphics\Pipelines\Render\VoxelTerrain\VoxelTerrainVertexCreatePipeline.cpp Engine\Graphics\Pipelines\Render\VoxelTerrain\VoxelTerrainVertexShaderRenderingPipeline.cpp Engine\Graphics\RenderTexture\RenderTexture.cpp Engine\Graphics\RenderTexture\SceneRenderTexture.cpp Engine\Graphics\Shader\ComputePipeline.cpp Engine\Graphics\Shader\GraphicsPipeline.cpp Engine\Graphics\Shader\ShaderCompiler.cpp Engine\Scene\Loader\SceneIO.cpp Engine\Scene\SceneManager.cpp Engine\Script\InternalCalls\AddInternalMethods.cpp Engine\Script\InternalCalls\AnimationInternalCalls.cpp Engine\Script\InternalCalls\EventInternalCalls.cpp Engine\Script\MonoScriptEngine.cpp main.cpp
  AssetType.cpp
  AnimationClipLoader.cpp
  AudioClip.cpp
  AudioClipLoader.cpp
  Material.cpp
  MaterialLoader.cpp
  Mesh.cpp
  Model.cpp
  ModelLoader.cpp
  Skinning.cpp
  Shader.cpp
  ShaderLoader.cpp
  Texture.cpp
  TextureLoader.cpp
  AssetCollection.cpp
  Guid.cpp
  MetaFile.cpp
  EngineConfig.cpp
  DxCommand.cpp
  DxUploadCommand.cpp
  DxDebug.cpp
  DxDepthStencil.cpp
  DxDSVHeap.cpp
  DxRTVHeap.cpp
  DxSRVHeap.cpp
  IDxDescriptorHeap.cpp
  DxDevice.cpp
  GPUTimeStamp.cpp
  DxManager.cpp
  DxResource.cpp
  DxSwapChain.cpp
  FrameEventQueue.cpp
  GameEventData.cpp
  DebugSceneGenerator.cpp
  GameFramework.cpp
C:\Program Files\Microsoft Visual Studio\18\Community\VC\Tools\MSVC\14.51.36231\include\xutility(5094,18): warning C4244: '=': 'wchar_t' から 'char' への変換です。データが失われる可能性があります。 [C:\Users\k023g\source\repos\TD4-2-Clone2\Project\ONEngine.vcxproj]
  (ソース ファイル 'Engine/Core/Config/EngineConfig.cpp' をコンパイルしています)
      C:\Program Files\Microsoft Visual Studio\18\Community\VC\Tools\MSVC\14.51.36231\include\xutility(5094,18):
      テンプレートインスタンス化コンテキスト (最初に最も古いもの) は
          C:\Users\k023g\source\repos\TD4-2-Clone2\Project\Engine\Core\Config\EngineConfig.cpp(113,19):
          コンパイル対象の関数 テンプレート インスタンス化 'std::basic_string<char,std::char_traits<char>,std::allocator<char>>::basic_string<std::_String_iterator<std::_String_val<std::_Simple_types<_Elem>>>,0>(_Iter,_Iter,const _Alloc &)' のリファレンスを確認してください
          with
          [
              _Elem=wchar_t,
              _Iter=std::_String_iterator<std::_String_val<std::_Simple_types<wchar_t>>>,
              _Alloc=std::allocator<char>
          ]
              C:\Users\k023g\source\repos\TD4-2-Clone2\Project\Engine\Core\Config\EngineConfig.cpp(113,19):
              'ONEngine::EngineConfig::ParseCommandLine' の 'std::basic_string<char,std::char_traits<char>,std::allocator<char>>::basic_string' への最初の参照を参照してください
          C:\Program Files\Microsoft Visual Studio\18\Community\VC\Tools\MSVC\14.51.36231\include\xstring(862,17):
          コンパイル対象の関数 テンプレート インスタンス化 'void std::basic_string<char,std::char_traits<char>,std::allocator<char>>::_Construct_from_iter<wchar_t*,wchar_t*,_Size_type>(_Iter,const _Sent,_Size)' のリファレンスを確認してください
          with
          [
              _Size_type=unsigned __int64,
              _Iter=wchar_t *,
              _Sent=wchar_t *,
              _Size=unsigned __int64
          ]
          C:\Program Files\Microsoft Visual Studio\18\Community\VC\Tools\MSVC\14.51.36231\include\xstring(1018,18):
          コンパイル対象の関数 テンプレート インスタンス化 '_OutIt *std::_Copy_n_unchecked4<wchar_t*,_Size,char*>(_InIt,_SizeTy,_OutIt)' のリファレンスを確認してください
          with
          [
              _OutIt=char *,
              _Size=unsigned __int64,
              _InIt=wchar_t *,
              _SizeTy=unsigned __int64
          ]
  
  ThreadPool.cpp
  FileSystem.cpp
  FontAtlas.cpp
  FontAtlasManager.cpp
  FontRasterizer.cpp
  Gamepad.cpp
  Input.cpp
  InputSystem.cpp
  Keyboard.cpp
  Mouse.cpp
  Color.cpp
  Math.cpp
  Matrix4x4.cpp
  C:\Program Files (x86)\Windows Kits\10\Include\10.0.26100.0\um\dinput.h: DIRECTINPUT_VERSION undefined. Defaulting to version 0x0800
  Primitive.cpp
  Quaternion.cpp
  CPUTimeStamp.cpp
  Time.cpp
  Ease.cpp
  Gizmo.cpp
  Log.cpp
  Random.cpp
  Window.cpp
  WindowManager.cpp
  ComponentCollection.cpp
  AgentIntentComponent.cpp
  AnimationPlayer.cpp
  Animator.cpp
  BGMPlayer.cpp
  SEPlayer.cpp
  CameraComponent.cpp
  BoxCollider.cpp
  BoxCollider2D.cpp
  CircleCollider.cpp
  CollisionCheck.cpp
  ICollider.cpp
  SphereCollider.cpp
  Effect.cpp
  EffectEmitShape.cpp
  EffectMainModule.cpp
  Light.cpp
  ParticleSystem.cpp
  ParticleSystem2D.cpp
  Script.cpp
  ShadowCaster.cpp
  GrassField.cpp
  River.cpp
  Terrain.cpp
  TerrainCollider.cpp
  Transform.cpp
  UIElementComponent.cpp
  UIGroupComponent.cpp
  UILinkNavigationComponent.cpp
  Variables.cpp
  VoxelTerrain.cpp
  VoxelTerrainChunk.cpp
  IComponent.cpp
  CustomMeshRenderer.cpp
  DissolveMeshRenderer.cpp
  MeshRenderer.cpp
  Line2DRenderer.cpp
  Line3DRenderer.cpp
  ScreenPostEffectTag.cpp
  SkinMeshRenderer.cpp
  Skybox.cpp
  SpriteRenderer.cpp
  TextRenderer.cpp
  EntityCollection.cpp
  EntityJsonConverter.cpp
  GameEntity.cpp
  EntityPrefab.cpp
  EntityPrefabCollection.cpp
  AddECSSystemFunction.cpp
  ComponentApplyFunc.cpp
  ECSGroup.cpp
  EntityComponentSystem.cpp
  AISystem.cpp
  AnimationSystem.cpp
  AnimatorUpdateSystem.cpp
  AudioPlaybackSystem.cpp
  CameraUpdateSystem.cpp
  ColliderRenderQueueSystem.cpp
  Collision2DSystem.cpp
  CollisionSystem.cpp
  EffectUpdateSystem.cpp
  GrassBufferCreateSystem.cpp
  MeshBufferRecreate.cpp
  MovementSystem.cpp
  ParticleSystem2DUpdateSystem.cpp
  ParticleSystemUpdateSystem.cpp
  ScriptUpdateSystem.cpp
  ShadowCasterUpdateSystem.cpp
  SkinMeshUpdateSystem.cpp
  SystemCollection.cpp
  TerrainColliderVertexGenerator.cpp
  TerrainCollision.cpp
  TransformUpdateSystem.cpp
  UIHierarchySystem.cpp
  UIInputNavigationSystem.cpp
  ComponentEditCommands.cpp
  ComponentJsonConverter.cpp
  ModifyScriptVariableCommand.cpp
  FocusEntityCommand.cpp
  ImGuiCommand.cpp
  WorldEditorCommands.cpp
  GameEntityPickingPipeline.cpp
  GrassArrangementPipeline.cpp
  RiverMeshGeneratePipeline.cpp
  RiverTerrainAdjustPipeline.cpp
  TerrainDataOutput.cpp
  TerrainVertexCreator.cpp
  TerrainVertexEditorCompute.cpp
  VoxelTerrainEditorComputePipeline.cpp
  EditCommand.cpp
  EditorManager.cpp
  ImGuiManager.cpp
  AssetDebugger.cpp
  DragDrop.cpp
  FileWatcher.cpp
  ImGuiMath.cpp
  ImGuiSelection.cpp
  ImGuiShowField.cpp
  Pivot.cpp
  Texture2DPreview.cpp
  BasicTypeWidget.cpp
  VectorWidget.cpp
  EditorViewCollection.cpp
  AITab.cpp
C:\Program Files\Microsoft Visual Studio\18\Community\VC\Tools\MSVC\14.51.36231\include\xutility(5094,18): warning C4244: '=': 'wchar_t' から 'char' への変換です。データが失われる可能性があります。 [C:\Users\k023g\source\repos\TD4-2-Clone2\Project\ONEngine.vcxproj]
  (ソース ファイル 'Engine/Editor/Manager/EditorManager.cpp' をコンパイルしています)
      C:\Program Files\Microsoft Visual Studio\18\Community\VC\Tools\MSVC\14.51.36231\include\xutility(5094,18):
      テンプレートインスタンス化コンテキスト (最初に最も古いもの) は
          C:\Users\k023g\source\repos\TD4-2-Clone2\Project\Engine\Editor\Manager\HotReloadManager.h(44,34):
          コンパイル対象の関数 テンプレート インスタンス化 'std::basic_string<char,std::char_traits<char>,std::allocator<char>>::basic_string<std::_String_iterator<std::_String_val<std::_Simple_types<_Elem>>>,0>(_Iter,_Iter,const _Alloc &)' のリファレンスを確認してください
          with
          [
              _Elem=wchar_t,
              _Iter=std::_String_iterator<std::_String_val<std::_Simple_types<wchar_t>>>,
              _Alloc=std::allocator<char>
          ]
              C:\Users\k023g\source\repos\TD4-2-Clone2\Project\Engine\Editor\Manager\HotReloadManager.h(44,34):
              'Editor::HotReloadManager::Update' の 'std::basic_string<char,std::char_traits<char>,std::allocator<char>>::basic_string' への最初の参照を参照してください
          C:\Program Files\Microsoft Visual Studio\18\Community\VC\Tools\MSVC\14.51.36231\include\xstring(862,17):
          コンパイル対象の関数 テンプレート インスタンス化 'void std::basic_string<char,std::char_traits<char>,std::allocator<char>>::_Construct_from_iter<wchar_t*,wchar_t*,_Size_type>(_Iter,const _Sent,_Size)' のリファレンスを確認してください
          with
          [
              _Size_type=unsigned __int64,
              _Iter=wchar_t *,
              _Sent=wchar_t *,
              _Size=unsigned __int64
          ]
          C:\Program Files\Microsoft Visual Studio\18\Community\VC\Tools\MSVC\14.51.36231\include\xstring(1018,18):
          コンパイル対象の関数 テンプレート インスタンス化 '_OutIt *std::_Copy_n_unchecked4<wchar_t*,_Size,char*>(_InIt,_SizeTy,_OutIt)' のリファレンスを確認してください
          with
          [
              _OutIt=char *,
              _Size=unsigned __int64,
              _InIt=wchar_t *,
              _SizeTy=unsigned __int64
          ]
  
  AnimationTab.cpp
  DevelopTab.cpp
  EditorTab.cpp
  EventTab.cpp
  GameTab.cpp
  PrefabTab.cpp
  SettingsTab.cpp
  UITab.cpp
  AnimationEditorWindow.cpp
  BehaviorTreeEditorWindow.cpp
  ConsoleWindow.cpp
  DebugSceneView.cpp
  GameEventEditorWindow.cpp
  GameSceneView.cpp
  HierarchyWindow.cpp
  InspectorWindow.cpp
  ProjectSettingsWindow.cpp
  ProjectWindow.cpp
  TexturePreviewWindow.cpp
  UIEditorWindow.cpp
  TestWindow.cpp
  PrefabFileWindow.cpp
  PrefabViewWindow.cpp
  ByteAddressBuffer.cpp
  GPUMaterial.cpp
  UVTransform.cpp
  IndexBuffer.cpp
  RenderingFramework.cpp
  RenderingPipelineCollection.cpp
C:\Program Files\Microsoft Visual Studio\18\Community\VC\Tools\MSVC\14.51.36231\include\xutility(5094,18): warning C4244: '=': 'wchar_t' から 'char' への変換です。データが失われる可能性があります。 [C:\Users\k023g\source\repos\TD4-2-Clone2\Project\ONEngine.vcxproj]
  (ソース ファイル 'Engine/Editor/Views/Windows/Develop/DebugSceneView.cpp' をコンパイルしています)
      C:\Program Files\Microsoft Visual Studio\18\Community\VC\Tools\MSVC\14.51.36231\include\xutility(5094,18):
      テンプレートインスタンス化コンテキスト (最初に最も古いもの) は
          C:\Users\k023g\source\repos\TD4-2-Clone2\Project\Engine\Editor\Manager\HotReloadManager.h(44,34):
          コンパイル対象の関数 テンプレート インスタンス化 'std::basic_string<char,std::char_traits<char>,std::allocator<char>>::basic_string<std::_String_iterator<std::_String_val<std::_Simple_types<_Elem>>>,0>(_Iter,_Iter,const _Alloc &)' のリファレンスを確認してください
          with
          [
              _Elem=wchar_t,
              _Iter=std::_String_iterator<std::_String_val<std::_Simple_types<wchar_t>>>,
              _Alloc=std::allocator<char>
          ]
              C:\Users\k023g\source\repos\TD4-2-Clone2\Project\Engine\Editor\Manager\HotReloadManager.h(44,34):
              'Editor::HotReloadManager::Update' の 'std::basic_string<char,std::char_traits<char>,std::allocator<char>>::basic_string' への最初の参照を参照してください
          C:\Program Files\Microsoft Visual Studio\18\Community\VC\Tools\MSVC\14.51.36231\include\xstring(862,17):
          コンパイル対象の関数 テンプレート インスタンス化 'void std::basic_string<char,std::char_traits<char>,std::allocator<char>>::_Construct_from_iter<wchar_t*,wchar_t*,_Size_type>(_Iter,const _Sent,_Size)' のリファレンスを確認してください
          with
          [
              _Size_type=unsigned __int64,
              _Iter=wchar_t *,
              _Sent=wchar_t *,
              _Size=unsigned __int64
          ]
          C:\Program Files\Microsoft Visual Studio\18\Community\VC\Tools\MSVC\14.51.36231\include\xstring(1018,18):
          コンパイル対象の関数 テンプレート インスタンス化 '_OutIt *std::_Copy_n_unchecked4<wchar_t*,_Size,char*>(_InIt,_SizeTy,_OutIt)' のリファレンスを確認してください
          with
          [
              _OutIt=char *,
              _Size=unsigned __int64,
              _InIt=wchar_t *,
              _SizeTy=unsigned __int64
          ]
  
  IPostProcessPipeline.cpp
C:\Program Files\Microsoft Visual Studio\18\Community\VC\Tools\MSVC\14.51.36231\include\xutility(5094,18): warning C4244: '=': 'wchar_t' から 'char' への変換です。データが失われる可能性があります。 [C:\Users\k023g\source\repos\TD4-2-Clone2\Project\ONEngine.vcxproj]
  (ソース ファイル 'Engine/Editor/Views/Windows/Develop/ProjectWindow.cpp' をコンパイルしています)
      C:\Program Files\Microsoft Visual Studio\18\Community\VC\Tools\MSVC\14.51.36231\include\xutility(5094,18):
      テンプレートインスタンス化コンテキスト (最初に最も古いもの) は
          C:\Users\k023g\source\repos\TD4-2-Clone2\Project\Engine\Editor\Manager\HotReloadManager.h(44,34):
          コンパイル対象の関数 テンプレート インスタンス化 'std::basic_string<char,std::char_traits<char>,std::allocator<char>>::basic_string<std::_String_iterator<std::_String_val<std::_Simple_types<_Elem>>>,0>(_Iter,_Iter,const _Alloc &)' のリファレンスを確認してください
          with
          [
              _Elem=wchar_t,
              _Iter=std::_String_iterator<std::_String_val<std::_Simple_types<wchar_t>>>,
              _Alloc=std::allocator<char>
          ]
              C:\Users\k023g\source\repos\TD4-2-Clone2\Project\Engine\Editor\Manager\HotReloadManager.h(44,34):
              'Editor::HotReloadManager::Update' の 'std::basic_string<char,std::char_traits<char>,std::allocator<char>>::basic_string' への最初の参照を参照してください
          C:\Program Files\Microsoft Visual Studio\18\Community\VC\Tools\MSVC\14.51.36231\include\xstring(862,17):
          コンパイル対象の関数 テンプレート インスタンス化 'void std::basic_string<char,std::char_traits<char>,std::allocator<char>>::_Construct_from_iter<wchar_t*,wchar_t*,_Size_type>(_Iter,const _Sent,_Size)' のリファレンスを確認してください
          with
          [
              _Size_type=unsigned __int64,
              _Iter=wchar_t *,
              _Sent=wchar_t *,
              _Size=unsigned __int64
          ]
          C:\Program Files\Microsoft Visual Studio\18\Community\VC\Tools\MSVC\14.51.36231\include\xstring(1018,18):
          コンパイル対象の関数 テンプレート インスタンス化 '_OutIt *std::_Copy_n_unchecked4<wchar_t*,_Size,char*>(_InIt,_SizeTy,_OutIt)' のリファレンスを確認してください
          with
          [
              _OutIt=char *,
              _Size=unsigned __int64,
              _InIt=wchar_t *,
              _SizeTy=unsigned __int64
          ]
  
  PostProcessBloom.cpp
  PostProcessGaussianBlurPerObject.cpp
  PostProcessGrayscalePerObject.cpp
  PostProcessLighting.cpp
  PostProcessRadialBlurPerObject.cpp
  PostProcessTerrainBrush.cpp
  PostProcessVoxelTerrainBrush.cpp
  PostProcessFisheye.cpp
  PostProcessFog.cpp
  PostProcessGrayscale.cpp
  PostProcessPixelate.cpp
  PostProcessRadialBlur.cpp
  PostProcessShadowApply.cpp
  PostProcessWaterCausticsLightShafts.cpp
  PostProcessWaterColorGrading.cpp
  PostProcessWaterDepthFogVignette.cpp
  PostProcessWaterDistortion.cpp
  CopyImageRenderingPipeline.cpp
  EffectRenderingPipeline.cpp
  Gizmo2DRenderingPipeline.cpp
  Gizmo3DRenderingPipeline.cpp
  GizmoPrimitiveVertices.cpp
  GrassRenderingPipeline.cpp
  GridRenderingPipeline.cpp
  DissolveMeshRenderingPipeline.cpp
  MeshRenderingPipeline.cpp
  SkinMeshRenderingPipeline.cpp
  SkinMeshSkeletonRenderingPipeline.cpp
  ParticleSystemRenderingPipeline.cpp
  ParticleSystem2DRenderingPipeline.cpp
  Line2DRenderingPipeline.cpp
  Line3DRenderingPipeline.cpp
  RiverRenderingPipeline.cpp
  SkyboxRenderingPipeline.cpp
  SpriteRenderingPipeline.cpp
  TerrainProceduralRenderingPipeline.cpp
  TerrainRenderingPipeline.cpp
  TextRenderingPipeline.cpp
  VoxelTerrainBrushPreviewRenderingPipeline.cpp
  VoxelTerrainRenderingPipeline.cpp
  VoxelTerrainTransvoxelRenderingPipeline.cpp
  VoxelTerrainVertexCreatePipeline.cpp
  VoxelTerrainVertexShaderRenderingPipeline.cpp
  RenderTexture.cpp
  SceneRenderTexture.cpp
  ComputePipeline.cpp
  GraphicsPipeline.cpp
C:\Users\k023g\source\repos\TD4-2-Clone2\Project\Engine\Graphics\Pipelines\Render\Text\TextRenderingPipeline.cpp(81,93): warning C4100: 'dxCommand': 参照されないパラメーター [C:\Users\k023g\source\repos\TD4-2-Clone2\Project\ONEngine.vcxproj]
C:\Users\k023g\source\repos\TD4-2-Clone2\Project\Engine\Graphics\Pipelines\Render\Text\TextRenderingPipeline.cpp(81,74): warning C4100: 'camera': 参照されないパラメーター [C:\Users\k023g\source\repos\TD4-2-Clone2\Project\ONEngine.vcxproj]
  ShaderCompiler.cpp
  SceneIO.cpp
  SceneManager.cpp
  AddInternalMethods.cpp
  AnimationInternalCalls.cpp
  EventInternalCalls.cpp
  MonoScriptEngine.cpp
  main.cpp
C:\Users\k023g\source\repos\TD4-2-Clone2\Project\Engine\Script\MonoScriptEngine.cpp(134,25): warning C4996: 'inet_addr': Use inet_pton() or InetPton() instead or define _WINSOCK_DEPRECATED_NO_WARNINGS to disable deprecated API warnings [C:\Users\k023g\source\repos\TD4-2-Clone2\Project\ONEngine.vcxproj]
C:\Program Files\Microsoft Visual Studio\18\Community\VC\Tools\MSVC\14.51.36231\include\xutility(5094,18): warning C4244: '=': 'wchar_t' から 'char' への変換です。データが失われる可能性があります。 [C:\Users\k023g\source\repos\TD4-2-Clone2\Project\ONEngine.vcxproj]
  (ソース ファイル 'Engine/Script/MonoScriptEngine.cpp' をコンパイルしています)
      C:\Program Files\Microsoft Visual Studio\18\Community\VC\Tools\MSVC\14.51.36231\include\xutility(5094,18):
      テンプレートインスタンス化コンテキスト (最初に最も古いもの) は
          C:\Users\k023g\source\repos\TD4-2-Clone2\Project\Engine\Editor\Manager\HotReloadManager.h(44,34):
          コンパイル対象の関数 テンプレート インスタンス化 'std::basic_string<char,std::char_traits<char>,std::allocator<char>>::basic_string<std::_String_iterator<std::_String_val<std::_Simple_types<_Elem>>>,0>(_Iter,_Iter,const _Alloc &)' のリファレンスを確認してください
          with
          [
              _Elem=wchar_t,
              _Iter=std::_String_iterator<std::_String_val<std::_Simple_types<wchar_t>>>,
              _Alloc=std::allocator<char>
          ]
              C:\Users\k023g\source\repos\TD4-2-Clone2\Project\Engine\Editor\Manager\HotReloadManager.h(44,34):
              'Editor::HotReloadManager::Update' の 'std::basic_string<char,std::char_traits<char>,std::allocator<char>>::basic_string' への最初の参照を参照してください
          C:\Program Files\Microsoft Visual Studio\18\Community\VC\Tools\MSVC\14.51.36231\include\xstring(862,17):
          コンパイル対象の関数 テンプレート インスタンス化 'void std::basic_string<char,std::char_traits<char>,std::allocator<char>>::_Construct_from_iter<wchar_t*,wchar_t*,_Size_type>(_Iter,const _Sent,_Size)' のリファレンスを確認してください
          with
          [
              _Size_type=std::+::_Size_type,
              _Iter=wchar_t *,
              _Sent=wchar_t *,
              _Size=std::+::_Size_type
          ]
          C:\Program Files\Microsoft Visual Studio\18\Community\VC\Tools\MSVC\14.51.36231\include\xstring(1018,18):
          コンパイル対象の関数 テンプレート インスタンス化 '_OutIt *std::_Copy_n_unchecked4<wchar_t*,_Size,char*>(_InIt,_SizeTy,_OutIt)' のリファレンスを確認してください
          with
          [
              _OutIt=char *,
              _Size=std::+::_Size_type,
              _InIt=wchar_t *,
              _SizeTy=std::+::_Size_type
          ]
  
タスク "CL" の実行が終了しました。
タスク "CL"
  読み取り追跡ログ:
  	C:\Users\k023g\source\repos\TD4-2-Clone2\Project\..\Generated\Obj\ONEngine\Debug\ONEngine.tlog\CL.read.1.tlog
  C:\USERS\K023G\SOURCE\REPOS\TD4-2-CLONE2\PROJECT\ENGINE\GRAPHICS\SHADER\SHADER.CPP に対する出力:
  	C:\USERS\K023G\SOURCE\REPOS\TD4-2-CLONE2\GENERATED\OBJ\ONENGINE\DEBUG\SHADER1.OBJ
  Engine\Graphics\Shader\Shader.cpp は追跡ログに見つからないためコンパイルされます。
  C:\USERS\K023G\SOURCE\REPOS\TD4-2-CLONE2\PROJECT\ENGINE\GRAPHICS\SHADER\SHADER.CPP に対する出力:
  	C:\USERS\K023G\SOURCE\REPOS\TD4-2-CLONE2\GENERATED\OBJ\ONENGINE\DEBUG\SHADER1.OBJ
  書き込み追跡ログ:
  	C:\Users\k023g\source\repos\TD4-2-Clone2\Project\..\Generated\Obj\ONEngine\Debug\ONEngine.tlog\CL.11516.write.1.tlog
  ツールに渡された環境変数:
    VS_UNICODE_OUTPUT=2116
    SARIF_OUTPUT_PIPE=2164
  C:\Program Files\Microsoft Visual Studio\18\Community\VC\Tools\MSVC\14.51.36231\bin\HostX86\x64\CL.exe /c /I"C:\Users\k023g\source\repos\TD4-2-Clone2\Project\\" /I"C:\Users\k023g\source\repos\TD4-2-Clone2\Project\Engine" /I"C:\Users\k023g\source\repos\TD4-2-Clone2\Project\Externals\assimp\include" /I"C:\Users\k023g\source\repos\TD4-2-Clone2\Project\Externals\imgui" /I"C:\Users\k023g\source\repos\TD4-2-Clone2\Project\Externals\glib" /I"C:\Users\k023g\source\repos\TD4-2-Clone2\Project\Externals\mono" /I"C:\Users\k023g\source\repos\TD4-2-Clone2\Project\Externals\DirectXTex" /I"C:\Users\k023g\source\repos\TD4-2-Clone2\Project\Externals" /ZI /JMC /nologo /W4 /WX- /diagnostics:column /Od /D _SILENCE_CXX23_ALIGNED_STORAGE_DEPRECATION_WARNING /D _DEBUG /D _WINDOWS /D DEBUG_MODE /D _UNICODE /D UNICODE /Gm- /EHsc /RTC1 /MTd /GS /fp:precise /Zc:wchar_t /Zc:forScope /Zc:inline /std:c++latest /permissive- /Fo"C:\Users\k023g\source\repos\TD4-2-Clone2\Project\..\Generated\Obj\ONEngine\Debug\\Shader1.obj" /Fd"C:\Users\k023g\source\repos\TD4-2-Clone2\Project\..\Generated\Obj\ONEngine\Debug\vc145.pdb" /external:W3 /Gd /TP /FC /errorReport:queue /utf-8 /MP /bigobj Engine\Graphics\Shader\Shader.cpp
  トラッキング コマンド:
  C:\Program Files\Microsoft Visual Studio\18\Community\MSBuild\Current\Bin\Tracker.exe /d "C:\Program Files (x86)\MSBuild\15.0\FileTracker\FileTracker32.dll" /i C:\Users\k023g\source\repos\TD4-2-Clone2\Generated\Obj\ONEngine\Debug\ONEngine.tlog /r C:\USERS\K023G\SOURCE\REPOS\TD4-2-CLONE2\PROJECT\ENGINE\GRAPHICS\SHADER\SHADER.CPP /b MSBuildConsole_CancelEvent2ebe965d2d154e53b82522ad63972c0e  /c "C:\Program Files\Microsoft Visual Studio\18\Community\VC\Tools\MSVC\14.51.36231\bin\HostX86\x64\CL.exe"  /c /I"C:\Users\k023g\source\repos\TD4-2-Clone2\Project\\" /I"C:\Users\k023g\source\repos\TD4-2-Clone2\Project\Engine" /I"C:\Users\k023g\source\repos\TD4-2-Clone2\Project\Externals\assimp\include" /I"C:\Users\k023g\source\repos\TD4-2-Clone2\Project\Externals\imgui" /I"C:\Users\k023g\source\repos\TD4-2-Clone2\Project\Externals\glib" /I"C:\Users\k023g\source\repos\TD4-2-Clone2\Project\Externals\mono" /I"C:\Users\k023g\source\repos\TD4-2-Clone2\Project\Externals\DirectXTex" /I"C:\Users\k023g\source\repos\TD4-2-Clone2\Project\Externals" /ZI /JMC /nologo /W4 /WX- /diagnostics:column /Od /D _SILENCE_CXX23_ALIGNED_STORAGE_DEPRECATION_WARNING /D _DEBUG /D _WINDOWS /D DEBUG_MODE /D _UNICODE /D UNICODE /Gm- /EHsc /RTC1 /MTd /GS /fp:precise /Zc:wchar_t /Zc:forScope /Zc:inline /std:c++latest /permissive- /Fo"C:\Users\k023g\source\repos\TD4-2-Clone2\Project\..\Generated\Obj\ONEngine\Debug\\Shader1.obj" /Fd"C:\Users\k023g\source\repos\TD4-2-Clone2\Project\..\Generated\Obj\ONEngine\Debug\vc145.pdb" /external:W3 /Gd /TP /FC /errorReport:queue /utf-8 /MP /bigobj Engine\Graphics\Shader\Shader.cpp
  Shader.cpp
C:\Users\k023g\source\repos\TD4-2-Clone2\Project\Engine\Graphics\Shader\Shader.cpp(1,1): error C1041: プログラム データベース 'C:\Users\k023g\source\repos\TD4-2-Clone2\Generated\Obj\ONEngine\Debug\vc145.pdb' を開けません。複数の CL.EXE が同じ .PDB ファイルに書き込む場合、/FS を使用してください。 [C:\Users\k023g\source\repos\TD4-2-Clone2\Project\ONEngine.vcxproj]
  コマンドはコード 2 で終了しました。
タスク "CL" の実行が終了しました -- 失敗。
プロジェクト "ONEngine.vcxproj" 内のターゲット "ClCompile" のビルドが終了しました -- 失敗。
プロジェクト "C:\Users\k023g\source\repos\TD4-2-Clone2\Project\ONEngine.vcxproj" (Rebuild ターゲット) のビルドが終了しました -- 失敗。
タスク "MSBuild" の実行が終了しました -- 失敗。
プロジェクト "ONEngine.vcxproj.metaproj" 内のターゲット "Rebuild" のビルドが終了しました -- 失敗。
プロジェクト "C:\Users\k023g\source\repos\TD4-2-Clone2\Project\ONEngine.vcxproj.metaproj" (Rebuild ターゲット) のビルドが終了しました -- 失敗。
タスク "MSBuild" の実行が終了しました -- 失敗。
プロジェクト "ONEngine.sln" 内のターゲット "Rebuild" のビルドが終了しました -- 失敗。
プロジェクト "C:\Users\k023g\source\repos\TD4-2-Clone2\Project\ONEngine.sln" (Rebuild ターゲット) のビルドが終了しました -- 失敗。

ビルドに失敗しました。

"C:\Users\k023g\source\repos\TD4-2-Clone2\Project\ONEngine.sln" (Rebuild ターゲット) (1) ->
"C:\Users\k023g\source\repos\TD4-2-Clone2\Project\ONEngine.vcxproj.metaproj" (Rebuild ターゲット) (2) ->
"C:\Users\k023g\source\repos\TD4-2-Clone2\Project\ONEngine.vcxproj" (Rebuild ターゲット) (5) ->
(ClCompile ターゲット) -> 
  C:\Program Files\Microsoft Visual Studio\18\Community\VC\Tools\MSVC\14.51.36231\include\xutility(5094,18): warning C4244: '=': 'wchar_t' から 'char' への変換です。データが失われる可能性があります。 [C:\Users\k023g\source\repos\TD4-2-Clone2\Project\ONEngine.vcxproj]
  C:\Program Files\Microsoft Visual Studio\18\Community\VC\Tools\MSVC\14.51.36231\include\xutility(5094,18): warning C4244: '=': 'wchar_t' から 'char' への変換です。データが失われる可能性があります。 [C:\Users\k023g\source\repos\TD4-2-Clone2\Project\ONEngine.vcxproj]
  C:\Program Files\Microsoft Visual Studio\18\Community\VC\Tools\MSVC\14.51.36231\include\xutility(5094,18): warning C4244: '=': 'wchar_t' から 'char' への変換です。データが失われる可能性があります。 [C:\Users\k023g\source\repos\TD4-2-Clone2\Project\ONEngine.vcxproj]
  C:\Program Files\Microsoft Visual Studio\18\Community\VC\Tools\MSVC\14.51.36231\include\xutility(5094,18): warning C4244: '=': 'wchar_t' から 'char' への変換です。データが失われる可能性があります。 [C:\Users\k023g\source\repos\TD4-2-Clone2\Project\ONEngine.vcxproj]
  C:\Users\k023g\source\repos\TD4-2-Clone2\Project\Engine\Graphics\Pipelines\Render\Text\TextRenderingPipeline.cpp(81,93): warning C4100: 'dxCommand': 参照されないパラメーター [C:\Users\k023g\source\repos\TD4-2-Clone2\Project\ONEngine.vcxproj]
  C:\Users\k023g\source\repos\TD4-2-Clone2\Project\Engine\Graphics\Pipelines\Render\Text\TextRenderingPipeline.cpp(81,74): warning C4100: 'camera': 参照されないパラメーター [C:\Users\k023g\source\repos\TD4-2-Clone2\Project\ONEngine.vcxproj]
  C:\Users\k023g\source\repos\TD4-2-Clone2\Project\Engine\Script\MonoScriptEngine.cpp(134,25): warning C4996: 'inet_addr': Use inet_pton() or InetPton() instead or define _WINSOCK_DEPRECATED_NO_WARNINGS to disable deprecated API warnings [C:\Users\k023g\source\repos\TD4-2-Clone2\Project\ONEngine.vcxproj]
  C:\Program Files\Microsoft Visual Studio\18\Community\VC\Tools\MSVC\14.51.36231\include\xutility(5094,18): warning C4244: '=': 'wchar_t' から 'char' への変換です。データが失われる可能性があります。 [C:\Users\k023g\source\repos\TD4-2-Clone2\Project\ONEngine.vcxproj]


"C:\Users\k023g\source\repos\TD4-2-Clone2\Project\ONEngine.sln" (Rebuild ターゲット) (1) ->
"C:\Users\k023g\source\repos\TD4-2-Clone2\Project\ONEngine.vcxproj.metaproj" (Rebuild ターゲット) (2) ->
"C:\Users\k023g\source\repos\TD4-2-Clone2\Project\ONEngine.vcxproj" (Rebuild ターゲット) (5) ->
(ClCompile ターゲット) -> 
  C:\Users\k023g\source\repos\TD4-2-Clone2\Project\Engine\Graphics\Shader\Shader.cpp(1,1): error C1041: プログラム データベース 'C:\Users\k023g\source\repos\TD4-2-Clone2\Generated\Obj\ONEngine\Debug\vc145.pdb' を開けません。複数の CL.EXE が同じ .PDB ファイルに書き込む場合、/FS を使用してください。 [C:\Users\k023g\source\repos\TD4-2-Clone2\Project\ONEngine.vcxproj]

    8 個の警告
    1 エラー

経過時間 00:05:02.02
