[14:35:39.137] [info] Logger initialized.
[14:35:39.156] [info] Use Adapter:NVIDIA GeForce RTX 3060 Laptop GPU
[14:35:39.365] [info] FeatureLevel : 12.2
[14:35:39.365] [info] dx device create success!!
[14:35:39.402] [info] dx command create success!!
[14:35:39.402] [info] dx descriptor heap rtv create success!!
[14:35:39.403] [info] dx descriptor heap cbv,srv,uav create success!!
[14:35:39.403] [info] dx descriptor heap dsv create success!!
[14:35:39.616] [info] dx swap chain create success!!
[14:35:39.624] [info] [Load Resource] type:Shader, path:"./Packages/Shader/Render/Line/Line2D.vs.hlsl", profile:"vs_6_0"
[14:35:39.627] [info] [Load Resource] type:Shader, path:"./Packages/Shader/Render/Line/Line2D.ps.hlsl", profile:"ps_6_0"
[14:35:39.638] [info] [Load Resource] type:Shader, path:"Packages/Shader/Render/Sprite/Sprite.vs.hlsl", profile:"vs_6_0"
[14:35:39.648] [info] [Load Resource] type:Shader, path:"Packages/Shader/Render/Sprite/Sprite.ps.hlsl", profile:"ps_6_0"
[14:35:39.665] [info] [Load Resource] type:Shader, path:"Packages/Shader/Render/ParticleSystem2D/ParticleSystem2D.vs.hlsl", profile:"vs_6_0"
[14:35:39.672] [info] [Load Resource] type:Shader, path:"Packages/Shader/Render/ParticleSystem2D/ParticleSystem2D.ps.hlsl", profile:"ps_6_0"
[14:35:39.688] [info] [Load Resource] type:Shader, path:"./Packages/Shader/Render/Line/Line3D.vs.hlsl", profile:"vs_6_0"
[14:35:39.692] [info] [Load Resource] type:Shader, path:"./Packages/Shader/Render/Line/Line3D.ps.hlsl", profile:"ps_6_0"
[14:35:39.700] [info] [Load Resource] type:Shader, path:"Packages/Shader/Render/Skybox/Skybox.vs.hlsl", profile:"vs_6_0"
[14:35:39.705] [info] [Load Resource] type:Shader, path:"Packages/Shader/Render/Skybox/Skybox.ps.hlsl", profile:"ps_6_0"
[14:35:39.716] [info] [Load Resource] type:Shader, path:"./Packages/Shader/Render/Mesh/Mesh.vs.hlsl", profile:"vs_6_0"
[14:35:39.724] [info] [Load Resource] type:Shader, path:"./Packages/Shader/Render/Mesh/Mesh.ps.hlsl", profile:"ps_6_0"
[14:35:39.734] [info] [Load Resource] type:Shader, path:"./Packages/Shader/Render/Mesh/DissolveMesh.vs.hlsl", profile:"vs_6_0"
[14:35:39.744] [info] [Load Resource] type:Shader, path:"./Packages/Shader/Render/Mesh/DissolveMesh.ps.hlsl", profile:"ps_6_0"
[14:35:39.761] [info] [Load Resource] type:Shader, path:"./Packages/Shader/Render/Mesh/SkinMesh.vs.hlsl", profile:"vs_6_0"
[14:35:39.769] [info] [Load Resource] type:Shader, path:"./Packages/Shader/Render/Mesh/SkinMesh.ps.hlsl", profile:"ps_6_0"
[14:35:39.779] [info] [Load Resource] type:Shader, path:"Packages/Shader/Render/Effect/Effect.vs.hlsl", profile:"vs_6_0"
[14:35:39.786] [info] [Load Resource] type:Shader, path:"Packages/Shader/Render/Effect/Effect.ps.hlsl", profile:"ps_6_0"
[14:35:39.805] [info] [Load Resource] type:Shader, path:"Packages/Shader/Render/ParticleSystem/ParticleSystem.vs.hlsl", profile:"vs_6_0"
[14:35:39.811] [info] [Load Resource] type:Shader, path:"Packages/Shader/Render/ParticleSystem/ParticleSystem.ps.hlsl", profile:"ps_6_0"
[14:35:39.833] [info] [Load Resource] type:Shader, path:"./Packages/Shader/Render/Grass/Grass.as.hlsl", profile:"as_6_5"
[14:35:39.866] [info] [Load Resource] type:Shader, path:"./Packages/Shader/Render/Grass/Grass.ms.hlsl", profile:"ms_6_5"
[14:35:39.877] [info] [Load Resource] type:Shader, path:"./Packages/Shader/Render/Grass/Grass.ps.hlsl", profile:"ps_6_0"
[14:35:39.891] [info] [Load Resource] type:Shader, path:"./Packages/Shader/Render/Line/Gizmo3D.vs.hlsl", profile:"vs_6_0"
[14:35:39.896] [info] [Load Resource] type:Shader, path:"./Packages/Shader/Render/Line/Gizmo3D.ps.hlsl", profile:"ps_6_0"
[14:35:39.910] [info] [Load Resource] type:Shader, path:"./Packages/Shader/Render/Line/Gizmo3D.vs.hlsl", profile:"vs_6_0"
[14:35:39.915] [info] [Load Resource] type:Shader, path:"./Packages/Shader/Render/Line/Gizmo3D.ps.hlsl", profile:"ps_6_0"
[14:35:39.951] [info] [Load Resource] type:Shader, path:"Packages/Shader/PostProcess/PerObject/Lighting/Lighting.cs.hlsl", profile:"cs_6_6"
[14:35:39.962] [info] [Load Resource] type:Shader, path:"Packages/Shader/PostProcess/PerObject/Grayscale/Grayscale.cs.hlsl", profile:"cs_6_6"
[14:35:39.972] [info] [Load Resource] type:Shader, path:"Packages/Shader/PostProcess/PerObject/TerrainBrush/TerrainBrush.cs.hlsl", profile:"cs_6_6"
[14:35:39.982] [info] [Load Resource] type:Shader, path:"Packages/Shader/PostProcess/PerObject/VoxelTerrainBrush/VoxelTerrainBrush.cs.hlsl", profile:"cs_6_6"
[14:35:39.994] [info] [Load Resource] type:Shader, path:"./Packages/Shader/PostProcess/PerObject/GaussianBlur/GaussianBlur.cs.hlsl", profile:"cs_6_6"
[14:35:40.018] [info] [Load Resource] type:Shader, path:"./Packages/Shader/PostProcess/Screen/ShadowMap/ShadowMap.cs.hlsl", profile:"cs_6_6"
[14:35:40.036] [info] [Load Resource] type:Shader, path:"./Packages/Shader/PostProcess/Screen/Fog/Fog.cs.hlsl", profile:"cs_6_6"
[14:35:40.045] [info] [Load Resource] type:Shader, path:"Packages/Shader/PostProcess/Screen/Grayscale/Grayscale.cs.hlsl", profile:"cs_6_6"
[14:35:40.056] [info] [Load Resource] type:Shader, path:"Packages/Shader/PostProcess/Screen/RadialBlur/RadialBlur.cs.hlsl", profile:"cs_6_6"
[14:35:40.097] [info] [Load Resource] type:Shader, path:"Packages/Shader/PostProcess/Screen/WaterCausticsLightShafts/WaterCausticsLightShafts.cs.hlsl", profile:"cs_6_6"
[14:35:40.115] [info] [Load Resource] type:Shader, path:"Packages/Shader/PostProcess/Screen/WaterDepthFogVignette/WaterDepthFogVignette.cs.hlsl", profile:"cs_6_6"
[14:35:40.134] [info] [Load Resource] type:Shader, path:"Packages/Shader/PostProcess/Screen/WaterColorGrading/WaterColorGrading.cs.hlsl", profile:"cs_6_6"
[14:35:40.147] [info] [Load Resource] type:Shader, path:"Packages/Shader/PostProcess/Screen/WaterDistortion/WaterDistortion.cs.hlsl", profile:"cs_6_6"
[14:35:40.160] [info] [Load Resource] type:Shader, path:"Packages/Shader/PostProcess/Screen/Fisheye/Fisheye.cs.hlsl", profile:"cs_6_6"
[14:35:40.172] [info] [Load Resource] type:Shader, path:"Packages/Shader/PostProcess/Screen/Pixelate/Pixelate.cs.hlsl", profile:"cs_6_6"
[14:35:40.192] [info] [Success Texture Info] Path: "./Packages/Textures/white.png"
[14:35:40.192] [info]  - DescriptorIndex: 0
[14:35:40.192] [info] AssetCollection: Scanning directory: ./Packages/
[14:35:40.198] [info] AssetCollection: Found 120 assets in ./Packages/
[14:35:40.198] [info] AssetCollection: Scanning directory: ./Assets/
[14:35:40.199] [info] [Load] [Model] - Starting load: "./Packages/Models/BackgroundObjects/Bush1.obj" (ext: ".obj")
[14:35:40.199] [info] [Load] [Model] - Starting load: "./Packages/Models/BackgroundObjects/Grass1.obj" (ext: ".obj")
[14:35:40.199] [info] [Load] [Model] - Starting load: "./Packages/Models/BackgroundObjects/Bush2.obj" (ext: ".obj")
[14:35:40.199] [info] [Load] [Model] - Starting load: "./Packages/Models/BackgroundObjects/Bush3.obj" (ext: ".obj")
[14:35:40.203] [info] AssetCollection: Found 94 assets in ./Assets/
[14:35:40.209] [info]   Mesh[0]: "Bush1_Icosphere", Vertices: 113, Bones: 0
[14:35:40.209] [info]   Mesh[0]: "Bush3_Icosphere.004", Vertices: 72, Bones: 0
[14:35:40.209] [info]   Mesh[0]: "Grass1_Cube", Vertices: 152, Bones: 0
[14:35:40.209] [info]   Mesh[0]: "Bush2_Icosphere.002", Vertices: 172, Bones: 0
[14:35:40.210] [info] [Load] [Model] - Finished: "./Packages/Models/BackgroundObjects/Grass1.obj", Total Meshes: 1, Total Clips: 0
[14:35:40.210] [info]   Mesh[1]: "Tree.002", Vertices: 138, Bones: 0
[14:35:40.210] [info] [Load] [Model] - Starting load: "./Packages/Models/BackgroundObjects/Grass2.obj" (ext: ".obj")
[14:35:40.210] [info]   Mesh[1]: "Tree", Vertices: 83, Bones: 0
[14:35:40.211] [info] [Load] [Model] - Finished: "./Packages/Models/BackgroundObjects/Bush3.obj", Total Meshes: 2, Total Clips: 0
[14:35:40.211] [info]   Mesh[1]: "Tree.001", Vertices: 222, Bones: 0
[14:35:40.211] [info] [Load] [Model] - Finished: "./Packages/Models/BackgroundObjects/Bush1.obj", Total Meshes: 2, Total Clips: 0
[14:35:40.212] [info] [Load] [Model] - Starting load: "./Packages/Models/BackgroundObjects/Grass3.obj" (ext: ".obj")
[14:35:40.212] [info] [Load] [Model] - Finished: "./Packages/Models/BackgroundObjects/Bush2.obj", Total Meshes: 2, Total Clips: 0
[14:35:40.212] [info] [Load] [Model] - Starting load: "./Packages/Models/BackgroundObjects/Rock1.obj" (ext: ".obj")
[14:35:40.212] [info] [Load] [Model] - Starting load: "./Packages/Models/BackgroundObjects/Rock2.obj" (ext: ".obj")
[14:35:40.222] [info]   Mesh[0]: "Grass2_Cube.003", Vertices: 366, Bones: 0
[14:35:40.222] [info]   Mesh[0]: "Rock_Icosphere.001", Vertices: 98, Bones: 0
[14:35:40.223] [info]   Mesh[0]: "Icosphere_Icosphere.002", Vertices: 102, Bones: 0
[14:35:40.223] [info]   Mesh[0]: "Grass3_Cube.003", Vertices: 364, Bones: 0
[14:35:40.223] [info] [Load] [Model] - Finished: "./Packages/Models/BackgroundObjects/Grass2.obj", Total Meshes: 1, Total Clips: 0
[14:35:40.223] [info] [Load] [Model] - Finished: "./Packages/Models/BackgroundObjects/Rock1.obj", Total Meshes: 1, Total Clips: 0
[14:35:40.224] [info] [Load] [Model] - Finished: "./Packages/Models/BackgroundObjects/Rock2.obj", Total Meshes: 1, Total Clips: 0
[14:35:40.224] [info] [Load] [Model] - Finished: "./Packages/Models/BackgroundObjects/Grass3.obj", Total Meshes: 1, Total Clips: 0
[14:35:40.224] [info] [Load] [Model] - Starting load: "./Packages/Models/BackgroundObjects/Tree1.obj" (ext: ".obj")
[14:35:40.224] [info] [Load] [Model] - Starting load: "./Packages/Models/BackgroundObjects/Rock3.obj" (ext: ".obj")
[14:35:40.224] [info] [Load] [Model] - Starting load: "./Packages/Models/BackgroundObjects/Tree2.obj" (ext: ".obj")
[14:35:40.224] [info] [Load] [Model] - Starting load: "./Packages/Models/BackgroundObjects/Tree3.obj" (ext: ".obj")
[14:35:40.234] [info]   Mesh[0]: "Rock3_Icosphere", Vertices: 84, Bones: 0
[14:35:40.235] [info] [Load] [Model] - Finished: "./Packages/Models/BackgroundObjects/Rock3.obj", Total Meshes: 1, Total Clips: 0
[14:35:40.236] [info]   Mesh[0]: "Tree3_Icosphere.001", Vertices: 598, Bones: 0
[14:35:40.236] [info] [Load] [Model] - Starting load: "./Packages/Models/BackgroundObjects/Tree4.obj" (ext: ".obj")
[14:35:40.236] [info]   Mesh[0]: "Tree1_Icosphere.002", Vertices: 518, Bones: 0
[14:35:40.237] [info]   Mesh[0]: "Tree2_Icosphere.001", Vertices: 536, Bones: 0
[14:35:40.237] [info]   Mesh[1]: "Tree.003", Vertices: 356, Bones: 0
[14:35:40.237] [info]   Mesh[1]: "Leaves.008", Vertices: 118, Bones: 0
[14:35:40.237] [info]   Mesh[1]: "Tree.004", Vertices: 550, Bones: 0
[14:35:40.238] [info] [Load] [Model] - Finished: "./Packages/Models/BackgroundObjects/Tree1.obj", Total Meshes: 2, Total Clips: 0
[14:35:40.238] [info] [Load] [Model] - Finished: "./Packages/Models/BackgroundObjects/Tree3.obj", Total Meshes: 2, Total Clips: 0
[14:35:40.238] [info] [Load] [Model] - Finished: "./Packages/Models/BackgroundObjects/Tree2.obj", Total Meshes: 2, Total Clips: 0
[14:35:40.238] [info] [Load] [Model] - Starting load: "./Packages/Models/Human/sneakWalk.gltf" (ext: ".gltf")
[14:35:40.238] [info] [Load] [Model] - Starting load: "./Packages/Models/Human/walk.gltf" (ext: ".gltf")
[14:35:40.239] [info] [Load] [Model] - Starting load: "./Packages/Models/primitive/cube.obj" (ext: ".obj")
[14:35:40.246] [info]   Mesh[0]: "Cube", Vertices: 24, Bones: 0
[14:35:40.247] [info] [Load] [Model] - Finished: "./Packages/Models/primitive/cube.obj", Total Meshes: 1, Total Clips: 0
[14:35:40.247] [info] [Load] [Model] - Starting load: "./Packages/Models/primitive/cylinder.obj" (ext: ".obj")
[14:35:40.247] [info]   Mesh[0]: "Tree4_Cylinder.003", Vertices: 665, Bones: 0
[14:35:40.248] [info]   Mesh[1]: "Leaves.009", Vertices: 1035, Bones: 0
[14:35:40.249] [info] [Load] [Model] - Finished: "./Packages/Models/BackgroundObjects/Tree4.obj", Total Meshes: 2, Total Clips: 0
[14:35:40.250] [info] [Load] [Model] - Starting load: "./Packages/Models/primitive/frontToPlane.obj" (ext: ".obj")
[14:35:40.257] [info]   Mesh[0]: "円柱", Vertices: 130, Bones: 0
[14:35:40.258] [info] [Load] [Model] - Finished: "./Packages/Models/primitive/cylinder.obj", Total Meshes: 1, Total Clips: 0
[14:35:40.259] [info] [Load] [Model] - Starting load: "./Packages/Models/primitive/plane.obj" (ext: ".obj")
[14:35:40.259] [info]   Mesh[0]: "frontToPlane", Vertices: 4, Bones: 0
[14:35:40.260] [info] [Load] [Model] - Finished: "./Packages/Models/primitive/frontToPlane.obj", Total Meshes: 1, Total Clips: 0
[14:35:40.261] [info] [Load] [Model] - Starting load: "./Packages/Models/primitive/sphere.obj" (ext: ".obj")
[14:35:40.265] [info]   Mesh[0]: "Retopology_hp_Plane.002", Vertices: 13538, Bones: 55
[14:35:40.268] [info]   Mesh[0]: "平面", Vertices: 4, Bones: 0
[14:35:40.269] [info] [Load] [AnimationClip] - name:"Armature|mixamo.com|Layer0", hash: 95722531, duration: 1.03s
[14:35:40.269] [info]   Mesh[0]: "Retopology_hp_Plane.002", Vertices: 13538, Bones: 55
[14:35:40.269] [info] [Load] [Model] - Finished: "./Packages/Models/primitive/plane.obj", Total Meshes: 1, Total Clips: 0
[14:35:40.270] [info] [Load] [Model] - Starting load: "./Packages/Models/primitive/tube.obj" (ext: ".obj")
[14:35:40.270] [info] [Load] [Model] - Finished: "./Packages/Models/Human/walk.gltf", Total Meshes: 1, Total Clips: 1
[14:35:40.272] [info] [Load] [AnimationClip] - name:"Armature|mixamo.com|Layer0", hash: 95722531, duration: 0.90s
[14:35:40.273] [info]   Mesh[0]: "球", Vertices: 559, Bones: 0
[14:35:40.274] [info] [Load] [Model] - Finished: "./Packages/Models/Human/sneakWalk.gltf", Total Meshes: 1, Total Clips: 1
[14:35:40.274] [info] [Load] [Model] - Finished: "./Packages/Models/primitive/sphere.obj", Total Meshes: 1, Total Clips: 0
[14:35:40.277] [info]   Mesh[0]: "円柱", Vertices: 66, Bones: 0
[14:35:40.278] [info] [Load] [Model] - Finished: "./Packages/Models/primitive/tube.obj", Total Meshes: 1, Total Clips: 0
[14:35:40.287] [info] [Success Texture Info] Path: "./Packages/Textures/Grass.jpg"
[14:35:40.287] [info]  - DescriptorIndex: 1
[14:35:40.287] [info] [Success Texture Info] Path: "./Packages/Textures/Dirt.jpg"
[14:35:40.287] [info]  - DescriptorIndex: 2
[14:35:40.287] [info] [Success Texture Info] Path: "./Packages/Textures/ImGui/FileIcons/FileIcon.png"
[14:35:40.288] [info]  - DescriptorIndex: 3
[14:35:40.291] [info] [Success Texture Info] Path: "./Packages/Textures/ImGui/FileIcons/FolderIcon.png"
[14:35:40.291] [info]  - DescriptorIndex: 4
[14:35:40.293] [info] [Success Texture Info] Path: "./Packages/Textures/ImGui/pause.png"
[14:35:40.293] [info]  - DescriptorIndex: 5
[14:35:40.294] [info] [Success Texture Info] Path: "./Packages/Textures/ImGui/FileIcons/lets-icons-sound-none-256.png"
[14:35:40.295] [info]  - DescriptorIndex: 6
[14:35:40.295] [info] [Success Texture Info] Path: "./Packages/Textures/ImGui/FileIcons/ph-file-c-sharp-none-256.png"
[14:35:40.295] [info]  - DescriptorIndex: 7
[14:35:40.296] [info] [Success Texture Info] Path: "./Packages/Textures/ImGui/play.png"
[14:35:40.296] [info]  - DescriptorIndex: 8
[14:35:40.297] [info] [Success Texture Info] Path: "./Packages/Textures/ImGui/reload.png"
[14:35:40.297] [info]  - DescriptorIndex: 9
[14:35:40.299] [info] [Success Texture Info] Path: "./Packages/Textures/ImGui/TerrainEditTextures/BrushModeIcon.png"
[14:35:40.299] [info]  - DescriptorIndex: 10
[14:35:40.303] [info] [Success Texture Info] Path: "./Packages/Textures/ImGui/skip.png"
[14:35:40.303] [info]  - DescriptorIndex: 11
[14:35:40.305] [error] [Load Failed] File is not a Texture3D DDS: "./Packages/Textures/kloofendal_48d_partly_cloudy_puresky_2k.dds"
[14:35:40.309] [error] [Load Failed] File is not a Texture3D DDS: "./Packages/Textures/rostock_laage_airport_4k.dds"
[14:35:40.316] [info] [Success Texture Info] Path: "./Packages/Textures/ImGui/FileIcons/ObjIcon.png"
[14:35:40.316] [info]  - DescriptorIndex: 12
[14:35:40.317] [warning] [GenerateMipMaps Failed] Using original image: "./Packages/Textures/Sample3DTexture.dds"
[14:35:40.317] [warning] [GenerateMipMaps Failed] Using original image: "./Packages/Textures/Sample3DTexture.dds"
[14:35:40.318] [info] [Texture DDS Info] Path: "./Packages/Textures/Sample3DTexture.dds"
[14:35:40.319] [info] [Success Texture Info] Path: "./Packages/Textures/rostock_laage_airport_4k.dds"
[14:35:40.319] [info]  - DescriptorIndex: 14
[14:35:40.322] [info] [Success Texture Info] Path: "./Packages/Textures/Snow.jpg"
[14:35:40.322] [info]  - DescriptorIndex: 15
[14:35:40.328] [info] [Success Texture Info] Path: "./Assets/assets/backGround/cloud.png"
[14:35:40.328] [info]  - DescriptorIndex: 16
[14:35:40.331] [info] [Success Texture Info] Path: "./Assets/assets/backGround/fish.png"
[14:35:40.331] [info]  - DescriptorIndex: 17
[14:35:40.339] [info] [Success Texture Info] Path: "./Assets/assets/backGround/flockFish.png"
[14:35:40.339] [info]  - DescriptorIndex: 18
[14:35:40.344] [info] [Success Texture Info] Path: "./Assets/assets/backGround/foam.png"
[14:35:40.344] [info]  - DescriptorIndex: 19
[14:35:40.349] [info] [Success Texture Info] Path: "./Assets/assets/backGround/lock.png"
[14:35:40.349] [info]  - DescriptorIndex: 20
[14:35:40.352] [info] [Success Texture Info] Path: "./Assets/assets/backGround/sand.png"
[14:35:40.352] [info]  - DescriptorIndex: 21
[14:35:40.354] [info] [Success Texture Info] Path: "./Packages/Textures/uvChecker.png"
[14:35:40.355] [info]  - DescriptorIndex: 22
[14:35:40.355] [info] [Success Texture Info] Path: "./Assets/assets/backGround/seaBackGround1x1.png"
[14:35:40.355] [info]  - DescriptorIndex: 23
[14:35:40.358] [info] [Success Texture Info] Path: "./Assets/assets/backGround/wave.png"
[14:35:40.358] [info]  - DescriptorIndex: 24
[14:35:40.358] [info] [Success Texture Info] Path: "./Assets/assets/backGround/seaweed.png"
[14:35:40.358] [info]  - DescriptorIndex: 25
[14:35:40.361] [info] [Success Texture Info] Path: "./Assets/assets/background-sample.png"
[14:35:40.361] [info]  - DescriptorIndex: 26
[14:35:40.365] [info] [Success Texture Info] Path: "./Assets/assets/boss/giantSquid_arm.png"
[14:35:40.365] [info]  - DescriptorIndex: 27
[14:35:40.368] [info] [Success Texture Info] Path: "./Assets/assets/boss/weakness.png"
[14:35:40.368] [info]  - DescriptorIndex: 28
[14:35:40.371] [info] [Success Texture Info] Path: "./Assets/assets/egg.png"
[14:35:40.371] [info]  - DescriptorIndex: 29
[14:35:40.373] [info] [Success Texture Info] Path: "./Assets/assets/enemy/jar.png"
[14:35:40.373] [info]  - DescriptorIndex: 30
[14:35:40.376] [info] [Success Texture Info] Path: "./Assets/assets/enemy/jar2.png"
[14:35:40.376] [info]  - DescriptorIndex: 31
[14:35:40.379] [info] [Success Texture Info] Path: "./Assets/assets/enemy/spike.png"
[14:35:40.379] [info]  - DescriptorIndex: 32
[14:35:40.383] [info] [Success Texture Info] Path: "./Assets/assets/enemy/spikeFish.png"
[14:35:40.383] [info]  - DescriptorIndex: 33
[14:35:40.385] [info] [Success Texture Info] Path: "./Assets/assets/enemy/spikeFish_spike.png"
[14:35:40.385] [info]  - DescriptorIndex: 34
[14:35:40.389] [info] [Success Texture Info] Path: "./Assets/assets/enemy/surfaceOctopus.png"
[14:35:40.389] [info]  - DescriptorIndex: 35
[14:35:40.391] [info] [Success Texture Info] Path: "./Assets/assets/enemy/utsubo.png"
[14:35:40.391] [info]  - DescriptorIndex: 36
[14:35:40.392] [info] [Success Texture Info] Path: "./Assets/assets/boss/giantSquid.png"
[14:35:40.392] [info]  - DescriptorIndex: 37
[14:35:40.393] [info] [Success Texture Info] Path: "./Assets/assets/exp.png"
[14:35:40.393] [info]  - DescriptorIndex: 38
[14:35:40.395] [info] [Success Texture Info] Path: "./Assets/assets/fertilized_egg.png"
[14:35:40.395] [info]  - DescriptorIndex: 39
[14:35:40.396] [info] [Success Texture Info] Path: "./Assets/assets/geso.png"
[14:35:40.396] [info]  - DescriptorIndex: 40
[14:35:40.398] [info] [Success Texture Info] Path: "./Assets/assets/Golden dwarf moray.png"
[14:35:40.399] [info]  - DescriptorIndex: 41
[14:35:40.401] [info] [Success Texture Info] Path: "./Assets/assets/mendako.png"
[14:35:40.401] [info]  - DescriptorIndex: 42
[14:35:40.405] [info] [Success Texture Info] Path: "./Assets/assets/moray eel.png"
[14:35:40.405] [info]  - DescriptorIndex: 43
[14:35:40.407] [info] [Success Texture Info] Path: "./Assets/assets/player/egg.png"
[14:35:40.407] [info]  - DescriptorIndex: 44
[14:35:40.409] [info] [Success Texture Info] Path: "./Assets/assets/player/larva.png"
[14:35:40.409] [info]  - DescriptorIndex: 45
[14:35:40.412] [info] [Success Texture Info] Path: "./Assets/assets/player/larvaEgg.png"
[14:35:40.412] [info]  - DescriptorIndex: 46
[14:35:40.415] [info] [Success Texture Info] Path: "./Assets/assets/player/player.png"
[14:35:40.415] [info]  - DescriptorIndex: 47
[14:35:40.417] [info] [Success Texture Info] Path: "./Assets/assets/player/playerFace.png"
[14:35:40.417] [info]  - DescriptorIndex: 48
[14:35:40.419] [info] [Success Texture Info] Path: "./Assets/assets/player/playerFeet.png"
[14:35:40.419] [info]  - DescriptorIndex: 49
[14:35:40.421] [info] [Success Texture Info] Path: "./Assets/assets/player/playerHead.png"
[14:35:40.421] [info]  - DescriptorIndex: 50
[14:35:40.423] [info] [Success Texture Info] Path: "./Assets/assets/Porcupine fish.png"
[14:35:40.423] [info]  - DescriptorIndex: 51
[14:35:40.430] [info] [Success Texture Info] Path: "./Packages/Textures/Rock.png"
[14:35:40.430] [info]  - DescriptorIndex: 52
[14:35:40.435] [info] [Success Texture Info] Path: "./Assets/assets/title/title_choiceOutline.png"
[14:35:40.435] [info]  - DescriptorIndex: 53
[14:35:40.441] [info] [Success Texture Info] Path: "./Assets/assets/title/title_endUI.png"
[14:35:40.441] [info]  - DescriptorIndex: 54
[14:35:40.446] [info] [Success Texture Info] Path: "./Assets/assets/title/title_optionUI.png"
[14:35:40.447] [info]  - DescriptorIndex: 55
[14:35:40.453] [info] [Success Texture Info] Path: "./Assets/assets/title/title_startUI.png"
[14:35:40.453] [info]  - DescriptorIndex: 56
[14:35:40.459] [info] [Success Texture Info] Path: "./Assets/assets/title/titleUI.png"
[14:35:40.459] [info]  - DescriptorIndex: 57
[14:35:40.460] [info] [Success Texture Info] Path: "./Assets/assets/title.png"
[14:35:40.460] [info]  - DescriptorIndex: 58
[14:35:40.473] [info] [Success Texture Info] Path: "./Assets/assets/kinggeso.png"
[14:35:40.473] [info]  - DescriptorIndex: 59
[14:35:40.476] [info] [Success Texture Info] Path: "./Assets/assets/vase.png"
[14:35:40.476] [info]  - DescriptorIndex: 60
[14:35:40.498] [info] [Success Texture Info] Path: "./Assets/assets/tortoise-face.png"
[14:35:40.498] [info]  - DescriptorIndex: 61
[14:35:40.500] [info] [Load] [Model] - Starting load: "./Assets/Models/Block/ruins_big.obj" (ext: ".obj")
[14:35:40.501] [info] [Success Texture Info] Path: "./Assets/assets/tortoise-hip.png"
[14:35:40.501] [info]  - DescriptorIndex: 62
[14:35:40.502] [info] [Load] [Model] - Starting load: "./Assets/Models/Block/ruins_block1.obj" (ext: ".obj")
[14:35:40.504] [info] [Success Texture Info] Path: "./Packages/Textures/kloofendal_48d_partly_cloudy_puresky_2k.dds"
[14:35:40.504] [info]  - DescriptorIndex: 63
[14:35:40.506] [info] [Load] [Model] - Starting load: "./Assets/Models/Block/ruins_block2.obj" (ext: ".obj")
[14:35:40.509] [info]   Mesh[0]: "立方体.002", Vertices: 96, Bones: 0
[14:35:40.510] [info] [Load] [Model] - Finished: "./Assets/Models/Block/ruins_block1.obj", Total Meshes: 1, Total Clips: 0
[14:35:40.511] [info] [Load] [Model] - Starting load: "./Assets/Models/Block/ruins_block3.obj" (ext: ".obj")
[14:35:40.511] [info]   Mesh[0]: "Cube", Vertices: 1776, Bones: 0
[14:35:40.512] [info] [Load] [Model] - Finished: "./Assets/Models/Block/ruins_big.obj", Total Meshes: 1, Total Clips: 0
[14:35:40.513] [info] [Load] [Model] - Starting load: "./Assets/Models/Block/ruins_block4.obj" (ext: ".obj")
[14:35:40.514] [info]   Mesh[0]: "立方体.001", Vertices: 488, Bones: 0
[14:35:40.515] [info] [Load] [Model] - Finished: "./Assets/Models/Block/ruins_block2.obj", Total Meshes: 1, Total Clips: 0
[14:35:40.515] [info] [Load] [Model] - Starting load: "./Assets/Models/Block/terrian.obj" (ext: ".obj")
[14:35:40.519] [info]   Mesh[0]: "立方体", Vertices: 578, Bones: 0
[14:35:40.520] [info]   Mesh[0]: "Cube", Vertices: 394, Bones: 0
[14:35:40.521] [info] [Load] [Model] - Finished: "./Assets/Models/Block/ruins_block3.obj", Total Meshes: 1, Total Clips: 0
[14:35:40.521] [info] [Load] [Model] - Finished: "./Assets/Models/Block/ruins_block4.obj", Total Meshes: 1, Total Clips: 0
[14:35:40.521] [info] [Load] [Model] - Starting load: "./Assets/Models/Bomb/bomb.obj" (ext: ".obj")
[14:35:40.522] [info]   Mesh[0]: "立方体", Vertices: 48, Bones: 0
[14:35:40.523] [info] [Success Texture Info] Path: "./Assets/Models/Block/terrian.png"
[14:35:40.523] [info]  - DescriptorIndex: 64
[14:35:40.523] [info] [Load] [Model] - Finished: "./Assets/Models/Block/terrian.obj", Total Meshes: 1, Total Clips: 0
[14:35:40.523] [info] [Load] [Model] - Starting load: "./Assets/Models/Boss/boss.obj" (ext: ".obj")
[14:35:40.532] [info]   Mesh[0]: "円柱.001", Vertices: 2520, Bones: 0
[14:35:40.533] [info] [Load] [Model] - Finished: "./Assets/Models/Bomb/bomb.obj", Total Meshes: 1, Total Clips: 0
[14:35:40.533] [info]   Mesh[0]: "立方体.027", Vertices: 2175, Bones: 0
[14:35:40.534] [info] [Load] [Model] - Finished: "./Assets/Models/Boss/boss.obj", Total Meshes: 1, Total Clips: 0
[14:35:40.535] [info] [Load] [Model] - Starting load: "./Assets/Models/Boss/boss_animation.gltf" (ext: ".gltf")
[14:35:40.540] [error] AssetLoader<Model>::ValidateModel: aiScene is null.
[14:35:40.540] [error] [Load] [Model] - Assimp Error: "GLTF: Invalid byteLength exceeds size of actual data.", path: "./Assets/Models/Boss/boss_animation.gltf"
[14:35:40.541] [info] [Load] [Model] - Starting load: "./Assets/Models/objects/FieldCell/FieldCell.obj" (ext: ".obj")
[14:35:40.547] [info]   Mesh[0]: "Cube", Vertices: 24, Bones: 0
[14:35:40.548] [info] [Load] [Model] - Finished: "./Assets/Models/objects/FieldCell/FieldCell.obj", Total Meshes: 1, Total Clips: 0
[14:35:40.548] [info] [Load] [Model] - Starting load: "./Assets/Models/objects/Outscene/boss_head.gltf" (ext: ".gltf")
[14:35:40.549] [info]   Mesh[0]: "立方体.002", Vertices: 436, Bones: 0
[14:35:40.550] [info] [Load] [Model] - Finished: "./Assets/Models/objects/Outscene/boss_head.gltf", Total Meshes: 1, Total Clips: 0
[14:35:40.551] [info] [Load] [Model] - Starting load: "./Assets/Models/objects/PlayerLeftHand/PlayerLeftHand.obj" (ext: ".obj")
[14:35:40.556] [info]   Mesh[0]: "Cube", Vertices: 24, Bones: 0
[14:35:40.557] [info] [Load] [Model] - Finished: "./Assets/Models/objects/PlayerLeftHand/PlayerLeftHand.obj", Total Meshes: 1, Total Clips: 0
[14:35:40.557] [info] [Load] [Model] - Starting load: "./Assets/Models/objects/PlayerRightHand/PlayerRightHand.obj" (ext: ".obj")
[14:35:40.562] [info]   Mesh[0]: "Cube", Vertices: 24, Bones: 0
[14:35:40.563] [info] [Load] [Model] - Finished: "./Assets/Models/objects/PlayerRightHand/PlayerRightHand.obj", Total Meshes: 1, Total Clips: 0
[14:35:40.563] [info] [Load] [Model] - Starting load: "./Assets/Models/Outgame/bg/bonfire.gltf" (ext: ".gltf")
[14:35:40.564] [info]   Mesh[0]: "円柱.001", Vertices: 624, Bones: 0
[14:35:40.565] [info] [Load] [Model] - Finished: "./Assets/Models/Outgame/bg/bonfire.gltf", Total Meshes: 1, Total Clips: 0
[14:35:40.581] [info] [Success Texture Info] Path: "./Assets/Models/Block/ruins.png"
[14:35:40.582] [info]  - DescriptorIndex: 65
[14:35:40.583] [info] [Load] [Model] - Starting load: "./Assets/Models/Outgame/bg/ground.gltf" (ext: ".gltf")
[14:35:40.592] [info]   Mesh[0]: "平面.002", Vertices: 10201, Bones: 0
[14:35:40.594] [info] [Load] [Model] - Finished: "./Assets/Models/Outgame/bg/ground.gltf", Total Meshes: 1, Total Clips: 0
[14:35:40.626] [info] [Success Texture Info] Path: "./Assets/Models/Bomb/bomb.png"
[14:35:40.627] [info]  - DescriptorIndex: 66
[14:35:40.628] [info] [Load] [Model] - Starting load: "./Assets/Models/Outgame/boss_head.gltf" (ext: ".gltf")
[14:35:40.630] [info]   Mesh[0]: "円錐.009", Vertices: 1208, Bones: 0
[14:35:40.631] [info] [Load] [Model] - Finished: "./Assets/Models/Outgame/boss_head.gltf", Total Meshes: 1, Total Clips: 0
[14:35:40.631] [info] [Load] [Model] - Starting load: "./Assets/Models/pillar.obj" (ext: ".obj")
[14:35:40.638] [info]   Mesh[0]: "立方体.003", Vertices: 734, Bones: 0
[14:35:40.639] [info] [Load] [Model] - Finished: "./Assets/Models/pillar.obj", Total Meshes: 1, Total Clips: 0
[14:35:40.639] [info] [Success Texture Info] Path: "./Assets/Models/Boss/boss.png"
[14:35:40.639] [info]  - DescriptorIndex: 67
[14:35:40.640] [info] [Load] [Model] - Starting load: "./Assets/Models/Player/hand.gltf" (ext: ".gltf")
[14:35:40.644] [error] AssetLoader<Model>::ValidateModel: aiScene is null.
[14:35:40.644] [error] [Load] [Model] - Assimp Error: "GLTF: could not open referenced file "hand.bin"", path: "./Assets/Models/Player/hand.gltf"
[14:35:40.645] [info] [Load] [Model] - Starting load: "./Assets/Models/Player/hand.obj" (ext: ".obj")
[14:35:40.651] [info]   Mesh[0]: "立方体", Vertices: 732, Bones: 0
[14:35:40.652] [info] [Load] [Model] - Finished: "./Assets/Models/Player/hand.obj", Total Meshes: 1, Total Clips: 0
[14:35:40.687] [info] [Success Texture Info] Path: "./Assets/Models/Outgame/bg/bonfire.png"
[14:35:40.688] [info]  - DescriptorIndex: 68
[14:35:40.689] [info] [Load] [Model] - Starting load: "./Assets/Models/primitive/front_cube.obj" (ext: ".obj")
[14:35:40.695] [info]   Mesh[0]: "Cube", Vertices: 24, Bones: 0
[14:35:40.695] [info] [Load] [Model] - Finished: "./Assets/Models/primitive/front_cube.obj", Total Meshes: 1, Total Clips: 0
[14:35:40.696] [info] [Load] [Model] - Starting load: "./Assets/Models/Soldier/soldier.gltf" (ext: ".gltf")
[14:35:40.699] [info]   Mesh[0]: "円柱", Vertices: 1243, Bones: 9
[14:35:40.699] [info] [Load] [AnimationClip] - name:"appear", hash: 4138087844, duration: 0.33s
[14:35:40.699] [info] [Load] [AnimationClip] - name:"dance", hash: 4162136220, duration: 1.33s
[14:35:40.699] [info] [Load] [AnimationClip] - name:"leaving", hash: 17007323, duration: 0.33s
[14:35:40.700] [info] [Load] [AnimationClip] - name:"move", hash: 407568404, duration: 0.33s
[14:35:40.700] [info] [Load] [Model] - Finished: "./Assets/Models/Soldier/soldier.gltf", Total Meshes: 1, Total Clips: 4
[14:35:40.701] [info] [Load] [Model] - Starting load: "./Assets/Models/Soldier/soldier.obj" (ext: ".obj")
[14:35:40.708] [info] [Success Texture Info] Path: "./Assets/Models/Outgame/boss.png"
[14:35:40.708] [info]  - DescriptorIndex: 69
[14:35:40.711] [info]   Mesh[0]: "立方体", Vertices: 2206, Bones: 0
[14:35:40.712] [info] [Load] [Model] - Finished: "./Assets/Models/Soldier/soldier.obj", Total Meshes: 1, Total Clips: 0
[14:35:40.713] [info] [Load] [Model] - Starting load: "./Assets/Models/Soldier/soldier_support.gltf" (ext: ".gltf")
[14:35:40.715] [info]   Mesh[0]: "立方体.001", Vertices: 1017, Bones: 9
[14:35:40.716] [info] [Load] [AnimationClip] - name:"beating", hash: 4182670843, duration: 0.67s
[14:35:40.717] [info] [Load] [Model] - Finished: "./Assets/Models/Soldier/soldier_support.gltf", Total Meshes: 1, Total Clips: 1
[14:35:40.732] [info] [Success Texture Info] Path: "./Assets/Models/pillar.png"
[14:35:40.732] [info]  - DescriptorIndex: 70
[14:35:40.757] [info] [Success Texture Info] Path: "./Assets/Models/Player/hand.png"
[14:35:40.757] [info]  - DescriptorIndex: 71
[14:35:40.763] [info] [Load] [AudioClip] - path:"./Assets/Sounds/pause-ui-select.mp3"
[14:35:40.783] [info] [Success Texture Info] Path: "./Assets/Textures/AButton.png"
[14:35:40.783] [info]  - DescriptorIndex: 72
[14:35:40.813] [info] [Success Texture Info] Path: "./Assets/Textures/circle.png"
[14:35:40.813] [info]  - DescriptorIndex: 73
[14:35:40.843] [info] [Success Texture Info] Path: "./Assets/Textures/gradation.png"
[14:35:40.843] [info]  - DescriptorIndex: 74
[14:35:40.846] [info] [Success Texture Info] Path: "./Assets/Models/Soldier/soldier.png"
[14:35:40.847] [info]  - DescriptorIndex: 75
[14:35:40.851] [info] [Success Texture Info] Path: "./Assets/Models/Soldier/soldier_support.png"
[14:35:40.851] [info]  - DescriptorIndex: 76
[14:35:40.876] [info] [Success Texture Info] Path: "./Assets/Textures/gradationLine.png"
[14:35:40.877] [info]  - DescriptorIndex: 77
[14:35:40.880] [info] [Success Texture Info] Path: "./Assets/Textures/seaweed.png"
[14:35:40.880] [info]  - DescriptorIndex: 78
[14:35:40.882] [info] [Success Texture Info] Path: "./Assets/Textures/noise.png"
[14:35:40.883] [info]  - DescriptorIndex: 79
[14:35:40.883] [info] [Success Texture Info] Path: "./Assets/Textures/ring.png"
[14:35:40.883] [info]  - DescriptorIndex: 80
[14:35:40.896] [info] [Success Texture Info] Path: "./Assets/Textures/UI/exit-game.png"
[14:35:40.896] [info]  - DescriptorIndex: 81
[14:35:40.905] [info] [Success Texture Info] Path: "./Assets/Textures/UI/checkpoint-restrat.png"
[14:35:40.905] [info]  - DescriptorIndex: 82
[14:35:40.911] [info] [Success Texture Info] Path: "./Assets/Textures/UI/main-menu.png"
[14:35:40.911] [info]  - DescriptorIndex: 83
[14:35:40.911] [info] [Success Texture Info] Path: "./Assets/Textures/smoke.png"
[14:35:40.911] [info]  - DescriptorIndex: 84
[14:35:40.915] [info] [Success Texture Info] Path: "./Assets/Textures/Vignette.png"
[14:35:40.915] [info]  - DescriptorIndex: 85
[14:35:40.920] [info] [Success Texture Info] Path: "./Assets/Textures/UI/Resume.png"
[14:35:40.920] [info]  - DescriptorIndex: 86
[14:35:40.980] [info] [Load] [AudioClip] - path:"./Assets/Sounds/test-bgm.mp3"
[14:35:40.990] [info] dx depth stencil create success!!
[14:35:40.997] [info] dx depth stencil create success!!
[14:35:41.003] [info] dx depth stencil create success!!
[14:35:41.010] [info] dx depth stencil create success!!
[14:35:41.022] [info] [Load Resource] type:Shader, path:"Packages/Shader/Render/CopyImage/CopyImage.vs.hlsl", profile:"vs_6_0"
[14:35:41.030] [info] [Load Resource] type:Shader, path:"Packages/Shader/Render/CopyImage/CopyImage.ps.hlsl", profile:"ps_6_0"
[14:35:41.070] [info] dx swap chain create success!!
[14:35:41.073] [info] Mono version: 6.12.0 (Visual Studio built mono)
[14:35:41.073] [info] [Mono][info] Config attempting to parse: 'C:\Users\k023g\source\repos\TD4-2-Clone2\Project\Externals\mono\etc\mono\config'.
[14:35:41.075] [info] [Mono][info] Assembly Loader probing location: 'C:\Users\k023g\source\repos\TD4-2-Clone2\Project\Packages\mono\lib\4.5\mscorlib.dll'.
[14:35:41.076] [info] [Mono][info] Image addref mscorlib[00000157FF61F6A0] (asmctx DEFAULT) -> C:\Users\k023g\source\repos\TD4-2-Clone2\Project\Packages\mono\lib\4.5\mscorlib.dll[00000157FF046890]: 2
[14:35:41.076] [info] [Mono][info] Prepared to set up assembly 'mscorlib' (C:\Users\k023g\source\repos\TD4-2-Clone2\Project\Packages\mono\lib\4.5\mscorlib.dll)
[14:35:41.077] [info] [Mono][info] AOT: image 'C:\Users\k023g\source\repos\TD4-2-Clone2\Project\Packages\mono\lib\4.5\mscorlib.dll.dll' not found: 指定されたファイルが見つかりません。

[14:35:41.077] [info] [Mono][info] AOT: image 'C:\Users\k023g\source\repos\TD4-2-Clone2\Project\Packages\Scripts\lib/mono/aot-cache/amd64/mscorlib.dll.dll' not found: 指定されたパスが見つかりません。

[14:35:41.077] [info] [Mono][info] Assembly Loader loaded assembly from location: 'C:\Users\k023g\source\repos\TD4-2-Clone2\Project\Packages\mono\lib\4.5\mscorlib.dll'.
[14:35:41.077] [info] [Mono][info] Config attempting to parse: 'C:\Users\k023g\source\repos\TD4-2-Clone2\Project\Packages\mono\lib\4.5\mscorlib.dll.config'.
[14:35:41.077] [info] [Mono][info] Config attempting to parse: 'C:\Users\k023g\source\repos\TD4-2-Clone2\Project\Externals\mono\etc\mono\assemblies\mscorlib\mscorlib.config'.
[14:35:41.078] [info] [Mono][info] Config attempting to parse: 'C:\Users\k023g\.mono\assemblies\mscorlib\mscorlib.config'.
[14:35:41.095] [info] [Mono][info] Assembly mscorlib[00000157FF61F6A0] added to domain MyRootDomain, ref_count=1
[14:35:41.095] [info] [Mono][info] Assembly mscorlib[00000157FF61F6A0] added to domain ReloadedDomain_1, ref_count=2
[14:35:41.097] [info] Latest DLL found: ./Packages/Scripts\CSharpLibrary_20260706_140202.dll
[14:35:41.097] [info] [Mono][info] Assembly Loader probing location: 'C:\Users\k023g\source\repos\TD4-2-Clone2\Project\Packages\Scripts\CSharpLibrary_20260706_140202.dll'.
[14:35:41.098] [info] [Mono][info] Image addref CSharpLibrary[00000157FFE3F2A0] (asmctx DEFAULT) -> C:\Users\k023g\source\repos\TD4-2-Clone2\Project\Packages\Scripts\CSharpLibrary_20260706_140202.dll[00000157FF0459F0]: 2
[14:35:41.098] [info] [Mono][info] Prepared to set up assembly 'CSharpLibrary' (C:\Users\k023g\source\repos\TD4-2-Clone2\Project\Packages\Scripts\CSharpLibrary_20260706_140202.dll)
[14:35:41.098] [info] [Mono][info] Assembly CSharpLibrary[00000157FFE3F2A0] added to domain ReloadedDomain_1, ref_count=1
[14:35:41.098] [info] [Mono][info] Assembly Loader loaded assembly from location: 'C:\Users\k023g\source\repos\TD4-2-Clone2\Project\Packages\Scripts\CSharpLibrary_20260706_140202.dll'.
[14:35:41.098] [info] [Mono][info] Config attempting to parse: 'C:\Users\k023g\source\repos\TD4-2-Clone2\Project\Packages\Scripts\CSharpLibrary_20260706_140202.dll.config'.
[14:35:41.098] [info] [Mono][info] Config attempting to parse: 'C:\Users\k023g\source\repos\TD4-2-Clone2\Project\Externals\mono\etc\mono\assemblies\CSharpLibrary\CSharpLibrary.config'.
[14:35:41.099] [info] [Mono][info] Config attempting to parse: 'C:\Users\k023g\.mono\assemblies\CSharpLibrary\CSharpLibrary.config'.
[14:35:41.099] [info] [Mono][info] Requesting loading reference 0 (of 4) of C:\Users\k023g\source\repos\TD4-2-Clone2\Project\Packages\Scripts\CSharpLibrary_20260706_140202.dll
[14:35:41.099] [info] [Mono][info] Loading reference 0 of C:\Users\k023g\source\repos\TD4-2-Clone2\Project\Packages\Scripts\CSharpLibrary_20260706_140202.dll asmctx DEFAULT, looking for mscorlib, Version=4.0.0.0, Culture=neutral, PublicKeyToken=b77a5c561934e089
[14:35:41.099] [info] [Mono][info] Assembly Ref addref CSharpLibrary[00000157FFE3F2A0] -> mscorlib[00000157FF61F6A0]: 3
[14:35:41.100] [info] [Mono][info] Requesting loading reference 1 (of 4) of C:\Users\k023g\source\repos\TD4-2-Clone2\Project\Packages\Scripts\CSharpLibrary_20260706_140202.dll
[14:35:41.100] [info] [Mono][info] Loading reference 1 of C:\Users\k023g\source\repos\TD4-2-Clone2\Project\Packages\Scripts\CSharpLibrary_20260706_140202.dll asmctx DEFAULT, looking for System.Core, Version=4.0.0.0, Culture=neutral, PublicKeyToken=b77a5c561934e089
[14:35:41.100] [info] [Mono][info] Assembly Loader probing location: 'C:\Users\k023g\source\repos\TD4-2-Clone2\Project\Packages\mono\lib\4.5\System.Core.dll'.
[14:35:41.101] [info] [Mono][info] Image addref System.Core[00000157FFE3F660] (asmctx DEFAULT) -> C:\Users\k023g\source\repos\TD4-2-Clone2\Project\Packages\mono\lib\4.5\System.Core.dll[00000157FF046140]: 2
[14:35:41.101] [info] [Mono][info] Prepared to set up assembly 'System.Core' (C:\Users\k023g\source\repos\TD4-2-Clone2\Project\Packages\mono\lib\4.5\System.Core.dll)
[14:35:41.101] [info] [Mono][info] Assembly System.Core[00000157FFE3F660] added to domain ReloadedDomain_1, ref_count=1
[14:35:41.101] [info] [Mono][info] Assembly Loader loaded assembly from location: 'C:\Users\k023g\source\repos\TD4-2-Clone2\Project\Packages\mono\lib\4.5\System.Core.dll'.
[14:35:41.102] [info] [Mono][info] Config attempting to parse: 'C:\Users\k023g\source\repos\TD4-2-Clone2\Project\Packages\mono\lib\4.5\System.Core.dll.config'.
[14:35:41.102] [info] [Mono][info] Config attempting to parse: 'C:\Users\k023g\source\repos\TD4-2-Clone2\Project\Externals\mono\etc\mono\assemblies\System.Core\System.Core.config'.
[14:35:41.102] [info] [Mono][info] Config attempting to parse: 'C:\Users\k023g\.mono\assemblies\System.Core\System.Core.config'.
[14:35:41.102] [info] [Mono][info] Assembly Ref addref CSharpLibrary[00000157FFE3F2A0] -> System.Core[00000157FFE3F660]: 2
[14:35:41.103] [info] [Mono][info] Requesting loading reference 0 (of 2) of C:\Users\k023g\source\repos\TD4-2-Clone2\Project\Packages\mono\lib\4.5\System.Core.dll
[14:35:41.103] [info] [Mono][info] Loading reference 0 of C:\Users\k023g\source\repos\TD4-2-Clone2\Project\Packages\mono\lib\4.5\System.Core.dll asmctx DEFAULT, looking for mscorlib, Version=4.0.0.0, Culture=neutral, PublicKeyToken=b77a5c561934e089
[14:35:41.103] [info] [Mono][info] Assembly Ref addref System.Core[00000157FFE3F660] -> mscorlib[00000157FF61F6A0]: 4
[14:35:41.103] [info] [Mono][info] Requesting loading reference 1 (of 2) of C:\Users\k023g\source\repos\TD4-2-Clone2\Project\Packages\mono\lib\4.5\System.Core.dll
[14:35:41.103] [info] [Mono][info] Loading reference 1 of C:\Users\k023g\source\repos\TD4-2-Clone2\Project\Packages\mono\lib\4.5\System.Core.dll asmctx DEFAULT, looking for System, Version=4.0.0.0, Culture=neutral, PublicKeyToken=b77a5c561934e089
[14:35:41.104] [info] [Mono][info] Assembly Loader probing location: 'C:\Users\k023g\source\repos\TD4-2-Clone2\Project\Packages\mono\lib\4.5\System.dll'.
[14:35:41.104] [info] [Mono][info] Image addref System[00000157FFE3F720] (asmctx DEFAULT) -> C:\Users\k023g\source\repos\TD4-2-Clone2\Project\Packages\mono\lib\4.5\System.dll[00000157FF046FE0]: 2
[14:35:41.104] [info] [Mono][info] Prepared to set up assembly 'System' (C:\Users\k023g\source\repos\TD4-2-Clone2\Project\Packages\mono\lib\4.5\System.dll)
[14:35:41.104] [info] [Mono][info] Assembly System[00000157FFE3F720] added to domain ReloadedDomain_1, ref_count=1
[14:35:41.105] [info] [Mono][info] Assembly Loader loaded assembly from location: 'C:\Users\k023g\source\repos\TD4-2-Clone2\Project\Packages\mono\lib\4.5\System.dll'.
[14:35:41.105] [info] [Mono][info] Config attempting to parse: 'C:\Users\k023g\source\repos\TD4-2-Clone2\Project\Packages\mono\lib\4.5\System.dll.config'.
[14:35:41.105] [info] [Mono][info] Config attempting to parse: 'C:\Users\k023g\source\repos\TD4-2-Clone2\Project\Externals\mono\etc\mono\assemblies\System\System.config'.
[14:35:41.105] [info] [Mono][info] Config attempting to parse: 'C:\Users\k023g\.mono\assemblies\System\System.config'.
[14:35:41.105] [info] [Mono][info] Assembly Ref addref System.Core[00000157FFE3F660] -> System[00000157FFE3F720]: 2
[14:35:41.107] [info] [Mono][info] Requesting loading reference 0 (of 6) of C:\Users\k023g\source\repos\TD4-2-Clone2\Project\Packages\mono\lib\4.5\System.dll
[14:35:41.107] [info] [Mono][info] Loading reference 0 of C:\Users\k023g\source\repos\TD4-2-Clone2\Project\Packages\mono\lib\4.5\System.dll asmctx DEFAULT, looking for mscorlib, Version=4.0.0.0, Culture=neutral, PublicKeyToken=b77a5c561934e089
[14:35:41.107] [info] [Mono][info] Assembly Ref addref System[00000157FFE3F720] -> mscorlib[00000157FF61F6A0]: 5
[14:35:41.401] [info] [SOURCE_DETECTOR] Engine creating Entity (Internal)
[14:35:41.401] [info] [CPP ECS] FromJson - Adding component 'Transform' to entity 'Player'
[14:35:41.402] [info] [CPP ECS] FromJson - Adding component 'CircleCollider' to entity 'Player'
[14:35:41.402] [info] [CPP ECS] FromJson - Adding component 'Variables' to entity 'Player'
[14:35:41.402] [info] [CPP ECS] FromJson - Adding component 'Script' to entity 'Player'
[14:35:41.402] [info] [CPP ECS] FromJson - Adding component 'SpriteRenderer' to entity 'Player'
[14:35:41.402] [info] [CPP ECS] FromJson - Adding component 'Variables' to entity 'Player'
[14:35:41.403] [info] [SOURCE_DETECTOR] Engine creating Entity (Internal)
[14:35:41.403] [info] [CPP ECS] FromJson - Adding component 'Transform' to entity 'Player_Body'
[14:35:41.403] [info] [CPP ECS] FromJson - Adding component 'Variables' to entity 'Player_Body'
[14:35:41.403] [info] [CPP ECS] FromJson - Adding component 'SpriteRenderer' to entity 'Player_Body'
[14:35:41.403] [info] [CPP ECS] FromJson - Adding component 'Script' to entity 'Player_Body'
[14:35:41.403] [info] [CPP ECS] FromJson - Adding component 'Transform' to entity 'Player_Body'
[14:35:41.403] [info] [CPP ECS] FromJson - Adding component 'CircleCollider' to entity 'Player_Body'
[14:35:41.403] [info] [CPP ECS] FromJson - Adding component 'Variables' to entity 'Player_Body'
[14:35:41.404] [info] [SOURCE_DETECTOR] Engine creating Entity (Internal)
[14:35:41.404] [info] [CPP ECS] FromJson - Adding component 'Transform' to entity 'Player_Tentacle'
[14:35:41.404] [info] [CPP ECS] FromJson - Adding component 'Variables' to entity 'Player_Tentacle'
[14:35:41.404] [info] [CPP ECS] FromJson - Adding component 'SpriteRenderer' to entity 'Player_Tentacle'
[14:35:41.404] [info] [CPP ECS] FromJson - Adding component 'Script' to entity 'Player_Tentacle'
[14:35:41.404] [info] [CPP ECS] FromJson - Adding component 'Transform' to entity 'Player_Tentacle'
[14:35:41.404] [info] [CPP ECS] FromJson - Adding component 'CircleCollider' to entity 'Player_Tentacle'
[14:35:41.404] [info] [CPP ECS] FromJson - Adding component 'Variables' to entity 'Player_Tentacle'
[14:35:41.404] [info] [SOURCE_DETECTOR] Engine creating Entity (Internal)
[14:35:41.404] [info] [CPP ECS] FromJson - Adding component 'CameraComponent' to entity 'MainCamera'
[14:35:41.404] [info] [CPP ECS] FromJson - Adding component 'Transform' to entity 'MainCamera'
[14:35:41.404] [info] [CPP ECS] FromJson - Adding component 'Variables' to entity 'MainCamera'
[14:35:41.405] [info] [CPP ECS] FromJson - Adding component 'Script' to entity 'MainCamera'
[14:35:41.405] [info] [SOURCE_DETECTOR] Engine creating Entity (Internal)
[14:35:41.405] [info] [CPP ECS] FromJson - Adding component 'Transform' to entity 'Background'
[14:35:41.405] [info] [CPP ECS] FromJson - Adding component 'Variables' to entity 'Background'
[14:35:41.405] [info] [CPP ECS] FromJson - Adding component 'ScreenPostEffectTag' to entity 'Background'
[14:35:41.405] [info] [CPP ECS] FromJson - Adding component 'ScreenPostEffectTag' to entity 'Background'
[14:35:41.405] [info] [SOURCE_DETECTOR] Engine creating Entity (Internal)
[14:35:41.405] [info] [CPP ECS] FromJson - Adding component 'Transform' to entity 'EnemySpawnSystem'
[14:35:41.405] [info] [CPP ECS] FromJson - Adding component 'Variables' to entity 'EnemySpawnSystem'
[14:35:41.405] [info] [CPP ECS] FromJson - Adding component 'Script' to entity 'EnemySpawnSystem'
[14:35:41.405] [info] [CPP ECS] FromJson - Adding component 'BoxCollider2D' to entity 'EnemySpawnSystem'
[14:35:41.405] [info] [SOURCE_DETECTOR] Engine creating Entity (Internal)
[14:35:41.406] [info] [CPP ECS] FromJson - Adding component 'Transform' to entity 'SkyZone'
[14:35:41.406] [info] [CPP ECS] FromJson - Adding component 'Variables' to entity 'SkyZone'
[14:35:41.406] [info] [CPP ECS] FromJson - Adding component 'Script' to entity 'SkyZone'
[14:35:41.406] [info] [CPP ECS] FromJson - Adding component 'BoxCollider2D' to entity 'SkyZone'
[14:35:41.406] [info] [SOURCE_DETECTOR] Engine creating Entity (Internal)
[14:35:41.406] [info] [CPP ECS] FromJson - Adding component 'Transform' to entity 'water surface'
[14:35:41.406] [info] [CPP ECS] FromJson - Adding component 'Variables' to entity 'water surface'
[14:35:41.406] [info] [CPP ECS] FromJson - Adding component 'SpriteRenderer' to entity 'water surface'
[14:35:41.406] [info] [SOURCE_DETECTOR] Engine creating Entity (Internal)
[14:35:41.406] [info] [CPP ECS] FromJson - Adding component 'Transform' to entity 'sky'
[14:35:41.407] [info] [CPP ECS] FromJson - Adding component 'Variables' to entity 'sky'
[14:35:41.407] [info] [CPP ECS] FromJson - Adding component 'SpriteRenderer' to entity 'sky'
[14:35:41.407] [info] [SOURCE_DETECTOR] Engine creating Entity (Internal)
[14:35:41.407] [info] [CPP ECS] FromJson - Adding component 'Transform' to entity 'underwater'
[14:35:41.407] [info] [CPP ECS] FromJson - Adding component 'Variables' to entity 'underwater'
[14:35:41.407] [info] [CPP ECS] FromJson - Adding component 'SpriteRenderer' to entity 'underwater'
[14:35:41.407] [info] [SOURCE_DETECTOR] Engine creating Entity (Internal)
[14:35:41.407] [info] [CPP ECS] FromJson - Adding component 'Transform' to entity 'sand'
[14:35:41.407] [info] [CPP ECS] FromJson - Adding component 'Variables' to entity 'sand'
[14:35:41.407] [info] [CPP ECS] FromJson - Adding component 'SpriteRenderer' to entity 'sand'
[14:35:41.408] [info] [SOURCE_DETECTOR] Engine creating Entity (Internal)
[14:35:41.408] [info] [CPP ECS] FromJson - Adding component 'Transform' to entity 'uvChecker'
[14:35:41.408] [info] [CPP ECS] FromJson - Adding component 'Variables' to entity 'uvChecker'
[14:35:41.408] [info] [CPP ECS] FromJson - Adding component 'SpriteRenderer' to entity 'uvChecker'
[14:35:41.408] [info] [SOURCE_DETECTOR] Engine creating Entity (Internal)
[14:35:41.408] [info] [CPP ECS] FromJson - Adding component 'Transform' to entity 'cloudManager'
[14:35:41.408] [info] [CPP ECS] FromJson - Adding component 'Variables' to entity 'cloudManager'
[14:35:41.408] [info] [CPP ECS] FromJson - Adding component 'Script' to entity 'cloudManager'
[14:35:41.408] [info] [SOURCE_DETECTOR] Engine creating Entity (Internal)
[14:35:41.408] [info] [CPP ECS] FromJson - Adding component 'Transform' to entity 'ExpAttractor'
[14:35:41.409] [info] [CPP ECS] FromJson - Adding component 'CircleCollider' to entity 'ExpAttractor'
[14:35:41.409] [info] [CPP ECS] FromJson - Adding component 'Variables' to entity 'ExpAttractor'
[14:35:41.409] [info] [CPP ECS] FromJson - Adding component 'Script' to entity 'ExpAttractor'
[14:35:41.409] [info] [SOURCE_DETECTOR] Engine creating Entity (Internal)
[14:35:41.409] [info] [CPP ECS] FromJson - Adding component 'Transform' to entity 'EpipelagicZone'
[14:35:41.409] [info] [CPP ECS] FromJson - Adding component 'Variables' to entity 'EpipelagicZone'
[14:35:41.409] [info] [CPP ECS] FromJson - Adding component 'BoxCollider2D' to entity 'EpipelagicZone'
[14:35:41.409] [info] [CPP ECS] FromJson - Adding component 'Script' to entity 'EpipelagicZone'
[14:35:41.409] [info] [SOURCE_DETECTOR] Engine creating Entity (Internal)
[14:35:41.409] [info] [CPP ECS] FromJson - Adding component 'Transform' to entity 'MesopelagicZone'
[14:35:41.409] [info] [CPP ECS] FromJson - Adding component 'Variables' to entity 'MesopelagicZone'
[14:35:41.409] [info] [CPP ECS] FromJson - Adding component 'BoxCollider2D' to entity 'MesopelagicZone'
[14:35:41.409] [info] [CPP ECS] FromJson - Adding component 'Script' to entity 'MesopelagicZone'
[14:35:41.410] [info] [SOURCE_DETECTOR] Engine creating Entity (Internal)
[14:35:41.410] [info] [CPP ECS] FromJson - Adding component 'Transform' to entity 'Roe'
[14:35:41.410] [info] [CPP ECS] FromJson - Adding component 'Variables' to entity 'Roe'
[14:35:41.410] [info] [CPP ECS] FromJson - Adding component 'Script' to entity 'Roe'
[14:35:41.410] [info] [CPP ECS] FromJson - Adding component 'SpriteRenderer' to entity 'Roe'
[14:35:41.428] [info] Successfully synced initial components to C# for group: GameScene
[14:35:41.429] [info] [SOURCE_DETECTOR] Engine creating Entity (Internal)
[14:35:41.429] [info] [CPP ECS] FromJson - Adding component 'CameraComponent' to entity 'Camera'
[14:35:41.429] [info] [CPP ECS] FromJson - Adding component 'Transform' to entity 'Camera'
[14:35:41.429] [info] [CPP ECS] FromJson - Adding component 'Variables' to entity 'Camera'
[14:35:41.429] [info] Successfully synced initial components to C# for group: Debug
[14:35:41.436] [info] [Load Resource] type:Shader, path:"./Packages/Shader/Editor/GameEntityPicking.cs.hlsl", profile:"cs_6_6"
[14:35:41.438] [info] ################################################################################
[14:35:41.438] [info] #
[14:35:41.438] [info] # Initialization completed in 2303 ms
[14:35:41.438] [info] #
[14:35:41.438] [info] ################################################################################
[14:35:41.444] [info] [Mono][info] Requesting loading reference 3 (of 4) of C:\Users\k023g\source\repos\TD4-2-Clone2\Project\Packages\Scripts\CSharpLibrary_20260706_140202.dll
[14:35:41.444] [info] [Mono][info] Loading reference 3 of C:\Users\k023g\source\repos\TD4-2-Clone2\Project\Packages\Scripts\CSharpLibrary_20260706_140202.dll asmctx DEFAULT, looking for System, Version=4.0.0.0, Culture=neutral, PublicKeyToken=b77a5c561934e089
[14:35:41.444] [info] [Mono][info] Assembly Ref addref CSharpLibrary[00000157FFE3F2A0] -> System[00000157FFE3F720]: 3
[14:35:41.462] [info] [SetScriptVars] OK setting fields for: PlayerInputComponent
[14:35:41.462] [info] [SerializeField] attrs=null for field: moveDir_
[14:35:41.462] [info] [SerializeField] attrs=null for field: isShootButtonPressed_
[14:35:41.462] [info] [SerializeField] attrs=null for field: isDashButtonPressed_
[14:35:41.462] [info] [SerializeField] attrs=null for field: isReloadButtonPressed_
[14:35:41.463] [info] [SerializeField] field=shootKeys_ has=true
[14:35:41.463] [info] [SerializeField] field=shotButtons_ has=true
[14:35:41.464] [info] [SerializeField] field=dashKeys_ has=true
[14:35:41.464] [info] [SerializeField] field=dashButtons_ has=true
[14:35:41.464] [info] [SerializeField] field=reloadKeys_ has=true
[14:35:41.464] [info] [SerializeField] field=reloadButtons_ has=true
[14:35:41.464] [info] [SetScriptVars] OK setting fields for: PlayerInputComponent
[14:35:41.464] [info] [SerializeField] attrs=null for field: moveDir_
[14:35:41.464] [info] [SerializeField] attrs=null for field: isShootButtonPressed_
[14:35:41.464] [info] [SerializeField] attrs=null for field: isDashButtonPressed_
[14:35:41.465] [info] [SerializeField] attrs=null for field: isReloadButtonPressed_
[14:35:41.465] [info] [SerializeField] field=shootKeys_ has=true
[14:35:41.465] [info] [SerializeField] field=shotButtons_ has=true
[14:35:41.465] [info] [SerializeField] field=dashKeys_ has=true
[14:35:41.465] [info] [SerializeField] field=dashButtons_ has=true
[14:35:41.465] [info] [SerializeField] field=reloadKeys_ has=true
[14:35:41.465] [info] [SerializeField] field=reloadButtons_ has=true
[14:35:41.466] [info] [SetScriptVars] OK setting fields for: PlayerStateComponent
[14:35:41.466] [info] [SerializeField] attrs=null for field: normalState_
[14:35:41.466] [info] [SerializeField] attrs=null for field: dashState_
[14:35:41.466] [info] [SerializeField] attrs=null for field: transitions_
[14:35:41.466] [info] [SerializeField] attrs=null for field: currentState_
[14:35:41.466] [info] [SerializeField] field=currentStateName_ has=true
[14:35:41.466] [info] [SerializeField] attrs=null for field: fallbackMoveParam_
[14:35:41.467] [info] [SetScriptVars] OK setting fields for: PlayerStateComponent
[14:35:41.467] [info] [SerializeField] attrs=null for field: normalState_
[14:35:41.467] [info] [SerializeField] attrs=null for field: dashState_
[14:35:41.467] [info] [SerializeField] attrs=null for field: transitions_
[14:35:41.467] [info] [SerializeField] attrs=null for field: currentState_
[14:35:41.467] [info] [SerializeField] field=currentStateName_ has=true
[14:35:41.467] [info] [SerializeField] attrs=null for field: fallbackMoveParam_
[14:35:41.468] [info] [SetScriptVars] OK setting fields for: LevelingComponent
[14:35:41.469] [info] [SerializeField] field=maxLevel_ has=true
[14:35:41.469] [info] [SerializeField] field=baseRequiredExp_ has=true
[14:35:41.469] [info] [SerializeField] field=currentLevel_ has=true
[14:35:41.469] [info] [SerializeField] field=currentExp_ has=true
[14:35:41.469] [info] [SerializeField] attrs=null for field: addedExp_
[14:35:41.469] [info] [SerializeField] attrs=null for field: totalGainedExp_
[14:35:41.469] [info] [SerializeField] attrs=null for field: requiredExp_
[14:35:41.469] [info] [SerializeField] attrs=null for field: isLevelUp_
[14:35:41.469] [info] [SerializeField] attrs=null for field: pendingDestroyIds_
[14:35:41.469] [info] [SetScriptVars] OK setting fields for: LevelingComponent
[14:35:41.469] [info] [SerializeField] field=maxLevel_ has=true
[14:35:41.470] [info] [SerializeField] field=baseRequiredExp_ has=true
[14:35:41.470] [info] [SerializeField] field=currentLevel_ has=true
[14:35:41.470] [info] [SerializeField] field=currentExp_ has=true
[14:35:41.470] [info] [SerializeField] attrs=null for field: addedExp_
[14:35:41.470] [info] [SerializeField] attrs=null for field: totalGainedExp_
[14:35:41.470] [info] [SerializeField] attrs=null for field: requiredExp_
[14:35:41.470] [info] [SerializeField] attrs=null for field: isLevelUp_
[14:35:41.470] [info] [SerializeField] attrs=null for field: pendingDestroyIds_
[14:35:41.471] [info] [SetScriptVars] OK setting fields for: PlayerNormalState
[14:35:41.471] [info] [SerializeField] field=canMove_ has=true
[14:35:41.471] [info] [SerializeField] field=accel_ has=true
[14:35:41.471] [info] [SerializeField] field=maxSpeed_ has=true
[14:35:41.471] [info] [SerializeField] field=decelSmoothTime_ has=true
[14:35:41.471] [info] [SerializeField] field=decelMaxSmoothSpeed_ has=true
[14:35:41.471] [info] [SerializeField] field=rotateSmoothTime_ has=true
[14:35:41.471] [info] [SerializeField] field=rotateMaxSmoothSpeed_ has=true
[14:35:41.471] [info] [SerializeField] attrs=null for field: moveParam_
[14:35:41.472] [info] [SetScriptVars] OK setting fields for: PlayerNormalState
[14:35:41.472] [info] [SerializeField] field=canMove_ has=true
[14:35:41.472] [info] [SerializeField] field=accel_ has=true
[14:35:41.472] [info] [SerializeField] field=maxSpeed_ has=true
[14:35:41.472] [info] [SerializeField] field=decelSmoothTime_ has=true
[14:35:41.472] [info] [SerializeField] field=decelMaxSmoothSpeed_ has=true
[14:35:41.472] [info] [SerializeField] field=rotateSmoothTime_ has=true
[14:35:41.472] [info] [SerializeField] field=rotateMaxSmoothSpeed_ has=true
[14:35:41.472] [info] [SerializeField] attrs=null for field: moveParam_
[14:35:41.473] [info] [SetScriptVars] OK setting fields for: PlayerDashState
[14:35:41.473] [info] [SerializeField] field=canMove_ has=true
[14:35:41.473] [info] [SerializeField] field=moveForward_ has=true
[14:35:41.473] [info] [SerializeField] field=accel_ has=true
[14:35:41.473] [info] [SerializeField] field=maxSpeed_ has=true
[14:35:41.473] [info] [SerializeField] field=decelSmoothTime_ has=true
[14:35:41.473] [info] [SerializeField] field=decelMaxSmoothSpeed_ has=true
[14:35:41.473] [info] [SerializeField] field=rotateSmoothTime_ has=true
[14:35:41.473] [info] [SerializeField] field=rotateMaxSmoothSpeed_ has=true
[14:35:41.473] [info] [SerializeField] attrs=null for field: moveParam_
[14:35:41.474] [info] [SetScriptVars] OK setting fields for: PlayerDashState
[14:35:41.474] [info] [SerializeField] field=canMove_ has=true
[14:35:41.474] [info] [SerializeField] field=moveForward_ has=true
[14:35:41.474] [info] [SerializeField] field=accel_ has=true
[14:35:41.474] [info] [SerializeField] field=maxSpeed_ has=true
[14:35:41.474] [info] [SerializeField] field=decelSmoothTime_ has=true
[14:35:41.474] [info] [SerializeField] field=decelMaxSmoothSpeed_ has=true
[14:35:41.474] [info] [SerializeField] field=rotateSmoothTime_ has=true
[14:35:41.474] [info] [SerializeField] field=rotateMaxSmoothSpeed_ has=true
[14:35:41.474] [info] [SerializeField] attrs=null for field: moveParam_
[14:35:41.475] [info] [SetScriptVars] OK setting fields for: PlayerMoveComponent
[14:35:41.475] [info] [SerializeField] field=paramReleaseSmoothTime_ has=true
[14:35:41.475] [info] [SerializeField] field=paramReleaseMaxSmoothSpeed_ has=true
[14:35:41.475] [info] [SerializeField] attrs=null for field: mover_
[14:35:41.475] [info] [SerializeField] attrs=null for field: director_
[14:35:41.475] [info] [SetScriptVars] OK setting fields for: PlayerMoveComponent
[14:35:41.475] [info] [SerializeField] field=paramReleaseSmoothTime_ has=true
[14:35:41.475] [info] [SerializeField] field=paramReleaseMaxSmoothSpeed_ has=true
[14:35:41.476] [info] [SerializeField] attrs=null for field: mover_
[14:35:41.476] [info] [SerializeField] attrs=null for field: director_
[14:35:41.476] [info] [SetScriptVars] OK setting fields for: PlayerShotComponent
[14:35:41.476] [info] [SerializeField] attrs=null for field: roeManager_
[14:35:41.476] [info] [SerializeField] attrs=null for field: shootCooldown_
[14:35:41.476] [info] [SerializeField] field=shootCooldownTime_ has=true
[14:35:41.476] [info] [SerializeField] field=bulletSpawnOffset_ has=true
[14:35:41.477] [info] [SetScriptVars] OK setting fields for: PlayerShotComponent
[14:35:41.477] [info] [SerializeField] attrs=null for field: roeManager_
[14:35:41.477] [info] [SerializeField] attrs=null for field: shootCooldown_
[14:35:41.477] [info] [SerializeField] field=shootCooldownTime_ has=true
[14:35:41.477] [info] [SerializeField] field=bulletSpawnOffset_ has=true
[14:35:41.477] [info] [SetScriptVars] OK setting fields for: RoeManager
[14:35:41.478] [info] [SerializeField] field=roePrefabName_ has=true
[14:35:41.478] [info] [SerializeField] field=maxRoe_ has=true
[14:35:41.478] [info] [SerializeField] field=maxAmmo_ has=true
[14:35:41.478] [info] [SerializeField] attrs=null for field: roe_
[14:35:41.478] [info] [SerializeField] attrs=null for field: lastDistributedPlayerExp_
[14:35:41.478] [info] [SetScriptVars] OK setting fields for: RoeManager
[14:35:41.478] [info] [SerializeField] field=roePrefabName_ has=true
[14:35:41.478] [info] [SerializeField] field=maxRoe_ has=true
[14:35:41.478] [info] [SerializeField] field=maxAmmo_ has=true
[14:35:41.478] [info] [SerializeField] attrs=null for field: roe_
[14:35:41.479] [info] [SerializeField] attrs=null for field: lastDistributedPlayerExp_
[14:35:41.479] [info] [SetScriptVars] OK setting fields for: TrailLeader
[14:35:41.479] [info] [SerializeField] attrs=null for field: members_
[14:35:41.479] [info] [SerializeField] attrs=null for field: groups_
[14:35:41.479] [info] [SerializeField] attrs=null for field: kEps
[14:35:41.479] [info] [SetScriptVars] OK setting fields for: TrailLeader
[14:35:41.480] [info] [SerializeField] attrs=null for field: members_
[14:35:41.480] [info] [SerializeField] attrs=null for field: groups_
[14:35:41.480] [info] [SerializeField] attrs=null for field: kEps
[14:35:41.480] [info] [SetScriptVars] OK setting fields for: HP
[14:35:41.480] [info] [SerializeField] field=maxHp_ has=true
[14:35:41.480] [info] [SerializeField] field=currentHp_ has=true
[14:35:41.480] [info] [SerializeField] field=disableAutoDestruction_ has=true
[14:35:41.481] [info] [SerializeField] field=isInvincible_ has=true
[14:35:41.481] [info] [SerializeField] field=directlyDamageable_ has=true
[14:35:41.481] [info] [SerializeField] attrs=null for field: isDead_
[14:35:41.481] [info] [SerializeField] attrs=null for field: lastCurrentHp_
[14:35:41.481] [info] [SetScriptVars] OK setting fields for: HP
[14:35:41.481] [info] [SerializeField] field=maxHp_ has=true
[14:35:41.481] [info] [SerializeField] field=currentHp_ has=true
[14:35:41.481] [info] [SerializeField] field=disableAutoDestruction_ has=true
[14:35:41.481] [info] [SerializeField] field=isInvincible_ has=true
[14:35:41.481] [info] [SerializeField] field=directlyDamageable_ has=true
[14:35:41.482] [info] [SerializeField] attrs=null for field: isDead_
[14:35:41.482] [info] [SerializeField] attrs=null for field: lastCurrentHp_
[14:35:41.482] [info] [SetScriptVars] OK setting fields for: PlayerLifeComponent
[14:35:41.482] [info] [SerializeField] attrs=null for field: roeManager_
[14:35:41.482] [info] [SerializeField] attrs=null for field: hp_
[14:35:41.482] [info] [SerializeField] attrs=null for field: isAlive_
[14:35:41.482] [info] [SerializeField] attrs=null for field: hadLife_
[14:35:41.482] [info] [SerializeField] attrs=null for field: lastSyncedHp_
[14:35:41.483] [info] [SetScriptVars] OK setting fields for: PlayerLifeComponent
[14:35:41.483] [info] [SerializeField] attrs=null for field: roeManager_
[14:35:41.483] [info] [SerializeField] attrs=null for field: hp_
[14:35:41.483] [info] [SerializeField] attrs=null for field: isAlive_
[14:35:41.483] [info] [SerializeField] attrs=null for field: hadLife_
[14:35:41.483] [info] [SerializeField] attrs=null for field: lastSyncedHp_
[14:35:41.483] [info] [SetScriptVars] OK setting fields for: Magazine
[14:35:41.483] [info] [SerializeField] attrs=null for field: roeManager_
[14:35:41.483] [info] [SerializeField] field=reloadCooldown_ has=true
[14:35:41.484] [info] [SerializeField] attrs=null for field: reloadTimer_
[14:35:41.484] [info] [SetScriptVars] OK setting fields for: Magazine
[14:35:41.484] [info] [SerializeField] attrs=null for field: roeManager_
[14:35:41.484] [info] [SerializeField] field=reloadCooldown_ has=true
[14:35:41.484] [info] [SerializeField] attrs=null for field: reloadTimer_
[14:35:41.486] [info] [SetScriptVars] OK setting fields for: PlayerAttackComponent
[14:35:41.486] [info] [SerializeField] field=damageCurve_ has=true
[14:35:41.486] [info] [SerializeField] attrs=null for field: atkColl_
[14:35:41.486] [info] [SerializeField] attrs=null for field: moveComp_
[14:35:41.487] [info] [SetScriptVars] OK setting fields for: PlayerAttackComponent
[14:35:41.487] [info] [SerializeField] field=damageCurve_ has=true
[14:35:41.487] [info] [SerializeField] attrs=null for field: atkColl_
[14:35:41.487] [info] [SerializeField] attrs=null for field: moveComp_
[14:35:41.487] [info] [SetScriptVars] OK setting fields for: AttackCollision
[14:35:41.487] [info] [SerializeField] field=damage_ has=true
[14:35:41.487] [info] [SerializeField] field=destroyOnHit_ has=true
[14:35:41.487] [info] [SetScriptVars] OK setting fields for: AttackCollision
[14:35:41.488] [info] [SerializeField] field=damage_ has=true
[14:35:41.488] [info] [SerializeField] field=destroyOnHit_ has=true
[14:35:41.488] [info] [SetScriptVars] OK setting fields for: TrailFollower
[14:35:41.488] [info] [SerializeField] field=leaderName_ has=true
[14:35:41.488] [info] [SerializeField] field=chainName_ has=true
[14:35:41.488] [info] [SerializeField] field=rotateToFace_ has=true
[14:35:41.489] [info] [SerializeField] field=order_ has=true
[14:35:41.489] [info] [SerializeField] field=leadMinOffset_ has=true
[14:35:41.489] [info] [SerializeField] field=leadMaxOffset_ has=true
[14:35:41.489] [info] [SerializeField] field=unitMinOffset_ has=true
[14:35:41.489] [info] [SerializeField] field=unitMaxOffset_ has=true
[14:35:41.489] [info] [SerializeField] field=maxBendRad_ has=true
[14:35:41.489] [info] [SerializeField] field=smoothTime_ has=true
[14:35:41.489] [info] [SerializeField] field=maxSmoothSpeed_ has=true
[14:35:41.489] [info] [SerializeField] attrs=null for field: smoothVel_
[14:35:41.490] [info] [SerializeField] attrs=null for field: registered_
[14:35:41.490] [info] [SerializeField] attrs=null for field: kEps
[14:35:41.490] [info] [SerializeField] attrs=null for field: FaceEpsilonSq
[14:35:41.490] [info] [SetScriptVars] OK setting fields for: TrailFollower
[14:35:41.490] [info] [SerializeField] field=leaderName_ has=true
[14:35:41.490] [info] [SerializeField] field=chainName_ has=true
[14:35:41.490] [info] [SerializeField] field=rotateToFace_ has=true
[14:35:41.490] [info] [SerializeField] field=order_ has=true
[14:35:41.490] [info] [SerializeField] field=leadMinOffset_ has=true
[14:35:41.490] [info] [SerializeField] field=leadMaxOffset_ has=true
[14:35:41.490] [info] [SerializeField] field=unitMinOffset_ has=true
[14:35:41.491] [info] [SerializeField] field=unitMaxOffset_ has=true
[14:35:41.491] [info] [SerializeField] field=maxBendRad_ has=true
[14:35:41.491] [info] [SerializeField] field=smoothTime_ has=true
[14:35:41.491] [info] [SerializeField] field=maxSmoothSpeed_ has=true
[14:35:41.491] [info] [SerializeField] attrs=null for field: smoothVel_
[14:35:41.491] [info] [SerializeField] attrs=null for field: registered_
[14:35:41.491] [info] [SerializeField] attrs=null for field: kEps
[14:35:41.491] [info] [SerializeField] attrs=null for field: FaceEpsilonSq
[14:35:41.492] [info] [SetScriptVars] OK setting fields for: DamageRelay
[14:35:41.492] [info] [SerializeField] field=ownerName_ has=true
[14:35:41.492] [info] [SerializeField] attrs=null for field: ownerHp_
[14:35:41.492] [info] [SetScriptVars] OK setting fields for: DamageRelay
[14:35:41.492] [info] [SerializeField] field=ownerName_ has=true
[14:35:41.492] [info] [SerializeField] attrs=null for field: ownerHp_
[14:35:41.492] [info] [SetScriptVars] OK setting fields for: TrailFollower
[14:35:41.492] [info] [SerializeField] field=leaderName_ has=true
[14:35:41.493] [info] [SerializeField] field=chainName_ has=true
[14:35:41.493] [info] [SerializeField] field=rotateToFace_ has=true
[14:35:41.493] [info] [SerializeField] field=order_ has=true
[14:35:41.493] [info] [SerializeField] field=leadMinOffset_ has=true
[14:35:41.493] [info] [SerializeField] field=leadMaxOffset_ has=true
[14:35:41.493] [info] [SerializeField] field=unitMinOffset_ has=true
[14:35:41.493] [info] [SerializeField] field=unitMaxOffset_ has=true
[14:35:41.493] [info] [SerializeField] field=maxBendRad_ has=true
[14:35:41.493] [info] [SerializeField] field=smoothTime_ has=true
[14:35:41.493] [info] [SerializeField] field=maxSmoothSpeed_ has=true
[14:35:41.493] [info] [SerializeField] attrs=null for field: smoothVel_
[14:35:41.494] [info] [SerializeField] attrs=null for field: registered_
[14:35:41.494] [info] [SerializeField] attrs=null for field: kEps
[14:35:41.494] [info] [SerializeField] attrs=null for field: FaceEpsilonSq
[14:35:41.494] [info] [SetScriptVars] OK setting fields for: TrailFollower
[14:35:41.494] [info] [SerializeField] field=leaderName_ has=true
[14:35:41.494] [info] [SerializeField] field=chainName_ has=true
[14:35:41.494] [info] [SerializeField] field=rotateToFace_ has=true
[14:35:41.494] [info] [SerializeField] field=order_ has=true
[14:35:41.494] [info] [SerializeField] field=leadMinOffset_ has=true
[14:35:41.494] [info] [SerializeField] field=leadMaxOffset_ has=true
[14:35:41.495] [info] [SerializeField] field=unitMinOffset_ has=true
[14:35:41.495] [info] [SerializeField] field=unitMaxOffset_ has=true
[14:35:41.495] [info] [SerializeField] field=maxBendRad_ has=true
[14:35:41.495] [info] [SerializeField] field=smoothTime_ has=true
[14:35:41.495] [info] [SerializeField] field=maxSmoothSpeed_ has=true
[14:35:41.495] [info] [SerializeField] attrs=null for field: smoothVel_
[14:35:41.495] [info] [SerializeField] attrs=null for field: registered_
[14:35:41.495] [info] [SerializeField] attrs=null for field: kEps
[14:35:41.495] [info] [SerializeField] attrs=null for field: FaceEpsilonSq
[14:35:41.495] [info] [SetScriptVars] OK setting fields for: DamageRelay
[14:35:41.496] [info] [SerializeField] field=ownerName_ has=true
[14:35:41.496] [info] [SerializeField] attrs=null for field: ownerHp_
[14:35:41.496] [info] [SetScriptVars] OK setting fields for: DamageRelay
[14:35:41.496] [info] [SerializeField] field=ownerName_ has=true
[14:35:41.496] [info] [SerializeField] attrs=null for field: ownerHp_
[14:35:41.497] [info] [SetScriptVars] OK setting fields for: PlayerFollowCamera
[14:35:41.497] [info] [SerializeField] field=targetName_ has=true
[14:35:41.497] [info] [SerializeField] field=offset_ has=true
[14:35:41.497] [info] [SerializeField] field=smoothTime_ has=true
[14:35:41.497] [info] [SerializeField] field=maxSmoothSpeed_ has=true
[14:35:41.497] [info] [SerializeField] attrs=null for field: target_
[14:35:41.497] [info] [SerializeField] attrs=null for field: smoothVel_
[14:35:41.497] [info] [SetScriptVars] OK setting fields for: PlayerFollowCamera
[14:35:41.497] [info] [SerializeField] field=targetName_ has=true
[14:35:41.497] [info] [SerializeField] field=offset_ has=true
[14:35:41.498] [info] [SerializeField] field=smoothTime_ has=true
[14:35:41.498] [info] [SerializeField] field=maxSmoothSpeed_ has=true
[14:35:41.498] [info] [SerializeField] attrs=null for field: target_
[14:35:41.498] [info] [SerializeField] attrs=null for field: smoothVel_
[14:35:41.500] [info] [SetScriptVars] OK setting fields for: EnemySpawnSystem
[14:35:41.500] [info] [SerializeField] field=isActive_ has=true
[14:35:41.500] [info] [SerializeField] field=originName_ has=true
[14:35:41.500] [info] [SerializeField] field=spawnAreaMin_ has=true
[14:35:41.500] [info] [SerializeField] field=spawnAreaMax_ has=true
[14:35:41.500] [info] [SerializeField] field=exclusionAreaMin_ has=true
[14:35:41.501] [info] [SerializeField] field=exclusionAreaMax_ has=true
[14:35:41.501] [info] [SerializeField] field=spawnInterval_ has=true
[14:35:41.501] [info] [SerializeField] attrs=null for field: spawnTimer_
[14:35:41.501] [info] [SerializeField] field=maxSpawnCount_ has=true
[14:35:41.501] [info] [SerializeField] field=heatWeightThreshold_ has=true
[14:35:41.501] [info] [SerializeField] field=convolutionRadius_ has=true
[14:35:41.501] [info] [SerializeField] field=maxEnemyCount_ has=true
[14:35:41.501] [info] [SerializeField] field=defaultSpawnTable_ has=true
[14:35:41.502] [info] [SerializeField] field=biomeNames_ has=true
[14:35:41.502] [info] [SerializeField] attrs=null for field: biomeAreas_
[14:35:41.502] [info] [SerializeField] attrs=null for field: spawnCellWeights_
[14:35:41.502] [info] [SerializeField] attrs=null for field: defaultBiome_
[14:35:41.502] [info] [SetScriptVars] OK setting fields for: EnemySpawnSystem
[14:35:41.502] [info] [SerializeField] field=isActive_ has=true
[14:35:41.502] [info] [SerializeField] field=originName_ has=true
[14:35:41.502] [info] [SerializeField] field=spawnAreaMin_ has=true
[14:35:41.503] [info] [SerializeField] field=spawnAreaMax_ has=true
[14:35:41.503] [info] [SerializeField] field=exclusionAreaMin_ has=true
[14:35:41.503] [info] [SerializeField] field=exclusionAreaMax_ has=true
[14:35:41.503] [info] [SerializeField] field=spawnInterval_ has=true
[14:35:41.503] [info] [SerializeField] attrs=null for field: spawnTimer_
[14:35:41.503] [info] [SerializeField] field=maxSpawnCount_ has=true
[14:35:41.503] [info] [SerializeField] field=heatWeightThreshold_ has=true
[14:35:41.503] [info] [SerializeField] field=convolutionRadius_ has=true
[14:35:41.503] [info] [SerializeField] field=maxEnemyCount_ has=true
[14:35:41.503] [info] [SerializeField] field=defaultSpawnTable_ has=true
[14:35:41.504] [info] [SerializeField] field=biomeNames_ has=true
[14:35:41.504] [info] [SerializeField] attrs=null for field: biomeAreas_
[14:35:41.504] [info] [SerializeField] attrs=null for field: spawnCellWeights_
[14:35:41.504] [info] [SerializeField] attrs=null for field: defaultBiome_
[14:35:41.504] [info] [SetScriptVars] OK setting fields for: EnemyHeatMap
[14:35:41.504] [info] [SerializeField] field=cellSize_ has=true
[14:35:41.504] [info] [SerializeField] attrs=null for field: heatMap_
[14:35:41.505] [info] [SerializeField] attrs=null for field: enemyCount_
[14:35:41.505] [info] [SetScriptVars] OK setting fields for: EnemyHeatMap
[14:35:41.505] [info] [SerializeField] field=cellSize_ has=true
[14:35:41.505] [info] [SerializeField] attrs=null for field: heatMap_
[14:35:41.505] [info] [SerializeField] attrs=null for field: enemyCount_
[14:35:41.505] [info] [SetScriptVars] OK setting fields for: BiomeArea
[14:35:41.506] [info] [SerializeField] field=spawnTable_ has=true
[14:35:41.506] [info] [SerializeField] field=halfExtents_ has=true
[14:35:41.506] [info] [SerializeField] attrs=null for field: biome_
[14:35:41.506] [info] [SetScriptVars] OK setting fields for: BiomeArea
[14:35:41.506] [info] [SerializeField] field=spawnTable_ has=true
[14:35:41.506] [info] [SerializeField] field=halfExtents_ has=true
[14:35:41.506] [info] [SerializeField] attrs=null for field: biome_
[14:35:41.506] [info] [SetScriptVars] OK setting fields for: CloudManager
[14:35:41.507] [info] [SerializeField] attrs=null for field: spawnCT
[14:35:41.507] [info] [SerializeField] field=spawnTime has=true
[14:35:41.507] [info] [SetScriptVars] OK setting fields for: CloudManager
[14:35:41.507] [info] [SerializeField] attrs=null for field: spawnCT
[14:35:41.507] [info] [SerializeField] field=spawnTime has=true
[14:35:41.507] [info] [SetScriptVars] OK setting fields for: Attractor
[14:35:41.507] [info] [SerializeField] field=pullSpeed_ has=true
[14:35:41.508] [info] [SerializeField] field=stopDistance_ has=true
[14:35:41.508] [info] [SerializeField] attrs=null for field: targetIds_
[14:35:41.508] [info] [SetScriptVars] OK setting fields for: Attractor
[14:35:41.508] [info] [SerializeField] field=pullSpeed_ has=true
[14:35:41.508] [info] [SerializeField] field=stopDistance_ has=true
[14:35:41.508] [info] [SerializeField] attrs=null for field: targetIds_
[14:35:41.508] [info] [SetScriptVars] OK setting fields for: BiomeArea
[14:35:41.508] [info] [SerializeField] field=spawnTable_ has=true
[14:35:41.509] [info] [SerializeField] field=halfExtents_ has=true
[14:35:41.509] [info] [SerializeField] attrs=null for field: biome_
[14:35:41.509] [info] [SetScriptVars] OK setting fields for: BiomeArea
[14:35:41.509] [info] [SerializeField] field=spawnTable_ has=true
[14:35:41.509] [info] [SerializeField] field=halfExtents_ has=true
[14:35:41.509] [info] [SerializeField] attrs=null for field: biome_
[14:35:41.509] [info] [SetScriptVars] OK setting fields for: BiomeArea
[14:35:41.509] [info] [SerializeField] field=spawnTable_ has=true
[14:35:41.509] [info] [SerializeField] field=halfExtents_ has=true
[14:35:41.510] [info] [SerializeField] attrs=null for field: biome_
[14:35:41.510] [info] [SetScriptVars] OK setting fields for: BiomeArea
[14:35:41.510] [info] [SerializeField] field=spawnTable_ has=true
[14:35:41.510] [info] [SerializeField] field=halfExtents_ has=true
[14:35:41.510] [info] [SerializeField] attrs=null for field: biome_
[14:35:41.510] [info] [SetScriptVars] OK setting fields for: TrailFollower
[14:35:41.510] [info] [SerializeField] field=leaderName_ has=true
[14:35:41.510] [info] [SerializeField] field=chainName_ has=true
[14:35:41.511] [info] [SerializeField] field=rotateToFace_ has=true
[14:35:41.511] [info] [SerializeField] field=order_ has=true
[14:35:41.511] [info] [SerializeField] field=leadMinOffset_ has=true
[14:35:41.511] [info] [SerializeField] field=leadMaxOffset_ has=true
[14:35:41.511] [info] [SerializeField] field=unitMinOffset_ has=true
[14:35:41.511] [info] [SerializeField] field=unitMaxOffset_ has=true
[14:35:41.511] [info] [SerializeField] field=maxBendRad_ has=true
[14:35:41.511] [info] [SerializeField] field=smoothTime_ has=true
[14:35:41.511] [info] [SerializeField] field=maxSmoothSpeed_ has=true
[14:35:41.511] [info] [SerializeField] attrs=null for field: smoothVel_
[14:35:41.512] [info] [SerializeField] attrs=null for field: registered_
[14:35:41.512] [info] [SerializeField] attrs=null for field: kEps
[14:35:41.512] [info] [SerializeField] attrs=null for field: FaceEpsilonSq
[14:35:41.512] [info] [SetScriptVars] OK setting fields for: TrailFollower
[14:35:41.512] [info] [SerializeField] field=leaderName_ has=true
[14:35:41.512] [info] [SerializeField] field=chainName_ has=true
[14:35:41.512] [info] [SerializeField] field=rotateToFace_ has=true
[14:35:41.512] [info] [SerializeField] field=order_ has=true
[14:35:41.512] [info] [SerializeField] field=leadMinOffset_ has=true
[14:35:41.512] [info] [SerializeField] field=leadMaxOffset_ has=true
[14:35:41.513] [info] [SerializeField] field=unitMinOffset_ has=true
[14:35:41.513] [info] [SerializeField] field=unitMaxOffset_ has=true
[14:35:41.513] [info] [SerializeField] field=maxBendRad_ has=true
[14:35:41.513] [info] [SerializeField] field=smoothTime_ has=true
[14:35:41.513] [info] [SerializeField] field=maxSmoothSpeed_ has=true
[14:35:41.513] [info] [SerializeField] attrs=null for field: smoothVel_
[14:35:41.513] [info] [SerializeField] attrs=null for field: registered_
[14:35:41.513] [info] [SerializeField] attrs=null for field: kEps
[14:35:41.513] [info] [SerializeField] attrs=null for field: FaceEpsilonSq
[14:35:41.513] [info] [SetScriptVars] OK setting fields for: LevelingComponent
[14:35:41.513] [info] [SerializeField] field=maxLevel_ has=true
[14:35:41.514] [info] [SerializeField] field=baseRequiredExp_ has=true
[14:35:41.514] [info] [SerializeField] field=currentLevel_ has=true
[14:35:41.514] [info] [SerializeField] field=currentExp_ has=true
[14:35:41.514] [info] [SerializeField] attrs=null for field: addedExp_
[14:35:41.514] [info] [SerializeField] attrs=null for field: totalGainedExp_
[14:35:41.514] [info] [SerializeField] attrs=null for field: requiredExp_
[14:35:41.514] [info] [SerializeField] attrs=null for field: isLevelUp_
[14:35:41.514] [info] [SerializeField] attrs=null for field: pendingDestroyIds_
[14:35:41.514] [info] [SetScriptVars] OK setting fields for: LevelingComponent
[14:35:41.514] [info] [SerializeField] field=maxLevel_ has=true
[14:35:41.515] [info] [SerializeField] field=baseRequiredExp_ has=true
[14:35:41.515] [info] [SerializeField] field=currentLevel_ has=true
[14:35:41.515] [info] [SerializeField] field=currentExp_ has=true
[14:35:41.515] [info] [SerializeField] attrs=null for field: addedExp_
[14:35:41.515] [info] [SerializeField] attrs=null for field: totalGainedExp_
[14:35:41.515] [info] [SerializeField] attrs=null for field: requiredExp_
[14:35:41.515] [info] [SerializeField] attrs=null for field: isLevelUp_
[14:35:41.515] [info] [SerializeField] attrs=null for field: pendingDestroyIds_
[14:35:41.516] [info] [SetScriptVars] OK setting fields for: RoeStateComponent
[14:35:41.516] [info] [SerializeField] field=minScale_ has=true
[14:35:41.516] [info] [SerializeField] field=maxScale_ has=true
[14:35:41.516] [info] [SerializeField] attrs=null for field: currentState_
[14:35:41.516] [info] [SetScriptVars] OK setting fields for: RoeStateComponent
[14:35:41.516] [info] [SerializeField] field=minScale_ has=true
[14:35:41.516] [info] [SerializeField] field=maxScale_ has=true
[14:35:41.516] [info] [SerializeField] attrs=null for field: currentState_
[14:35:41.517] [info] [SetScriptVars] OK setting fields for: SpriteAnimation
[14:35:41.517] [info] [SerializeField] attrs=null for field: spriteRenderer
[14:35:41.517] [info] [SerializeField] attrs=null for field: timer
[14:35:41.517] [info] [SerializeField] attrs=null for field: currentFrame
[14:35:41.517] [info] [SerializeField] attrs=null for field: isFinished
[14:35:41.517] [info] [SerializeField] field=OnAnimationFinished has=false
[14:35:41.517] [info] [SerializeField] field=OnFrameChanged has=false
[14:35:41.517] [info] [SetScriptVars] OK setting fields for: SpriteAnimation
[14:35:41.518] [info] [SerializeField] attrs=null for field: spriteRenderer
[14:35:41.518] [info] [SerializeField] attrs=null for field: timer
[14:35:41.518] [info] [SerializeField] attrs=null for field: currentFrame
[14:35:41.518] [info] [SerializeField] attrs=null for field: isFinished
[14:35:41.518] [info] [SerializeField] field=OnAnimationFinished has=false
[14:35:41.518] [info] [SerializeField] field=OnFrameChanged has=false
[14:35:41.565] [info] dx depth stencil create success!!
[14:35:41.571] [info] [RenderingFramework] Drawing group: GameScene | Index: 0 | groupRenderTex: 1478231022000 | colorResource: 1477457295200 | ClearColor: (0.100000, 0.250000, 0.500000, 1.000000)
[14:35:41.572] [info] [RenderingCollection] DrawEntities2D executing. Group: GameScene Camera: 1477480555040
[14:35:41.572] [info] [SpritePipeline] Drawing 9 sorted sprites.
[14:35:41.572] [info] [RenderingCollection] ExecutePostProcess3D for scene: ./Assets/Scene/RenderTexture/GameScene
[14:35:41.573] [info] [Engine] CopyResource: Copying to resource at 1477457295200
[14:35:41.573] [info] [Engine] CopyResource: Copying to resource at 1477457295200
[14:35:41.573] [info] [Engine] CopyResource: Copying to resource at 1477457295200
[14:35:41.573] [error] PostProcessFog::Execute: main camera is null
[14:35:41.573] [info] [RenderingCollection] ExecutePostProcessScreen for scene: ./Assets/Scene/RenderTexture/GameScene
[14:35:41.573] [info] [WaterCaustics] Execution started successfully. Group=GameScene, TextureName=./Assets/Scene/RenderTexture/GameScene
[14:35:41.573] [info] [Engine] CopyResource: Copying to resource at 1477457295200
[14:35:41.573] [info] [WaterDepthFog] Execution started successfully. Group=GameScene, TextureName=./Assets/Scene/RenderTexture/GameScene
[14:35:41.574] [info] [Engine] CopyResource: Copying to resource at 1477457295200
[14:35:41.574] [info] [WaterColorGrading] Execution started successfully. Group=GameScene, TextureName=./Assets/Scene/RenderTexture/GameScene
[14:35:41.574] [info] [Engine] CopyResource: Copying to resource at 1477457295200
[14:35:41.574] [info] [WaterDistortion] Execution started successfully. Group=GameScene, TextureName=./Assets/Scene/RenderTexture/GameScene
[14:35:41.574] [info] [Engine] CopyResource: Copying to resource at 1477457295200
[14:35:41.574] [info] [Engine] CopyResource: Copying to resource at 1477457295200
[14:35:41.574] [info] [Engine] CopyResource: Copying to resource at 1477457295200
[14:35:41.615] [info] [RenderingCollection] DrawEntities2D executing. Group: GameScene Camera: 1477480555040
[14:35:41.615] [info] [SpritePipeline] Drawing 9 sorted sprites.
[14:35:41.615] [info] [RenderingCollection] ExecutePostProcess3D for scene: ./Assets/Scene/RenderTexture/GameScene
[14:35:41.615] [info] [Engine] CopyResource: Copying to resource at 1477457295200
[14:35:41.616] [error] PostProcessFog::Execute: main camera is null
[14:35:41.616] [info] [RenderingCollection] ExecutePostProcessScreen for scene: ./Assets/Scene/RenderTexture/GameScene
[14:35:41.627] [info] [RenderingCollection] DrawEntities2D executing. Group: GameScene Camera: 1477480555040
[14:35:41.627] [info] [SpritePipeline] Drawing 9 sorted sprites.
[14:35:41.628] [info] [RenderingCollection] ExecutePostProcess3D for scene: ./Assets/Scene/RenderTexture/GameScene
[14:35:41.628] [error] PostProcessFog::Execute: main camera is null
[14:35:41.628] [info] [RenderingCollection] ExecutePostProcessScreen for scene: ./Assets/Scene/RenderTexture/GameScene
[14:35:41.634] [info] [RenderingCollection] DrawEntities2D executing. Group: GameScene Camera: 1477480555040
[14:35:41.634] [info] [SpritePipeline] Drawing 9 sorted sprites.
[14:35:41.635] [info] [RenderingCollection] ExecutePostProcess3D for scene: ./Assets/Scene/RenderTexture/GameScene
[14:35:41.635] [error] PostProcessFog::Execute: main camera is null
[14:35:41.635] [info] [RenderingCollection] ExecutePostProcessScreen for scene: ./Assets/Scene/RenderTexture/GameScene
[14:35:41.641] [info] [RenderingCollection] DrawEntities2D executing. Group: GameScene Camera: 1477480555040
[14:35:41.641] [info] [SpritePipeline] Drawing 9 sorted sprites.
[14:35:41.641] [info] [RenderingCollection] ExecutePostProcess3D for scene: ./Assets/Scene/RenderTexture/GameScene
[14:35:41.641] [error] PostProcessFog::Execute: main camera is null
[14:35:41.641] [info] [RenderingCollection] ExecutePostProcessScreen for scene: ./Assets/Scene/RenderTexture/GameScene
[14:35:41.648] [info] [RenderingCollection] DrawEntities2D executing. Group: GameScene Camera: 1477480555040
[14:35:41.648] [info] [SpritePipeline] Drawing 9 sorted sprites.
[14:35:41.648] [info] [RenderingCollection] ExecutePostProcess3D for scene: ./Assets/Scene/RenderTexture/GameScene
[14:35:41.648] [error] PostProcessFog::Execute: main camera is null
[14:35:41.648] [info] [RenderingCollection] ExecutePostProcessScreen for scene: ./Assets/Scene/RenderTexture/GameScene
[14:35:41.654] [info] [RenderingCollection] DrawEntities2D executing. Group: GameScene Camera: 1477480555040
[14:35:41.654] [info] [SpritePipeline] Drawing 9 sorted sprites.
[14:35:41.654] [info] [RenderingCollection] ExecutePostProcess3D for scene: ./Assets/Scene/RenderTexture/GameScene
[14:35:41.654] [error] PostProcessFog::Execute: main camera is null
[14:35:41.654] [info] [RenderingCollection] ExecutePostProcessScreen for scene: ./Assets/Scene/RenderTexture/GameScene
[14:35:41.664] [info] [RenderingCollection] DrawEntities2D executing. Group: GameScene Camera: 1477480555040
[14:35:41.664] [info] [SpritePipeline] Drawing 9 sorted sprites.
[14:35:41.664] [info] [RenderingCollection] ExecutePostProcess3D for scene: ./Assets/Scene/RenderTexture/GameScene
[14:35:41.665] [error] PostProcessFog::Execute: main camera is null
[14:35:41.665] [info] [RenderingCollection] ExecutePostProcessScreen for scene: ./Assets/Scene/RenderTexture/GameScene
[14:35:41.681] [info] [RenderingCollection] DrawEntities2D executing. Group: GameScene Camera: 1477480555040
[14:35:41.681] [info] [SpritePipeline] Drawing 9 sorted sprites.
[14:35:41.681] [info] [RenderingCollection] ExecutePostProcess3D for scene: ./Assets/Scene/RenderTexture/GameScene
[14:35:41.681] [error] PostProcessFog::Execute: main camera is null
[14:35:41.681] [info] [RenderingCollection] ExecutePostProcessScreen for scene: ./Assets/Scene/RenderTexture/GameScene
[14:35:41.708] [info] [RenderingCollection] DrawEntities2D executing. Group: GameScene Camera: 1477480555040
[14:35:41.708] [info] [SpritePipeline] Drawing 9 sorted sprites.
[14:35:41.708] [info] [RenderingCollection] ExecutePostProcess3D for scene: ./Assets/Scene/RenderTexture/GameScene
[14:35:41.708] [error] PostProcessFog::Execute: main camera is null
[14:35:41.708] [info] [RenderingCollection] ExecutePostProcessScreen for scene: ./Assets/Scene/RenderTexture/GameScene
[14:35:41.725] [error] PostProcessFog::Execute: main camera is null
[14:35:41.741] [error] PostProcessFog::Execute: main camera is null
[14:35:41.758] [error] PostProcessFog::Execute: main camera is null
[14:35:41.775] [error] PostProcessFog::Execute: main camera is null
[14:35:41.791] [error] PostProcessFog::Execute: main camera is null
[14:35:41.808] [error] PostProcessFog::Execute: main camera is null
[14:35:41.815] [error] PostProcessFog::Execute: main camera is null
[14:35:41.831] [error] PostProcessFog::Execute: main camera is null
[14:35:41.848] [error] PostProcessFog::Execute: main camera is null
[14:35:41.864] [error] PostProcessFog::Execute: main camera is null
[14:35:41.881] [error] PostProcessFog::Execute: main camera is null
[14:35:41.898] [error] PostProcessFog::Execute: main camera is null
[14:35:41.915] [error] PostProcessFog::Execute: main camera is null
[14:35:41.932] [error] PostProcessFog::Execute: main camera is null
[14:35:41.948] [error] PostProcessFog::Execute: main camera is null
[14:35:41.965] [error] PostProcessFog::Execute: main camera is null
[14:35:41.981] [error] PostProcessFog::Execute: main camera is null
[14:35:41.998] [error] PostProcessFog::Execute: main camera is null
[14:35:42.015] [error] PostProcessFog::Execute: main camera is null
[14:35:42.031] [error] PostProcessFog::Execute: main camera is null
[14:35:42.048] [error] PostProcessFog::Execute: main camera is null
[14:35:42.065] [error] PostProcessFog::Execute: main camera is null
[14:35:42.081] [error] PostProcessFog::Execute: main camera is null
[14:35:42.099] [error] PostProcessFog::Execute: main camera is null
[14:35:42.115] [error] PostProcessFog::Execute: main camera is null
[14:35:42.132] [error] PostProcessFog::Execute: main camera is null
[14:35:42.149] [error] PostProcessFog::Execute: main camera is null
[14:35:42.165] [error] PostProcessFog::Execute: main camera is null
[14:35:42.182] [error] PostProcessFog::Execute: main camera is null
[14:35:42.199] [error] PostProcessFog::Execute: main camera is null
[14:35:42.215] [error] PostProcessFog::Execute: main camera is null
[14:35:42.232] [error] PostProcessFog::Execute: main camera is null
[14:35:42.248] [error] PostProcessFog::Execute: main camera is null
[14:35:42.265] [error] PostProcessFog::Execute: main camera is null
[14:35:42.281] [error] PostProcessFog::Execute: main camera is null
[14:35:42.298] [error] PostProcessFog::Execute: main camera is null
[14:35:42.315] [error] PostProcessFog::Execute: main camera is null
[14:35:42.332] [error] PostProcessFog::Execute: main camera is null
[14:35:42.348] [error] PostProcessFog::Execute: main camera is null
[14:35:42.365] [error] PostProcessFog::Execute: main camera is null
[14:35:42.382] [error] PostProcessFog::Execute: main camera is null
[14:35:42.398] [error] PostProcessFog::Execute: main camera is null
[14:35:42.415] [error] PostProcessFog::Execute: main camera is null
[14:35:42.432] [error] PostProcessFog::Execute: main camera is null
[14:35:42.448] [error] PostProcessFog::Execute: main camera is null
[14:35:42.465] [error] PostProcessFog::Execute: main camera is null
[14:35:42.481] [error] PostProcessFog::Execute: main camera is null
[14:35:42.498] [error] PostProcessFog::Execute: main camera is null
[14:35:42.515] [error] PostProcessFog::Execute: main camera is null
[14:35:42.531] [error] PostProcessFog::Execute: main camera is null
[14:35:42.548] [error] PostProcessFog::Execute: main camera is null
[14:35:42.564] [error] PostProcessFog::Execute: main camera is null
[14:35:42.581] [error] PostProcessFog::Execute: main camera is null
[14:35:42.598] [error] PostProcessFog::Execute: main camera is null
[14:35:42.615] [error] PostProcessFog::Execute: main camera is null
[14:35:42.632] [info] [SOURCE_DETECTOR] C# requested CreateEntity: Prefab = Cloud
[14:35:42.632] [info] [SOURCE_DETECTOR] Engine creating Entity (Internal)
[14:35:42.633] [info] [Mono][info] DllImport attempting to load: 'BCrypt.dll'.
[14:35:42.633] [info] [Mono][info] DllImport error loading library 'C:\Users\k023g\source\repos\TD4-2-Clone2\Project\Packages\mono\lib\4.5\BCrypt.dll': '指定されたファイルが見つかりません。
'.
[14:35:42.633] [info] [Mono][info] DllImport error loading library 'C:\Users\k023g\source\repos\TD4-2-Clone2\Project\Packages\mono\lib\4.5\BCrypt.dll': '指定されたファイルが見つかりません。
'.
[14:35:42.633] [info] [Mono][info] DllImport error loading library 'C:\Users\k023g\source\repos\TD4-2-Clone2\Project\Packages\mono\lib\4.5\BCrypt.dll': '指定されたファイルが見つかりません。
'.
[14:35:42.634] [info] [Mono][info] DllImport loaded library 'BCrypt.dll'.
[14:35:42.634] [info] [Mono][info] DllImport searching in: 'BCrypt.dll' ('BCrypt.dll').
[14:35:42.634] [info] [Mono][info] Searching for 'BCryptGenRandom'.
[14:35:42.634] [info] [Mono][info] Probing 'BCryptGenRandomW'.
[14:35:42.634] [info] [Mono][info] Could not find 'BCryptGenRandomW' due to '指定されたプロシージャが見つかりません。
'.
[14:35:42.634] [info] [Mono][info] Probing 'BCryptGenRandom'.
[14:35:42.634] [info] [Mono][info] Found as 'BCryptGenRandom'.
[14:35:42.636] [error] PostProcessFog::Execute: main camera is null
[14:35:42.648] [error] PostProcessFog::Execute: main camera is null
[14:35:42.664] [error] PostProcessFog::Execute: main camera is null
[14:35:42.681] [error] PostProcessFog::Execute: main camera is null
[14:35:42.698] [error] PostProcessFog::Execute: main camera is null
[14:35:42.715] [error] PostProcessFog::Execute: main camera is null
[14:35:42.732] [error] PostProcessFog::Execute: main camera is null
[14:35:42.748] [error] PostProcessFog::Execute: main camera is null
[14:35:42.765] [error] PostProcessFog::Execute: main camera is null
[14:35:42.781] [error] PostProcessFog::Execute: main camera is null
[14:35:42.798] [error] PostProcessFog::Execute: main camera is null
[14:35:42.815] [error] PostProcessFog::Execute: main camera is null
[14:35:42.831] [error] PostProcessFog::Execute: main camera is null
[14:35:42.848] [error] PostProcessFog::Execute: main camera is null
[14:35:42.865] [error] PostProcessFog::Execute: main camera is null
[14:35:42.881] [error] PostProcessFog::Execute: main camera is null
[14:35:42.898] [error] PostProcessFog::Execute: main camera is null
[14:35:42.914] [error] PostProcessFog::Execute: main camera is null
[14:35:42.931] [error] PostProcessFog::Execute: main camera is null
[14:35:42.948] [error] PostProcessFog::Execute: main camera is null
[14:35:42.964] [error] PostProcessFog::Execute: main camera is null
[14:35:42.981] [error] PostProcessFog::Execute: main camera is null
[14:35:42.997] [error] PostProcessFog::Execute: main camera is null
[14:35:43.014] [error] PostProcessFog::Execute: main camera is null
[14:35:43.032] [error] PostProcessFog::Execute: main camera is null
[14:35:43.048] [error] PostProcessFog::Execute: main camera is null
[14:35:43.064] [error] PostProcessFog::Execute: main camera is null
[14:35:43.081] [error] PostProcessFog::Execute: main camera is null
[14:35:43.098] [error] PostProcessFog::Execute: main camera is null
[14:35:43.114] [error] PostProcessFog::Execute: main camera is null
[14:35:43.131] [error] PostProcessFog::Execute: main camera is null
[14:35:43.148] [error] PostProcessFog::Execute: main camera is null
[14:35:43.164] [error] PostProcessFog::Execute: main camera is null
[14:35:43.182] [error] PostProcessFog::Execute: main camera is null
[14:35:43.198] [error] PostProcessFog::Execute: main camera is null
[14:35:43.215] [error] PostProcessFog::Execute: main camera is null
[14:35:43.232] [error] PostProcessFog::Execute: main camera is null
[14:35:43.248] [error] PostProcessFog::Execute: main camera is null
[14:35:43.264] [error] PostProcessFog::Execute: main camera is null
[14:35:43.281] [error] PostProcessFog::Execute: main camera is null
[14:35:43.298] [error] PostProcessFog::Execute: main camera is null
[14:35:43.314] [error] PostProcessFog::Execute: main camera is null
[14:35:43.331] [error] PostProcessFog::Execute: main camera is null
[14:35:43.348] [error] PostProcessFog::Execute: main camera is null
[14:35:43.364] [error] PostProcessFog::Execute: main camera is null
[14:35:43.381] [error] PostProcessFog::Execute: main camera is null
[14:35:43.398] [error] PostProcessFog::Execute: main camera is null
[14:35:43.414] [error] PostProcessFog::Execute: main camera is null
[14:35:43.430] [error] PostProcessFog::Execute: main camera is null
[14:35:43.447] [error] PostProcessFog::Execute: main camera is null
[14:35:43.464] [error] PostProcessFog::Execute: main camera is null
[14:35:43.481] [error] PostProcessFog::Execute: main camera is null
[14:35:43.498] [error] PostProcessFog::Execute: main camera is null
[14:35:43.514] [error] PostProcessFog::Execute: main camera is null
[14:35:43.530] [error] PostProcessFog::Execute: main camera is null
[14:35:43.547] [error] PostProcessFog::Execute: main camera is null
[14:35:43.564] [error] PostProcessFog::Execute: main camera is null
[14:35:43.580] [error] PostProcessFog::Execute: main camera is null
[14:35:43.597] [error] PostProcessFog::Execute: main camera is null
[14:35:43.615] [error] PostProcessFog::Execute: main camera is null
[14:35:43.632] [error] PostProcessFog::Execute: main camera is null
[14:35:43.648] [error] PostProcessFog::Execute: main camera is null
[14:35:43.665] [error] PostProcessFog::Execute: main camera is null
[14:35:43.681] [error] PostProcessFog::Execute: main camera is null
[14:35:43.698] [error] PostProcessFog::Execute: main camera is null
[14:35:43.715] [error] PostProcessFog::Execute: main camera is null
[14:35:43.731] [error] PostProcessFog::Execute: main camera is null
[14:35:43.748] [error] PostProcessFog::Execute: main camera is null
[14:35:43.765] [error] PostProcessFog::Execute: main camera is null
[14:35:43.782] [error] PostProcessFog::Execute: main camera is null
[14:35:43.798] [error] PostProcessFog::Execute: main camera is null
[14:35:43.815] [error] PostProcessFog::Execute: main camera is null
[14:35:43.832] [error] PostProcessFog::Execute: main camera is null
[14:35:43.849] [error] PostProcessFog::Execute: main camera is null
[14:35:43.865] [error] PostProcessFog::Execute: main camera is null
[14:35:43.882] [error] PostProcessFog::Execute: main camera is null
[14:35:43.898] [error] PostProcessFog::Execute: main camera is null
[14:35:43.915] [error] PostProcessFog::Execute: main camera is null
[14:35:43.931] [error] PostProcessFog::Execute: main camera is null
[14:35:43.948] [error] PostProcessFog::Execute: main camera is null
[14:35:43.965] [error] PostProcessFog::Execute: main camera is null
[14:35:43.982] [error] PostProcessFog::Execute: main camera is null
[14:35:43.998] [error] PostProcessFog::Execute: main camera is null
[14:35:44.015] [error] PostProcessFog::Execute: main camera is null
[14:35:44.032] [error] PostProcessFog::Execute: main camera is null
[14:35:44.048] [error] PostProcessFog::Execute: main camera is null
[14:35:44.065] [error] PostProcessFog::Execute: main camera is null
[14:35:44.081] [error] PostProcessFog::Execute: main camera is null
[14:35:44.098] [error] PostProcessFog::Execute: main camera is null
[14:35:44.114] [error] PostProcessFog::Execute: main camera is null
[14:35:44.131] [error] PostProcessFog::Execute: main camera is null
[14:35:44.148] [error] PostProcessFog::Execute: main camera is null
[14:35:44.164] [error] PostProcessFog::Execute: main camera is null
[14:35:44.181] [error] PostProcessFog::Execute: main camera is null
[14:35:44.198] [error] PostProcessFog::Execute: main camera is null
[14:35:44.215] [error] PostProcessFog::Execute: main camera is null
[14:35:44.232] [error] PostProcessFog::Execute: main camera is null
[14:35:44.248] [error] PostProcessFog::Execute: main camera is null
[14:35:44.265] [error] PostProcessFog::Execute: main camera is null
[14:35:44.282] [error] PostProcessFog::Execute: main camera is null
[14:35:44.298] [error] PostProcessFog::Execute: main camera is null
[14:35:44.315] [error] PostProcessFog::Execute: main camera is null
[14:35:44.331] [error] PostProcessFog::Execute: main camera is null
[14:35:44.348] [error] PostProcessFog::Execute: main camera is null
[14:35:44.364] [error] PostProcessFog::Execute: main camera is null
[14:35:44.381] [error] PostProcessFog::Execute: main camera is null
[14:35:44.398] [error] PostProcessFog::Execute: main camera is null
[14:35:44.414] [error] PostProcessFog::Execute: main camera is null
[14:35:44.432] [error] PostProcessFog::Execute: main camera is null
[14:35:44.448] [error] PostProcessFog::Execute: main camera is null
[14:35:44.465] [error] PostProcessFog::Execute: main camera is null
[14:35:44.481] [error] PostProcessFog::Execute: main camera is null
[14:35:44.498] [error] PostProcessFog::Execute: main camera is null
[14:35:44.515] [error] PostProcessFog::Execute: main camera is null
[14:35:44.531] [error] PostProcessFog::Execute: main camera is null
[14:35:44.548] [error] PostProcessFog::Execute: main camera is null
[14:35:44.565] [error] PostProcessFog::Execute: main camera is null
[14:35:44.582] [error] PostProcessFog::Execute: main camera is null
[14:35:44.598] [error] PostProcessFog::Execute: main camera is null
[14:35:44.615] [error] PostProcessFog::Execute: main camera is null
[14:35:44.632] [error] PostProcessFog::Execute: main camera is null
[14:35:44.648] [error] PostProcessFog::Execute: main camera is null
[14:35:44.665] [error] PostProcessFog::Execute: main camera is null
[14:35:44.682] [error] PostProcessFog::Execute: main camera is null
[14:35:44.698] [error] PostProcessFog::Execute: main camera is null
[14:35:44.714] [error] PostProcessFog::Execute: main camera is null
[14:35:44.732] [error] PostProcessFog::Execute: main camera is null
[14:35:44.748] [error] PostProcessFog::Execute: main camera is null
[14:35:44.765] [error] PostProcessFog::Execute: main camera is null
[14:35:44.782] [error] PostProcessFog::Execute: main camera is null
[14:35:44.798] [error] PostProcessFog::Execute: main camera is null
[14:35:44.815] [error] PostProcessFog::Execute: main camera is null
[14:35:44.831] [error] PostProcessFog::Execute: main camera is null
[14:35:44.848] [error] PostProcessFog::Execute: main camera is null
[14:35:44.865] [error] PostProcessFog::Execute: main camera is null
[14:35:44.882] [error] PostProcessFog::Execute: main camera is null
[14:35:44.898] [error] PostProcessFog::Execute: main camera is null
[14:35:44.915] [error] PostProcessFog::Execute: main camera is null
[14:35:44.931] [error] PostProcessFog::Execute: main camera is null
[14:35:44.947] [error] PostProcessFog::Execute: main camera is null
[14:35:44.965] [error] PostProcessFog::Execute: main camera is null
[14:35:44.982] [error] PostProcessFog::Execute: main camera is null
[14:35:44.998] [error] PostProcessFog::Execute: main camera is null
[14:35:45.014] [error] PostProcessFog::Execute: main camera is null
[14:35:45.032] [error] PostProcessFog::Execute: main camera is null
[14:35:45.048] [error] PostProcessFog::Execute: main camera is null
[14:35:45.065] [error] PostProcessFog::Execute: main camera is null
[14:35:45.081] [error] PostProcessFog::Execute: main camera is null
[14:35:45.098] [error] PostProcessFog::Execute: main camera is null
[14:35:45.114] [error] PostProcessFog::Execute: main camera is null
[14:35:45.131] [error] PostProcessFog::Execute: main camera is null
[14:35:45.148] [error] PostProcessFog::Execute: main camera is null
[14:35:45.165] [error] PostProcessFog::Execute: main camera is null
[14:35:45.181] [error] PostProcessFog::Execute: main camera is null
[14:35:45.199] [error] PostProcessFog::Execute: main camera is null
[14:35:45.215] [error] PostProcessFog::Execute: main camera is null
[14:35:45.232] [error] PostProcessFog::Execute: main camera is null
[14:35:45.248] [error] PostProcessFog::Execute: main camera is null
[14:35:45.265] [error] PostProcessFog::Execute: main camera is null
[14:35:45.281] [error] PostProcessFog::Execute: main camera is null
[14:35:45.298] [error] PostProcessFog::Execute: main camera is null
[14:35:45.315] [error] PostProcessFog::Execute: main camera is null
[14:35:45.331] [error] PostProcessFog::Execute: main camera is null
[14:35:45.348] [error] PostProcessFog::Execute: main camera is null
[14:35:45.365] [error] PostProcessFog::Execute: main camera is null
[14:35:45.382] [error] PostProcessFog::Execute: main camera is null
[14:35:45.398] [error] PostProcessFog::Execute: main camera is null
[14:35:45.415] [error] PostProcessFog::Execute: main camera is null
[14:35:45.432] [error] PostProcessFog::Execute: main camera is null
[14:35:45.449] [error] PostProcessFog::Execute: main camera is null
[14:35:45.465] [error] PostProcessFog::Execute: main camera is null
[14:35:45.481] [error] PostProcessFog::Execute: main camera is null
[14:35:45.498] [error] PostProcessFog::Execute: main camera is null
[14:35:45.515] [error] PostProcessFog::Execute: main camera is null
[14:35:45.531] [error] PostProcessFog::Execute: main camera is null
[14:35:45.548] [error] PostProcessFog::Execute: main camera is null
[14:35:45.565] [error] PostProcessFog::Execute: main camera is null
[14:35:45.581] [error] PostProcessFog::Execute: main camera is null
[14:35:45.598] [error] PostProcessFog::Execute: main camera is null
[14:35:45.615] [error] PostProcessFog::Execute: main camera is null
[14:35:45.632] [info] [SOURCE_DETECTOR] C# requested CreateEntity: Prefab = Cloud
[14:35:45.632] [info] [SOURCE_DETECTOR] Engine creating Entity (Internal)
[14:35:45.632] [error] PostProcessFog::Execute: main camera is null
[14:35:45.648] [error] PostProcessFog::Execute: main camera is null
[14:35:45.664] [error] PostProcessFog::Execute: main camera is null
[14:35:45.681] [error] PostProcessFog::Execute: main camera is null
[14:35:45.698] [error] PostProcessFog::Execute: main camera is null
[14:35:45.715] [error] PostProcessFog::Execute: main camera is null
[14:35:45.731] [error] PostProcessFog::Execute: main camera is null
[14:35:45.748] [error] PostProcessFog::Execute: main camera is null
[14:35:45.764] [error] PostProcessFog::Execute: main camera is null
[14:35:45.781] [error] PostProcessFog::Execute: main camera is null
[14:35:45.798] [error] PostProcessFog::Execute: main camera is null
[14:35:45.814] [error] PostProcessFog::Execute: main camera is null
[14:35:45.831] [error] PostProcessFog::Execute: main camera is null
[14:35:45.848] [error] PostProcessFog::Execute: main camera is null
[14:35:45.864] [error] PostProcessFog::Execute: main camera is null
[14:35:45.882] [error] PostProcessFog::Execute: main camera is null
[14:35:45.898] [error] PostProcessFog::Execute: main camera is null
[14:35:45.914] [error] PostProcessFog::Execute: main camera is null
[14:35:45.931] [error] PostProcessFog::Execute: main camera is null
[14:35:45.948] [info] [Mono][info] GC_MINOR: (Nursery full) time 0.54ms, stw 0.55ms promoted 40K major size: 720K in use: 63K los size: 0K in use: 0K
[14:35:45.949] [error] PostProcessFog::Execute: main camera is null
[14:35:45.965] [error] PostProcessFog::Execute: main camera is null
[14:35:45.981] [error] PostProcessFog::Execute: main camera is null
[14:35:45.998] [error] PostProcessFog::Execute: main camera is null
[14:35:46.015] [error] PostProcessFog::Execute: main camera is null
[14:35:46.032] [error] PostProcessFog::Execute: main camera is null
[14:35:46.049] [error] PostProcessFog::Execute: main camera is null
[14:35:46.065] [error] PostProcessFog::Execute: main camera is null
[14:35:46.081] [error] PostProcessFog::Execute: main camera is null
[14:35:46.098] [error] PostProcessFog::Execute: main camera is null
[14:35:46.115] [error] PostProcessFog::Execute: main camera is null
[14:35:46.132] [error] PostProcessFog::Execute: main camera is null
[14:35:46.148] [error] PostProcessFog::Execute: main camera is null
[14:35:46.165] [error] PostProcessFog::Execute: main camera is null
[14:35:46.181] [error] PostProcessFog::Execute: main camera is null
[14:35:46.198] [error] PostProcessFog::Execute: main camera is null
[14:35:46.215] [error] PostProcessFog::Execute: main camera is null
[14:35:46.232] [error] PostProcessFog::Execute: main camera is null
[14:35:46.248] [error] PostProcessFog::Execute: main camera is null
[14:35:46.265] [error] PostProcessFog::Execute: main camera is null
[14:35:46.281] [error] PostProcessFog::Execute: main camera is null
[14:35:46.298] [error] PostProcessFog::Execute: main camera is null
[14:35:46.315] [error] PostProcessFog::Execute: main camera is null
[14:35:46.332] [error] PostProcessFog::Execute: main camera is null
[14:35:46.349] [error] PostProcessFog::Execute: main camera is null
[14:35:46.365] [error] PostProcessFog::Execute: main camera is null
[14:35:46.382] [error] PostProcessFog::Execute: main camera is null
[14:35:46.398] [error] PostProcessFog::Execute: main camera is null
[14:35:46.415] [error] PostProcessFog::Execute: main camera is null
[14:35:46.432] [error] PostProcessFog::Execute: main camera is null
[14:35:46.448] [error] PostProcessFog::Execute: main camera is null
[14:35:46.465] [error] PostProcessFog::Execute: main camera is null
[14:35:46.481] [error] PostProcessFog::Execute: main camera is null
[14:35:46.498] [error] PostProcessFog::Execute: main camera is null
[14:35:46.515] [error] PostProcessFog::Execute: main camera is null
[14:35:46.532] [error] PostProcessFog::Execute: main camera is null
[14:35:46.549] [error] PostProcessFog::Execute: main camera is null
[14:35:46.565] [error] PostProcessFog::Execute: main camera is null
[14:35:46.581] [error] PostProcessFog::Execute: main camera is null
[14:35:46.598] [error] PostProcessFog::Execute: main camera is null
[14:35:46.615] [error] PostProcessFog::Execute: main camera is null
[14:35:46.632] [error] PostProcessFog::Execute: main camera is null
[14:35:46.648] [error] PostProcessFog::Execute: main camera is null
[14:35:46.665] [error] PostProcessFog::Execute: main camera is null
[14:35:46.682] [error] PostProcessFog::Execute: main camera is null
[14:35:46.698] [error] PostProcessFog::Execute: main camera is null
[14:35:46.715] [error] PostProcessFog::Execute: main camera is null
[14:35:46.731] [error] PostProcessFog::Execute: main camera is null
[14:35:46.749] [error] PostProcessFog::Execute: main camera is null
[14:35:46.765] [error] PostProcessFog::Execute: main camera is null
[14:35:46.781] [error] PostProcessFog::Execute: main camera is null
[14:35:46.798] [error] PostProcessFog::Execute: main camera is null
[14:35:46.815] [error] PostProcessFog::Execute: main camera is null
[14:35:46.832] [error] PostProcessFog::Execute: main camera is null
[14:35:46.849] [error] PostProcessFog::Execute: main camera is null
[14:35:46.865] [error] PostProcessFog::Execute: main camera is null
[14:35:46.881] [error] PostProcessFog::Execute: main camera is null
[14:35:46.898] [error] PostProcessFog::Execute: main camera is null
[14:35:46.915] [error] PostProcessFog::Execute: main camera is null
[14:35:46.931] [error] PostProcessFog::Execute: main camera is null
[14:35:46.949] [error] PostProcessFog::Execute: main camera is null
[14:35:46.965] [error] PostProcessFog::Execute: main camera is null
[14:35:46.982] [error] PostProcessFog::Execute: main camera is null
[14:35:46.998] [error] PostProcessFog::Execute: main camera is null
[14:35:47.016] [error] PostProcessFog::Execute: main camera is null
[14:35:47.032] [error] PostProcessFog::Execute: main camera is null
[14:35:47.049] [error] PostProcessFog::Execute: main camera is null
[14:35:47.065] [error] PostProcessFog::Execute: main camera is null
[14:35:47.082] [error] PostProcessFog::Execute: main camera is null
[14:35:47.098] [error] PostProcessFog::Execute: main camera is null
[14:35:47.115] [error] PostProcessFog::Execute: main camera is null
[14:35:47.132] [error] PostProcessFog::Execute: main camera is null
[14:35:47.149] [error] PostProcessFog::Execute: main camera is null
[14:35:47.165] [error] PostProcessFog::Execute: main camera is null
[14:35:47.182] [error] PostProcessFog::Execute: main camera is null
[14:35:47.199] [error] PostProcessFog::Execute: main camera is null
[14:35:47.216] [error] PostProcessFog::Execute: main camera is null
[14:35:47.232] [error] PostProcessFog::Execute: main camera is null
[14:35:47.249] [error] PostProcessFog::Execute: main camera is null
[14:35:47.265] [error] PostProcessFog::Execute: main camera is null
[14:35:47.282] [error] PostProcessFog::Execute: main camera is null
[14:35:47.298] [error] PostProcessFog::Execute: main camera is null
[14:35:47.315] [error] PostProcessFog::Execute: main camera is null
[14:35:47.332] [error] PostProcessFog::Execute: main camera is null
[14:35:47.349] [error] PostProcessFog::Execute: main camera is null
[14:35:47.365] [error] PostProcessFog::Execute: main camera is null
[14:35:47.382] [error] PostProcessFog::Execute: main camera is null
[14:35:47.399] [error] PostProcessFog::Execute: main camera is null
[14:35:47.415] [error] PostProcessFog::Execute: main camera is null
[14:35:47.432] [error] PostProcessFog::Execute: main camera is null
[14:35:47.449] [error] PostProcessFog::Execute: main camera is null
[14:35:47.466] [error] PostProcessFog::Execute: main camera is null
[14:35:47.482] [error] PostProcessFog::Execute: main camera is null
[14:35:47.499] [error] PostProcessFog::Execute: main camera is null
[14:35:47.515] [error] PostProcessFog::Execute: main camera is null
[14:35:47.532] [error] PostProcessFog::Execute: main camera is null
[14:35:47.549] [error] PostProcessFog::Execute: main camera is null
[14:35:47.566] [error] PostProcessFog::Execute: main camera is null
[14:35:47.583] [error] PostProcessFog::Execute: main camera is null
[14:35:47.599] [error] PostProcessFog::Execute: main camera is null
[14:35:47.616] [error] PostProcessFog::Execute: main camera is null
[14:35:47.632] [error] PostProcessFog::Execute: main camera is null
[14:35:47.649] [error] PostProcessFog::Execute: main camera is null
[14:35:47.666] [error] PostProcessFog::Execute: main camera is null
[14:35:47.682] [error] PostProcessFog::Execute: main camera is null
[14:35:47.699] [error] PostProcessFog::Execute: main camera is null
[14:35:47.715] [error] PostProcessFog::Execute: main camera is null
[14:35:47.732] [error] PostProcessFog::Execute: main camera is null
[14:35:47.749] [error] PostProcessFog::Execute: main camera is null
[14:35:47.766] [error] PostProcessFog::Execute: main camera is null
[14:35:47.782] [error] PostProcessFog::Execute: main camera is null
[14:35:47.799] [error] PostProcessFog::Execute: main camera is null
[14:35:47.816] [error] PostProcessFog::Execute: main camera is null
[14:35:47.836] [error] PostProcessFog::Execute: main camera is null
[14:35:47.852] [error] PostProcessFog::Execute: main camera is null
[14:35:47.869] [error] PostProcessFog::Execute: main camera is null
[14:35:47.885] [error] PostProcessFog::Execute: main camera is null
[14:35:47.902] [error] PostProcessFog::Execute: main camera is null
[14:35:47.919] [error] PostProcessFog::Execute: main camera is null
[14:35:47.936] [error] PostProcessFog::Execute: main camera is null
[14:35:47.953] [error] PostProcessFog::Execute: main camera is null
[14:35:47.969] [error] PostProcessFog::Execute: main camera is null
[14:35:47.986] [error] PostProcessFog::Execute: main camera is null
[14:35:48.003] [error] PostProcessFog::Execute: main camera is null
[14:35:48.019] [error] PostProcessFog::Execute: main camera is null
[14:35:48.036] [error] PostProcessFog::Execute: main camera is null
[14:35:48.052] [error] PostProcessFog::Execute: main camera is null
[14:35:48.068] [error] PostProcessFog::Execute: main camera is null
[14:35:48.085] [error] PostProcessFog::Execute: main camera is null
[14:35:48.102] [error] PostProcessFog::Execute: main camera is null
[14:35:48.118] [error] PostProcessFog::Execute: main camera is null
[14:35:48.135] [error] PostProcessFog::Execute: main camera is null
[14:35:48.152] [error] PostProcessFog::Execute: main camera is null
[14:35:48.168] [error] PostProcessFog::Execute: main camera is null
[14:35:48.185] [error] PostProcessFog::Execute: main camera is null
[14:35:48.201] [error] PostProcessFog::Execute: main camera is null
[14:35:48.213] [error] PostProcessFog::Execute: main camera is null
[14:35:48.230] [error] PostProcessFog::Execute: main camera is null
[14:35:48.248] [error] PostProcessFog::Execute: main camera is null
[14:35:48.264] [error] PostProcessFog::Execute: main camera is null
[14:35:48.281] [error] PostProcessFog::Execute: main camera is null
[14:35:48.297] [error] PostProcessFog::Execute: main camera is null
[14:35:48.314] [error] PostProcessFog::Execute: main camera is null
[14:35:48.331] [error] PostProcessFog::Execute: main camera is null
[14:35:48.348] [error] PostProcessFog::Execute: main camera is null
[14:35:48.364] [error] PostProcessFog::Execute: main camera is null
[14:35:48.380] [error] PostProcessFog::Execute: main camera is null
[14:35:48.397] [error] PostProcessFog::Execute: main camera is null
[14:35:48.414] [error] PostProcessFog::Execute: main camera is null
[14:35:48.430] [error] PostProcessFog::Execute: main camera is null
[14:35:48.447] [error] PostProcessFog::Execute: main camera is null
[14:35:48.464] [error] PostProcessFog::Execute: main camera is null
[14:35:48.481] [error] PostProcessFog::Execute: main camera is null
[14:35:48.497] [error] PostProcessFog::Execute: main camera is null
[14:35:48.514] [error] PostProcessFog::Execute: main camera is null
[14:35:48.531] [error] PostProcessFog::Execute: main camera is null
[14:35:48.547] [error] PostProcessFog::Execute: main camera is null
[14:35:48.564] [error] PostProcessFog::Execute: main camera is null
[14:35:48.580] [error] PostProcessFog::Execute: main camera is null
[14:35:48.598] [error] PostProcessFog::Execute: main camera is null
[14:35:48.614] [error] PostProcessFog::Execute: main camera is null
[14:35:48.630] [error] PostProcessFog::Execute: main camera is null
[14:35:48.647] [info] [SOURCE_DETECTOR] C# requested CreateEntity: Prefab = Cloud
[14:35:48.647] [info] [SOURCE_DETECTOR] Engine creating Entity (Internal)
[14:35:48.648] [error] PostProcessFog::Execute: main camera is null
[14:35:48.664] [error] PostProcessFog::Execute: main camera is null
[14:35:48.680] [error] PostProcessFog::Execute: main camera is null
[14:35:48.697] [error] PostProcessFog::Execute: main camera is null
[14:35:48.714] [error] PostProcessFog::Execute: main camera is null
[14:35:48.731] [error] PostProcessFog::Execute: main camera is null
[14:35:48.747] [error] PostProcessFog::Execute: main camera is null
[14:35:48.764] [error] PostProcessFog::Execute: main camera is null
[14:35:48.781] [error] PostProcessFog::Execute: main camera is null
[14:35:48.798] [error] PostProcessFog::Execute: main camera is null
[14:35:48.814] [error] PostProcessFog::Execute: main camera is null
[14:35:48.830] [error] PostProcessFog::Execute: main camera is null
[14:35:48.848] [error] PostProcessFog::Execute: main camera is null
[14:35:48.864] [error] PostProcessFog::Execute: main camera is null
[14:35:48.880] [error] PostProcessFog::Execute: main camera is null
[14:35:48.897] [error] PostProcessFog::Execute: main camera is null
[14:35:48.914] [error] PostProcessFog::Execute: main camera is null
[14:35:48.930] [error] PostProcessFog::Execute: main camera is null
[14:35:48.948] [error] PostProcessFog::Execute: main camera is null
[14:35:48.964] [error] PostProcessFog::Execute: main camera is null
[14:35:48.981] [error] PostProcessFog::Execute: main camera is null
[14:35:48.997] [error] PostProcessFog::Execute: main camera is null
[14:35:49.014] [error] PostProcessFog::Execute: main camera is null
[14:35:49.031] [error] PostProcessFog::Execute: main camera is null
[14:35:49.047] [error] PostProcessFog::Execute: main camera is null
[14:35:49.064] [error] PostProcessFog::Execute: main camera is null
[14:35:49.081] [error] PostProcessFog::Execute: main camera is null
[14:35:49.097] [error] PostProcessFog::Execute: main camera is null
[14:35:49.114] [error] PostProcessFog::Execute: main camera is null
[14:35:49.130] [error] PostProcessFog::Execute: main camera is null
[14:35:49.147] [error] PostProcessFog::Execute: main camera is null
[14:35:49.164] [error] PostProcessFog::Execute: main camera is null
[14:35:49.180] [error] PostProcessFog::Execute: main camera is null
[14:35:49.198] [error] PostProcessFog::Execute: main camera is null
[14:35:49.215] [error] PostProcessFog::Execute: main camera is null
[14:35:49.230] [error] PostProcessFog::Execute: main camera is null
[14:35:49.247] [error] PostProcessFog::Execute: main camera is null
[14:35:49.264] [error] PostProcessFog::Execute: main camera is null
[14:35:49.281] [error] PostProcessFog::Execute: main camera is null
[14:35:49.297] [error] PostProcessFog::Execute: main camera is null
[14:35:49.314] [error] PostProcessFog::Execute: main camera is null
[14:35:49.331] [error] PostProcessFog::Execute: main camera is null
[14:35:49.347] [error] PostProcessFog::Execute: main camera is null
[14:35:49.364] [error] PostProcessFog::Execute: main camera is null
[14:35:49.380] [error] PostProcessFog::Execute: main camera is null
[14:35:49.398] [error] PostProcessFog::Execute: main camera is null
[14:35:49.414] [error] PostProcessFog::Execute: main camera is null
[14:35:49.431] [error] PostProcessFog::Execute: main camera is null
[14:35:49.447] [error] PostProcessFog::Execute: main camera is null
[14:35:49.464] [error] PostProcessFog::Execute: main camera is null
[14:35:49.481] [error] PostProcessFog::Execute: main camera is null
[14:35:49.497] [error] PostProcessFog::Execute: main camera is null
[14:35:49.514] [error] PostProcessFog::Execute: main camera is null
[14:35:49.531] [error] PostProcessFog::Execute: main camera is null
[14:35:49.547] [error] PostProcessFog::Execute: main camera is null
[14:35:49.564] [error] PostProcessFog::Execute: main camera is null
[14:35:49.581] [error] PostProcessFog::Execute: main camera is null
[14:35:49.597] [error] PostProcessFog::Execute: main camera is null
[14:35:49.614] [error] PostProcessFog::Execute: main camera is null
[14:35:49.631] [error] PostProcessFog::Execute: main camera is null
[14:35:49.648] [error] PostProcessFog::Execute: main camera is null
[14:35:49.664] [error] PostProcessFog::Execute: main camera is null
[14:35:49.681] [error] PostProcessFog::Execute: main camera is null
[14:35:49.698] [error] PostProcessFog::Execute: main camera is null
[14:35:49.714] [error] PostProcessFog::Execute: main camera is null
[14:35:49.731] [error] PostProcessFog::Execute: main camera is null
[14:35:49.747] [error] PostProcessFog::Execute: main camera is null
[14:35:49.764] [error] PostProcessFog::Execute: main camera is null
[14:35:49.780] [error] PostProcessFog::Execute: main camera is null
[14:35:49.797] [error] PostProcessFog::Execute: main camera is null
[14:35:49.814] [error] PostProcessFog::Execute: main camera is null
[14:35:49.831] [error] PostProcessFog::Execute: main camera is null
[14:35:49.847] [error] PostProcessFog::Execute: main camera is null
[14:35:49.864] [error] PostProcessFog::Execute: main camera is null
[14:35:49.881] [error] PostProcessFog::Execute: main camera is null
[14:35:49.897] [error] PostProcessFog::Execute: main camera is null
[14:35:49.914] [error] PostProcessFog::Execute: main camera is null
[14:35:49.930] [error] PostProcessFog::Execute: main camera is null
[14:35:49.947] [error] PostProcessFog::Execute: main camera is null
[14:35:49.964] [error] PostProcessFog::Execute: main camera is null
[14:35:49.981] [error] PostProcessFog::Execute: main camera is null
[14:35:49.997] [error] PostProcessFog::Execute: main camera is null
[14:35:50.014] [error] PostProcessFog::Execute: main camera is null
[14:35:50.033] [error] PostProcessFog::Execute: main camera is null
[14:35:50.049] [error] PostProcessFog::Execute: main camera is null
[14:35:50.065] [error] PostProcessFog::Execute: main camera is null
[14:35:50.082] [error] PostProcessFog::Execute: main camera is null
[14:35:50.098] [error] PostProcessFog::Execute: main camera is null
[14:35:50.115] [error] PostProcessFog::Execute: main camera is null
[14:35:50.132] [error] PostProcessFog::Execute: main camera is null
[14:35:50.149] [error] PostProcessFog::Execute: main camera is null
[14:35:50.166] [error] PostProcessFog::Execute: main camera is null
[14:35:50.182] [info] [Mono][info] GC_MINOR: (Nursery full) time 0.20ms, stw 0.21ms promoted 0K major size: 720K in use: 64K los size: 0K in use: 0K
[14:35:50.182] [error] PostProcessFog::Execute: main camera is null
[14:35:50.199] [error] PostProcessFog::Execute: main camera is null
[14:35:50.215] [error] PostProcessFog::Execute: main camera is null
[14:35:50.232] [error] PostProcessFog::Execute: main camera is null
[14:35:50.248] [error] PostProcessFog::Execute: main camera is null
[14:35:50.265] [error] PostProcessFog::Execute: main camera is null
[14:35:50.281] [error] PostProcessFog::Execute: main camera is null
[14:35:50.298] [error] PostProcessFog::Execute: main camera is null
[14:35:50.315] [error] PostProcessFog::Execute: main camera is null
[14:35:50.332] [error] PostProcessFog::Execute: main camera is null
[14:35:50.348] [error] PostProcessFog::Execute: main camera is null
[14:35:50.365] [error] PostProcessFog::Execute: main camera is null
[14:35:50.382] [error] PostProcessFog::Execute: main camera is null
[14:35:50.399] [error] PostProcessFog::Execute: main camera is null
[14:35:50.416] [error] PostProcessFog::Execute: main camera is null
[14:35:50.432] [error] PostProcessFog::Execute: main camera is null
[14:35:50.449] [error] PostProcessFog::Execute: main camera is null
[14:35:50.465] [error] PostProcessFog::Execute: main camera is null
[14:35:50.482] [error] PostProcessFog::Execute: main camera is null
[14:35:50.499] [error] PostProcessFog::Execute: main camera is null
[14:35:50.515] [error] PostProcessFog::Execute: main camera is null
[14:35:50.532] [error] PostProcessFog::Execute: main camera is null
[14:35:50.548] [error] PostProcessFog::Execute: main camera is null
[14:35:50.565] [error] PostProcessFog::Execute: main camera is null
[14:35:50.582] [error] PostProcessFog::Execute: main camera is null
[14:35:50.599] [error] PostProcessFog::Execute: main camera is null
[14:35:50.615] [error] PostProcessFog::Execute: main camera is null
[14:35:50.632] [error] PostProcessFog::Execute: main camera is null
[14:35:50.649] [error] PostProcessFog::Execute: main camera is null
[14:35:50.665] [error] PostProcessFog::Execute: main camera is null
[14:35:50.682] [error] PostProcessFog::Execute: main camera is null
[14:35:50.699] [error] PostProcessFog::Execute: main camera is null
[14:35:50.715] [error] PostProcessFog::Execute: main camera is null
[14:35:50.732] [error] PostProcessFog::Execute: main camera is null
[14:35:50.748] [error] PostProcessFog::Execute: main camera is null
[14:35:50.765] [error] PostProcessFog::Execute: main camera is null
[14:35:50.782] [error] PostProcessFog::Execute: main camera is null
[14:35:50.798] [error] PostProcessFog::Execute: main camera is null
[14:35:50.815] [error] PostProcessFog::Execute: main camera is null
[14:35:50.832] [error] PostProcessFog::Execute: main camera is null
[14:35:50.849] [error] PostProcessFog::Execute: main camera is null
[14:35:50.865] [error] PostProcessFog::Execute: main camera is null
[14:35:50.882] [error] PostProcessFog::Execute: main camera is null
[14:35:50.898] [error] PostProcessFog::Execute: main camera is null
[14:35:50.915] [error] PostProcessFog::Execute: main camera is null
[14:35:50.932] [error] PostProcessFog::Execute: main camera is null
[14:35:50.948] [error] PostProcessFog::Execute: main camera is null
[14:35:50.965] [error] PostProcessFog::Execute: main camera is null
[14:35:50.982] [error] PostProcessFog::Execute: main camera is null
[14:35:50.999] [error] PostProcessFog::Execute: main camera is null
[14:35:51.016] [error] PostProcessFog::Execute: main camera is null
[14:35:51.032] [error] PostProcessFog::Execute: main camera is null
[14:35:51.048] [error] PostProcessFog::Execute: main camera is null
[14:35:51.065] [error] PostProcessFog::Execute: main camera is null
[14:35:51.082] [error] PostProcessFog::Execute: main camera is null
[14:35:51.099] [error] PostProcessFog::Execute: main camera is null
[14:35:51.116] [error] PostProcessFog::Execute: main camera is null
[14:35:51.132] [error] PostProcessFog::Execute: main camera is null
[14:35:51.148] [error] PostProcessFog::Execute: main camera is null
[14:35:51.165] [error] PostProcessFog::Execute: main camera is null
[14:35:51.182] [error] PostProcessFog::Execute: main camera is null
[14:35:51.198] [error] PostProcessFog::Execute: main camera is null
[14:35:51.215] [error] PostProcessFog::Execute: main camera is null
[14:35:51.232] [error] PostProcessFog::Execute: main camera is null
[14:35:51.248] [error] PostProcessFog::Execute: main camera is null
[14:35:51.265] [error] PostProcessFog::Execute: main camera is null
[14:35:51.282] [error] PostProcessFog::Execute: main camera is null
[14:35:51.300] [error] PostProcessFog::Execute: main camera is null
[14:35:51.316] [error] PostProcessFog::Execute: main camera is null
[14:35:51.332] [error] PostProcessFog::Execute: main camera is null
[14:35:51.349] [error] PostProcessFog::Execute: main camera is null
[14:35:51.366] [error] PostProcessFog::Execute: main camera is null
[14:35:51.382] [error] PostProcessFog::Execute: main camera is null
[14:35:51.398] [error] PostProcessFog::Execute: main camera is null
[14:35:51.415] [error] PostProcessFog::Execute: main camera is null
[14:35:51.432] [error] PostProcessFog::Execute: main camera is null
[14:35:51.449] [error] PostProcessFog::Execute: main camera is null
[14:35:51.465] [error] PostProcessFog::Execute: main camera is null
[14:35:51.482] [error] PostProcessFog::Execute: main camera is null
[14:35:51.499] [error] PostProcessFog::Execute: main camera is null
[14:35:51.515] [error] PostProcessFog::Execute: main camera is null
[14:35:51.532] [error] PostProcessFog::Execute: main camera is null
[14:35:51.548] [error] PostProcessFog::Execute: main camera is null
[14:35:51.565] [error] PostProcessFog::Execute: main camera is null
[14:35:51.582] [error] PostProcessFog::Execute: main camera is null
[14:35:51.598] [error] PostProcessFog::Execute: main camera is null
[14:35:51.615] [error] PostProcessFog::Execute: main camera is null
[14:35:51.632] [error] PostProcessFog::Execute: main camera is null
[14:35:51.649] [info] [SOURCE_DETECTOR] C# requested CreateEntity: Prefab = Cloud
[14:35:51.649] [info] [SOURCE_DETECTOR] Engine creating Entity (Internal)
[14:35:51.649] [error] PostProcessFog::Execute: main camera is null
[14:35:51.665] [error] PostProcessFog::Execute: main camera is null
[14:35:51.682] [error] PostProcessFog::Execute: main camera is null
[14:35:51.699] [error] PostProcessFog::Execute: main camera is null
[14:35:51.715] [error] PostProcessFog::Execute: main camera is null
[14:35:51.732] [error] PostProcessFog::Execute: main camera is null
[14:35:51.749] [error] PostProcessFog::Execute: main camera is null
[14:35:51.766] [error] PostProcessFog::Execute: main camera is null
[14:35:51.783] [error] PostProcessFog::Execute: main camera is null
[14:35:51.799] [error] PostProcessFog::Execute: main camera is null
[14:35:51.816] [error] PostProcessFog::Execute: main camera is null
[14:35:51.833] [error] PostProcessFog::Execute: main camera is null
[14:35:51.849] [error] PostProcessFog::Execute: main camera is null
[14:35:51.865] [error] PostProcessFog::Execute: main camera is null
[14:35:51.882] [error] PostProcessFog::Execute: main camera is null
[14:35:51.899] [error] PostProcessFog::Execute: main camera is null
[14:35:51.915] [error] PostProcessFog::Execute: main camera is null
[14:35:51.932] [error] PostProcessFog::Execute: main camera is null
[14:35:51.949] [error] PostProcessFog::Execute: main camera is null
[14:35:51.966] [error] PostProcessFog::Execute: main camera is null
[14:35:51.982] [error] PostProcessFog::Execute: main camera is null
[14:35:51.999] [error] PostProcessFog::Execute: main camera is null
[14:35:52.016] [error] PostProcessFog::Execute: main camera is null
[14:35:52.036] [error] PostProcessFog::Execute: main camera is null
[14:35:52.053] [error] PostProcessFog::Execute: main camera is null
[14:35:52.069] [error] PostProcessFog::Execute: main camera is null
[14:35:52.086] [error] PostProcessFog::Execute: main camera is null
[14:35:52.102] [error] PostProcessFog::Execute: main camera is null
[14:35:52.119] [error] PostProcessFog::Execute: main camera is null
[14:35:52.136] [error] PostProcessFog::Execute: main camera is null
[14:35:52.154] [error] PostProcessFog::Execute: main camera is null
[14:35:52.169] [error] PostProcessFog::Execute: main camera is null
[14:35:52.185] [error] PostProcessFog::Execute: main camera is null
[14:35:52.202] [error] PostProcessFog::Execute: main camera is null
[14:35:52.218] [error] PostProcessFog::Execute: main camera is null
[14:35:52.235] [error] PostProcessFog::Execute: main camera is null
[14:35:52.252] [error] PostProcessFog::Execute: main camera is null
[14:35:52.269] [error] PostProcessFog::Execute: main camera is null
[14:35:52.285] [error] PostProcessFog::Execute: main camera is null
[14:35:52.302] [error] PostProcessFog::Execute: main camera is null
[14:35:52.319] [error] PostProcessFog::Execute: main camera is null
[14:35:52.335] [error] PostProcessFog::Execute: main camera is null
[14:35:52.352] [error] PostProcessFog::Execute: main camera is null
[14:35:52.368] [error] PostProcessFog::Execute: main camera is null
[14:35:52.385] [error] PostProcessFog::Execute: main camera is null
[14:35:52.403] [error] PostProcessFog::Execute: main camera is null
[14:35:52.413] [error] PostProcessFog::Execute: main camera is null
[14:35:52.430] [error] PostProcessFog::Execute: main camera is null
[14:35:52.447] [error] PostProcessFog::Execute: main camera is null
[14:35:52.463] [error] PostProcessFog::Execute: main camera is null
[14:35:52.480] [error] PostProcessFog::Execute: main camera is null
[14:35:52.497] [error] PostProcessFog::Execute: main camera is null
[14:35:52.513] [error] PostProcessFog::Execute: main camera is null
[14:35:52.530] [error] PostProcessFog::Execute: main camera is null
[14:35:52.547] [error] PostProcessFog::Execute: main camera is null
[14:35:52.563] [error] PostProcessFog::Execute: main camera is null
[14:35:52.580] [error] PostProcessFog::Execute: main camera is null
[14:35:52.597] [error] PostProcessFog::Execute: main camera is null
[14:35:52.614] [error] PostProcessFog::Execute: main camera is null
[14:35:52.631] [error] PostProcessFog::Execute: main camera is null
[14:35:52.647] [error] PostProcessFog::Execute: main camera is null
[14:35:52.664] [error] PostProcessFog::Execute: main camera is null
[14:35:52.681] [error] PostProcessFog::Execute: main camera is null
[14:35:52.697] [error] PostProcessFog::Execute: main camera is null
[14:35:52.714] [error] PostProcessFog::Execute: main camera is null
[14:35:52.731] [error] PostProcessFog::Execute: main camera is null
[14:35:52.747] [error] PostProcessFog::Execute: main camera is null
[14:35:52.763] [error] PostProcessFog::Execute: main camera is null
[14:35:52.780] [error] PostProcessFog::Execute: main camera is null
[14:35:52.797] [error] PostProcessFog::Execute: main camera is null
[14:35:52.814] [error] PostProcessFog::Execute: main camera is null
[14:35:52.831] [error] PostProcessFog::Execute: main camera is null
[14:35:52.847] [error] PostProcessFog::Execute: main camera is null
[14:35:52.864] [error] PostProcessFog::Execute: main camera is null
[14:35:52.880] [error] PostProcessFog::Execute: main camera is null
[14:35:52.897] [error] PostProcessFog::Execute: main camera is null
[14:35:52.913] [error] PostProcessFog::Execute: main camera is null
[14:35:52.930] [error] PostProcessFog::Execute: main camera is null
[14:35:52.947] [error] PostProcessFog::Execute: main camera is null
[14:35:52.963] [error] PostProcessFog::Execute: main camera is null
[14:35:52.980] [error] PostProcessFog::Execute: main camera is null
[14:35:52.997] [error] PostProcessFog::Execute: main camera is null
[14:35:53.014] [error] PostProcessFog::Execute: main camera is null
[14:35:53.031] [error] PostProcessFog::Execute: main camera is null
[14:35:53.047] [error] PostProcessFog::Execute: main camera is null
[14:35:53.064] [error] PostProcessFog::Execute: main camera is null
[14:35:53.081] [error] PostProcessFog::Execute: main camera is null
[14:35:53.098] [error] PostProcessFog::Execute: main camera is null
[14:35:53.114] [error] PostProcessFog::Execute: main camera is null
[14:35:53.131] [error] PostProcessFog::Execute: main camera is null
[14:35:53.147] [error] PostProcessFog::Execute: main camera is null
[14:35:53.164] [error] PostProcessFog::Execute: main camera is null
[14:35:53.180] [error] PostProcessFog::Execute: main camera is null
[14:35:53.197] [error] PostProcessFog::Execute: main camera is null
[14:35:53.214] [error] PostProcessFog::Execute: main camera is null
[14:35:53.231] [error] PostProcessFog::Execute: main camera is null
[14:35:53.247] [error] PostProcessFog::Execute: main camera is null
[14:35:53.264] [error] PostProcessFog::Execute: main camera is null
[14:35:53.281] [error] PostProcessFog::Execute: main camera is null
[14:35:53.297] [error] PostProcessFog::Execute: main camera is null
[14:35:53.314] [error] PostProcessFog::Execute: main camera is null
[14:35:53.331] [error] PostProcessFog::Execute: main camera is null
[14:35:53.347] [error] PostProcessFog::Execute: main camera is null
[14:35:53.364] [error] PostProcessFog::Execute: main camera is null
[14:35:53.380] [error] PostProcessFog::Execute: main camera is null
[14:35:53.397] [error] PostProcessFog::Execute: main camera is null
[14:35:53.414] [error] PostProcessFog::Execute: main camera is null
[14:35:53.430] [error] PostProcessFog::Execute: main camera is null
[14:35:53.447] [error] PostProcessFog::Execute: main camera is null
[14:35:53.464] [error] PostProcessFog::Execute: main camera is null
[14:35:53.481] [error] PostProcessFog::Execute: main camera is null
[14:35:53.499] [error] PostProcessFog::Execute: main camera is null
[14:35:53.515] [error] PostProcessFog::Execute: main camera is null
[14:35:53.531] [error] PostProcessFog::Execute: main camera is null
[14:35:53.552] [error] PostProcessFog::Execute: main camera is null
[14:35:53.575] [error] PostProcessFog::Execute: main camera is null
[14:35:53.594] [error] PostProcessFog::Execute: main camera is null
[14:35:53.598] [error] PostProcessFog::Execute: main camera is null
[14:35:53.621] [error] PostProcessFog::Execute: main camera is null
[14:35:53.630] [error] PostProcessFog::Execute: main camera is null
[14:35:53.648] [error] PostProcessFog::Execute: main camera is null
[14:35:53.665] [error] PostProcessFog::Execute: main camera is null
[14:35:53.682] [error] PostProcessFog::Execute: main camera is null
[14:35:53.699] [error] PostProcessFog::Execute: main camera is null
[14:35:53.716] [error] PostProcessFog::Execute: main camera is null
[14:35:53.733] [error] PostProcessFog::Execute: main camera is null
[14:35:53.749] [error] PostProcessFog::Execute: main camera is null
[14:35:53.765] [error] PostProcessFog::Execute: main camera is null
[14:35:53.783] [error] PostProcessFog::Execute: main camera is null
[14:35:53.799] [error] PostProcessFog::Execute: main camera is null
[14:35:53.815] [error] PostProcessFog::Execute: main camera is null
[14:35:53.832] [error] PostProcessFog::Execute: main camera is null
[14:35:53.849] [error] PostProcessFog::Execute: main camera is null
[14:35:53.865] [error] PostProcessFog::Execute: main camera is null
[14:35:53.882] [error] PostProcessFog::Execute: main camera is null
[14:35:53.899] [error] PostProcessFog::Execute: main camera is null
[14:35:53.915] [error] PostProcessFog::Execute: main camera is null
[14:35:53.932] [error] PostProcessFog::Execute: main camera is null
[14:35:53.948] [error] PostProcessFog::Execute: main camera is null
[14:35:53.965] [error] PostProcessFog::Execute: main camera is null
[14:35:53.982] [error] PostProcessFog::Execute: main camera is null
[14:35:53.998] [error] PostProcessFog::Execute: main camera is null
[14:35:54.015] [error] PostProcessFog::Execute: main camera is null
[14:35:54.032] [error] PostProcessFog::Execute: main camera is null
[14:35:54.048] [error] PostProcessFog::Execute: main camera is null
[14:35:54.065] [error] PostProcessFog::Execute: main camera is null
[14:35:54.082] [error] PostProcessFog::Execute: main camera is null
[14:35:54.098] [error] PostProcessFog::Execute: main camera is null
[14:35:54.115] [error] PostProcessFog::Execute: main camera is null
[14:35:54.132] [error] PostProcessFog::Execute: main camera is null
[14:35:54.149] [error] PostProcessFog::Execute: main camera is null
[14:35:54.166] [error] PostProcessFog::Execute: main camera is null
[14:35:54.182] [error] PostProcessFog::Execute: main camera is null
[14:35:54.199] [error] PostProcessFog::Execute: main camera is null
[14:35:54.215] [error] PostProcessFog::Execute: main camera is null
[14:35:54.232] [error] PostProcessFog::Execute: main camera is null
[14:35:54.249] [error] PostProcessFog::Execute: main camera is null
[14:35:54.265] [error] PostProcessFog::Execute: main camera is null
[14:35:54.281] [info] [Mono][info] GC_MINOR: (Nursery full) time 0.18ms, stw 0.19ms promoted 0K major size: 720K in use: 65K los size: 0K in use: 0K
[14:35:54.282] [error] PostProcessFog::Execute: main camera is null
[14:35:54.298] [error] PostProcessFog::Execute: main camera is null
[14:35:54.315] [error] PostProcessFog::Execute: main camera is null
[14:35:54.332] [error] PostProcessFog::Execute: main camera is null
[14:35:54.348] [error] PostProcessFog::Execute: main camera is null
[14:35:54.365] [error] PostProcessFog::Execute: main camera is null
[14:35:54.382] [error] PostProcessFog::Execute: main camera is null
[14:35:54.399] [error] PostProcessFog::Execute: main camera is null
[14:35:54.415] [error] PostProcessFog::Execute: main camera is null
[14:35:54.432] [error] PostProcessFog::Execute: main camera is null
[14:35:54.449] [error] PostProcessFog::Execute: main camera is null
[14:35:54.465] [error] PostProcessFog::Execute: main camera is null
[14:35:54.482] [error] PostProcessFog::Execute: main camera is null
[14:35:54.499] [error] PostProcessFog::Execute: main camera is null
[14:35:54.515] [error] PostProcessFog::Execute: main camera is null
[14:35:54.532] [error] PostProcessFog::Execute: main camera is null
[14:35:54.549] [error] PostProcessFog::Execute: main camera is null
[14:35:54.565] [error] PostProcessFog::Execute: main camera is null
[14:35:54.582] [error] PostProcessFog::Execute: main camera is null
[14:35:54.598] [error] PostProcessFog::Execute: main camera is null
[14:35:54.615] [error] PostProcessFog::Execute: main camera is null
[14:35:54.632] [error] PostProcessFog::Execute: main camera is null
[14:35:54.648] [error] PostProcessFog::Execute: main camera is null
[14:35:54.665] [info] [SOURCE_DETECTOR] C# requested CreateEntity: Prefab = Cloud
[14:35:54.665] [info] [SOURCE_DETECTOR] Engine creating Entity (Internal)
[14:35:54.665] [error] PostProcessFog::Execute: main camera is null
[14:35:54.681] [error] PostProcessFog::Execute: main camera is null
[14:35:54.773] [error] PostProcessFog::Execute: main camera is null
[14:35:54.778] [error] PostProcessFog::Execute: main camera is null
[14:35:54.785] [info] [Mono][info] GC_MAJOR: (user request) time 0.31ms, stw 0.37ms los size: 0K in use: 0K
[14:35:54.786] [info] [Mono][info] GC_MAJOR_SWEEP: major size: 720K in use: 45K
[14:35:54.795] [info] [Mono][info] Unloading domain MyRootDomain[00000157FFA201A0], assembly mscorlib[00000157FF61F6A0], ref_count=5
[14:35:54.795] [info] [Mono][info] Assembly image 'C:\Users\k023g\source\repos\TD4-2-Clone2\Project\Packages\mono\lib\4.5\mscorlib.dll' [00000157FF046890] still loaded at shutdown.
[14:35:54.796] [info] [Mono][info] Assembly image 'C:\Users\k023g\source\repos\TD4-2-Clone2\Project\Packages\mono\lib\4.5\System.Core.dll' [00000157FF046140] still loaded at shutdown.
[14:35:54.796] [info] [Mono][info] Assembly image 'C:\Users\k023g\source\repos\TD4-2-Clone2\Project\Packages\mono\lib\4.5\System.dll' [00000157FF046FE0] still loaded at shutdown.
[14:35:54.796] [info] [Mono][info] Assembly image 'C:\Users\k023g\source\repos\TD4-2-Clone2\Project\Packages\Scripts\CSharpLibrary_20260706_140202.dll' [00000157