[22:42:14.058] [info] Logger initialized.
[22:42:14.078] [info] Use Adapter:NVIDIA GeForce RTX 3060 Laptop GPU
[22:42:14.344] [info] FeatureLevel : 12.2
[22:42:14.344] [info] dx device create success!!
[22:42:14.405] [info] dx command create success!!
[22:42:14.405] [info] dx descriptor heap rtv create success!!
[22:42:14.406] [info] dx descriptor heap cbv,srv,uav create success!!
[22:42:14.406] [info] dx descriptor heap dsv create success!!
[22:42:14.656] [info] dx swap chain create success!!
[22:42:14.672] [info] [Load Resource] type:Shader, path:"./Packages/Shader/Render/Line/Line2D.vs.hlsl", profile:"vs_6_0"
[22:42:14.678] [info] [Load Resource] type:Shader, path:"./Packages/Shader/Render/Line/Line2D.ps.hlsl", profile:"ps_6_0"
[22:42:14.694] [info] [Load Resource] type:Shader, path:"Packages/Shader/Render/Sprite/Sprite.vs.hlsl", profile:"vs_6_0"
[22:42:14.713] [info] [Load Resource] type:Shader, path:"Packages/Shader/Render/Sprite/Sprite.ps.hlsl", profile:"ps_6_0"
[22:42:14.727] [info] [Load Resource] type:Shader, path:"Packages/Shader/Render/Text/Text.vs.hlsl", profile:"vs_6_0"
[22:42:14.749] [info] [Load Resource] type:Shader, path:"Packages/Shader/Render/Text/Text.ps.hlsl", profile:"ps_6_0"
[22:42:14.780] [info] [Load Resource] type:Shader, path:"Packages/Shader/Render/ParticleSystem2D/ParticleSystem2D.vs.hlsl", profile:"vs_6_0"
[22:42:14.793] [info] [Load Resource] type:Shader, path:"Packages/Shader/Render/ParticleSystem2D/ParticleSystem2D.ps.hlsl", profile:"ps_6_0"
[22:42:14.836] [info] [Load Resource] type:Shader, path:"./Packages/Shader/Render/Line/Line3D.vs.hlsl", profile:"vs_6_0"
[22:42:14.843] [info] [Load Resource] type:Shader, path:"./Packages/Shader/Render/Line/Line3D.ps.hlsl", profile:"ps_6_0"
[22:42:14.860] [info] [Load Resource] type:Shader, path:"Packages/Shader/Render/Skybox/Skybox.vs.hlsl", profile:"vs_6_0"
[22:42:14.870] [info] [Load Resource] type:Shader, path:"Packages/Shader/Render/Skybox/Skybox.ps.hlsl", profile:"ps_6_0"
[22:42:14.894] [info] [Load Resource] type:Shader, path:"./Packages/Shader/Render/Mesh/Mesh.vs.hlsl", profile:"vs_6_0"
[22:42:14.913] [info] [Load Resource] type:Shader, path:"./Packages/Shader/Render/Mesh/Mesh.ps.hlsl", profile:"ps_6_0"
[22:42:14.931] [info] [Load Resource] type:Shader, path:"./Packages/Shader/Render/Mesh/DissolveMesh.vs.hlsl", profile:"vs_6_0"
[22:42:14.952] [info] [Load Resource] type:Shader, path:"./Packages/Shader/Render/Mesh/DissolveMesh.ps.hlsl", profile:"ps_6_0"
[22:42:14.980] [info] [Load Resource] type:Shader, path:"./Packages/Shader/Render/Mesh/SkinMesh.vs.hlsl", profile:"vs_6_0"
[22:42:14.999] [info] [Load Resource] type:Shader, path:"./Packages/Shader/Render/Mesh/SkinMesh.ps.hlsl", profile:"ps_6_0"
[22:42:15.018] [info] [Load Resource] type:Shader, path:"Packages/Shader/Render/Effect/Effect.vs.hlsl", profile:"vs_6_0"
[22:42:15.033] [info] [Load Resource] type:Shader, path:"Packages/Shader/Render/Effect/Effect.ps.hlsl", profile:"ps_6_0"
[22:42:15.080] [info] [Load Resource] type:Shader, path:"Packages/Shader/Render/ParticleSystem/ParticleSystem.vs.hlsl", profile:"vs_6_0"
[22:42:15.094] [info] [Load Resource] type:Shader, path:"Packages/Shader/Render/ParticleSystem/ParticleSystem.ps.hlsl", profile:"ps_6_0"
[22:42:15.170] [info] [Load Resource] type:Shader, path:"./Packages/Shader/Render/Grass/Grass.as.hlsl", profile:"as_6_5"
[22:42:15.217] [info] [Load Resource] type:Shader, path:"./Packages/Shader/Render/Grass/Grass.ms.hlsl", profile:"ms_6_5"
[22:42:15.233] [info] [Load Resource] type:Shader, path:"./Packages/Shader/Render/Grass/Grass.ps.hlsl", profile:"ps_6_0"
[22:42:15.252] [info] [Load Resource] type:Shader, path:"./Packages/Shader/Render/Line/Gizmo3D.vs.hlsl", profile:"vs_6_0"
[22:42:15.259] [info] [Load Resource] type:Shader, path:"./Packages/Shader/Render/Line/Gizmo3D.ps.hlsl", profile:"ps_6_0"
[22:42:15.280] [info] [Load Resource] type:Shader, path:"./Packages/Shader/Render/Line/Gizmo3D.vs.hlsl", profile:"vs_6_0"
[22:42:15.286] [info] [Load Resource] type:Shader, path:"./Packages/Shader/Render/Line/Gizmo3D.ps.hlsl", profile:"ps_6_0"
[22:42:15.344] [info] [Load Resource] type:Shader, path:"Packages/Shader/PostProcess/PerObject/Lighting/Lighting.cs.hlsl", profile:"cs_6_6"
[22:42:15.358] [info] [Load Resource] type:Shader, path:"Packages/Shader/PostProcess/PerObject/Grayscale/Grayscale.cs.hlsl", profile:"cs_6_6"
[22:42:15.372] [info] [Load Resource] type:Shader, path:"Packages/Shader/PostProcess/PerObject/TerrainBrush/TerrainBrush.cs.hlsl", profile:"cs_6_6"
[22:42:15.387] [info] [Load Resource] type:Shader, path:"Packages/Shader/PostProcess/PerObject/VoxelTerrainBrush/VoxelTerrainBrush.cs.hlsl", profile:"cs_6_6"
[22:42:15.403] [info] [Load Resource] type:Shader, path:"./Packages/Shader/PostProcess/PerObject/GaussianBlur/GaussianBlur.cs.hlsl", profile:"cs_6_6"
[22:42:15.405] [info] [Bloom] Initializing PostProcessBloom...
[22:42:15.416] [info] [Load Resource] type:Shader, path:"Packages/Shader/PostProcess/PerObject/Bloom/BloomExtract.cs.hlsl", profile:"cs_6_6"
[22:42:15.429] [info] [Load Resource] type:Shader, path:"./Packages/Shader/PostProcess/PerObject/GaussianBlur/GaussianBlur.cs.hlsl", profile:"cs_6_6"
[22:42:15.436] [info] [Load Resource] type:Shader, path:"Packages/Shader/PostProcess/PerObject/Bloom/BloomComposite.cs.hlsl", profile:"cs_6_6"
[22:42:15.451] [info] [Load Resource] type:Shader, path:"Packages/Shader/PostProcess/PerObject/RadialBlur/RadialBlurPerObject.cs.hlsl", profile:"cs_6_6"
[22:42:15.477] [info] [Load Resource] type:Shader, path:"./Packages/Shader/PostProcess/Screen/ShadowMap/ShadowMap.cs.hlsl", profile:"cs_6_6"
[22:42:15.495] [info] [Load Resource] type:Shader, path:"./Packages/Shader/PostProcess/Screen/Fog/Fog.cs.hlsl", profile:"cs_6_6"
[22:42:15.507] [info] [Load Resource] type:Shader, path:"Packages/Shader/PostProcess/Screen/Grayscale/Grayscale.cs.hlsl", profile:"cs_6_6"
[22:42:15.519] [info] [Load Resource] type:Shader, path:"Packages/Shader/PostProcess/Screen/RadialBlur/RadialBlur.cs.hlsl", profile:"cs_6_6"
[22:42:15.544] [info] [Load Resource] type:Shader, path:"Packages/Shader/PostProcess/Screen/WaterCausticsLightShafts/WaterCausticsLightShafts.cs.hlsl", profile:"cs_6_6"
[22:42:15.560] [info] [Load Resource] type:Shader, path:"Packages/Shader/PostProcess/Screen/WaterDepthFogVignette/WaterDepthFogVignette.cs.hlsl", profile:"cs_6_6"
[22:42:15.574] [info] [Load Resource] type:Shader, path:"Packages/Shader/PostProcess/Screen/WaterColorGrading/WaterColorGrading.cs.hlsl", profile:"cs_6_6"
[22:42:15.585] [info] [Load Resource] type:Shader, path:"Packages/Shader/PostProcess/Screen/WaterDistortion/WaterDistortion.cs.hlsl", profile:"cs_6_6"
[22:42:15.595] [info] [Load Resource] type:Shader, path:"Packages/Shader/PostProcess/Screen/Fisheye/Fisheye.cs.hlsl", profile:"cs_6_6"
[22:42:15.604] [info] [Load Resource] type:Shader, path:"Packages/Shader/PostProcess/Screen/Pixelate/Pixelate.cs.hlsl", profile:"cs_6_6"
[22:42:15.620] [info] [Success Texture Info] Path: "./Packages/Textures/white.png"
[22:42:15.620] [info]  - DescriptorIndex: 0
[22:42:15.621] [info] AssetCollection: Scanning directory: ./Packages/
[22:42:15.626] [info] AssetCollection: Found 125 assets in ./Packages/
[22:42:15.626] [info] [Load] [Model] - Starting load: "./Packages/Models/BackgroundObjects/Bush3.obj" (ext: ".obj")
[22:42:15.626] [info] [Load] [Model] - Starting load: "./Packages/Models/BackgroundObjects/Bush1.obj" (ext: ".obj")
[22:42:15.626] [info] [Load] [Model] - Starting load: "./Packages/Models/BackgroundObjects/Bush2.obj" (ext: ".obj")
[22:42:15.626] [info] [Load] [Model] - Starting load: "./Packages/Models/BackgroundObjects/Grass1.obj" (ext: ".obj")
[22:42:15.631] [info] [Success Texture Info] Path: "./Packages/Textures/Dirt.jpg"
[22:42:15.631] [info]  - DescriptorIndex: 1
[22:42:15.633] [info] [Success Texture Info] Path: "./Packages/Textures/Grass.jpg"
[22:42:15.633] [info]  - DescriptorIndex: 2
[22:42:15.636] [info] [Success Texture Info] Path: "./Packages/Textures/ImGui/FileIcons/FileIcon.png"
[22:42:15.636] [info]  - DescriptorIndex: 3
[22:42:15.646] [info] [Success Texture Info] Path: "./Packages/Textures/ImGui/FileIcons/FolderIcon.png"
[22:42:15.647] [info]  - DescriptorIndex: 4
[22:42:15.650] [info]   Mesh[0]: "Bush2_Icosphere.002", Vertices: 172, Bones: 0
[22:42:15.650] [info]   Mesh[0]: "Bush1_Icosphere", Vertices: 113, Bones: 0
[22:42:15.650] [info]   Mesh[0]: "Bush3_Icosphere.004", Vertices: 72, Bones: 0
[22:42:15.650] [info]   Mesh[0]: "Grass1_Cube", Vertices: 152, Bones: 0
[22:42:15.650] [info]   Mesh[1]: "Tree.001", Vertices: 222, Bones: 0
[22:42:15.651] [info]   Mesh[1]: "Tree", Vertices: 83, Bones: 0
[22:42:15.651] [info]   Mesh[1]: "Tree.002", Vertices: 138, Bones: 0
[22:42:15.651] [info] [Load] [Model] - Finished: "./Packages/Models/BackgroundObjects/Grass1.obj", Total Meshes: 1, Total Clips: 0
[22:42:15.652] [info] [Load] [Model] - Starting load: "./Packages/Models/BackgroundObjects/Grass2.obj" (ext: ".obj")
[22:42:15.652] [info] [Load] [Model] - Finished: "./Packages/Models/BackgroundObjects/Bush1.obj", Total Meshes: 2, Total Clips: 0
[22:42:15.652] [info] [Load] [Model] - Finished: "./Packages/Models/BackgroundObjects/Bush2.obj", Total Meshes: 2, Total Clips: 0
[22:42:15.652] [info] [Load] [Model] - Finished: "./Packages/Models/BackgroundObjects/Bush3.obj", Total Meshes: 2, Total Clips: 0
[22:42:15.652] [info] [Load] [Model] - Starting load: "./Packages/Models/BackgroundObjects/Grass3.obj" (ext: ".obj")
[22:42:15.652] [info] [Load] [Model] - Starting load: "./Packages/Models/BackgroundObjects/Rock1.obj" (ext: ".obj")
[22:42:15.653] [info] [Load] [Model] - Starting load: "./Packages/Models/BackgroundObjects/Rock2.obj" (ext: ".obj")
[22:42:15.655] [info] [Success Texture Info] Path: "./Packages/Textures/ImGui/FileIcons/lets-icons-sound-none-256.png"
[22:42:15.655] [info]  - DescriptorIndex: 5
[22:42:15.665] [info]   Mesh[0]: "Grass2_Cube.003", Vertices: 366, Bones: 0
[22:42:15.665] [info]   Mesh[0]: "Grass3_Cube.003", Vertices: 364, Bones: 0
[22:42:15.665] [info]   Mesh[0]: "Rock_Icosphere.001", Vertices: 98, Bones: 0
[22:42:15.665] [info] [Load] [Model] - Finished: "./Packages/Models/BackgroundObjects/Rock1.obj", Total Meshes: 1, Total Clips: 0
[22:42:15.666] [info] [Load] [Model] - Finished: "./Packages/Models/BackgroundObjects/Grass2.obj", Total Meshes: 1, Total Clips: 0
[22:42:15.666] [info] [Load] [Model] - Finished: "./Packages/Models/BackgroundObjects/Grass3.obj", Total Meshes: 1, Total Clips: 0
[22:42:15.666] [info] [Load] [Model] - Starting load: "./Packages/Models/BackgroundObjects/Rock3.obj" (ext: ".obj")
[22:42:15.666] [info] [Load] [Model] - Starting load: "./Packages/Models/BackgroundObjects/Tree2.obj" (ext: ".obj")
[22:42:15.666] [info] [Load] [Model] - Starting load: "./Packages/Models/BackgroundObjects/Tree1.obj" (ext: ".obj")
[22:42:15.666] [info]   Mesh[0]: "Icosphere_Icosphere.002", Vertices: 102, Bones: 0
[22:42:15.667] [info] [Load] [Model] - Finished: "./Packages/Models/BackgroundObjects/Rock2.obj", Total Meshes: 1, Total Clips: 0
[22:42:15.667] [info] [Load] [Model] - Starting load: "./Packages/Models/BackgroundObjects/Tree3.obj" (ext: ".obj")
[22:42:15.679] [info]   Mesh[0]: "Tree2_Icosphere.001", Vertices: 536, Bones: 0
[22:42:15.680] [info]   Mesh[1]: "Tree.004", Vertices: 550, Bones: 0
[22:42:15.680] [info]   Mesh[0]: "Tree3_Icosphere.001", Vertices: 598, Bones: 0
[22:42:15.680] [info]   Mesh[0]: "Rock3_Icosphere", Vertices: 84, Bones: 0
[22:42:15.681] [info] [Load] [Model] - Finished: "./Packages/Models/BackgroundObjects/Tree2.obj", Total Meshes: 2, Total Clips: 0
[22:42:15.681] [info]   Mesh[1]: "Leaves.008", Vertices: 118, Bones: 0
[22:42:15.681] [info] [Load] [Model] - Finished: "./Packages/Models/BackgroundObjects/Rock3.obj", Total Meshes: 1, Total Clips: 0
[22:42:15.682] [info] [Success Texture Info] Path: "./Packages/Textures/ImGui/FileIcons/ObjIcon.png"
[22:42:15.682] [info]  - DescriptorIndex: 6
[22:42:15.682] [info] [Load] [Model] - Starting load: "./Packages/Models/BackgroundObjects/Tree4.obj" (ext: ".obj")
[22:42:15.682] [info]   Mesh[0]: "Tree1_Icosphere.002", Vertices: 518, Bones: 0
[22:42:15.682] [info] [Load] [Model] - Starting load: "./Packages/Models/Human/sneakWalk.gltf" (ext: ".gltf")
[22:42:15.682] [info] [Load] [Model] - Finished: "./Packages/Models/BackgroundObjects/Tree3.obj", Total Meshes: 2, Total Clips: 0
[22:42:15.683] [info]   Mesh[1]: "Tree.003", Vertices: 356, Bones: 0
[22:42:15.683] [info] [Load] [Model] - Starting load: "./Packages/Models/Human/walk.gltf" (ext: ".gltf")
[22:42:15.683] [info] [Load] [Model] - Finished: "./Packages/Models/BackgroundObjects/Tree1.obj", Total Meshes: 2, Total Clips: 0
[22:42:15.684] [info] [Load] [Model] - Starting load: "./Packages/Models/primitive/cube.obj" (ext: ".obj")
[22:42:15.690] [info] [Success Texture Info] Path: "./Packages/Textures/ImGui/FileIcons/ph-file-c-sharp-none-256.png"
[22:42:15.690] [info]  - DescriptorIndex: 7
[22:42:15.692] [info] [Success Texture Info] Path: "./Packages/Textures/ImGui/pause.png"
[22:42:15.692] [info]  - DescriptorIndex: 8
[22:42:15.694] [info]   Mesh[0]: "Tree4_Cylinder.003", Vertices: 665, Bones: 0
[22:42:15.694] [info] [Success Texture Info] Path: "./Packages/Textures/ImGui/play.png"
[22:42:15.694] [info]  - DescriptorIndex: 9
[22:42:15.694] [info]   Mesh[1]: "Leaves.009", Vertices: 1035, Bones: 0
[22:42:15.695] [info]   Mesh[0]: "Cube", Vertices: 24, Bones: 0
[22:42:15.695] [info] [Load] [Model] - Finished: "./Packages/Models/BackgroundObjects/Tree4.obj", Total Meshes: 2, Total Clips: 0
[22:42:15.695] [info] [Load] [Model] - Finished: "./Packages/Models/primitive/cube.obj", Total Meshes: 1, Total Clips: 0
[22:42:15.696] [info] [Load] [Model] - Starting load: "./Packages/Models/primitive/cylinder.obj" (ext: ".obj")
[22:42:15.696] [info] [Load] [Model] - Starting load: "./Packages/Models/primitive/frontToPlane.obj" (ext: ".obj")
[22:42:15.696] [info] [Success Texture Info] Path: "./Packages/Textures/ImGui/reload.png"
[22:42:15.696] [info]  - DescriptorIndex: 10
[22:42:15.705] [info] [Success Texture Info] Path: "./Packages/Textures/ImGui/skip.png"
[22:42:15.705] [info]  - DescriptorIndex: 11
[22:42:15.707] [info]   Mesh[0]: "円柱", Vertices: 130, Bones: 0
[22:42:15.708] [info] [Load] [Model] - Finished: "./Packages/Models/primitive/cylinder.obj", Total Meshes: 1, Total Clips: 0
[22:42:15.708] [info]   Mesh[0]: "frontToPlane", Vertices: 4, Bones: 0
[22:42:15.708] [info] [Load] [Model] - Starting load: "./Packages/Models/primitive/plane.obj" (ext: ".obj")
[22:42:15.709] [info] [Load] [Model] - Finished: "./Packages/Models/primitive/frontToPlane.obj", Total Meshes: 1, Total Clips: 0
[22:42:15.709] [info] [Success Texture Info] Path: "./Packages/Textures/ImGui/TerrainEditTextures/BrushModeIcon.png"
[22:42:15.709] [info]  - DescriptorIndex: 12
[22:42:15.709] [info] [Load] [Model] - Starting load: "./Packages/Models/primitive/sphere.obj" (ext: ".obj")
[22:42:15.709] [info]   Mesh[0]: "Retopology_hp_Plane.002", Vertices: 13538, Bones: 55
[22:42:15.710] [info]   Mesh[0]: "Retopology_hp_Plane.002", Vertices: 13538, Bones: 55
[22:42:15.712] [info] [Load] [AnimationClip] - name:"Armature|mixamo.com|Layer0", hash: 95722531, duration: 1.03s
[22:42:15.713] [info] [Load] [AnimationClip] - name:"Armature|mixamo.com|Layer0", hash: 95722531, duration: 0.90s
[22:42:15.716] [info] [Load] [Model] - Finished: "./Packages/Models/Human/walk.gltf", Total Meshes: 1, Total Clips: 1
[22:42:15.716] [info] [Load] [Model] - Finished: "./Packages/Models/Human/sneakWalk.gltf", Total Meshes: 1, Total Clips: 1
[22:42:15.718] [info] [Load] [Model] - Starting load: "./Packages/Models/primitive/tube.obj" (ext: ".obj")
[22:42:15.720] [info]   Mesh[0]: "平面", Vertices: 4, Bones: 0
[22:42:15.720] [info] [Load] [Model] - Finished: "./Packages/Models/primitive/plane.obj", Total Meshes: 1, Total Clips: 0
[22:42:15.724] [info]   Mesh[0]: "球", Vertices: 559, Bones: 0
[22:42:15.724] [error] [Load Failed] File is not a Texture3D DDS: "./Packages/Textures/kloofendal_48d_partly_cloudy_puresky_2k.dds"
[22:42:15.724] [info] [Load] [Model] - Finished: "./Packages/Models/primitive/sphere.obj", Total Meshes: 1, Total Clips: 0
[22:42:15.727] [info]   Mesh[0]: "円柱", Vertices: 66, Bones: 0
[22:42:15.728] [info] [Load] [Model] - Finished: "./Packages/Models/primitive/tube.obj", Total Meshes: 1, Total Clips: 0
[22:42:15.909] [info] [Success Texture Info] Path: "./Packages/Textures/kloofendal_48d_partly_cloudy_puresky_2k.dds"
[22:42:15.909] [info]  - DescriptorIndex: 13
[22:42:16.010] [info] [Success Texture Info] Path: "./Packages/Textures/Rock.png"
[22:42:16.010] [info]  - DescriptorIndex: 14
[22:42:16.016] [error] [Load Failed] File is not a Texture3D DDS: "./Packages/Textures/rostock_laage_airport_4k.dds"
[22:42:16.034] [info] [Success Texture Info] Path: "./Packages/Textures/rostock_laage_airport_4k.dds"
[22:42:16.034] [info]  - DescriptorIndex: 15
[22:42:16.036] [warning] [GenerateMipMaps Failed] Using original image: "./Packages/Textures/Sample3DTexture.dds"
[22:42:16.037] [warning] [GenerateMipMaps Failed] Using original image: "./Packages/Textures/Sample3DTexture.dds"
[22:42:16.038] [info] [Texture DDS Info] Path: "./Packages/Textures/Sample3DTexture.dds"
[22:42:16.039] [info] [Success Texture Info] Path: "./Packages/Textures/Snow.jpg"
[22:42:16.039] [info]  - DescriptorIndex: 17
[22:42:16.062] [info] [Success Texture Info] Path: "./Packages/Textures/uvChecker.png"
[22:42:16.062] [info]  - DescriptorIndex: 18
[22:42:16.063] [info] AssetCollection: Scanning directory: ./Assets/
[22:42:16.067] [info] AssetCollection: Found 111 assets in ./Assets/
[22:42:16.071] [info] [Success Texture Info] Path: "./Assets/assets/backGround/cloud.png"
[22:42:16.071] [info]  - DescriptorIndex: 19
[22:42:16.073] [info] [Success Texture Info] Path: "./Assets/assets/backGround/coral_blue.png"
[22:42:16.073] [info]  - DescriptorIndex: 20
[22:42:16.074] [info] [Success Texture Info] Path: "./Assets/assets/backGround/coral_pink.png"
[22:42:16.075] [info]  - DescriptorIndex: 21
[22:42:16.076] [info] [Success Texture Info] Path: "./Assets/assets/backGround/coral_red.png"
[22:42:16.076] [info]  - DescriptorIndex: 22
[22:42:16.078] [info] [Success Texture Info] Path: "./Assets/assets/backGround/coral_yellow.png"
[22:42:16.078] [info]  - DescriptorIndex: 23
[22:42:16.081] [info] [Success Texture Info] Path: "./Assets/assets/backGround/fish.png"
[22:42:16.081] [info]  - DescriptorIndex: 24
[22:42:16.086] [info] [Success Texture Info] Path: "./Assets/assets/backGround/flockFish.png"
[22:42:16.086] [info]  - DescriptorIndex: 25
[22:42:16.089] [info] [Success Texture Info] Path: "./Assets/assets/backGround/foam.png"
[22:42:16.089] [info]  - DescriptorIndex: 26
[22:42:16.091] [info] [Success Texture Info] Path: "./Assets/assets/backGround/lock.png"
[22:42:16.091] [info]  - DescriptorIndex: 27
[22:42:16.094] [info] [Success Texture Info] Path: "./Assets/assets/backGround/lock1.png"
[22:42:16.094] [info]  - DescriptorIndex: 28
[22:42:16.096] [info] [Success Texture Info] Path: "./Assets/assets/backGround/lock2.png"
[22:42:16.096] [info]  - DescriptorIndex: 29
[22:42:16.099] [info] [Success Texture Info] Path: "./Assets/assets/backGround/lock3.png"
[22:42:16.099] [info]  - DescriptorIndex: 30
[22:42:16.102] [info] [Success Texture Info] Path: "./Assets/assets/backGround/lock4.png"
[22:42:16.102] [info]  - DescriptorIndex: 31
[22:42:16.109] [info] [Success Texture Info] Path: "./Assets/assets/backGround/sand.png"
[22:42:16.109] [info]  - DescriptorIndex: 32
[22:42:16.111] [info] [Success Texture Info] Path: "./Assets/assets/backGround/seaBackGround1x1.png"
[22:42:16.111] [info]  - DescriptorIndex: 33
[22:42:16.113] [info] [Success Texture Info] Path: "./Assets/assets/backGround/seaweed.png"
[22:42:16.113] [info]  - DescriptorIndex: 34
[22:42:16.124] [info] [Success Texture Info] Path: "./Assets/assets/backGround/syurijyou.png"
[22:42:16.124] [info]  - DescriptorIndex: 35
[22:42:16.126] [info] [Success Texture Info] Path: "./Assets/assets/backGround/wave.png"
[22:42:16.126] [info]  - DescriptorIndex: 36
[22:42:16.127] [info] [Success Texture Info] Path: "./Assets/assets/BasicGauge.png"
[22:42:16.127] [info]  - DescriptorIndex: 37
[22:42:16.159] [info] [Success Texture Info] Path: "./Assets/assets/boss/castleCrab.png"
[22:42:16.159] [info]  - DescriptorIndex: 38
[22:42:16.185] [info] [Success Texture Info] Path: "./Assets/assets/boss/giantSquid.png"
[22:42:16.185] [info]  - DescriptorIndex: 39
[22:42:16.188] [info] [Success Texture Info] Path: "./Assets/assets/boss/giantSquid_arm.png"
[22:42:16.189] [info]  - DescriptorIndex: 40
[22:42:16.197] [info] [Success Texture Info] Path: "./Assets/assets/boss/giantSquid_HomingBullet.png"
[22:42:16.197] [info]  - DescriptorIndex: 41
[22:42:16.205] [info] [Success Texture Info] Path: "./Assets/assets/boss/giantSquid_jr.png"
[22:42:16.205] [info]  - DescriptorIndex: 42
[22:42:16.208] [info] [Success Texture Info] Path: "./Assets/assets/boss/inkBullet.png"
[22:42:16.208] [info]  - DescriptorIndex: 43
[22:42:16.216] [info] [Success Texture Info] Path: "./Assets/assets/boss/jellyfish.png"
[22:42:16.216] [info]  - DescriptorIndex: 44
[22:42:16.222] [info] [Success Texture Info] Path: "./Assets/assets/boss/jellyfishParticle.png"
[22:42:16.222] [info]  - DescriptorIndex: 45
[22:42:16.225] [info] [Success Texture Info] Path: "./Assets/assets/boss/laser.png"
[22:42:16.225] [info]  - DescriptorIndex: 46
[22:42:16.230] [info] [Success Texture Info] Path: "./Assets/assets/boss/laserCenter.png"
[22:42:16.230] [info]  - DescriptorIndex: 47
[22:42:16.232] [info] [Success Texture Info] Path: "./Assets/assets/boss/scissors.png"
[22:42:16.232] [info]  - DescriptorIndex: 48
[22:42:16.235] [info] [Success Texture Info] Path: "./Assets/assets/boss/spark.png"
[22:42:16.235] [info]  - DescriptorIndex: 49
[22:42:16.257] [info] [Success Texture Info] Path: "./Assets/assets/boss/texture_Circle_512px.png"
[22:42:16.257] [info]  - DescriptorIndex: 50
[22:42:16.279] [info] [Success Texture Info] Path: "./Assets/assets/boss/texture_Glare_512px.png"
[22:42:16.279] [info]  - DescriptorIndex: 51
[22:42:16.306] [info] [Success Texture Info] Path: "./Assets/assets/boss/texture_Halo_512px.png"
[22:42:16.306] [info]  - DescriptorIndex: 52
[22:42:16.308] [info] [Success Texture Info] Path: "./Assets/assets/boss/weakness.png"
[22:42:16.308] [info]  - DescriptorIndex: 53
[22:42:16.311] [info] [Success Texture Info] Path: "./Assets/assets/diceStar.png"
[22:42:16.311] [info]  - DescriptorIndex: 54
[22:42:16.313] [info] [Success Texture Info] Path: "./Assets/assets/enemy/jar.png"
[22:42:16.313] [info]  - DescriptorIndex: 55
[22:42:16.314] [info] [Success Texture Info] Path: "./Assets/assets/enemy/jar2.png"
[22:42:16.315] [info]  - DescriptorIndex: 56
[22:42:16.318] [info] [Success Texture Info] Path: "./Assets/assets/enemy/seaCattle.png"
[22:42:16.318] [info]  - DescriptorIndex: 57
[22:42:16.329] [info] [Success Texture Info] Path: "./Assets/assets/enemy/seaCow.png"
[22:42:16.329] [info]  - DescriptorIndex: 58
[22:42:16.339] [info] [Success Texture Info] Path: "./Assets/assets/enemy/seaCowParticle.png"
[22:42:16.340] [info]  - DescriptorIndex: 59
[22:42:16.341] [info] [Success Texture Info] Path: "./Assets/assets/enemy/spike.png"
[22:42:16.341] [info]  - DescriptorIndex: 60
[22:42:16.344] [info] [Success Texture Info] Path: "./Assets/assets/enemy/spikeFish.png"
[22:42:16.344] [info]  - DescriptorIndex: 61
[22:42:16.346] [info] [Success Texture Info] Path: "./Assets/assets/enemy/spikeFish_spike.png"
[22:42:16.346] [info]  - DescriptorIndex: 62
[22:42:16.349] [info] [Success Texture Info] Path: "./Assets/assets/enemy/surfaceOctopus.png"
[22:42:16.349] [info]  - DescriptorIndex: 63
[22:42:16.353] [info] [Success Texture Info] Path: "./Assets/assets/enemy/surfaceOctopusHeight.png"
[22:42:16.353] [info]  - DescriptorIndex: 64
[22:42:16.359] [info] [Success Texture Info] Path: "./Assets/assets/enemy/tatunomousigo.png"
[22:42:16.359] [info]  - DescriptorIndex: 65
[22:42:16.363] [info] [Success Texture Info] Path: "./Assets/assets/enemy/utsubo.png"
[22:42:16.363] [info]  - DescriptorIndex: 66
[22:42:16.367] [info] [Success Texture Info] Path: "./Assets/assets/enemy/utsuboParticle.png"
[22:42:16.367] [info]  - DescriptorIndex: 67
[22:42:16.368] [info] [Success Texture Info] Path: "./Assets/assets/exp.png"
[22:42:16.368] [info]  - DescriptorIndex: 68
[22:42:16.370] [info] [Success Texture Info] Path: "./Assets/assets/padBack.png"
[22:42:16.370] [info]  - DescriptorIndex: 69
[22:42:16.390] [info] [Success Texture Info] Path: "./Assets/assets/particle/circle.png"
[22:42:16.390] [info]  - DescriptorIndex: 70
[22:42:16.394] [info] [Success Texture Info] Path: "./Assets/assets/particle/floor.png"
[22:42:16.394] [info]  - DescriptorIndex: 71
[22:42:16.396] [info] [Success Texture Info] Path: "./Assets/assets/particle/spikeFishParticle.png"
[22:42:16.396] [info]  - DescriptorIndex: 72
[22:42:16.399] [info] [Success Texture Info] Path: "./Assets/assets/particle/triangle.png"
[22:42:16.399] [info]  - DescriptorIndex: 73
[22:42:16.401] [info] [Success Texture Info] Path: "./Assets/assets/player/egg.png"
[22:42:16.401] [info]  - DescriptorIndex: 74
[22:42:16.402] [info] [Success Texture Info] Path: "./Assets/assets/player/larva.png"
[22:42:16.403] [info]  - DescriptorIndex: 75
[22:42:16.405] [info] [Success Texture Info] Path: "./Assets/assets/player/larvaEgg.png"
[22:42:16.405] [info]  - DescriptorIndex: 76
[22:42:16.408] [info] [Success Texture Info] Path: "./Assets/assets/player/player.png"
[22:42:16.408] [info]  - DescriptorIndex: 77
[22:42:16.409] [info] [Success Texture Info] Path: "./Assets/assets/player/playerFace.png"
[22:42:16.409] [info]  - DescriptorIndex: 78
[22:42:16.411] [info] [Success Texture Info] Path: "./Assets/assets/player/playerFeet.png"
[22:42:16.411] [info]  - DescriptorIndex: 79
[22:42:16.412] [info] [Success Texture Info] Path: "./Assets/assets/player/playerHead.png"
[22:42:16.412] [info]  - DescriptorIndex: 80
[22:42:16.415] [info] [Success Texture Info] Path: "./Assets/assets/ring.png"
[22:42:16.415] [info]  - DescriptorIndex: 81
[22:42:16.517] [info] [Success Texture Info] Path: "./Assets/assets/smoke.png"
[22:42:16.517] [info]  - DescriptorIndex: 82
[22:42:16.549] [info] [Success Texture Info] Path: "./Assets/assets/title/titleUI.png"
[22:42:16.549] [info]  - DescriptorIndex: 83
[22:42:16.554] [info] [Success Texture Info] Path: "./Assets/assets/title/title_choiceOutline.png"
[22:42:16.554] [info]  - DescriptorIndex: 84
[22:42:16.558] [info] [Success Texture Info] Path: "./Assets/assets/title/title_endUI.png"
[22:42:16.558] [info]  - DescriptorIndex: 85
[22:42:16.563] [info] [Success Texture Info] Path: "./Assets/assets/title/title_optionUI.png"
[22:42:16.563] [info]  - DescriptorIndex: 86
[22:42:16.568] [info] [Success Texture Info] Path: "./Assets/assets/title/title_startUI.png"
[22:42:16.568] [info]  - DescriptorIndex: 87
[22:42:16.577] [info] [Success Texture Info] Path: "./Assets/assets/tortoise.png"
[22:42:16.577] [info]  - DescriptorIndex: 88
[22:42:16.580] [info] [Success Texture Info] Path: "./Assets/assets/waveGauge.png"
[22:42:16.580] [info]  - DescriptorIndex: 89
[22:42:16.581] [info] [Font Loader] Successfully loaded font: "./Assets/Fonts/x8y12pxTheStrongGamer.ttf"
[22:42:16.581] [info] [Font Loader] Successfully loaded font: "./Assets/Fonts/FiraMono-Regular_0.ttf"
[22:42:16.588] [info] [Font Loader] Successfully loaded font: "./Assets/Fonts/MPLUSRounded1c-Black.ttf"
[22:42:16.613] [info] [Success Texture Info] Path: "./Assets/Textures/circle.png"
[22:42:16.613] [info]  - DescriptorIndex: 90
[22:42:16.642] [info] [Success Texture Info] Path: "./Assets/Textures/GameClear/GameClearText.png"
[22:42:16.642] [info]  - DescriptorIndex: 91
[22:42:16.656] [info] [Success Texture Info] Path: "./Assets/Textures/GameClear/GameOverText.png"
[22:42:16.656] [info]  - DescriptorIndex: 92
[22:42:16.679] [info] [Success Texture Info] Path: "./Assets/Textures/gradation.png"
[22:42:16.680] [info]  - DescriptorIndex: 93
[22:42:16.717] [info] [Success Texture Info] Path: "./Assets/Textures/gradationLine.png"
[22:42:16.717] [info]  - DescriptorIndex: 94
[22:42:16.747] [info] [Success Texture Info] Path: "./Assets/Textures/noise.png"
[22:42:16.748] [info]  - DescriptorIndex: 95
[22:42:16.774] [info] [Success Texture Info] Path: "./Assets/Textures/ring.png"
[22:42:16.774] [info]  - DescriptorIndex: 96
[22:42:16.777] [info] [Success Texture Info] Path: "./Assets/Textures/seaweed.png"
[22:42:16.777] [info]  - DescriptorIndex: 97
[22:42:16.804] [info] [Success Texture Info] Path: "./Assets/Textures/smoke.png"
[22:42:16.804] [info]  - DescriptorIndex: 98
[22:42:16.829] [info] [Success Texture Info] Path: "./Assets/Textures/UI/checkpoint-restrat.png"
[22:42:16.829] [info]  - DescriptorIndex: 99
[22:42:16.853] [info] [Success Texture Info] Path: "./Assets/Textures/UI/exit-game.png"
[22:42:16.853] [info]  - DescriptorIndex: 100
[22:42:16.857] [info] [Success Texture Info] Path: "./Assets/Textures/UI/Gamepad/gamePad.png"
[22:42:16.857] [info]  - DescriptorIndex: 101
[22:42:16.859] [info] [Success Texture Info] Path: "./Assets/Textures/UI/Gamepad/padA.png"
[22:42:16.859] [info]  - DescriptorIndex: 102
[22:42:16.860] [info] [Success Texture Info] Path: "./Assets/Textures/UI/Gamepad/padShoulderL.png"
[22:42:16.861] [info]  - DescriptorIndex: 103
[22:42:16.862] [info] [Success Texture Info] Path: "./Assets/Textures/UI/Gamepad/padShoulderR.png"
[22:42:16.862] [info]  - DescriptorIndex: 104
[22:42:16.864] [info] [Success Texture Info] Path: "./Assets/Textures/UI/Gamepad/padStick.png"
[22:42:16.864] [info]  - DescriptorIndex: 105
[22:42:16.865] [info] [Load] [AudioClip] - path:"./Assets/Sounds/bgm/gameover-bgm.mp3"
[22:42:16.869] [info] [Success Texture Info] Path: "./Assets/Textures/UI/Keyboard/keyBoard.png"
[22:42:16.869] [info]  - DescriptorIndex: 106
[22:42:16.870] [info] [Success Texture Info] Path: "./Assets/Textures/UI/Keyboard/moveKey.png"
[22:42:16.871] [info]  - DescriptorIndex: 107
[22:42:16.872] [info] [Success Texture Info] Path: "./Assets/Textures/UI/Keyboard/shiftKey.png"
[22:42:16.872] [info]  - DescriptorIndex: 108
[22:42:16.874] [info] [Success Texture Info] Path: "./Assets/Textures/UI/Keyboard/spaceKey.png"
[22:42:16.874] [info]  - DescriptorIndex: 109
[22:42:16.903] [info] [Load] [AudioClip] - path:"./Assets/Sounds/bgm/gameclear-bgm.mp3"
[22:42:16.903] [info] [Success Texture Info] Path: "./Assets/Textures/UI/main-menu.png"
[22:42:16.903] [info]  - DescriptorIndex: 110
[22:42:16.908] [info] [Success Texture Info] Path: "./Assets/Textures/UI/PlayerHPIcon.png"
[22:42:16.908] [info]  - DescriptorIndex: 111
[22:42:16.909] [info] [Load] [AudioClip] - path:"./Assets/Sounds/bgm/boss-battle-bgm.mp3"
[22:42:16.921] [info] [Success Texture Info] Path: "./Assets/Textures/UI/restart.png"
[22:42:16.921] [info]  - DescriptorIndex: 112
[22:42:16.932] [info] [Load] [AudioClip] - path:"./Assets/Sounds/pause-ui-select.mp3"
[22:42:16.935] [info] [Load] [AudioClip] - path:"./Assets/Sounds/se/PlayerAttackSE.mp3"
[22:42:16.935] [info] [Load] [AudioClip] - path:"./Assets/Sounds/se/PlayerDamagedSE.mp3"
[22:42:16.939] [info] [Load] [AudioClip] - path:"./Assets/Sounds/se/PlayerShotSE.mp3"
[22:42:16.941] [info] [Load] [AudioClip] - path:"./Assets/Sounds/se/PlayerDashSE.mp3"
[22:42:16.944] [info] [Success Texture Info] Path: "./Assets/Textures/UI/Resume.png"
[22:42:16.944] [info]  - DescriptorIndex: 113
[22:42:16.948] [info] [Success Texture Info] Path: "./Assets/Textures/UI/TriggerKey.png"
[22:42:16.948] [info]  - DescriptorIndex: 114
[22:42:16.951] [info] [Success Texture Info] Path: "./Assets/Textures/Vignette.png"
[22:42:16.951] [info]  - DescriptorIndex: 115
[22:42:17.042] [info] [Load] [AudioClip] - path:"./Assets/Sounds/bgm/game-bgm.mp3"
[22:42:17.123] [info] [Load] [AudioClip] - path:"./Assets/Sounds/bgm/title-bgm.mp3"
[22:42:17.140] [info] dx depth stencil create success!!
[22:42:17.152] [info] dx depth stencil create success!!
[22:42:17.164] [info] dx depth stencil create success!!
[22:42:17.176] [info] dx depth stencil create success!!
[22:42:17.194] [info] [Load Resource] type:Shader, path:"Packages/Shader/Render/CopyImage/CopyImage.vs.hlsl", profile:"vs_6_0"
[22:42:17.199] [info] [Load Resource] type:Shader, path:"Packages/Shader/Render/CopyImage/CopyImage.ps.hlsl", profile:"ps_6_0"
[22:42:17.263] [info] dx swap chain create success!!
[22:42:17.269] [info] [Mono] Building C# project...
[22:42:18.707] [info] [Mono] C# project built successfully.
[22:42:18.708] [info] [Mono] Non-Debug Mode: Debugger Disabled (suspend=n)
[22:42:18.708] [info] Mono version: 6.12.0 (Visual Studio built mono)
[22:42:18.726] [info] Latest DLL found: ./Packages/Scripts\CSharpLibrary_20260723_224218.dll (Last Modified: 2026-07-23 22:34:24)
[22:42:18.726] [info] [Mono] LoadAssemblyWithSymbols started for: C:\Users\k023g\Desktop\TD4-2\Project\Packages\Scripts\CSharpLibrary_20260723_224218.dll
[22:42:18.726] [info] [Mono]   DLL last modified: 2026-07-23 22:34:24
[22:42:18.727] [info] [Mono] LoadAssembly: Copied DLL to logical path: ./Packages/Scripts/CSharpLibrary.dll
[22:42:18.728] [info] [Mono] LoadAssembly: Copied PDB to logical path: ./Packages/Scripts/CSharpLibrary.pdb
[22:42:18.839] [info] [JIT_DEBUG] TextRenderer MonoClass pointer: 0x15be6b6e778
[22:42:18.840] [info] [JIT_DEBUG] sizeof(TextBatch) = 124
[22:42:18.840] [info] [JIT_DEBUG] sizeof(SpriteBatch) = 80
[22:42:18.840] [info] [JIT_DEBUG] Registered TextRenderer in maps successfully.
[22:42:19.227] [info] [SOURCE_DETECTOR] Engine creating Entity (Internal)
[22:42:19.228] [info] [CPP ECS] FromJson - Adding component 'CameraComponent' to entity 'TitleCamera'
[22:42:19.228] [info] [CPP ECS] FromJson - Adding component 'Transform' to entity 'TitleCamera'
[22:42:19.228] [info] [CPP ECS] FromJson - Adding component 'Variables' to entity 'TitleCamera'
[22:42:19.228] [info] [CPP ECS] FromJson - Adding component 'Script' to entity 'TitleCamera'
[22:42:19.228] [info] [CPP ECS] FromJson - Adding component 'ScreenPostEffectTag' to entity 'TitleCamera'
[22:42:19.228] [info] [CPP ECS] FromJson - Adding component 'BoxCollider2D' to entity 'TitleCamera'
[22:42:19.229] [info] [CPP ECS] FromJson - Adding component 'ScreenPostEffectTag' to entity 'TitleCamera'
[22:42:19.229] [info] [SOURCE_DETECTOR] Engine creating Entity (Internal)
[22:42:19.229] [info] [CPP ECS] FromJson - Adding component 'Transform' to entity 'TitleSprite'
[22:42:19.229] [info] [CPP ECS] FromJson - Adding component 'Variables' to entity 'TitleSprite'
[22:42:19.229] [info] [CPP ECS] FromJson - Adding component 'SpriteRenderer' to entity 'TitleSprite'
[22:42:19.229] [info] [SOURCE_DETECTOR] Engine creating Entity (Internal)
[22:42:19.229] [info] [CPP ECS] FromJson - Adding component 'Transform' to entity 'TitleMenu'
[22:42:19.229] [info] [CPP ECS] FromJson - Adding component 'Variables' to entity 'TitleMenu'
[22:42:19.229] [info] [SOURCE_DETECTOR] Engine creating Entity (Internal)
[22:42:19.230] [info] [CPP ECS] FromJson - Adding component 'Transform' to entity 'seaweed'
[22:42:19.230] [info] [CPP ECS] FromJson - Adding component 'Variables' to entity 'seaweed'
[22:42:19.230] [info] [CPP ECS] FromJson - Adding component 'SpriteRenderer' to entity 'seaweed'
[22:42:19.230] [info] [CPP ECS] FromJson - Adding component 'Script' to entity 'seaweed'
[22:42:19.230] [info] [CPP ECS] FromJson - Adding component 'Transform' to entity 'seaweed'
[22:42:19.230] [info] [SOURCE_DETECTOR] Engine creating Entity (Internal)
[22:42:19.230] [info] [CPP ECS] FromJson - Adding component 'Transform' to entity 'sand'
[22:42:19.230] [info] [CPP ECS] FromJson - Adding component 'Variables' to entity 'sand'
[22:42:19.230] [info] [CPP ECS] FromJson - Adding component 'SpriteRenderer' to entity 'sand'
[22:42:19.230] [info] [CPP ECS] FromJson - Adding component 'Transform' to entity 'sand'
[22:42:19.231] [info] [SOURCE_DETECTOR] Engine creating Entity (Internal)
[22:42:19.231] [info] [CPP ECS] FromJson - Adding component 'Transform' to entity 'sand'
[22:42:19.231] [info] [CPP ECS] FromJson - Adding component 'Variables' to entity 'sand'
[22:42:19.231] [info] [CPP ECS] FromJson - Adding component 'SpriteRenderer' to entity 'sand'
[22:42:19.231] [info] [SOURCE_DETECTOR] Engine creating Entity (Internal)
[22:42:19.231] [info] [CPP ECS] FromJson - Adding component 'Transform' to entity 'sand'
[22:42:19.231] [info] [CPP ECS] FromJson - Adding component 'Variables' to entity 'sand'
[22:42:19.231] [info] [CPP ECS] FromJson - Adding component 'SpriteRenderer' to entity 'sand'
[22:42:19.231] [info] [SOURCE_DETECTOR] Engine creating Entity (Internal)
[22:42:19.232] [info] [CPP ECS] FromJson - Adding component 'Transform' to entity 'seaweed'
[22:42:19.232] [info] [CPP ECS] FromJson - Adding component 'Variables' to entity 'seaweed'
[22:42:19.232] [info] [CPP ECS] FromJson - Adding component 'SpriteRenderer' to entity 'seaweed'
[22:42:19.232] [info] [CPP ECS] FromJson - Adding component 'Script' to entity 'seaweed'
[22:42:19.232] [info] [SOURCE_DETECTOR] Engine creating Entity (Internal)
[22:42:19.232] [info] [CPP ECS] FromJson - Adding component 'Transform' to entity 'farFishParticle'
[22:42:19.232] [info] [CPP ECS] FromJson - Adding component 'Variables' to entity 'farFishParticle'
[22:42:19.232] [info] [CPP ECS] FromJson - Adding component 'ParticleSystem2D' to entity 'farFishParticle'
[22:42:19.233] [info] [CPP ECS] FromJson - Adding component 'Transform' to entity 'farFishParticle'
[22:42:19.233] [info] [CPP ECS] FromJson - Adding component 'ParticleSystem2D' to entity 'farFishParticle'
[22:42:19.233] [info] [SOURCE_DETECTOR] Engine creating Entity (Internal)
[22:42:19.233] [info] [CPP ECS] FromJson - Adding component 'Transform' to entity 'nearFishParticle'
[22:42:19.233] [info] [CPP ECS] FromJson - Adding component 'Variables' to entity 'nearFishParticle'
[22:42:19.233] [info] [CPP ECS] FromJson - Adding component 'ParticleSystem2D' to entity 'nearFishParticle'
[22:42:19.233] [info] [CPP ECS] FromJson - Adding component 'Transform' to entity 'nearFishParticle'
[22:42:19.234] [info] [CPP ECS] FromJson - Adding component 'ParticleSystem2D' to entity 'nearFishParticle'
[22:42:19.234] [info] [SOURCE_DETECTOR] Engine creating Entity (Internal)
[22:42:19.234] [info] [CPP ECS] FromJson - Adding component 'Transform' to entity 'foamParticle'
[22:42:19.234] [info] [CPP ECS] FromJson - Adding component 'Variables' to entity 'foamParticle'
[22:42:19.234] [info] [CPP ECS] FromJson - Adding component 'ParticleSystem2D' to entity 'foamParticle'
[22:42:19.234] [info] [CPP ECS] FromJson - Adding component 'ParticleSystem2D' to entity 'foamParticle'
[22:42:19.234] [info] [SOURCE_DETECTOR] Engine creating Entity (Internal)
[22:42:19.235] [info] [CPP ECS] FromJson - Adding component 'Transform' to entity 'lock'
[22:42:19.235] [info] [CPP ECS] FromJson - Adding component 'Variables' to entity 'lock'
[22:42:19.235] [info] [CPP ECS] FromJson - Adding component 'SpriteRenderer' to entity 'lock'
[22:42:19.235] [info] [SOURCE_DETECTOR] Engine creating Entity (Internal)
[22:42:19.235] [info] [CPP ECS] FromJson - Adding component 'Transform' to entity 'lock'
[22:42:19.235] [info] [CPP ECS] FromJson - Adding component 'Variables' to entity 'lock'
[22:42:19.235] [info] [CPP ECS] FromJson - Adding component 'SpriteRenderer' to entity 'lock'
[22:42:19.235] [info] [CPP ECS] FromJson - Adding component 'Transform' to entity 'lock'
[22:42:19.235] [info] [CPP ECS] FromJson - Adding component 'SpriteRenderer' to entity 'lock'
[22:42:19.236] [info] [SOURCE_DETECTOR] Engine creating Entity (Internal)
[22:42:19.236] [info] [CPP ECS] FromJson - Adding component 'Transform' to entity 'lock'
[22:42:19.236] [info] [CPP ECS] FromJson - Adding component 'Variables' to entity 'lock'
[22:42:19.236] [info] [CPP ECS] FromJson - Adding component 'SpriteRenderer' to entity 'lock'
[22:42:19.236] [info] [SOURCE_DETECTOR] Engine creating Entity (Internal)
[22:42:19.236] [info] [CPP ECS] FromJson - Adding component 'Transform' to entity 'lock'
[22:42:19.236] [info] [CPP ECS] FromJson - Adding component 'Variables' to entity 'lock'
[22:42:19.236] [info] [CPP ECS] FromJson - Adding component 'SpriteRenderer' to entity 'lock'
[22:42:19.237] [info] [SOURCE_DETECTOR] Engine creating Entity (Internal)
[22:42:19.237] [info] [CPP ECS] FromJson - Adding component 'Transform' to entity 'lock'
[22:42:19.237] [info] [CPP ECS] FromJson - Adding component 'Variables' to entity 'lock'
[22:42:19.237] [info] [CPP ECS] FromJson - Adding component 'SpriteRenderer' to entity 'lock'
[22:42:19.237] [info] [SOURCE_DETECTOR] Engine creating Entity (Internal)
[22:42:19.237] [info] [CPP ECS] FromJson - Adding component 'Transform' to entity 'seaweed'
[22:42:19.237] [info] [CPP ECS] FromJson - Adding component 'Variables' to entity 'seaweed'
[22:42:19.237] [info] [CPP ECS] FromJson - Adding component 'SpriteRenderer' to entity 'seaweed'
[22:42:19.237] [info] [CPP ECS] FromJson - Adding component 'Script' to entity 'seaweed'
[22:42:19.238] [info] [SOURCE_DETECTOR] Engine creating Entity (Internal)
[22:42:19.238] [info] [CPP ECS] FromJson - Adding component 'Transform' to entity 'seaweed'
[22:42:19.238] [info] [CPP ECS] FromJson - Adding component 'Variables' to entity 'seaweed'
[22:42:19.238] [info] [CPP ECS] FromJson - Adding component 'SpriteRenderer' to entity 'seaweed'
[22:42:19.238] [info] [CPP ECS] FromJson - Adding component 'Script' to entity 'seaweed'
[22:42:19.238] [info] [SOURCE_DETECTOR] Engine creating Entity (Internal)
[22:42:19.238] [info] [CPP ECS] FromJson - Adding component 'Transform' to entity 'seaweed'
[22:42:19.238] [info] [CPP ECS] FromJson - Adding component 'Variables' to entity 'seaweed'
[22:42:19.238] [info] [CPP ECS] FromJson - Adding component 'SpriteRenderer' to entity 'seaweed'
[22:42:19.239] [info] [CPP ECS] FromJson - Adding component 'Script' to entity 'seaweed'
[22:42:19.239] [info] [SOURCE_DETECTOR] Engine creating Entity (Internal)
[22:42:19.239] [info] [CPP ECS] FromJson - Adding component 'Transform' to entity 'seaweed'
[22:42:19.239] [info] [CPP ECS] FromJson - Adding component 'Variables' to entity 'seaweed'
[22:42:19.239] [info] [CPP ECS] FromJson - Adding component 'SpriteRenderer' to entity 'seaweed'
[22:42:19.239] [info] [CPP ECS] FromJson - Adding component 'Script' to entity 'seaweed'
[22:42:19.239] [info] [SOURCE_DETECTOR] Engine creating Entity (Internal)
[22:42:19.239] [info] [CPP ECS] FromJson - Adding component 'Transform' to entity 'coral'
[22:42:19.240] [info] [CPP ECS] FromJson - Adding component 'Variables' to entity 'coral'
[22:42:19.240] [info] [CPP ECS] FromJson - Adding component 'SpriteRenderer' to entity 'coral'
[22:42:19.240] [info] [CPP ECS] FromJson - Adding component 'Transform' to entity 'coral'
[22:42:19.240] [info] [CPP ECS] FromJson - Adding component 'SpriteRenderer' to entity 'coral'
[22:42:19.240] [info] [SOURCE_DETECTOR] Engine creating Entity (Internal)
[22:42:19.240] [info] [CPP ECS] FromJson - Adding component 'Transform' to entity 'coral'
[22:42:19.240] [info] [CPP ECS] FromJson - Adding component 'Variables' to entity 'coral'
[22:42:19.240] [info] [CPP ECS] FromJson - Adding component 'SpriteRenderer' to entity 'coral'
[22:42:19.240] [info] [SOURCE_DETECTOR] Engine creating Entity (Internal)
[22:42:19.241] [info] [CPP ECS] FromJson - Adding component 'Transform' to entity 'coral'
[22:42:19.241] [info] [CPP ECS] FromJson - Adding component 'Variables' to entity 'coral'
[22:42:19.241] [info] [CPP ECS] FromJson - Adding component 'SpriteRenderer' to entity 'coral'
[22:42:19.241] [info] [SOURCE_DETECTOR] Engine creating Entity (Internal)
[22:42:19.241] [info] [CPP ECS] FromJson - Adding component 'Transform' to entity 'coral'
[22:42:19.241] [info] [CPP ECS] FromJson - Adding component 'Variables' to entity 'coral'
[22:42:19.241] [info] [CPP ECS] FromJson - Adding component 'SpriteRenderer' to entity 'coral'
[22:42:19.241] [info] [SOURCE_DETECTOR] Engine creating Entity (Internal)
[22:42:19.241] [info] [CPP ECS] FromJson - Adding component 'Transform' to entity 'lock'
[22:42:19.242] [info] [CPP ECS] FromJson - Adding component 'Variables' to entity 'lock'
[22:42:19.242] [info] [CPP ECS] FromJson - Adding component 'SpriteRenderer' to entity 'lock'
[22:42:19.242] [info] [SOURCE_DETECTOR] Engine creating Entity (Internal)
[22:42:19.242] [info] [CPP ECS] FromJson - Adding component 'Transform' to entity 'seaweed'
[22:42:19.242] [info] [CPP ECS] FromJson - Adding component 'Variables' to entity 'seaweed'
[22:42:19.242] [info] [CPP ECS] FromJson - Adding component 'SpriteRenderer' to entity 'seaweed'
[22:42:19.242] [info] [CPP ECS] FromJson - Adding component 'Script' to entity 'seaweed'
[22:42:19.242] [info] [SOURCE_DETECTOR] Engine creating Entity (Internal)
[22:42:19.242] [info] [CPP ECS] FromJson - Adding component 'Transform' to entity 'Group_0'
[22:42:19.243] [info] [CPP ECS] FromJson - Adding component 'Variables' to entity 'Group_0'
[22:42:19.243] [info] [CPP ECS] FromJson - Adding component 'UIGroupComponent' to entity 'Group_0'
[22:42:19.243] [info] [SOURCE_DETECTOR] Engine creating Entity (Internal)
[22:42:19.243] [info] [CPP ECS] FromJson - Adding component 'UIElementComponent' to entity 'Element_1'
[22:42:19.243] [info] [CPP ECS] FromJson - Adding component 'Transform' to entity 'Element_1'
[22:42:19.243] [info] [CPP ECS] FromJson - Adding component 'Variables' to entity 'Element_1'
[22:42:19.243] [info] [CPP ECS] FromJson - Adding component 'SpriteRenderer' to entity 'Element_1'
[22:42:19.243] [info] [CPP ECS] FromJson - Adding component 'Script' to entity 'Element_1'
[22:42:19.243] [info] [CPP ECS] FromJson - Adding component 'UILinkNavigationComponent' to entity 'Element_1'
[22:42:19.244] [info] [CPP ECS] FromJson - Adding component 'TextRenderer' to entity 'Element_1'
[22:42:19.244] [info] [SOURCE_DETECTOR] Engine creating Entity (Internal)
[22:42:19.244] [info] [CPP ECS] FromJson - Adding component 'UIElementComponent' to entity 'Element_3'
[22:42:19.244] [info] [CPP ECS] FromJson - Adding component 'Transform' to entity 'Element_3'
[22:42:19.244] [info] [CPP ECS] FromJson - Adding component 'Variables' to entity 'Element_3'
[22:42:19.244] [info] [CPP ECS] FromJson - Adding component 'SpriteRenderer' to entity 'Element_3'
[22:42:19.244] [info] [CPP ECS] FromJson - Adding component 'Script' to entity 'Element_3'
[22:42:19.244] [info] [CPP ECS] FromJson - Adding component 'UILinkNavigationComponent' to entity 'Element_3'
[22:42:19.245] [info] [CPP ECS] FromJson - Adding component 'TextRenderer' to entity 'Element_3'
[22:42:19.245] [info] [SOURCE_DETECTOR] Engine creating Entity (Internal)
[22:42:19.245] [info] [CPP ECS] FromJson - Adding component 'BGMPlayer' to entity 'BGMPlayer'
[22:42:19.245] [info] [CPP ECS] FromJson - Adding component 'Transform' to entity 'BGMPlayer'
[22:42:19.245] [info] [CPP ECS] FromJson - Adding component 'Variables' to entity 'BGMPlayer'
[22:42:19.276] [info] Successfully synced initial components to C# for group: TitleScene
[22:42:19.277] [info] [SOURCE_DETECTOR] Engine creating Entity (Internal)
[22:42:19.277] [info] [CPP ECS] FromJson - Adding component 'CameraComponent' to entity 'DebugCamera'
[22:42:19.278] [info] [CPP ECS] FromJson - Adding component 'Transform' to entity 'DebugCamera'
[22:42:19.278] [info] [CPP ECS] FromJson - Adding component 'Variables' to entity 'DebugCamera'
[22:42:19.278] [info] [CPP ECS] FromJson - Adding component 'Script' to entity 'DebugCamera'
[22:42:19.278] [info] [SOURCE_DETECTOR] Engine creating Entity (Internal)
[22:42:19.278] [info] [CPP ECS] FromJson - Adding component 'CameraComponent' to entity '2DCamera'
[22:42:19.278] [info] [CPP ECS] FromJson - Adding component 'Transform' to entity '2DCamera'
[22:42:19.278] [info] [CPP ECS] FromJson - Adding component 'Variables' to entity '2DCamera'
[22:42:19.279] [info] [CPP ECS] FromJson - Adding component 'Script' to entity '2DCamera'
[22:42:19.279] [info] Successfully synced initial components to C# for group: Debug
[22:42:19.285] [info] [Load Resource] type:Shader, path:"./Packages/Shader/Editor/GameEntityPicking.cs.hlsl", profile:"cs_6_6"
[22:42:19.288] [warning] ECSGroup with name 'GameScene' not found.
[22:42:19.288] [info] ################################################################################
[22:42:19.288] [info] #
[22:42:19.288] [info] # Initialization completed in 5233 ms
[22:42:19.288] [info] #
[22:42:19.289] [info] ################################################################################
[22:42:19.306] [info] [MonoDbg] AddEntityToScript - Instantiating and adding script: DebugCamera2D to Entity ID: 2
[22:42:19.313] [info] [SetScriptVars] OK setting fields for: DebugCamera2D
[22:42:19.313] [info] [MonoDbg] AddEntityToScript - Syncing serialized fields for script: DebugCamera2D
[22:42:19.313] [info] [SetScriptVars] OK setting fields for: DebugCamera2D
[22:42:19.335] [info] [UI Hierarchy] Resolved element 'Element_1' parent group via GUID: 'Group_0'
[22:42:19.335] [info] [UI Hierarchy] Resolved element 'Element_3' parent group via GUID: 'Group_0'
[22:42:19.335] [info] [UI Hierarchy] Resolved currentSelected: 'Element_1' (GUID: 71ca9a0b4bebe31173d10f94522fe53b) for Group 'Group_0'
[22:42:19.336] [info] Script GameStart enable set to 1
[22:42:19.336] [info] Script ExitGame enable set to 1
[22:42:19.336] [info] [UI Hierarchy] Guessing prefab name from root entity name: 'TitleMenu' -> 'TitleMenu.prefab'
[22:42:19.338] [info] [MonoDbg] AddEntityToScript - Instantiating and adding script: CameraShake to Entity ID: 1
[22:42:19.338] [info] [SetScriptVars] OK setting fields for: CameraShake
[22:42:19.338] [info] [MonoDbg] AddEntityToScript - Syncing serialized fields for script: CameraShake
[22:42:19.338] [info] [SetScriptVars] OK setting fields for: CameraShake
[22:42:19.339] [info] [MonoDbg] AddEntityToScript - Instantiating and adding script: PlayerFollowCamera to Entity ID: 1
[22:42:19.339] [info] [SetScriptVars] OK setting fields for: PlayerFollowCamera
[22:42:19.339] [info] [MonoDbg] AddEntityToScript - Syncing serialized fields for script: PlayerFollowCamera
[22:42:19.339] [info] [SetScriptVars] OK setting fields for: PlayerFollowCamera
[22:42:19.340] [info] [MonoDbg] AddEntityToScript - Instantiating and adding script: ContactZoomSource to Entity ID: 1
[22:42:19.340] [info] [SetScriptVars] OK setting fields for: ContactZoomSource
[22:42:19.340] [info] [MonoDbg] AddEntityToScript - Syncing serialized fields for script: ContactZoomSource
[22:42:19.340] [info] [SetScriptVars] OK setting fields for: ContactZoomSource
[22:42:19.340] [info] [MonoDbg] AddEntityToScript - Instantiating and adding script: DashZoomSource to Entity ID: 1
[22:42:19.340] [info] [SetScriptVars] OK setting fields for: DashZoomSource
[22:42:19.341] [info] [MonoDbg] AddEntityToScript - Syncing serialized fields for script: DashZoomSource
[22:42:19.341] [info] [SetScriptVars] OK setting fields for: DashZoomSource
[22:42:19.341] [info] [MonoDbg] AddEntityToScript - Instantiating and adding script: SpriteAnimation to Entity ID: 4
[22:42:19.341] [info] [SetScriptVars] OK setting fields for: SpriteAnimation
[22:42:19.341] [info] [MonoDbg] AddEntityToScript - Syncing serialized fields for script: SpriteAnimation
[22:42:19.342] [info] [SetScriptVars] OK setting fields for: SpriteAnimation
[22:42:19.342] [info] [MonoDbg] AddEntityToScript - Instantiating and adding script: SpriteAnimation to Entity ID: 8
[22:42:19.342] [info] [SetScriptVars] OK setting fields for: SpriteAnimation
[22:42:19.342] [info] [MonoDbg] AddEntityToScript - Syncing serialized fields for script: SpriteAnimation
[22:42:19.342] [info] [SetScriptVars] OK setting fields for: SpriteAnimation
[22:42:19.342] [info] [MonoDbg] AddEntityToScript - Instantiating and adding script: SpriteAnimation to Entity ID: 17
[22:42:19.342] [info] [SetScriptVars] OK setting fields for: SpriteAnimation
[22:42:19.343] [info] [MonoDbg] AddEntityToScript - Syncing serialized fields for script: SpriteAnimation
[22:42:19.343] [info] [SetScriptVars] OK setting fields for: SpriteAnimation
[22:42:19.343] [info] [MonoDbg] AddEntityToScript - Instantiating and adding script: SpriteAnimation to Entity ID: 18
[22:42:19.343] [info] [SetScriptVars] OK setting fields for: SpriteAnimation
[22:42:19.343] [info] [MonoDbg] AddEntityToScript - Syncing serialized fields for script: SpriteAnimation
[22:42:19.343] [info] [SetScriptVars] OK setting fields for: SpriteAnimation
[22:42:19.343] [info] [MonoDbg] AddEntityToScript - Instantiating and adding script: SpriteAnimation to Entity ID: 19
[22:42:19.344] [info] [SetScriptVars] OK setting fields for: SpriteAnimation
[22:42:19.344] [info] [MonoDbg] AddEntityToScript - Syncing serialized fields for script: SpriteAnimation
[22:42:19.344] [info] [SetScriptVars] OK setting fields for: SpriteAnimation
[22:42:19.344] [info] [MonoDbg] AddEntityToScript - Instantiating and adding script: SpriteAnimation to Entity ID: 20
[22:42:19.344] [info] [SetScriptVars] OK setting fields for: SpriteAnimation
[22:42:19.344] [info] [MonoDbg] AddEntityToScript - Syncing serialized fields for script: SpriteAnimation
[22:42:19.344] [info] [SetScriptVars] OK setting fields for: SpriteAnimation
[22:42:19.345] [info] [MonoDbg] AddEntityToScript - Instantiating and adding script: SpriteAnimation to Entity ID: 26
[22:42:19.345] [info] [SetScriptVars] OK setting fields for: SpriteAnimation
[22:42:19.345] [info] [MonoDbg] AddEntityToScript - Syncing serialized fields for script: SpriteAnimation
[22:42:19.345] [info] [SetScriptVars] OK setting fields for: SpriteAnimation
[22:42:19.345] [info] [MonoDbg] AddEntityToScript - Instantiating and adding script: GameStart to Entity ID: 28
[22:42:19.346] [info] [SetScriptVars] OK setting fields for: GameStart
[22:42:19.346] [info] [MonoDbg] AddEntityToScript - Syncing serialized fields for script: GameStart
[22:42:19.346] [info] [SetScriptVars] OK setting fields for: GameStart
[22:42:19.346] [info] [MonoDbg] AddEntityToScript - Instantiating and adding script: ExitGame to Entity ID: 29
[22:42:19.346] [info] [SetScriptVars] OK setting fields for: ExitGame
[22:42:19.346] [info] [MonoDbg] AddEntityToScript - Syncing serialized fields for script: ExitGame
[22:42:19.347] [info] [SetScriptVars] OK setting fields for: ExitGame
[22:42:19.362] [info] [UI Hierarchy] Guessing prefab name from root entity name: 'TitleMenu' -> 'TitleMenu.prefab'
[22:42:19.362] [info] [UI Navigation] Group 'Group_0' gained focus. Initial selection: 'Element_1' (GUID: 71ca9a0b4bebe31173d10f94522fe53b)
[22:42:19.362] [info] [UI Navigation] Focus Change: Group='Group_0', OldSelected='None', NewSelected='Element_1'
[22:42:19.362] [info] [UI Navigation]   -> Calling OnSelect() on 'Element_1' (Script: 'GameStart')
[22:42:19.421] [info] dx depth stencil create success!!
[22:42:19.433] [info] [RenderingFramework] Drawing group: TitleScene | Index: 0 | groupRenderTex: 1495171519696 | colorResource: 1495171413776 | ClearColor: (0.100000, 0.250000, 0.500000, 1.000000)
[22:42:19.433] [info] [RenderingCollection] DrawEntities2D executing. Group: TitleScene Camera: 1495145640448
[22:42:19.434] [info] [SpritePipeline] Drawing 21 sorted sprites.
[22:42:19.435] [info] [RenderingCollection] ExecutePostProcess3D for scene: ./Assets/Scene/RenderTexture/TitleScene
[22:42:19.435] [info] [Engine] CopyResource: Copying to resource at 1495171413776
[22:42:19.435] [info] [Engine] CopyResource: Copying to resource at 1495171413776
[22:42:19.436] [info] [Engine] CopyResource: Copying to resource at 1495171413776
[22:42:19.436] [info] [Engine] CopyResource: Copying to resource at 1495171413776
[22:42:19.436] [info] [RenderingCollection] ExecutePostProcessScreen for scene: ./Assets/Scene/RenderTexture/TitleScene
[22:42:19.436] [info] [WaterCaustics] Execution started successfully. Group=TitleScene, TextureName=./Assets/Scene/RenderTexture/TitleScene
[22:42:19.436] [info] [Engine] CopyResource: Copying to resource at 1495171413776
[22:42:19.436] [info] [WaterDepthFog] Execution started successfully. Group=TitleScene, TextureName=./Assets/Scene/RenderTexture/TitleScene
[22:42:19.436] [info] [Engine] CopyResource: Copying to resource at 1495171413776
[22:42:19.437] [info] [WaterColorGrading] Execution started successfully. Group=TitleScene, TextureName=./Assets/Scene/RenderTexture/TitleScene
[22:42:19.437] [info] [Engine] CopyResource: Copying to resource at 1495171413776
[22:42:19.437] [info] [WaterDistortion] Execution started successfully. Group=TitleScene, TextureName=./Assets/Scene/RenderTexture/TitleScene
[22:42:19.437] [info] [Engine] CopyResource: Copying to resource at 1495171413776
[22:42:19.437] [info] [Engine] CopyResource: Copying to resource at 1495171413776
[22:42:19.530] [info] [UI Hierarchy] Guessing prefab name from root entity name: 'TitleMenu' -> 'TitleMenu.prefab'
[22:42:19.531] [info] [UI Hierarchy] Guessing prefab name from root entity name: 'TitleMenu' -> 'TitleMenu.prefab'
[22:42:19.531] [info] [RenderingCollection] DrawEntities2D executing. Group: TitleScene Camera: 1495145640448
[22:42:19.531] [info] [SpritePipeline] Drawing 21 sorted sprites.
[22:42:19.532] [info] [RenderingCollection] ExecutePostProcess3D for scene: ./Assets/Scene/RenderTexture/TitleScene
[22:42:19.532] [info] [Engine] CopyResource: Copying to resource at 1495171413776
[22:42:19.532] [info] [RenderingCollection] ExecutePostProcessScreen for scene: ./Assets/Scene/RenderTexture/TitleScene
[22:42:19.584] [info] [UI Hierarchy] Guessing prefab name from root entity name: 'TitleMenu' -> 'TitleMenu.prefab'
[22:42:19.584] [info] [UI Hierarchy] Guessing prefab name from root entity name: 'TitleMenu' -> 'TitleMenu.prefab'
[22:42:19.585] [info] [RenderingCollection] DrawEntities2D executing. Group: TitleScene Camera: 1495145640448
[22:42:19.585] [info] [SpritePipeline] Drawing 21 sorted sprites.
[22:42:19.585] [info] [RenderingCollection] ExecutePostProcess3D for scene: ./Assets/Scene/RenderTexture/TitleScene
[22:42:19.585] [info] [RenderingCollection] ExecutePostProcessScreen for scene: ./Assets/Scene/RenderTexture/TitleScene
[22:42:19.633] [info] [UI Hierarchy] Guessing prefab name from root entity name: 'TitleMenu' -> 'TitleMenu.prefab'
[22:42:19.634] [info] [UI Hierarchy] Guessing prefab name from root entity name: 'TitleMenu' -> 'TitleMenu.prefab'
[22:42:19.634] [info] [RenderingCollection] DrawEntities2D executing. Group: TitleScene Camera: 1495145640448
[22:42:19.634] [info] [SpritePipeline] Drawing 21 sorted sprites.
[22:42:19.634] [info] [RenderingCollection] ExecutePostProcess3D for scene: ./Assets/Scene/RenderTexture/TitleScene
[22:42:19.635] [info] [RenderingCollection] ExecutePostProcessScreen for scene: ./Assets/Scene/RenderTexture/TitleScene
[22:42:19.682] [info] [UI Hierarchy] Guessing prefab name from root entity name: 'TitleMenu' -> 'TitleMenu.prefab'
[22:42:19.683] [info] [UI Hierarchy] Guessing prefab name from root entity name: 'TitleMenu' -> 'TitleMenu.prefab'
[22:42:19.683] [info] [RenderingCollection] DrawEntities2D executing. Group: TitleScene Camera: 1495145640448
[22:42:19.683] [info] [SpritePipeline] Drawing 21 sorted sprites.
[22:42:19.683] [info] [RenderingCollection] ExecutePostProcess3D for scene: ./Assets/Scene/RenderTexture/TitleScene
[22:42:19.684] [info] [RenderingCollection] ExecutePostProcessScreen for scene: ./Assets/Scene/RenderTexture/TitleScene
[22:42:19.702] [info] [UI Hierarchy] Guessing prefab name from root entity name: 'TitleMenu' -> 'TitleMenu.prefab'
[22:42:19.702] [info] [UI Hierarchy] Guessing prefab name from root entity name: 'TitleMenu' -> 'TitleMenu.prefab'
[22:42:19.702] [info] [RenderingCollection] DrawEntities2D executing. Group: TitleScene Camera: 1495145640448
[22:42:19.703] [info] [SpritePipeline] Drawing 21 sorted sprites.
[22:42:19.703] [info] [RenderingCollection] ExecutePostProcess3D for scene: ./Assets/Scene/RenderTexture/TitleScene
[22:42:19.703] [info] [RenderingCollection] ExecutePostProcessScreen for scene: ./Assets/Scene/RenderTexture/TitleScene
[22:42:19.710] [info] [UI Hierarchy] Guessing prefab name from root entity name: 'TitleMenu' -> 'TitleMenu.prefab'
[22:42:19.710] [info] [UI Hierarchy] Guessing prefab name from root entity name: 'TitleMenu' -> 'TitleMenu.prefab'
[22:42:19.711] [info] [RenderingCollection] DrawEntities2D executing. Group: TitleScene Camera: 1495145640448
[22:42:19.711] [info] [SpritePipeline] Drawing 21 sorted sprites.
[22:42:19.711] [info] [RenderingCollection] ExecutePostProcess3D for scene: ./Assets/Scene/RenderTexture/TitleScene
[22:42:19.711] [info] [RenderingCollection] ExecutePostProcessScreen for scene: ./Assets/Scene/RenderTexture/TitleScene
[22:42:19.718] [info] [UI Hierarchy] Guessing prefab name from root entity name: 'TitleMenu' -> 'TitleMenu.prefab'
[22:42:19.719] [info] [UI Hierarchy] Guessing prefab name from root entity name: 'TitleMenu' -> 'TitleMenu.prefab'
[22:42:19.719] [info] [RenderingCollection] DrawEntities2D executing. Group: TitleScene Camera: 1495145640448
[22:42:19.719] [info] [SpritePipeline] Drawing 21 sorted sprites.
[22:42:19.719] [info] [RenderingCollection] ExecutePostProcess3D for scene: ./Assets/Scene/RenderTexture/TitleScene
[22:42:19.720] [info] [RenderingCollection] ExecutePostProcessScreen for scene: ./Assets/Scene/RenderTexture/TitleScene
[22:42:19.728] [info] [UI Hierarchy] Guessing prefab name from root entity name: 'TitleMenu' -> 'TitleMenu.prefab'
[22:42:19.729] [info] [UI Hierarchy] Guessing prefab name from root entity name: 'TitleMenu' -> 'TitleMenu.prefab'
[22:42:19.729] [info] [RenderingCollection] DrawEntities2D executing. Group: TitleScene Camera: 1495145640448
[22:42:19.729] [info] [SpritePipeline] Drawing 21 sorted sprites.
[22:42:19.730] [info] [RenderingCollection] ExecutePostProcess3D for scene: ./Assets/Scene/RenderTexture/TitleScene
[22:42:19.730] [info] [RenderingCollection] ExecutePostProcessScreen for scene: ./Assets/Scene/RenderTexture/TitleScene
[22:42:19.745] [info] [UI Hierarchy] Guessing prefab name from root entity name: 'TitleMenu' -> 'TitleMenu.prefab'
[22:42:19.745] [info] [UI Hierarchy] Guessing prefab name from root entity name: 'TitleMenu' -> 'TitleMenu.prefab'
[22:42:19.746] [info] [RenderingCollection] DrawEntities2D executing. Group: TitleScene Camera: 1495145640448
[22:42:19.746] [info] [SpritePipeline] Drawing 21 sorted sprites.
[22:42:19.746] [info] [RenderingCollection] ExecutePostProcess3D for scene: ./Assets/Scene/RenderTexture/TitleScene
[22:42:19.746] [info] [RenderingCollection] ExecutePostProcessScreen for scene: ./Assets/Scene/RenderTexture/TitleScene
[22:42:19.762] [info] [UI Hierarchy] Guessing prefab name from root entity name: 'TitleMenu' -> 'TitleMenu.prefab'
[22:42:19.762] [info] [UI Hierarchy] Guessing prefab name from root entity name: 'TitleMenu' -> 'TitleMenu.prefab'
[22:42:19.778] [info] [UI Hierarchy] Guessing prefab name from root entity name: 'TitleMenu' -> 'TitleMenu.prefab'
[22:42:19.778] [info] [UI Hierarchy] Guessing prefab name from root entity name: 'TitleMenu' -> 'TitleMenu.prefab'
[22:42:19.795] [info] [UI Hierarchy] Guessing prefab name from root entity name: 'TitleMenu' -> 'TitleMenu.prefab'
[22:42:19.796] [info] [UI Hierarchy] Guessing prefab name from root entity name: 'TitleMenu' -> 'TitleMenu.prefab'
[22:42:19.812] [info] [UI Hierarchy] Guessing prefab name from root entity name: 'TitleMenu' -> 'TitleMenu.prefab'
[22:42:19.812] [info] [UI Hierarchy] Guessing prefab name from root entity name: 'TitleMenu' -> 'TitleMenu.prefab'
[22:42:19.828] [info] [UI Hierarchy] Guessing prefab name from root entity name: 'TitleMenu' -> 'TitleMenu.prefab'
[22:42:19.828] [info] [UI Hierarchy] Guessing prefab name from root entity name: 'TitleMenu' -> 'TitleMenu.prefab'
[22:42:19.845] [info] [UI Hierarchy] Guessing prefab name from root entity name: 'TitleMenu' -> 'TitleMenu.prefab'
[22:42:19.845] [info] [UI Hierarchy] Guessing prefab name from root entity name: 'TitleMenu' -> 'TitleMenu.prefab'
[22:42:19.861] [info] [UI Hierarchy] Guessing prefab name from root entity name: 'TitleMenu' -> 'TitleMenu.prefab'
[22:42:19.862] [info] [UI Hierarchy] Guessing prefab name from root entity name: 'TitleMenu' -> 'TitleMenu.prefab'
[22:42:19.878] [info] [UI Hierarchy] Guessing prefab name from root entity name: 'TitleMenu' -> 'TitleMenu.prefab'
[22:42:19.878] [info] [UI Hierarchy] Guessing prefab name from root entity name: 'TitleMenu' -> 'TitleMenu.prefab'
[22:42:19.894] [info] [UI Hierarchy] Guessing prefab name from root entity name: 'TitleMenu' -> 'TitleMenu.prefab'
[22:42:19.894] [info] [UI Hierarchy] Guessing prefab name from root entity name: 'TitleMenu' -> 'TitleMenu.prefab'
[22:42:19.911] [info] [UI Hierarchy] Guessing prefab name from root entity name: 'TitleMenu' -> 'TitleMenu.prefab'
[22:42:19.911] [info] [UI Hierarchy] Guessing prefab name from root entity name: 'TitleMenu' -> 'TitleMenu.prefab'
[22:42:19.928] [info] [UI Hierarchy] Guessing prefab name from root entity name: 'TitleMenu' -> 'TitleMenu.prefab'
[22:42:19.928] [info] [UI Hierarchy] Guessing prefab name from root entity name: 'TitleMenu' -> 'TitleMenu.prefab'
[22:42:19.944] [info] [UI Hierarchy] Guessing prefab name from root entity name: 'TitleMenu' -> 'TitleMenu.prefab'
[22:42:19.944] [info] [UI Hierarchy] Guessing prefab name from root entity name: 'TitleMenu' -> 'TitleMenu.prefab'
[22:42:19.960] [info] [UI Hierarchy] Guessing prefab name from root entity name: 'TitleMenu' -> 'TitleMenu.prefab'
[22:42:19.961] [info] [UI Hierarchy] Guessing prefab name from root entity name: 'TitleMenu' -> 'TitleMenu.prefab'
[22:42:19.977] [info] [UI Hierarchy] Guessing prefab name from root entity name: 'TitleMenu' -> 'TitleMenu.prefab'
[22:42:19.978] [info] [UI Hierarchy] Guessing prefab name from root entity name: 'TitleMenu' -> 'TitleMenu.prefab'
[22:42:19.994] [info] [UI Hierarchy] Guessing prefab name from root entity name: 'TitleMenu' -> 'TitleMenu.prefab'
[22:42:19.994] [info] [UI Hierarchy] Guessing prefab name from root entity name: 'TitleMenu' -> 'TitleMenu.prefab'
[22:42:20.011] [info] [UI Hierarchy] Guessing prefab name from root entity name: 'TitleMenu' -> 'TitleMenu.prefab'
[22:42:20.011] [info] [UI Hierarchy] Guessing prefab name from root entity name: 'TitleMenu' -> 'TitleMenu.prefab'
[22:42:20.027] [info] [UI Hierarchy] Guessing prefab name from root entity name: 'TitleMenu' -> 'TitleMenu.prefab'
[22:42:20.028] [info] [UI Hierarchy] Guessing prefab name from root entity name: 'TitleMenu' -> 'TitleMenu.prefab'
[22:42:20.044] [info] [UI Hierarchy] Guessing prefab name from root entity name: 'TitleMenu' -> 'TitleMenu.prefab'
[22:42:20.044] [info] [UI Hierarchy] Guessing prefab name from root entity name: 'TitleMenu' -> 'TitleMenu.prefab'
[22:42:20.060] [info] [UI Hierarchy] Guessing prefab name from root entity name: 'TitleMenu' -> 'TitleMenu.prefab'
[22:42:20.061] [info] [UI Hierarchy] Guessing prefab name from root entity name: 'TitleMenu' -> 'TitleMenu.prefab'
[22:42:20.077] [info] [UI Hierarchy] Guessing prefab name from root entity name: 'TitleMenu' -> 'TitleMenu.prefab'
[22:42:20.077] [info] [UI Hierarchy] Guessing prefab name from root entity name: 'TitleMenu' -> 'TitleMenu.prefab'
[22:42:20.094] [info] [UI Hierarchy] Guessing prefab name from root entity name: 'TitleMenu' -> 'TitleMenu.prefab'
[22:42:20.094] [info] [UI Hierarchy] Guessing prefab name from root entity name: 'TitleMenu' -> 'TitleMenu.prefab'
[22:42:20.110] [info] [UI Hierarchy] Guessing prefab name from root entity name: 'TitleMenu' -> 'TitleMenu.prefab'
[22:42:20.111] [info] [UI Hierarchy] Guessing prefab name from root entity name: 'TitleMenu' -> 'TitleMenu.prefab'
[22:42:20.129] [info] [UI Hierarchy] Guessing prefab name from root entity name: 'TitleMenu' -> 'TitleMenu.prefab'
[22:42:20.129] [info] [UI Hierarchy] Guessing prefab name from root entity name: 'TitleMenu' -> 'TitleMenu.prefab'
[22:42:20.144] [info] [UI Hierarchy] Guessing prefab name from root entity name: 'TitleMenu' -> 'TitleMenu.prefab'
[22:42:20.145] [info] [UI Hierarchy] Guessing prefab name from root entity name: 'TitleMenu' -> 'TitleMenu.prefab'
[22:42:20.161] [info] [UI Hierarchy] Guessing prefab name from root entity name: 'TitleMenu' -> 'TitleMenu.prefab'
[22:42:20.161] [info] [UI Hierarchy] Guessing prefab name from root entity name: 'TitleMenu' -> 'TitleMenu.prefab'
[22:42:20.177] [info] [UI Hierarchy] Guessing prefab name from root entity name: 'TitleMenu' -> 'TitleMenu.prefab'
[22:42:20.178] [info] [UI Hierarchy] Guessing prefab name from root entity name: 'TitleMenu' -> 'TitleMenu.prefab'
[22:42:20.194] [info] [UI Hierarchy] Guessing prefab name from root entity name: 'TitleMenu' -> 'TitleMenu.prefab'
[22:42:20.195] [info] [UI Hierarchy] Guessing prefab name from root entity name: 'TitleMenu' -> 'TitleMenu.prefab'
[22:42:20.211] [info] [UI Hierarchy] Guessing prefab name from root entity name: 'TitleMenu' -> 'TitleMenu.prefab'
[22:42:20.211] [info] [UI Hierarchy] Guessing prefab name from root entity name: 'TitleMenu' -> 'TitleMenu.prefab'
[22:42:20.228] [info] [UI Hierarchy] Guessing prefab name from root entity name: 'TitleMenu' -> 'TitleMenu.prefab'
[22:42:20.228] [info] [UI Hierarchy] Guessing prefab name from root entity name: 'TitleMenu' -> 'TitleMenu.prefab'
[22:42:20.245] [info] [UI Hierarchy] Guessing prefab name from root entity name: 'TitleMenu' -> 'TitleMenu.prefab'
[22:42:20.246] [info] [UI Hierarchy] Guessing prefab name from root entity name: 'TitleMenu' -> 'TitleMenu.prefab'
[22:42:20.261] [info] [UI Hierarchy] Guessing prefab name from root entity name: 'TitleMenu' -> 'TitleMenu.prefab'
[22:42:20.261] [info] [UI Hierarchy] Guessing prefab name from root entity name: 'TitleMenu' -> 'TitleMenu.prefab'
[22:42:20.278] [info] [UI Hierarchy] Guessing prefab name from root entity name: 'TitleMenu' -> 'TitleMenu.prefab'
[22:42:20.278] [info] [UI Hierarchy] Guessing prefab name from root entity name: 'TitleMenu' -> 'TitleMenu.prefab'
[22:42:20.294] [info] [UI Hierarchy] Guessing prefab name from root entity name: 'TitleMenu' -> 'TitleMenu.prefab'
[22:42:20.295] [info] [UI Hierarchy] Guessing prefab name from root entity name: 'TitleMenu' -> 'TitleMenu.prefab'
[22:42:20.310] [info] [UI Hierarchy] Guessing prefab name from root entity name: 'TitleMenu' -> 'TitleMenu.prefab'
[22:42:20.311] [info] [UI Hierarchy] Guessing prefab name from root entity name: 'TitleMenu' -> 'TitleMenu.prefab'
[22:42:20.327] [info] [UI Hierarchy] Guessing prefab name from root entity name: 'TitleMenu' -> 'TitleMenu.prefab'
[22:42:20.327] [info] [UI Hierarchy] Guessing prefab name from root entity name: 'TitleMenu' -> 'TitleMenu.prefab'
[22:42:20.344] [info] [UI Hierarchy] Guessing prefab name from root entity name: 'TitleMenu' -> 'TitleMenu.prefab'
[22:42:20.344] [info] [UI Hierarchy] Guessing prefab name from root entity name: 'TitleMenu' -> 'TitleMenu.prefab'
[22:42:20.361] [info] [UI Hierarchy] Guessing prefab name from root entity name: 'TitleMenu' -> 'TitleMenu.prefab'
[22:42:20.361] [info] [UI Hierarchy] Guessing prefab name from root entity name: 'TitleMenu' -> 'TitleMenu.prefab'
[22:42:20.377] [info] [UI Hierarchy] Guessing prefab name from root entity name: 'TitleMenu' -> 'TitleMenu.prefab'
[22:42:20.378] [info] [UI Hierarchy] Guessing prefab name from root entity name: 'TitleMenu' -> 'TitleMenu.prefab'
[22:42:20.394] [info] [UI Hierarchy] Guessing prefab name from root entity name: 'TitleMenu' -> 'TitleMenu.prefab'
[22:42:20.394] [info] [UI Hierarchy] Guessing prefab name from root entity name: 'TitleMenu' -> 'TitleMenu.prefab'
[22:42:20.411] [info] [UI Hierarchy] Guessing prefab name from root entity name: 'TitleMenu' -> 'TitleMenu.prefab'
[22:42:20.411] [info] [UI Hierarchy] Guessing prefab name from root entity name: 'TitleMenu' -> 'TitleMenu.prefab'
[22:42:20.427] [info] [UI Hierarchy] Guessing prefab name from root entity name: 'TitleMenu' -> 'TitleMenu.prefab'
[22:42:20.428] [info] [UI Hierarchy] Guessing prefab name from root entity name: 'TitleMenu' -> 'TitleMenu.prefab'
[22:42:20.444] [info] [UI Hierarchy] Guessing prefab name from root entity name: 'TitleMenu' -> 'TitleMenu.prefab'
[22:42:20.444] [info] [UI Hierarchy] Guessing prefab name from root entity name: 'TitleMenu' -> 'TitleMenu.prefab'
[22:42:20.460] [info] [UI Hierarchy] Guessing prefab name from root entity name: 'TitleMenu' -> 'TitleMenu.prefab'
[22:42:20.461] [info] [UI Hierarchy] Guessing prefab name from root entity name: 'TitleMenu' -> 'TitleMenu.prefab'
[22:42:20.477] [info] [UI Hierarchy] Guessing prefab name from root entity name: 'TitleMenu' -> 'TitleMenu.prefab'
[22:42:20.478] [info] [UI Hierarchy] Guessing prefab name from root entity name: 'TitleMenu' -> 'TitleMenu.prefab'
[22:42:20.494] [info] [UI Hierarchy] Guessing prefab name from root entity name: 'TitleMenu' -> 'TitleMenu.prefab'
[22:42:20.495] [info] [UI Hierarchy] Guessing prefab name from root entity name: 'TitleMenu' -> 'TitleMenu.prefab'
[22:42:20.513] [info] [UI Hierarchy] Guessing prefab name from root entity name: 'TitleMenu' -> 'TitleMenu.prefab'
[22:42:20.514] [info] [UI Hierarchy] Guessing prefab name from root entity name: 'TitleMenu' -> 'TitleMenu.prefab'
[22:42:20.514] [info] [UI Navigation] Group Submit Key Triggered on element 'Element_1'
[22:42:20.514] [info] [UI Navigation] Submit Event: Element='Element_1' in Group='Group_0'
[22:42:20.514] [info] [UI Navigation]   -> Calling OnSubmit() on 'Element_1' (Script: 'GameStart')
[22:42:20.515] [warning] ECSGroup with name 'GameScene' not found.
[22:42:20.515] [warning] SetUpdatePaused: ECSGroup 'GameScene' not found.
[22:42:20.528] [info] [UI Hierarchy] Guessing prefab name from root entity name: 'TitleMenu' -> 'TitleMenu.prefab'
[22:42:20.638] [info] [SOURCE_DETECTOR] Engine creating Entity (Internal)
[22:42:20.639] [info] [CPP ECS] FromJson - Adding component 'Transform' to entity 'GameController'
[22:42:20.639] [info] [CPP ECS] FromJson - Adding component 'Variables' to entity 'GameController'
[22:42:20.639] [info] [CPP ECS] FromJson - Adding component 'Script' to entity 'GameController'
[22:42:20.639] [info] [CPP ECS] FromJson - Adding component 'Variables' to entity 'GameController'
[22:42:20.639] [info] [CPP ECS] FromJson - Adding component 'Script' to entity 'GameController'
[22:42:20.639] [info] [SOURCE_DETECTOR] Engine creating Entity (Internal)
[22:42:20.640] [info] [CPP ECS] FromJson - Adding component 'Transform' to entity 'Stage'
[22:42:20.640] [info] [CPP ECS] FromJson - Adding component 'Variables' to entity 'Stage'
[22:42:20.640] [info] [CPP ECS] FromJson - Adding component 'Script' to entity 'Stage'
[22:42:20.640] [info] [CPP ECS] FromJson - Adding component 'BoxCollider2D' to entity 'Stage'
[22:42:20.640] [info] [SOURCE_DETECTOR] Engine creating Entity (Internal)
[22:42:20.640] [info] [CPP ECS] FromJson - Adding component 'Transform' to entity 'Player'
[22:42:20.640] [info] [CPP ECS] FromJson - Adding component 'CircleCollider' to entity 'Player'
[22:42:20.641] [info] [CPP ECS] FromJson - Adding component 'Variables' to entity 'Player'
[22:42:20.641] [info] [CPP ECS] FromJson - Adding component 'Script' to entity 'Player'
[22:42:20.641] [info] [CPP ECS] FromJson - Adding component 'SpriteRenderer' to entity 'Player'
[22:42:20.641] [info] [CPP ECS] FromJson - Adding component 'Rigidbody2D' to entity 'Player'
[22:42:20.641] [info] [CPP ECS] FromJson - Adding component 'SEPlayer' to entity 'Player'
[22:42:20.642] [info] [CPP ECS] FromJson - Adding component 'Variables' to entity 'Player'
[22:42:20.642] [info] [CPP ECS] FromJson - Adding component 'Rigidbody2D' to entity 'Player'
[22:42:20.642] [info] [SOURCE_DETECTOR] Engine creating Entity (Internal)
[22:42:20.642] [info] [CPP ECS] FromJson - Adding component 'Transform' to entity 'Player_Body'
[22:42:20.642] [info] [CPP ECS] FromJson - Adding component 'CircleCollider' to entity 'Player_Body'
[22:42:20.642] [info] [CPP ECS] FromJson - Adding component 'Variables' to entity 'Player_Body'
[22:42:20.643] [info] [CPP ECS] FromJson - Adding component 'SpriteRenderer' to entity 'Player_Body'
[22:42:20.643] [info] [CPP ECS] FromJson - Adding component 'Script' to entity 'Player_Body'
[22:42:20.643] [info] [SOURCE_DETECTOR] Engine creating Entity (Internal)
[22:42:20.643] [info] [CPP ECS] FromJson - Adding component 'Transform' to entity 'Player_Tentacle'
[22:42:20.643] [info] [CPP ECS] FromJson - Adding component 'CircleCollider' to entity 'Player_Tentacle'
[22:42:20.643] [info] [CPP ECS] FromJson - Adding component 'Variables' to entity 'Player_Tentacle'
[22:42:20.643] [info] [CPP ECS] FromJson - Adding component 'SpriteRenderer' to entity 'Player_Tentacle'
[22:42:20.644] [info] [CPP ECS] FromJson - Adding component 'Script' to entity 'Player_Tentacle'
[22:42:20.644] [info] [SOURCE_DETECTOR] Engine creating Entity (Internal)
[22:42:20.644] [info] [CPP ECS] FromJson - Adding component 'CameraComponent' to entity 'MainCamera'
[22:42:20.644] [info] [CPP ECS] FromJson - Adding component 'Transform' to entity 'MainCamera'
[22:42:20.644] [info] [CPP ECS] FromJson - Adding component 'Variables' to entity 'MainCamera'
[22:42:20.644] [info] [CPP ECS] FromJson - Adding component 'Script' to entity 'MainCamera'
[22:42:20.645] [info] [CPP ECS] FromJson - Adding component 'BoxCollider2D' to entity 'MainCamera'
[22:42:20.645] [info] [SOURCE_DETECTOR] Engine creating Entity (Internal)
[22:42:20.645] [info] [CPP ECS] FromJson - Adding component 'Transform' to entity 'Background'
[22:42:20.645] [info] [CPP ECS] FromJson - Adding component 'Variables' to entity 'Background'
[22:42:20.645] [info] [CPP ECS] FromJson - Adding component 'ScreenPostEffectTag' to entity 'Background'
[22:42:20.645] [info] [CPP ECS] FromJson - Adding component 'ScreenPostEffectTag' to entity 'Background'
[22:42:20.645] [info] [SOURCE_DETECTOR] Engine creating Entity (Internal)
[22:42:20.646] [info] [CPP ECS] FromJson - Adding component 'Transform' to entity 'EnemySpawnSystem'
[22:42:20.646] [info] [CPP ECS] FromJson - Adding component 'Variables' to entity 'EnemySpawnSystem'
[22:42:20.646] [info] [CPP ECS] FromJson - Adding component 'Script' to entity 'EnemySpawnSystem'
[22:42:20.646] [info] [CPP ECS] FromJson - Adding component 'BoxCollider2D' to entity 'EnemySpawnSystem'
[22:42:20.646] [info] [SOURCE_DETECTOR] Engine creating Entity (Internal)
[22:42:20.646] [info] [CPP ECS] FromJson - Adding component 'Transform' to entity 'SkyZone'
[22:42:20.647] [info] [CPP ECS] FromJson - Adding component 'Variables' to entity 'SkyZone'
[22:42:20.647] [info] [CPP ECS] FromJson - Adding component 'Script' to entity 'SkyZone'
[22:42:20.647] [info] [CPP ECS] FromJson - Adding component 'BoxCollider2D' to entity 'SkyZone'
[22:42:20.647] [info] [SOURCE_DETECTOR] Engine creating Entity (Internal)
[22:42:20.647] [info] [CPP ECS] FromJson - Adding component 'Transform' to entity 'water surface'
[22:42:20.647] [info] [CPP ECS] FromJson - Adding component 'Variables' to entity 'water surface'
[22:42:20.647] [info] [CPP ECS] FromJson - Adding component 'SpriteRenderer' to entity 'water surface'
[22:42:20.648] [info] [SOURCE_DETECTOR] Engine creating Entity (Internal)
[22:42:20.648] [info] [CPP ECS] FromJson - Adding component 'Transform' to entity 'sky'
[22:42:20.648] [info] [CPP ECS] FromJson - Adding component 'Variables' to entity 'sky'
[22:42:20.648] [info] [CPP ECS] FromJson - Adding component 'SpriteRenderer' to entity 'sky'
[22:42:20.648] [info] [SOURCE_DETECTOR] Engine creating Entity (Internal)
[22:42:20.648] [info] [CPP ECS] FromJson - Adding component 'Transform' to entity 'underwater'
[22:42:20.648] [info] [CPP ECS] FromJson - Adding component 'Variables' to entity 'underwater'
[22:42:20.649] [info] [CPP ECS] FromJson - Adding component 'SpriteRenderer' to entity 'underwater'
[22:42:20.649] [info] [SOURCE_DETECTOR] Engine creating Entity (Internal)
[22:42:20.649] [info] [CPP ECS] FromJson - Adding component 'Transform' to entity 'sand'
[22:42:20.649] [info] [CPP ECS] FromJson - Adding component 'Variables' to entity 'sand'
[22:42:20.649] [info] [CPP ECS] FromJson - Adding component 'SpriteRenderer' to entity 'sand'
[22:42:20.649] [info] [SOURCE_DETECTOR] Engine creating Entity (Internal)
[22:42:20.650] [info] [CPP ECS] FromJson - Adding component 'Transform' to entity 'uvChecker'
[22:42:20.650] [info] [CPP ECS] FromJson - Adding component 'Variables' to entity 'uvChecker'
[22:42:20.650] [info] [CPP ECS] FromJson - Adding component 'SpriteRenderer' to entity 'uvChecker'
[22:42:20.650] [info] [SOURCE_DETECTOR] Engine creating Entity (Internal)
[22:42:20.650] [info] [CPP ECS] FromJson - Adding component 'Transform' to entity 'cloudManager'
[22:42:20.650] [info] [CPP ECS] FromJson - Adding component 'Variables' to entity 'cloudManager'
[22:42:20.651] [info] [CPP ECS] FromJson - Adding component 'Script' to entity 'cloudManager'
[22:42:20.651] [info] [SOURCE_DETECTOR] Engine creating Entity (Internal)
[22:42:20.651] [info] [CPP ECS] FromJson - Adding component 'Transform' to entity 'ExpAttractor'
[22:42:20.651] [info] [CPP ECS] FromJson - Adding component 'CircleCollider' to entity 'ExpAttractor'
[22:42:20.651] [info] [CPP ECS] FromJson - Adding component 'Variables' to entity 'ExpAttractor'
[22:42:20.651] [info] [CPP ECS] FromJson - Adding component 'Script' to entity 'ExpAttractor'
[22:42:20.651] [info] [SOURCE_DETECTOR] Engine creating Entity (Internal)
[22:42:20.651] [info] [CPP ECS] FromJson - Adding component 'Transform' to entity 'EpipelagicZone'
[22:42:20.652] [info] [CPP ECS] FromJson - Adding component 'Variables' to entity 'EpipelagicZone'
[22:42:20.652] [info] [CPP ECS] FromJson - Adding component 'BoxCollider2D' to entity 'EpipelagicZone'
[22:42:20.652] [info] [CPP ECS] FromJson - Adding component 'Script' to entity 'EpipelagicZone'
[22:42:20.652] [info] [SOURCE_DETECTOR] Engine creating Entity (Internal)
[22:42:20.652] [info] [CPP ECS] FromJson - Adding component 'Transform' to entity 'MesopelagicZone'
[22:42:20.652] [info] [CPP ECS] FromJson - Adding component 'Variables' to entity 'MesopelagicZone'
[22:42:20.652] [info] [CPP ECS] FromJson - Adding component 'BoxCollider2D' to entity 'MesopelagicZone'
[22:42:20.653] [info] [CPP ECS] FromJson - Adding component 'Script' to entity 'MesopelagicZone'
[22:42:20.653] [info] [SOURCE_DETECTOR] Engine creating Entity (Internal)
[22:42:20.653] [info] [CPP ECS] FromJson - Adding component 'Transform' to entity 'AbyssopelagicZone'
[22:42:20.653] [info] [CPP ECS] FromJson - Adding component 'Variables' to entity 'AbyssopelagicZone'
[22:42:20.653] [info] [CPP ECS] FromJson - Adding component 'BoxCollider2D' to entity 'AbyssopelagicZone'
[22:42:20.653] [info] [CPP ECS] FromJson - Adding component 'Script' to entity 'AbyssopelagicZone'
[22:42:20.653] [info] [SOURCE_DETECTOR] Engine creating Entity (Internal)
[22:42:20.654] [info] [CPP ECS] FromJson - Adding component 'Transform' to entity 'TutorialPhase_Move'
[22:42:20.654] [info] [CPP ECS] FromJson - Adding component 'Variables' to entity 'TutorialPhase_Move'
[22:42:20.654] [info] [CPP ECS] FromJson - Adding component 'Script' to entity 'TutorialPhase_Move'
[22:42:20.654] [info] [SOURCE_DETECTOR] Engine creating Entity (Internal)
[22:42:20.654] [info] [CPP ECS] FromJson - Adding component 'Transform' to entity 'TutorialPhase_Dash'
[22:42:20.654] [info] [CPP ECS] FromJson - Adding component 'Variables' to entity 'TutorialPhase_Dash'
[22:42:20.654] [info] [CPP ECS] FromJson - Adding component 'Script' to entity 'TutorialPhase_Dash'
[22:42:20.655] [info] [SOURCE_DETECTOR] Engine creating Entity (Internal)
[22:42:20.655] [info] [CPP ECS] FromJson - Adding component 'Transform' to entity 'TutorialPhase_Enemy'
[22:42:20.655] [info] [CPP ECS] FromJson - Adding component 'Variables' to entity 'TutorialPhase_Enemy'
[22:42:20.655] [info] [CPP ECS] FromJson - Adding component 'Script' to entity 'TutorialPhase_Enemy'
[22:42:20.655] [info] [SOURCE_DETECTOR] Engine creating Entity (Internal)
[22:42:20.655] [info] [CPP ECS] FromJson - Adding component 'Transform' to entity 'TutorialPhase_Shot'
[22:42:20.655] [info] [CPP ECS] FromJson - Adding component 'Variables' to entity 'TutorialPhase_Shot'
[22:42:20.656] [info] [CPP ECS] FromJson - Adding component 'Script' to entity 'TutorialPhase_Shot'
[22:42:20.656] [info] [SOURCE_DETECTOR] Engine creating Entity (Internal)
[22:42:20.656] [info] [CPP ECS] FromJson - Adding component 'Transform' to entity 'EnemyHuntPhase_1'
[22:42:20.656] [info] [CPP ECS] FromJson - Adding component 'Variables' to entity 'EnemyHuntPhase_1'
[22:42:20.656] [info] [CPP ECS] FromJson - Adding component 'Script' to entity 'EnemyHuntPhase_1'
[22:42:20.656] [info] [SOURCE_DETECTOR] Engine creating Entity (Internal)
[22:42:20.656] [info] [CPP ECS] FromJson - Adding component 'Transform' to entity 'BossBattlePhase_1'
[22:42:20.657] [info] [CPP ECS] FromJson - Adding component 'Variables' to entity 'BossBattlePhase_1'
[22:42:20.657] [info] [CPP ECS] FromJson - Adding component 'Script' to entity 'BossBattlePhase_1'
[22:42:20.657] [info] [SOURCE_DETECTOR] Engine creating Entity (Internal)
[22:42:20.657] [info] [CPP ECS] FromJson - Adding component 'Transform' to entity 'EnemyHuntPhase_2'
[22:42:20.657] [info] [CPP ECS] FromJson - Adding component 'Variables' to entity 'EnemyHuntPhase_2'
[22:42:20.657] [info] [CPP ECS] FromJson - Adding component 'Script' to entity 'EnemyHuntPhase_2'
[22:42:20.657] [info] [SOURCE_DETECTOR] Engine creating Entity (Internal)
[22:42:20.658] [info] [CPP ECS] FromJson - Adding component 'Transform' to entity 'BossBattlePhase_2'
[22:42:20.658] [info] [CPP ECS] FromJson - Adding component 'Variables' to entity 'BossBattlePhase_2'
[22:42:20.658] [info] [CPP ECS] FromJson - Adding component 'Script' to entity 'BossBattlePhase_2'
[22:42:20.658] [info] [SOURCE_DETECTOR] Engine creating Entity (Internal)
[22:42:20.658] [info] [CPP ECS] FromJson - Adding component 'Transform' to entity 'EnemyHuntPhase_3'
[22:42:20.658] [info] [CPP ECS] FromJson - Adding component 'Variables' to entity 'EnemyHuntPhase_3'
[22:42:20.658] [info] [CPP ECS] FromJson - Adding component 'Script' to entity 'EnemyHuntPhase_3'
[22:42:20.659] [info] [SOURCE_DETECTOR] Engine creating Entity (Internal)
[22:42:20.659] [info] [CPP ECS] FromJson - Adding component 'Transform' to entity 'BossBattlePhase_3'
[22:42:20.659] [info] [CPP ECS] FromJson - Adding component 'Variables' to entity 'BossBattlePhase_3'
[22:42:20.659] [info] [CPP ECS] FromJson - Adding component 'Script' to entity 'BossBattlePhase_3'
[22:42:20.659] [info] [SOURCE_DETECTOR] Engine creating Entity (Internal)
[22:42:20.659] [info] [CPP ECS] FromJson - Adding component 'Transform' to entity 'Tortoise'
[22:42:20.659] [info] [CPP ECS] FromJson - Adding component 'Variables' to entity 'Tortoise'
[22:42:20.660] [info] [CPP ECS] FromJson - Adding component 'SpriteRenderer' to entity 'Tortoise'
[22:42:20.660] [info] [CPP ECS] FromJson - Adding component 'Script' to entity 'Tortoise'
[22:42:20.660] [info] [SOURCE_DETECTOR] Engine creating Entity (Internal)
[22:42:20.660] [info] [CPP ECS] FromJson - Adding component 'Transform' to entity 'Tortoise_1'
[22:42:20.660] [info] [CPP ECS] FromJson - Adding component 'Variables' to entity 'Tortoise_1'
[22:42:20.660] [info] [CPP ECS] FromJson - Adding component 'SpriteRenderer' to entity 'Tortoise_1'
[22:42:20.661] [info] [CPP ECS] FromJson - Adding component 'Script' to entity 'Tortoise_1'
[22:42:20.661] [info] [SOURCE_DETECTOR] Engine creating Entity (Internal)
[22:42:20.661] [info] [CPP ECS] FromJson - Adding component 'BGMPlayer' to entity 'BGMPlayer'
[22:42:20.661] [info] [CPP ECS] FromJson - Adding component 'Transform' to entity 'BGMPlayer'
[22:42:20.661] [info] [CPP ECS] FromJson - Adding component 'Variables' to entity 'BGMPlayer'
[22:42:20.662] [info] Successfully synced initial components to C# for group: GameScene
[22:42:20.666] [info] [MonoDbg] AddEntityToScript - Instantiating and adding script: GameSceneController to Entity ID: 1
[22:42:20.666] [info] [SetScriptVars] OK setting fields for: GameSceneController
[22:42:20.666] [info] [MonoDbg] AddEntityToScript - Syncing serialized fields for script: GameSceneController
[22:42:20.666] [info] [SetScriptVars] OK setting fields for: GameSceneController
[22:42:20.667] [info] [MonoDbg] AddEntityToScript - Instantiating and adding script: HitStopSystem to Entity ID: 1
[22:42:20.667] [info] [SetScriptVars] OK setting fields for: HitStopSystem
[22:42:20.667] [info] [MonoDbg] AddEntityToScript - Syncing serialized fields for script: HitStopSystem
[22:42:20.667] [info] [SetScriptVars] OK setting fields for: HitStopSystem
[22:42:20.668] [info] [MonoDbg] AddEntityToScript - Instantiating and adding script: AddSceneScript to Entity ID: 1
[22:42:20.668] [info] [SetScriptVars] OK setting fields for: AddSceneScript
[22:42:20.668] [info] [MonoDbg] AddEntityToScript - Syncing serialized fields for script: AddSceneScript
[22:42:20.668] [info] [SetScriptVars] OK setting fields for: AddSceneScript
[22:42:20.669] [info] [MonoDbg] AddEntityToScript - Instantiating and adding script: ObjectiveSystem to Entity ID: 1
[22:42:20.670] [info] [SetScriptVars] OK setting fields for: ObjectiveSystem
[22:42:20.671] [info] [MonoDbg] AddEntityToScript - Syncing serialized fields for script: ObjectiveSystem
[22:42:20.671] [info] [SetScriptVars] OK setting fields for: ObjectiveSystem
[22:42:20.671] [info] [MonoDbg] AddEntityToScript - Instantiating and adding script: PhaseSpawnActivator to Entity ID: 1
[22:42:20.672] [info] [SetScriptVars] OK setting fields for: PhaseSpawnActivator
[22:42:20.672] [info] [MonoDbg] AddEntityToScript - Syncing serialized fields for script: PhaseSpawnActivator
[22:42:20.672] [info] [SetScriptVars] OK setting fields for: PhaseSpawnActivator
[22:42:20.673] [info] [MonoDbg] AddEntityToScript - Instantiating and adding script: PhaseSkipInput to Entity ID: 1
[22:42:20.674] [info] [SetScriptVars] OK setting fields for: PhaseSkipInput
[22:42:20.675] [info] [MonoDbg] AddEntityToScript - Syncing serialized fields for script: PhaseSkipInput
[22:42:20.675] [info] [SetScriptVars] OK setting fields for: PhaseSkipInput
[22:42:20.676] [info] [MonoDbg] AddEntityToScript - Instantiating and adding script: MovementArea to Entity ID: 2
[22:42:20.676] [info] [SetScriptVars] OK setting fields for: MovementArea
[22:42:20.676] [info] [MonoDbg] AddEntityToScript - Syncing serialized fields for script: MovementArea
[22:42:20.676] [info] [SetScriptVars] OK setting fields for: MovementArea
[22:42:20.677] [info] [MonoDbg] AddEntityToScript - Instantiating and adding script: EnemyHeatMap to Entity ID: 2
[22:42:20.677] [info] [SetScriptVars] OK setting fields for: EnemyHeatMap
[22:42:20.677] [info] [MonoDbg] AddEntityToScript - Syncing serialized fields for script: EnemyHeatMap
[22:42:20.677] [info] [SetScriptVars] OK setting fields for: EnemyHeatMap
[22:42:20.679] [info] [MonoDbg] AddEntityToScript - Instantiating and adding script: PlayerInputComponent to Entity ID: 3
[22:42:20.679] [info] [SetScriptVars] OK setting fields for: PlayerInputComponent
[22:42:20.679] [info] [MonoDbg] AddEntityToScript - Syncing serialized fields for script: PlayerInputComponent
[22:42:20.679] [info] [SetScriptVars] OK setting fields for: PlayerInputComponent
[22:42:20.680] [info] [MonoDbg] AddEntityToScript - Instantiating and adding script: PlayerStateComponent to Entity ID: 3
[22:42:20.680] [info] [SetScriptVars] OK setting fields for: PlayerStateComponent
[22:42:20.681] [info] [MonoDbg] AddEntityToScript - Syncing serialized fields for script: PlayerStateComponent
[22:42:20.681] [info] [SetScriptVars] OK setting fields for: PlayerStateComponent
[22:42:20.682] [info] [MonoDbg] AddEntityToScript - Instantiating and adding script: LevelingComponent to Entity ID: 3
[22:42:20.683] [info] [SetScriptVars] OK setting fields for: LevelingComponent
[22:42:20.683] [info] [MonoDbg] AddEntityToScript - Syncing serialized fields for script: LevelingComponent
[22:42:20.683] [info] [SetScriptVars] OK setting fields for: LevelingComponent
[22:42:20.683] [info] [MonoDbg] AddEntityToScript - Instantiating and adding script: PlayerNormalState to Entity ID: 3
[22:42:20.684] [info] [SetScriptVars] OK setting fields for: PlayerNormalState
[22:42:20.684] [info] [MonoDbg] AddEntityToScript - Syncing serialized fields for script: PlayerNormalState
[22:42:20.684] [info] [SetScriptVars] OK setting fields for: PlayerNormalState
[22:42:20.684] [info] [MonoDbg] AddEntityToScript - Instantiating and adding script: PlayerDashState to Entity ID: 3
[22:42:20.685] [info] [SetScriptVars] OK setting fields for: PlayerDashState
[22:42:20.685] [info] [MonoDbg] AddEntityToScript - Syncing serialized fields for script: PlayerDashState
[22:42:20.685] [info] [SetScriptVars] OK setting fields for: PlayerDashState
[22:42:20.685] [info] [MonoDbg] AddEntityToScript - Instantiating and adding script: DashParticle to Entity ID: 3
[22:42:20.685] [info] [SetScriptVars] OK setting fields for: DashParticle
[22:42:20.686] [info] [MonoDbg] AddEntityToScript - Syncing serialized fields for script: DashParticle
[22:42:20.686] [info] [SetScriptVars] OK setting fields for: DashParticle
[22:42:20.686] [info] [MonoDbg] AddEntityToScript - Instantiating and adding script: PlayerSE to Entity ID: 3
[22:42:20.686] [info] [SetScriptVars] OK setting fields for: PlayerSE
[22:42:20.686] [info] [MonoDbg] AddEntityToScript - Syncing serialized fields for script: PlayerSE
[22:42:20.687] [info] [SetScriptVars] OK setting fields for: PlayerSE
[22:42:20.687] [info] [MonoDbg] AddEntityToScript - Instantiating and adding script: PlayerMoveComponent to Entity ID: 3
[22:42:20.687] [info] [SetScriptVars] OK setting fields for: PlayerMoveComponent
[22:42:20.687] [info] [MonoDbg] AddEntityToScript - Syncing serialized fields for script: PlayerMoveComponent
[22:42:20.687] [info] [SetScriptVars] OK setting fields for: PlayerMoveComponent
[22:42:20.688] [info] [MonoDbg] AddEntityToScript - Instantiating and adding script: PlayerShotComponent to Entity ID: 3
[22:42:20.688] [info] [SetScriptVars] OK setting fields for: PlayerShotComponent
[22:42:20.688] [info] [MonoDbg] AddEntityToScript - Syncing serialized fields for script: PlayerShotComponent
[22:42:20.688] [info] [SetScriptVars] OK setting fields for: PlayerShotComponent
[22:42:20.689] [info] [MonoDbg] AddEntityToScript - Instantiating and adding script: RoeManager to Entity ID: 3
[22:42:20.689] [info] [SetScriptVars] OK setting fields for: RoeManager
[22:42:20.689] [info] [MonoDbg] AddEntityToScript - Syncing serialized fields for script: RoeManager
[22:42:20.689] [info] [SetScriptVars] OK setting fields for: RoeManager
[22:42:20.689] [info] [MonoDbg] AddEntityToScript - Instantiating and adding script: PhaseClearRoeReward to Entity ID: 3
[22:42:20.690] [info] [SetScriptVars] OK setting fields for: PhaseClearRoeReward
[22:42:20.690] [info] [MonoDbg] AddEntityToScript - Syncing serialized fields for script: PhaseClearRoeReward
[22:42:20.690] [info] [SetScriptVars] OK setting fields for: PhaseClearRoeReward
[22:42:20.691] [info] [MonoDbg] AddEntityToScript - Instantiating and adding script: TrailLeader to Entity ID: 3
[22:42:20.691] [info] [SetScriptVars] OK setting fields for: TrailLeader
[22:42:20.691] [info] [MonoDbg] AddEntityToScript - Syncing serialized fields for script: TrailLeader
[22:42:20.691] [info] [SetScriptVars] OK setting fields for: TrailLeader
[22:42:20.691] [info] [MonoDbg] AddEntityToScript - Instantiating and adding script: HP to Entity ID: 3
[22:42:20.692] [info] [SetScriptVars] OK setting fields for: HP
[22:42:20.692] [info] [MonoDbg] AddEntityToScript - Syncing serialized fields for script: HP
[22:42:20.692] [info] [SetScriptVars] OK setting fields for: HP
[22:42:20.692] [info] [MonoDbg] AddEntityToScript - Instantiating and adding script: PlayerLifeComponent to Entity ID: 3
[22:42:20.692] [info] [SetScriptVars] OK setting fields for: PlayerLifeComponent
[22:42:20.693] [info] [MonoDbg] AddEntityToScript - Syncing serialized fields for script: PlayerLifeComponent
[22:42:20.693] [info] [SetScriptVars] OK setting fields for: PlayerLifeComponent
[22:42:20.695] [info] [MonoDbg] AddEntityToScript - Instantiating and adding script: PlayerAttackComponent to Entity ID: 3
[22:42:20.695] [info] [SetScriptVars] OK setting fields for: PlayerAttackComponent
[22:42:20.696] [info] [MonoDbg] AddEntityToScript - Syncing serialized fields for script: PlayerAttackComponent
[22:42:20.696] [info] [SetScriptVars] OK setting fields for: PlayerAttackComponent
[22:42:20.696] [info] [MonoDbg] AddEntityToScript - Instantiating and adding script: AttackCollision to Entity ID: 3
[22:42:20.696] [info] [SetScriptVars] OK setting fields for: AttackCollision
[22:42:20.697] [info] [MonoDbg] AddEntityToScript - Syncing serialized fields for script: AttackCollision
[22:42:20.697] [info] [SetScriptVars] OK setting fields for: AttackCollision
[22:42:20.697] [info] [MonoDbg] AddEntityToScript - Instantiating and adding script: SEOnHit to Entity ID: 3
[22:42:20.697] [info] [SetScriptVars] OK setting fields for: SEOnHit
[22:42:20.697] [info] [MonoDbg] AddEntityToScript - Syncing serialized fields for script: SEOnHit
[22:42:20.698] [info] [SetScriptVars] OK setting fields for: SEOnHit
[22:42:20.698] [info] [MonoDbg] AddEntityToScript - Instantiating and adding script: ShakeOnHit to Entity ID: 3
[22:42:20.698] [info] [SetScriptVars] OK setting fields for: ShakeOnHit
[22:42:20.698] [info] [MonoDbg] AddEntityToScript - Syncing serialized fields for script: ShakeOnHit
[22:42:20.698] [info] [SetScriptVars] OK setting fields for: ShakeOnHit
[22:42:20.699] [info] [MonoDbg] AddEntityToScript - Instantiating and adding script: HitStopOnHit to Entity ID: 3
[22:42:20.699] [info] [SetScriptVars] OK setting fields for: HitStopOnHit
[22:42:20.699] [info] [MonoDbg] AddEntityToScript - Syncing serialized fields for script: HitStopOnHit
[22:42:20.699] [info] [SetScriptVars] OK setting fields for: HitStopOnHit
[22:42:20.700] [info] [MonoDbg] AddEntityToScript - Instantiating and adding script: EffectOnHit to Entity ID: 3
[22:42:20.700] [info] [SetScriptVars] OK setting fields for: EffectOnHit
[22:42:20.700] [info] [MonoDbg] AddEntityToScript - Syncing serialized fields for script: EffectOnHit
[22:42:20.700] [info] [SetScriptVars] OK setting fields for: EffectOnHit
[22:42:20.700] [info] [MonoDbg] AddEntityToScript - Instantiating and adding script: HitStopSystem to Entity ID: 3
[22:42:20.700] [info] [SetScriptVars] OK setting fields for: HitStopSystem
[22:42:20.701] [info] [MonoDbg] AddEntityToScript - Syncing serialized fields for script: HitStopSystem
[22:42:20.701] [info] [SetScriptVars] OK setting fields for: HitStopSystem
[22:42:20.701] [info] [MonoDbg] AddEntityToScript - Instantiating and adding script: ShakeOnDamaged to Entity ID: 3
[22:42:20.701] [info] [SetScriptVars] OK setting fields for: ShakeOnDamaged
[22:42:20.701] [info] [MonoDbg] AddEntityToScript - Syncing serialized fields for script: ShakeOnDamaged
[22:42:20.702] [info] [SetScriptVars] OK setting fields for: ShakeOnDamaged
[22:42:20.704] [info] [MonoDbg] AddEntityToScript - Instantiating and adding script: DamageFeedback to Entity ID: 3
[22:42:20.704] [info] [SetScriptVars] OK setting fields for: DamageFeedback
[22:42:20.704] [info] [MonoDbg] AddEntityToScript - Syncing serialized fields for script: DamageFeedback
[22:42:20.704] [info] [SetScriptVars] OK setting fields for: DamageFeedback
[22:42:20.705] [info] [MonoDbg] AddEntityToScript - Instantiating and adding script: MovementAreaClamper to Entity ID: 3
[22:42:20.705] [info] [SetScriptVars] OK setting fields for: MovementAreaClamper
[22:42:20.705] [info] [MonoDbg] AddEntityToScript - Syncing serialized fields for script: MovementAreaClamper
[22:42:20.705] [info] [SetScriptVars] OK setting fields for: MovementAreaClamper
[22:42:20.706] [info] [MonoDbg] AddEntityToScript - Instantiating and adding script: TrailFollower to Entity ID: 4
[22:42:20.706] [info] [SetScriptVars] OK setting fields for: TrailFollower
[22:42:20.706] [info] [MonoDbg] AddEntityToScript - Syncing serialized fields for script: TrailFollower
[22:42:20.706] [info] [SetScriptVars] OK setting fields for: TrailFollower
[22:42:20.707] [info] [MonoDbg] AddEntityToScript - Instantiating and adding script: DamageRelay to Entity ID: 4
[22:42:20.707] [info] [SetScriptVars] OK setting fields for: DamageRelay
[22:42:20.707] [info] [MonoDbg] AddEntityToScript - Syncing serialized fields for script: DamageRelay
[22:42:20.707] [info] [SetScriptVars] OK setting fields for: DamageRelay
[22:42:20.707] [info] [MonoDbg] AddEntityToScript - Instantiating and adding script: TrailFollower to Entity ID: 5
[22:42:20.708] [info] [SetScriptVars] OK setting fields for: TrailFollower
[22:42:20.708] [info] [MonoDbg] AddEntityToScript - Syncing serialized fields for script: TrailFollower
[22:42:20.708] [info] [SetScriptVars] OK setting fields for: TrailFollower
[22:42:20.708] [info] [MonoDbg] AddEntityToScript - Instantiating and adding script: DamageRelay to Entity ID: 5
[22:42:20.708] [info] [SetScriptVars] OK setting fields for: DamageRelay
[22:42:20.708] [info] [MonoDbg] AddEntityToScript - Syncing serialized fields for script: DamageRelay
[22:42:20.709] [info] [SetScriptVars] OK setting fields for: DamageRelay
[22:42:20.709] [info] [MonoDbg] AddEntityToScript - Instantiating and adding script: TrailLeader to Entity ID: 5
[22:42:20.709] [info] [SetScriptVars] OK setting fields for: TrailLeader
[22:42:20.709] [info] [MonoDbg] AddEntityToScript - Syncing serialized fields for script: TrailLeader
[22:42:20.709] [info] [SetScriptVars] OK setting fields for: TrailLeader
[22:42:20.709] [info] [MonoDbg] AddEntityToScript - Instantiating and adding script: PlayerFollowCamera to Entity ID: 6
[22:42:20.710] [info] [SetScriptVars] OK setting fields for: PlayerFollowCamera
[22:42:20.710] [info] [MonoDbg] AddEntityToScript - Syncing serialized fields for script: PlayerFollowCamera
[22:42:20.710] [info] [SetScriptVars] OK setting fields for: PlayerFollowCamera
[22:42:20.710] [info] [MonoDbg] AddEntityToScript - Instantiating and adding script: ContactZoomSource to Entity ID: 6
[22:42:20.710] [info] [SetScriptVars] OK setting fields for: ContactZoomSource
[22:42:20.711] [info] [MonoDbg] AddEntityToScript - Syncing serialized fields for script: ContactZoomSource
[22:42:20.711] [info] [SetScriptVars] OK setting fields for: ContactZoomSource
[22:42:20.711] [info] [MonoDbg] AddEntityToScript - Instantiating and adding script: DashZoomSource to Entity ID: 6
[22:42:20.711] [info] [SetScriptVars] OK setting fields for: DashZoomSource
[22:42:20.711] [info] [MonoDbg] AddEntityToScript - Syncing serialized fields for script: DashZoomSource
[22:42:20.711] [info] [SetScriptVars] OK setting fields for: DashZoomSource
[22:42:20.712] [info] [MonoDbg] AddEntityToScript - Instantiating and adding script: CameraShake to Entity ID: 6
[22:42:20.712] [info] [SetScriptVars] OK setting fields for: CameraShake
[22:42:20.712] [info] [MonoDbg] AddEntityToScript - Syncing serialized fields for script: CameraShake
[22:42:20.712] [info] [SetScriptVars] OK setting fields for: CameraShake
[22:42:20.712] [info] [MonoDbg] AddEntityToScript - Instantiating and adding script: TrailFollower to Entity ID: 8
[22:42:20.712] [info] [SetScriptVars] OK setting fields for: TrailFollower
[22:42:20.713] [info] [MonoDbg] AddEntityToScript - Syncing serialized fields for script: TrailFollower
[22:42:20.713] [info] [SetScriptVars] OK setting fields for: TrailFollower
[22:42:20.714] [info] [MonoDbg] AddEntityToScript - Instantiating and adding script: SpawnAreaFollower to Entity ID: 8
[22:42:20.714] [info] [SetScriptVars] OK setting fields for: SpawnAreaFollower
[22:42:20.714] [info] [MonoDbg] AddEntityToScript - Syncing serialized fields for script: SpawnAreaFollower
[22:42:20.714] [info] [SetScriptVars] OK setting fields for: SpawnAreaFollower
[22:42:20.714] [info] [MonoDbg] AddEntityToScript - Instantiating and adding script: MovementAreaClamper to Entity ID: 8
[22:42:20.715] [info] [SetScriptVars] OK setting fields for: MovementAreaClamper
[22:42:20.715] [info] [MonoDbg] AddEntityToScript - Syncing serialized fields for script: MovementAreaClamper
[22:42:20.715] [info] [SetScriptVars] OK setting fields for: MovementAreaClamper
[22:42:20.717] [info] [MonoDbg] AddEntityToScript - Instantiating and adding script: EnemySpawnSystem to Entity ID: 8
[22:42:20.718] [info] [SetScriptVars] OK setting fields for: EnemySpawnSystem
[22:42:20.718] [info] [MonoDbg] AddEntityToScript - Syncing serialized fields for script: EnemySpawnSystem
[22:42:20.718] [info] [SetScriptVars] OK setting fields for: EnemySpawnSystem
[22:42:20.719] [info] [MonoDbg] AddEntityToScript - Instantiating and adding script: BiomeArea to Entity ID: 9
[22:42:20.720] [info] [SetScriptVars] OK setting fields for: BiomeArea
[22:42:20.720] [info] [MonoDbg] AddEntityToScript - Syncing serialized fields for script: BiomeArea
[22:42:20.720] [info] [SetScriptVars] OK setting fields for: BiomeArea
[22:42:20.720] [info] [MonoDbg] AddEntityToScript - Instantiating and adding script: MovementArea to Entity ID: 9
[22:42:20.720] [info] [SetScriptVars] OK setting fields for: MovementArea
[22:42:20.720] [info] [MonoDbg] AddEntityToScript - Syncing serialized fields for script: MovementArea
[22:42:20.720] [info] [SetScriptVars] OK setting fields for: MovementArea
[22:42:20.721] [info] [MonoDbg] AddEntityToScript - Instantiating and adding script: CloudManager to Entity ID: 15
[22:42:20.721] [info] [SetScriptVars] OK setting fields for: CloudManager
[22:42:20.721] [info] [MonoDbg] AddEntityToScript - Syncing serialized fields for script: CloudManager
[22:42:20.721] [info] [SetScriptVars] OK setting fields for: CloudManager
[22:42:20.722] [info] [MonoDbg] AddEntityToScript - Instantiating and adding script: Attractor to Entity ID: 16
[22:42:20.722] [info] [SetScriptVars] OK setting fields for: Attractor
[22:42:20.722] [info] [MonoDbg] AddEntityToScript - Syncing serialized fields for script: Attractor
[22:42:20.723] [info] [SetScriptVars] OK setting fields for: Attractor
[22:42:20.723] [info] [MonoDbg] AddEntityToScript - Instantiating and adding script: BiomeArea to Entity ID: 17
[22:42:20.723] [info] [SetScriptVars] OK setting fields for: BiomeArea
[22:42:20.723] [info] [MonoDbg] AddEntityToScript - Syncing serialized fields for script: BiomeArea
[22:42:20.723] [info] [SetScriptVars] OK setting fields for: BiomeArea
[22:42:20.723] [info] [MonoDbg] AddEntityToScript - Instantiating and adding script: MovementArea to Entity ID: 17
[22:42:20.724] [info] [SetScriptVars] OK setting fields for: MovementArea
[22:42:20.724] [info] [MonoDbg] AddEntityToScript - Syncing serialized fields for script: MovementArea
[22:42:20.724] [info] [SetScriptVars] OK setting fields for: MovementArea
[22:42:20.724] [info] [MonoDbg] AddEntityToScript - Instantiating and adding script: BiomeArea to Entity ID: 18
[22:42:20.724] [info] [SetScriptVars] OK setting fields for: BiomeArea
[22:42:20.725] [info] [MonoDbg] AddEntityToScript - Syncing serialized fields for script: BiomeArea
[22:42:20.725] [info] [SetScriptVars] OK setting fields for: BiomeArea
[22:42:20.725] [info] [MonoDbg] AddEntityToScript - Instantiating and adding script: MovementArea to Entity ID: 18
[22:42:20.725] [info] [SetScriptVars] OK setting fields for: MovementArea
[22:42:20.725] [info] [MonoDbg] AddEntityToScript - Syncing serialized fields for script: MovementArea
[22:42:20.725] [info] [SetScriptVars] OK setting fields for: MovementArea
[22:42:20.726] [info] [MonoDbg] AddEntityToScript - Instantiating and adding script: BiomeArea to Entity ID: 19
[22:42:20.726] [info] [SetScriptVars] OK setting fields for: BiomeArea
[22:42:20.726] [info] [MonoDbg] AddEntityToScript - Syncing serialized fields for script: BiomeArea
[22:42:20.726] [info] [SetScriptVars] OK setting fields for: BiomeArea
[22:42:20.726] [info] [MonoDbg] AddEntityToScript - Instantiating and adding script: MovementArea to Entity ID: 19
[22:42:20.726] [info] [SetScriptVars] OK setting fields for: MovementArea
[22:42:20.727] [info] [MonoDbg] AddEntityToScript - Syncing serialized fields for script: MovementArea
[22:42:20.727] [info] [SetScriptVars] OK setting fields for: MovementArea
[22:42:20.727] [info] [MonoDbg] AddEntityToScript - Instantiating and adding script: MoveObjective to Entity ID: 20
[22:42:20.728] [info] [SetScriptVars] OK setting fields for: MoveObjective
[22:42:20.728] [info] [MonoDbg] AddEntityToScript - Syncing serialized fields for script: MoveObjective
[22:42:20.728] [info] [SetScriptVars] OK setting fields for: MoveObjective
[22:42:20.728] [info] [MonoDbg] AddEntityToScript - Instantiating and adding script: DashCountObjective to Entity ID: 21
[22:42:20.729] [info] [SetScriptVars] OK setting fields for: DashCountObjective
[22:42:20.729] [info] [MonoDbg] AddEntityToScript - Syncing serialized fields for script: DashCountObjective
[22:42:20.729] [info] [SetScriptVars] OK setting fields for: DashCountObjective
[22:42:20.729] [info] [MonoDbg] AddEntityToScript - Instantiating and adding script: KillCountObjective to Entity ID: 22
[22:42:20.729] [info] [SetScriptVars] OK setting fields for: KillCountObjective
[22:42:20.729] [info] [MonoDbg] AddEntityToScript - Syncing serialized fields for script: KillCountObjective
[22:42:20.730] [info] [SetScriptVars] OK setting fields for: KillCountObjective
[22:42:20.730] [info] [MonoDbg] AddEntityToScript - Instantiating and adding script: SpawnOnPhaseBegan to Entity ID: 22
[22:42:20.730] [info] [SetScriptVars] OK setting fields for: SpawnOnPhaseBegan
[22:42:20.730] [info] [MonoDbg] AddEntityToScript - Syncing serialized fields for script: SpawnOnPhaseBegan
[22:42:20.731] [info] [SetScriptVars] OK setting fields for: SpawnOnPhaseBegan
[22:42:20.731] [info] [MonoDbg] AddEntityToScript - Instantiating and adding script: ShotObjective to Entity ID: 23
[22:42:20.731] [info] [SetScriptVars] OK setting fields for: ShotObjective
[22:42:20.731] [info] [MonoDbg] AddEntityToScript - Syncing serialized fields for script: ShotObjective
[22:42:20.731] [info] [SetScriptVars] OK setting fields for: ShotObjective
[22:42:20.732] [info] [MonoDbg] AddEntityToScript - Instantiating and adding script: KillCountObjective to Entity ID: 24
[22:42:20.732] [info] [SetScriptVars] OK setting fields for: KillCountObjective
[22:42:20.732] [info] [MonoDbg] AddEntityToScript - Syncing serialized fields for script: KillCountObjective
[22:42:20.732] [info] [SetScriptVars] OK setting fields for: KillCountObjective
[22:42:20.732] [info] [MonoDbg] AddEntityToScript - Instantiating and adding script: KillCountObjective to Entity ID: 25
[22:42:20.732] [info] [SetScriptVars] OK setting fields for: KillCountObjective
[22:42:20.732] [info] [MonoDbg] AddEntityToScript - Syncing serialized fields for script: KillCountObjective
[22:42:20.733] [info] [SetScriptVars] OK setting fields for: KillCountObjective
[22:42:20.733] [info] [MonoDbg] AddEntityToScript - Instantiating and adding script: SpawnOnPhaseBegan to Entity ID: 25
[22:42:20.733] [info] [SetScriptVars] OK setting fields for: SpawnOnPhaseBegan
[22:42:20.733] [info] [MonoDbg] AddEntityToScript - Syncing serialized fields for script: SpawnOnPhaseBegan
[22:42:20.733] [info] [SetScriptVars] OK setting fields for: SpawnOnPhaseBegan
[22:42:20.734] [info] [MonoDbg] AddEntityToScript - Instantiating and adding script: KillCountObjective to Entity ID: 26
[22:42:20.734] [info] [SetScriptVars] OK setting fields for: KillCountObjective
[22:42:20.734] [info] [MonoDbg] AddEntityToScript - Syncing serialized fields for script: KillCountObjective
[22:42:20.734] [info] [SetScriptVars] OK setting fields for: KillCountObjective
[22:42:20.734] [info] [MonoDbg] AddEntityToScript - Instantiating and adding script: KillCountObjective to Entity ID: 27
[22:42:20.734] [info] [SetScriptVars] OK setting fields for: KillCountObjective
[22:42:20.734] [info] [MonoDbg] AddEntityToScript - Syncing serialized fields for script: KillCountObjective
[22:42:20.735] [info] [SetScriptVars] OK setting fields for: KillCountObjective
[22:42:20.735] [info] [MonoDbg] AddEntityToScript - Instantiating and adding script: SpawnOnPhaseBegan to Entity ID: 27
[22:42:20.735] [info] [SetScriptVars] OK setting fields for: SpawnOnPhaseBegan
[22:42:20.735] [info] [MonoDbg] AddEntityToScript - Syncing serialized fields for script: SpawnOnPhaseBegan
[22:42:20.735] [info] [SetScriptVars] OK setting fields for: SpawnOnPhaseBegan
[22:42:20.735] [info] [MonoDbg] AddEntityToScript - Instantiating and adding script: KillCountObjective to Entity ID: 28
[22:42:20.736] [info] [SetScriptVars] OK setting fields for: KillCountObjective
[22:42:20.736] [info] [MonoDbg] AddEntityToScript - Syncing serialized fields for script: KillCountObjective
[22:42:20.736] [info] [SetScriptVars] OK setting fields for: KillCountObjective
[22:42:20.736] [info] [MonoDbg] AddEntityToScript - Instantiating and adding script: KillCountObjective to Entity ID: 29
[22:42:20.736] [info] [SetScriptVars] OK setting fields for: KillCountObjective
[22:42:20.736] [info] [MonoDbg] AddEntityToScript - Syncing serialized fields for script: KillCountObjective
[22:42:20.737] [info] [SetScriptVars] OK setting fields for: KillCountObjective
[22:42:20.737] [info] [MonoDbg] AddEntityToScript - Instantiating and adding script: SpawnOnPhaseBegan to Entity ID: 29
[22:42:20.737] [info] [SetScriptVars] OK setting fields for: SpawnOnPhaseBegan
[22:42:20.737] [info] [MonoDbg] AddEntityToScript - Syncing serialized fields for script: SpawnOnPhaseBegan
[22:42:20.737] [info] [SetScriptVars] OK setting fields for: SpawnOnPhaseBegan
[22:42:20.737] [info] [MonoDbg] AddEntityToScript - Instantiating and adding script: SpriteAnimation to Entity ID: 30
[22:42:20.738] [info] [SetScriptVars] OK setting fields for: SpriteAnimation
[22:42:20.738] [info] [MonoDbg] AddEntityToScript - Syncing serialized fields for script: SpriteAnimation
[22:42:20.738] [info] [SetScriptVars] OK setting fields for: SpriteAnimation
[22:42:20.738] [info] [MonoDbg] AddEntityToScript - Instantiating and adding script: SpriteAnimation to Entity ID: 31
[22:42:20.738] [info] [SetScriptVars] OK setting fields for: SpriteAnimation
[22:42:20.738] [info] [MonoDbg] AddEntityToScript - Syncing serialized fields for script: SpriteAnimation
[22:42:20.738] [info] [SetScriptVars] OK setting fields for: SpriteAnimation
[22:42:21.291] [info] [SOURCE_DETECTOR] C# requested CreateEntity: Prefab = Roe
[22:42:21.291] [info] [SOURCE_DETECTOR] Engine creating Entity (Internal)
[22:42:21.291] [info] [CPP ECS] FromJson - Adding component 'Transform' to entity 'Roe'
[22:42:21.292] [info] [CPP ECS] FromJson - Adding component 'Variables' to entity 'Roe'
[22:42:21.292] [info] [CPP ECS] FromJson - Adding component 'Script' to entity 'Roe'
[22:42:21.292] [info] [CPP ECS] FromJson - Adding component 'SpriteRenderer' to entity 'Roe'
[22:42:21.293] [info] [SOURCE_DETECTOR] C# requested CreateEntity: Prefab = Roe
[22:42:21.293] [info] [SOURCE_DETECTOR] Engine creating Entity (Internal)
[22:42:21.293] [info] [CPP ECS] FromJson - Adding component 'Transform' to entity 'Roe'
[22:42:21.293] [info] [CPP ECS] FromJson - Adding component 'Variables' to entity 'Roe'
[22:42:21.294] [info] [CPP ECS] FromJson - Adding component 'Script' to entity 'Roe'
[22:42:21.294] [info] [CPP ECS] FromJson - Adding component 'SpriteRenderer' to entity 'Roe'
[22:42:21.294] [info] [SOURCE_DETECTOR] C# requested CreateEntity: Prefab = Roe
[22:42:21.294] [info] [SOURCE_DETECTOR] Engine creating Entity (Internal)
[22:42:21.294] [info] [CPP ECS] FromJson - Adding component 'Transform' to entity 'Roe'
[22:42:21.295] [info] [CPP ECS] FromJson - Adding component 'Variables' to entity 'Roe'
[22:42:21.295] [info] [CPP ECS] FromJson - Adding component 'Script' to entity 'Roe'
[22:42:21.295] [info] [CPP ECS] FromJson - Adding component 'SpriteRenderer' to entity 'Roe'
[22:42:21.296] [info] Script TrailFollower found for Entity ID: -1
[22:42:21.305] [info] [SetScriptVars] OK setting fields for: TrailFollower
[22:42:21.305] [info] Script TrailFollower found for Entity ID: -2
[22:42:21.306] [info] [SetScriptVars] OK setting fields for: TrailFollower
[22:42:21.306] [info] Script TrailFollower found for Entity ID: -3
[22:42:21.306] [info] [SetScriptVars] OK setting fields for: TrailFollower
[22:42:21.327] [info] [RenderingCollection] IsEnableCamera: Camera ViewProjection is not ready
[22:42:21.328] [warning] [RenderingFramework] Skipping group: GameScene (Camera is Projection Failed)
[22:42:21.428] [info] [SOURCE_DETECTOR] Engine creating Entity (Internal)
[22:42:21.429] [info] [CPP ECS] FromJson - Adding component 'CameraComponent' to entity 'Camera'
[22:42:21.429] [info] [CPP ECS] FromJson - Adding component 'Transform' to entity 'Camera'
[22:42:21.429] [info] [CPP ECS] FromJson - Adding component 'Variables' to entity 'Camera'
[22:42:21.429] [info] [SOURCE_DETECTOR] Engine creating Entity (Internal)
[22:42:21.429] [info] [CPP ECS] FromJson - Adding component 'Transform' to entity 'SideBB'
[22:42:21.429] [info] [CPP ECS] FromJson - Adding component 'Variables' to entity 'SideBB'
[22:42:21.429] [info] [SOURCE_DETECTOR] Engine creating Entity (Internal)
[22:42:21.429] [info] [CPP ECS] FromJson - Adding component 'Transform' to entity 'RightUIRoot'
[22:42:21.430] [info] [CPP ECS] FromJson - Adding component 'Variables' to entity 'RightUIRoot'
[22:42:21.430] [info] [SOURCE_DETECTOR] Engine creating Entity (Internal)
[22:42:21.430] [info] [CPP ECS] FromJson - Adding component 'Transform' to entity 'ProgressUI'
[22:42:21.430] [info] [CPP ECS] FromJson - Adding component 'Variables' to entity 'ProgressUI'
[22:42:21.430] [info] [CPP ECS] FromJson - Adding component 'Script' to entity 'ProgressUI'
[22:42:21.430] [info] [CPP ECS] FromJson - Adding component 'TextRenderer' to entity 'ProgressUI'
[22:42:21.430] [info] [SOURCE_DETECTOR] Engine creating Entity (Internal)
[22:42:21.430] [info] [CPP ECS] FromJson - Adding component 'Transform' to entity 'ProgressUI_1'
[22:42:21.431] [info] [CPP ECS] FromJson - Adding component 'Variables' to entity 'ProgressUI_1'
[22:42:21.431] [info] [CPP ECS] FromJson - Adding component 'Script' to entity 'ProgressUI_1'
[22:42:21.431] [info] [CPP ECS] FromJson - Adding component 'SpriteRenderer' to entity 'ProgressUI_1'
[22:42:21.431] [info] [SOURCE_DETECTOR] Engine creating Entity (Internal)
[22:42:21.431] [info] [CPP ECS] FromJson - Adding component 'Transform' to entity 'BlackBelt'
[22:42:21.431] [info] [CPP ECS] FromJson - Adding component 'Variables' to entity 'BlackBelt'
[22:42:21.431] [info] [CPP ECS] FromJson - Adding component 'SpriteRenderer' to entity 'BlackBelt'
[22:42:21.431] [info] [SOURCE_DETECTOR] Engine creating Entity (Internal)
[22:42:21.432] [info] [CPP ECS] FromJson - Adding component 'Transform' to entity 'TutorialSkipButtonUI'
[22:42:21.432] [info] [CPP ECS] FromJson - Adding component 'Variables' to entity 'TutorialSkipButtonUI'
[22:42:21.432] [info] [CPP ECS] FromJson - Adding component 'Script' to entity 'TutorialSkipButtonUI'
[22:42:21.432] [info] [SOURCE_DETECTOR] Engine creating Entity (Internal)
[22:42:21.432] [info] [CPP ECS] FromJson - Adding component 'Transform' to entity 'TutorialSkipButtonGauge'
[22:42:21.432] [info] [CPP ECS] FromJson - Adding component 'Variables' to entity 'TutorialSkipButtonGauge'
[22:42:21.433] [info] [CPP ECS] FromJson - Adding component 'Script' to entity 'TutorialSkipButtonGauge'
[22:42:21.433] [info] [CPP ECS] FromJson - Adding component 'SpriteRenderer' to entity 'TutorialSkipButtonGauge'
[22:42:21.433] [info] [SOURCE_DETECTOR] Engine creating Entity (Internal)
[22:42:21.433] [info] [CPP ECS] FromJson - Adding component 'Transform' to entity 'BlackBelt_1'
[22:42:21.433] [info] [CPP ECS] FromJson - Adding component 'Variables' to entity 'BlackBelt_1'
[22:42:21.433] [info] [CPP ECS] FromJson - Adding component 'SpriteRenderer' to entity 'BlackBelt_1'
[22:42:21.433] [info] [SOURCE_DETECTOR] Engine creating Entity (Internal)
[22:42:21.434] [info] [CPP ECS] FromJson - Adding component 'Transform' to entity 'ProgressLabelTutorial'
[22:42:21.434] [info] [CPP ECS] FromJson - Adding component 'Variables' to entity 'ProgressLabelTutorial'
[22:42:21.434] [info] [CPP ECS] FromJson - Adding component 'Script' to entity 'ProgressLabelTutorial'
[22:42:21.434] [info] [CPP ECS] FromJson - Adding component 'TextRenderer' to entity 'ProgressLabelTutorial'
[22:42:21.434] [info] [SOURCE_DETECTOR] Engine creating Entity (Internal)
[22:42:21.435] [info] [CPP ECS] FromJson - Adding component 'Transform' to entity 'MovingTutorial'
[22:42:21.435] [info] [CPP ECS] FromJson - Adding component 'Variables' to entity 'MovingTutorial'
[22:42:21.435] [info] [CPP ECS] FromJson - Adding component 'Script' to entity 'MovingTutorial'
[22:42:21.435] [info] [CPP ECS] FromJson - Adding component 'TextRenderer' to entity 'MovingTutorial'
[22:42:21.435] [info] [SOURCE_DETECTOR] Engine creating Entity (Internal)
[22:42:21.436] [info] [CPP ECS] FromJson - Adding component 'Transform' to entity 'DashTutorial'
[22:42:21.436] [info] [CPP ECS] FromJson - Adding component 'Variables' to entity 'DashTutorial'
[22:42:21.436] [info] [CPP ECS] FromJson - Adding component 'Script' to entity 'DashTutorial'
[22:42:21.436] [info] [CPP ECS] FromJson - Adding component 'TextRenderer' to entity 'DashTutorial'
[22:42:21.436] [info] [SOURCE_DETECTOR] Engine creating Entity (Internal)
[22:42:21.436] [info] [CPP ECS] FromJson - Adding component 'Transform' to entity 'EnemyTutorial'
[22:42:21.436] [info] [CPP ECS] FromJson - Adding component 'Variables' to entity 'EnemyTutorial'
[22:42:21.436] [info] [CPP ECS] FromJson - Adding component 'Script' to entity 'EnemyTutorial'
[22:42:21.437] [info] [CPP ECS] FromJson - Adding component 'TextRenderer' to entity 'EnemyTutorial'
[22:42:21.437] [info] [SOURCE_DETECTOR] Engine creating Entity (Internal)
[22:42:21.437] [info] [CPP ECS] FromJson - Adding component 'Transform' to entity 'ShotTutorial'
[22:42:21.437] [info] [CPP ECS] FromJson - Adding component 'Variables' to entity 'ShotTutorial'
[22:42:21.437] [info] [CPP ECS] FromJson - Adding component 'Script' to entity 'ShotTutorial'
[22:42:21.437] [info] [CPP ECS] FromJson - Adding component 'TextRenderer' to entity 'ShotTutorial'
[22:42:21.437] [info] [SOURCE_DETECTOR] Engine creating Entity (Internal)
[22:42:21.438] [info] [CPP ECS] FromJson - Adding component 'Transform' to entity 'ProgressLabelHunt'
[22:42:21.438] [info] [CPP ECS] FromJson - Adding component 'Variables' to entity 'ProgressLabelHunt'
[22:42:21.438] [info] [CPP ECS] FromJson - Adding component 'Script' to entity 'ProgressLabelHunt'
[22:42:21.438] [info] [CPP ECS] FromJson - Adding component 'TextRenderer' to entity 'ProgressLabelHunt'
[22:42:21.438] [info] [SOURCE_DETECTOR] Engine creating Entity (Internal)
[22:42:21.438] [info] [CPP ECS] FromJson - Adding component 'Transform' to entity 'BossBattlePhase_1'
[22:42:21.438] [info] [CPP ECS] FromJson - Adding component 'Variables' to entity 'BossBattlePhase_1'
[22:42:21.438] [info] [CPP ECS] FromJson - Adding component 'Script' to entity 'BossBattlePhase_1'
[22:42:21.439] [info] [CPP ECS] FromJson - Adding component 'TextRenderer' to entity 'BossBattlePhase_1'
[22:42:21.439] [info] [SOURCE_DETECTOR] Engine creating Entity (Internal)
[22:42:21.439] [info] [CPP ECS] FromJson - Adding component 'Transform' to entity 'BossBattlePhase_2'
[22:42:21.439] [info] [CPP ECS] FromJson - Adding component 'Variables' to entity 'BossBattlePhase_2'
[22:42:21.439] [info] [CPP ECS] FromJson - Adding component 'Script' to entity 'BossBattlePhase_2'
[22:42:21.439] [info] [CPP ECS] FromJson - Adding component 'TextRenderer' to entity 'BossBattlePhase_2'
[22:42:21.439] [info] [SOURCE_DETECTOR] Engine creating Entity (Internal)
[22:42:21.440] [info] [CPP ECS] FromJson - Adding component 'Transform' to entity 'BossBattlePhase_3'
[22:42:21.440] [info] [CPP ECS] FromJson - Adding component 'Variables' to entity 'BossBattlePhase_3'
[22:42:21.440] [info] [CPP ECS] FromJson - Adding component 'Script' to entity 'BossBattlePhase_3'
[22:42:21.440] [info] [CPP ECS] FromJson - Adding component 'TextRenderer' to entity 'BossBattlePhase_3'
[22:42:21.440] [info] [SOURCE_DETECTOR] Engine creating Entity (Internal)
[22:42:21.440] [info] [CPP ECS] FromJson - Adding component 'Transform' to entity 'GamePhase'
[22:42:21.440] [info] [CPP ECS] FromJson - Adding component 'Variables' to entity 'GamePhase'
[22:42:21.440] [info] [SOURCE_DETECTOR] Engine creating Entity (Internal)
[22:42:21.441] [info] [CPP ECS] FromJson - Adding component 'Transform' to entity 'InputUI'
[22:42:21.441] [info] [CPP ECS] FromJson - Adding component 'Variables' to entity 'InputUI'
[22:42:21.441] [info] [CPP ECS] FromJson - Adding component 'Script' to entity 'InputUI'
[22:42:21.441] [info] [SOURCE_DETECTOR] Engine creating Entity (Internal)
[22:42:21.441] [info] [CPP ECS] FromJson - Adding component 'Transform' to entity 'KeyboardUIRoot'
[22:42:21.441] [info] [CPP ECS] FromJson - Adding component 'Variables' to entity 'KeyboardUIRoot'
[22:42:21.441] [info] [CPP ECS] FromJson - Adding component 'Transform' to entity 'KeyboardUIRoot'
[22:42:21.441] [info] [SOURCE_DETECTOR] Engine creating Entity (Internal)
[22:42:21.442] [info] [CPP ECS] FromJson - Adding component 'Transform' to entity 'Frame'
[22:42:21.442] [info] [CPP ECS] FromJson - Adding component 'Variables' to entity 'Frame'
[22:42:21.442] [info] [CPP ECS] FromJson - Adding component 'SpriteRenderer' to entity 'Frame'
[22:42:21.442] [info] [SOURCE_DETECTOR] Engine creating Entity (Internal)
[22:42:21.442] [info] [CPP ECS] FromJson - Adding component 'Transform' to entity 'Buttons'
[22:42:21.442] [info] [CPP ECS] FromJson - Adding component 'Variables' to entity 'Buttons'
[22:42:21.442] [info] [SOURCE_DETECTOR] Engine creating Entity (Internal)
[22:42:21.442] [info] [CPP ECS] FromJson - Adding component 'Transform' to entity 'WASD'
[22:42:21.443] [info] [CPP ECS] FromJson - Adding component 'Variables' to entity 'WASD'
[22:42:21.443] [info] [CPP ECS] FromJson - Adding component 'SpriteRenderer' to entity 'WASD'
[22:42:21.443] [info] [CPP ECS] FromJson - Adding component 'Script' to entity 'WASD'
[22:42:21.443] [info] [SOURCE_DETECTOR] Engine creating Entity (Internal)
[22:42:21.443] [info] [CPP ECS] FromJson - Adding component 'Transform' to entity 'Shift'
[22:42:21.443] [info] [CPP ECS] FromJson - Adding component 'Variables' to entity 'Shift'
[22:42:21.443] [info] [CPP ECS] FromJson - Adding component 'SpriteRenderer' to entity 'Shift'
[22:42:21.444] [info] [CPP ECS] FromJson - Adding component 'Script' to entity 'Shift'
[22:42:21.444] [info] [SOURCE_DETECTOR] Engine creating Entity (Internal)
[22:42:21.444] [info] [CPP ECS] FromJson - Adding component 'Transform' to entity 'Space'
[22:42:21.444] [info] [CPP ECS] FromJson - Adding component 'Variables' to entity 'Space'
[22:42:21.444] [info] [CPP ECS] FromJson - Adding component 'SpriteRenderer' to entity 'Space'
[22:42:21.444] [info] [CPP ECS] FromJson - Adding component 'Script' to entity 'Space'
[22:42:21.444] [info] [SOURCE_DETECTOR] Engine creating Entity (Internal)
[22:42:21.444] [info] [CPP ECS] FromJson - Adding component 'Transform' to entity 'GamepadUIRoot'
[22:42:21.445] [info] [CPP ECS] FromJson - Adding component 'Variables' to entity 'GamepadUIRoot'
[22:42:21.445] [info] [CPP ECS] FromJson - Adding component 'Transform' to entity 'GamepadUIRoot'
[22:42:21.445] [info] [SOURCE_DETECTOR] Engine creating Entity (Internal)
[22:42:21.445] [info] [CPP ECS] FromJson - Adding component 'Transform' to entity 'Frame'
[22:42:21.445] [info] [CPP ECS] FromJson - Adding component 'Variables' to entity 'Frame'
[22:42:21.445] [info] [CPP ECS] FromJson - Adding component 'SpriteRenderer' to entity 'Frame'
[22:42:21.445] [info] [SOURCE_DETECTOR] Engine creating Entity (Internal)
[22:42:21.445] [info] [CPP ECS] FromJson - Adding component 'Transform' to entity 'Buttons'
[22:42:21.446] [info] [CPP ECS] FromJson - Adding component 'Variables' to entity 'Buttons'
[22:42:21.446] [info] [SOURCE_DETECTOR] Engine creating Entity (Internal)
[22:42:21.446] [info] [CPP ECS] FromJson - Adding component 'Transform' to entity 'A'
[22:42:21.446] [info] [CPP ECS] FromJson - Adding component 'Variables' to entity 'A'
[22:42:21.446] [info] [CPP ECS] FromJson - Adding component 'SpriteRenderer' to entity 'A'
[22:42:21.446] [info] [CPP ECS] FromJson - Adding component 'Script' to entity 'A'
[22:42:21.446] [info] [SOURCE_DETECTOR] Engine creating Entity (Internal)
[22:42:21.447] [info] [CPP ECS] FromJson - Adding component 'Transform' to entity 'Stick'
[22:42:21.447] [info] [CPP ECS] FromJson - Adding component 'Variables' to entity 'Stick'
[22:42:21.447] [info] [CPP ECS] FromJson - Adding component 'SpriteRenderer' to entity 'Stick'
[22:42:21.447] [info] [CPP ECS] FromJson - Adding component 'Script' to entity 'Stick'
[22:42:21.447] [info] [SOURCE_DETECTOR] Engine creating Entity (Internal)
[22:42:21.447] [info] [CPP ECS] FromJson - Adding component 'Transform' to entity 'ShoulderLeft'
[22:42:21.447] [info] [CPP ECS] FromJson - Adding component 'Variables' to entity 'ShoulderLeft'
[22:42:21.448] [info] [CPP ECS] FromJson - Adding component 'SpriteRenderer' to entity 'ShoulderLeft'
[22:42:21.448] [info] [CPP ECS] FromJson - Adding component 'Script' to entity 'ShoulderLeft'
[22:42:21.448] [info] [SOURCE_DETECTOR] Engine creating Entity (Internal)
[22:42:21.448] [info] [CPP ECS] FromJson - Adding component 'Transform' to entity 'ShoulderRight'
[22:42:21.448] [info] [CPP ECS] FromJson - Adding component 'Variables' to entity 'ShoulderRight'
[22:42:21.448] [info] [CPP ECS] FromJson - Adding component 'SpriteRenderer' to entity 'ShoulderRight'
[22:42:21.448] [info] [CPP ECS] FromJson - Adding component 'Script' to entity 'ShoulderRight'
[22:42:21.449] [info] [SOURCE_DETECTOR] Engine creating Entity (Internal)
[22:42:21.449] [info] [CPP ECS] FromJson - Adding component 'Transform' to entity 'TextRoot'
[22:42:21.449] [info] [CPP ECS] FromJson - Adding component 'Variables' to entity 'TextRoot'
[22:42:21.449] [info] [SOURCE_DETECTOR] Engine creating Entity (Internal)
[22:42:21.449] [info] [CPP ECS] FromJson - Adding component 'Transform' to entity 'DushText'
[22:42:21.449] [info] [CPP ECS] FromJson - Adding component 'Variables' to entity 'DushText'
[22:42:21.449] [info] [CPP ECS] FromJson - Adding component 'TextRenderer' to entity 'DushText'
[22:42:21.450] [info] [SOURCE_DETECTOR] Engine creating Entity (Internal)
[22:42:21.450] [info] [CPP ECS] FromJson - Adding component 'Transform' to entity 'ShotText'
[22:42:21.450] [info] [CPP ECS] FromJson - Adding component 'Variables' to entity 'ShotText'
[22:42:21.450] [info] [CPP ECS] FromJson - Adding component 'TextRenderer' to entity 'ShotText'
[22:42:21.450] [info] [SOURCE_DETECTOR] Engine creating Entity (Internal)
[22:42:21.450] [info] [CPP ECS] FromJson - Adding component 'Transform' to entity 'DushUIRoot'
[22:42:21.450] [info] [CPP ECS] FromJson - Adding component 'Variables' to entity 'DushUIRoot'
[22:42:21.451] [info] [CPP ECS] FromJson - Adding component 'Script' to entity 'DushUIRoot'
[22:42:21.451] [info] [SOURCE_DETECTOR] Engine creating Entity (Internal)
[22:42:21.451] [info] [CPP ECS] FromJson - Adding component 'Transform' to entity 'Key_DushButton'
[22:42:21.451] [info] [CPP ECS] FromJson - Adding component 'Variables' to entity 'Key_DushButton'
[22:42:21.451] [info] [CPP ECS] FromJson - Adding component 'SpriteRenderer' to entity 'Key_DushButton'
[22:42:21.451] [info] [SOURCE_DETECTOR] Engine creating Entity (Internal)
[22:42:21.451] [info] [CPP ECS] FromJson - Adding component 'Transform' to entity 'Pad_DushButton'
[22:42:21.451] [info] [CPP ECS] FromJson - Adding component 'Variables' to entity 'Pad_DushButton'
[22:42:21.452] [info] [CPP ECS] FromJson - Adding component 'SpriteRenderer' to entity 'Pad_DushButton'
[22:42:21.452] [info] [SOURCE_DETECTOR] Engine creating Entity (Internal)
[22:42:21.452] [info] [CPP ECS] FromJson - Adding component 'Transform' to entity 'A'
[22:42:21.452] [info] [CPP ECS] FromJson - Adding component 'Variables' to entity 'A'
[22:42:21.452] [info] [CPP ECS] FromJson - Adding component 'TextRenderer' to entity 'A'
[22:42:21.452] [info] [SOURCE_DETECTOR] Engine creating Entity (Internal)
[22:42:21.452] [info] [CPP ECS] FromJson - Adding component 'Transform' to entity 'ShotUIRoot'
[22:42:21.453] [info] [CPP ECS] FromJson - Adding component 'Variables' to entity 'ShotUIRoot'
[22:42:21.453] [info] [CPP ECS] FromJson - Adding component 'Script' to entity 'ShotUIRoot'
[22:42:21.453] [info] [SOURCE_DETECTOR] Engine creating Entity (Internal)
[22:42:21.453] [info] [CPP ECS] FromJson - Adding component 'Transform' to entity 'Key_ShotButton'
[22:42:21.453] [info] [CPP ECS] FromJson - Adding component 'Variables' to entity 'Key_ShotButton'
[22:42:21.453] [info] [CPP ECS] FromJson - Adding component 'SpriteRenderer' to entity 'Key_ShotButton'
[22:42:21.453] [info] [SOURCE_DETECTOR] Engine creating Entity (Internal)
[22:42:21.454] [info] [CPP ECS] FromJson - Adding component 'Transform' to entity 'Pad_ShotButton'
[22:42:21.454] [info] [CPP ECS] FromJson - Adding component 'Variables' to entity 'Pad_ShotButton'
[22:42:21.454] [info] [CPP ECS] FromJson - Adding component 'SpriteRenderer' to entity 'Pad_ShotButton'
[22:42:21.454] [info] [SOURCE_DETECTOR] Engine creating Entity (Internal)
[22:42:21.454] [info] [CPP ECS] FromJson - Adding component 'Transform' to entity 'LT'
[22:42:21.454] [info] [CPP ECS] FromJson - Adding component 'Variables' to entity 'LT'
[22:42:21.454] [info] [CPP ECS] FromJson - Adding component 'TextRenderer' to entity 'LT'
[22:42:21.454] [info] [SOURCE_DETECTOR] Engine creating Entity (Internal)
[22:42:21.455] [info] [CPP ECS] FromJson - Adding component 'Transform' to entity 'RT'
[22:42:21.455] [info] [CPP ECS] FromJson - Adding component 'Variables' to entity 'RT'
[22:42:21.455] [info] [CPP ECS] FromJson - Adding component 'TextRenderer' to entity 'RT'
[22:42:21.455] [info] [SOURCE_DETECTOR] Engine creating Entity (Internal)
[22:42:21.455] [info] [CPP ECS] FromJson - Adding component 'Transform' to entity 'PlayerHPUI'
[22:42:21.455] [info] [CPP ECS] FromJson - Adding component 'Variables' to entity 'PlayerHPUI'
[22:42:21.455] [info] [CPP ECS] FromJson - Adding component 'Script' to entity 'PlayerHPUI'
[22:42:21.456] [info] [SOURCE_DETECTOR] Engine creating Entity (Internal)
[22:42:21.456] [info] [CPP ECS] FromJson - Adding component 'Transform' to entity 'HPIcon'
[22:42:21.456] [info] [CPP ECS] FromJson - Adding component 'Variables' to entity 'HPIcon'
[22:42:21.456] [info] [CPP ECS] FromJson - Adding component 'SpriteRenderer' to entity 'HPIcon'
[22:42:21.456] [info] [CPP ECS] FromJson - Adding component 'Script' to entity 'HPIcon'
[22:42:21.456] [info] [SOURCE_DETECTOR] Engine creating Entity (Internal)
[22:42:21.456] [info] [CPP ECS] FromJson - Adding component 'Transform' to entity 'HPIcon_1'
[22:42:21.457] [info] [CPP ECS] FromJson - Adding component 'Variables' to entity 'HPIcon_1'
[22:42:21.457] [info] [CPP ECS] FromJson - Adding component 'SpriteRenderer' to entity 'HPIcon_1'
[22:42:21.457] [info] [CPP ECS] FromJson - Adding component 'Script' to entity 'HPIcon_1'
[22:42:21.457] [info] [SOURCE_DETECTOR] Engine creating Entity (Internal)
[22:42:21.457] [info] [CPP ECS] FromJson - Adding component 'Transform' to entity 'HPIcon_2'
[22:42:21.457] [info] [CPP ECS] FromJson - Adding component 'Variables' to entity 'HPIcon_2'
[22:42:21.457] [info] [CPP ECS] FromJson - Adding component 'SpriteRenderer' to entity 'HPIcon_2'
[22:42:21.458] [info] [CPP ECS] FromJson - Adding component 'Script' to entity 'HPIcon_2'
[22:42:21.458] [info] [SOURCE_DETECTOR] Engine creating Entity (Internal)
[22:42:21.458] [info] [CPP ECS] FromJson - Adding component 'Transform' to entity 'HPIcon_3'
[22:42:21.458] [info] [CPP ECS] FromJson - Adding component 'Variables' to entity 'HPIcon_3'
[22:42:21.458] [info] [CPP ECS] FromJson - Adding component 'SpriteRenderer' to entity 'HPIcon_3'
[22:42:21.458] [info] [CPP ECS] FromJson - Adding component 'Script' to entity 'HPIcon_3'
[22:42:21.458] [info] [SOURCE_DETECTOR] Engine creating Entity (Internal)
[22:42:21.458] [info] [CPP ECS] FromJson - Adding component 'Transform' to entity 'HPIcon_4'
[22:42:21.459] [info] [CPP ECS] FromJson - Adding component 'Variables' to entity 'HPIcon_4'
[22:42:21.459] [info] [CPP ECS] FromJson - Adding component 'SpriteRenderer' to entity 'HPIcon_4'
[22:42:21.459] [info] [CPP ECS] FromJson - Adding component 'Script' to entity 'HPIcon_4'
[22:42:21.459] [info] [SOURCE_DETECTOR] Engine creating Entity (Internal)
[22:42:21.459] [info] [CPP ECS] FromJson - Adding component 'Transform' to entity 'HPIcon_5'
[22:42:21.459] [info] [CPP ECS] FromJson - Adding component 'Variables' to entity 'HPIcon_5'
[22:42:21.459] [info] [CPP ECS] FromJson - Adding component 'SpriteRenderer' to entity 'HPIcon_5'
[22:42:21.460] [info] [CPP ECS] FromJson - Adding component 'Script' to entity 'HPIcon_5'
[22:42:21.460] [info] [SOURCE_DETECTOR] Engine creating Entity (Internal)
[22:42:21.460] [info] [CPP ECS] FromJson - Adding component 'Transform' to entity 'HPIcon_6'
[22:42:21.460] [info] [CPP ECS] FromJson - Adding component 'Variables' to entity 'HPIcon_6'
[22:42:21.460] [info] [CPP ECS] FromJson - Adding component 'SpriteRenderer' to entity 'HPIcon_6'
[22:42:21.460] [info] [CPP ECS] FromJson - Adding component 'Script' to entity 'HPIcon_6'
[22:42:21.460] [info] [SOURCE_DETECTOR] Engine creating Entity (Internal)
[22:42:21.461] [info] [CPP ECS] FromJson - Adding component 'Transform' to entity 'HPIcon_7'
[22:42:21.461] [info] [CPP ECS] FromJson - Adding component 'Variables' to entity 'HPIcon_7'
[22:42:21.461] [info] [CPP ECS] FromJson - Adding component 'SpriteRenderer' to entity 'HPIcon_7'
[22:42:21.461] [info] [CPP ECS] FromJson - Adding component 'Script' to entity 'HPIcon_7'
[22:42:21.461] [info] [SOURCE_DETECTOR] Engine creating Entity (Internal)
[22:42:21.461] [info] [CPP ECS] FromJson - Adding component 'Transform' to entity 'HPIcon_8'
[22:42:21.461] [info] [CPP ECS] FromJson - Adding component 'Variables' to entity 'HPIcon_8'
[22:42:21.462] [info] [CPP ECS] FromJson - Adding component 'SpriteRenderer' to entity 'HPIcon_8'
[22:42:21.462] [info] [CPP ECS] FromJson - Adding component 'Script' to entity 'HPIcon_8'
[22:42:21.462] [info] [SOURCE_DETECTOR] Engine creating Entity (Internal)
[22:42:21.462] [info] [CPP ECS] FromJson - Adding component 'Transform' to entity 'HPIcon_9'
[22:42:21.462] [info] [CPP ECS] FromJson - Adding component 'Variables' to entity 'HPIcon_9'
[22:42:21.462] [info] [CPP ECS] FromJson - Adding component 'SpriteRenderer' to entity 'HPIcon_9'
[22:42:21.463] [info] [CPP ECS] FromJson - Adding component 'Script' to entity 'HPIcon_9'
[22:42:21.463] [info] [SOURCE_DETECTOR] Engine creating Entity (Internal)
[22:42:21.463] [info] [CPP ECS] FromJson - Adding component 'Transform' to entity 'HPIcon_10'
[22:42:21.463] [info] [CPP ECS] FromJson - Adding component 'Variables' to entity 'HPIcon_10'
[22:42:21.463] [info] [CPP ECS] FromJson - Adding component 'SpriteRenderer' to entity 'HPIcon_10'
[22:42:21.463] [info] [CPP ECS] FromJson - Adding component 'Script' to entity 'HPIcon_10'
[22:42:21.463] [info] [SOURCE_DETECTOR] Engine creating Entity (Internal)
[22:42:21.463] [info] [CPP ECS] FromJson - Adding component 'Transform' to entity 'HPIcon_11'
[22:42:21.464] [info] [CPP ECS] FromJson - Adding component 'Variables' to entity 'HPIcon_11'
[22:42:21.464] [info] [CPP ECS] FromJson - Adding component 'SpriteRenderer' to entity 'HPIcon_11'
[22:42:21.464] [info] [CPP ECS] FromJson - Adding component 'Script' to entity 'HPIcon_11'
[22:42:21.464] [info] [SOURCE_DETECTOR] Engine creating Entity (Internal)
[22:42:21.464] [info] [CPP ECS] FromJson - Adding component 'Transform' to entity 'TutorialSkipButtonUI_1'
[22:42:21.464] [info] [CPP ECS] FromJson - Adding component 'Variables' to entity 'TutorialSkipButtonUI_1'
[22:42:21.464] [info] [CPP ECS] FromJson - Adding component 'Script' to entity 'TutorialSkipButtonUI_1'
[22:42:21.465] [info] [CPP ECS] FromJson - Adding component 'TextRenderer' to entity 'TutorialSkipButtonUI_1'
[22:42:21.465] [info] [CPP ECS] FromJson - Adding component 'SpriteRenderer' to entity 'TutorialSkipButtonUI_1'
[22:42:21.465] [info] [SOURCE_DETECTOR] Engine creating Entity (Internal)
[22:42:21.465] [info] [CPP ECS] FromJson - Adding component 'Transform' to entity 'TutorialSkipUI'
[22:42:21.465] [info] [CPP ECS] FromJson - Adding component 'Variables' to entity 'TutorialSkipUI'
[22:42:21.465] [info] [CPP ECS] FromJson - Adding component 'Script' to entity 'TutorialSkipUI'
[22:42:21.465] [info] [CPP ECS] FromJson - Adding component 'TextRenderer' to entity 'TutorialSkipUI'
[22:42:21.466] [info] [SOURCE_DETECTOR] Engine creating Entity (Internal)
[22:42:21.466] [info] [CPP ECS] FromJson - Adding component 'Transform' to entity 'TutorialSkipButtonUI_2'
[22:42:21.466] [info] [CPP ECS] FromJson - Adding component 'Variables' to entity 'TutorialSkipButtonUI_2'
[22:42:21.466] [info] [CPP ECS] FromJson - Adding component 'Script' to entity 'TutorialSkipButtonUI_2'
[22:42:21.466] [info] [CPP ECS] FromJson - Adding component 'SpriteRenderer' to entity 'TutorialSkipButtonUI_2'
[22:42:21.467] [info] Successfully synced initial components to C# for group: GameUIScene
[22:42:21.468] [info] [MonoDbg] AddEntityToScript - Instantiating and adding script: TrailFollower to Entity ID: -1
[22:42:21.468] [info] [MonoDbg] AddEntityToScript - Syncing serialized fields for script: TrailFollower
[22:42:21.468] [info] [SetScriptVars] OK setting fields for: TrailFollower
[22:42:21.469] [info] [MonoDbg] AddEntityToScript - Instantiating and adding script: LevelingComponent to Entity ID: -1
[22:42:21.469] [info] [SetScriptVars] OK setting fields for: LevelingComponent
[22:42:21.469] [info] [MonoDbg] AddEntityToScript - Syncing serialized fields for script: LevelingComponent
[22:42:21.469] [info] [SetScriptVars] OK setting fields for: LevelingComponent
[22:42:21.469] [info] [MonoDbg] AddEntityToScript - Instantiating and adding script: RoeStateComponent to Entity ID: -1
[22:42:21.470] [info] [SetScriptVars] OK setting fields for: RoeStateComponent
[22:42:21.470] [info] [MonoDbg] AddEntityToScript - Syncing serialized fields for script: RoeStateComponent
[22:42:21.470] [info] [SetScriptVars] OK setting fields for: RoeStateComponent
[22:42:21.470] [info] [MonoDbg] AddEntityToScript - Instantiating and adding script: SpriteAnimation to Entity ID: -1
[22:42:21.470] [info] [SetScriptVars] OK setting fields for: SpriteAnimation
[22:42:21.470] [info] [MonoDbg] AddEntityToScript - Syncing serialized fields for script: SpriteAnimation
[22:42:21.471] [info] [SetScriptVars] OK setting fields for: SpriteAnimation
[22:42:21.471] [info] [MonoDbg] AddEntityToScript - Instantiating and adding script: TrailFollower to Entity ID: -2
[22:42:21.471] [info] [MonoDbg] AddEntityToScript - Syncing serialized fields for script: TrailFollower
[22:42:21.471] [info] [SetScriptVars] OK setting fields for: TrailFollower
[22:42:21.471] [info] [MonoDbg] AddEntityToScript - Instantiating and adding script: LevelingComponent to Entity ID: -2
[22:42:21.471] [info] [SetScriptVars] OK setting fields for: LevelingComponent
[22:42:21.471] [info] [MonoDbg] AddEntityToScript - Syncing serialized fields for script: LevelingComponent
[22:42:21.472] [info] [SetScriptVars] OK setting fields for: LevelingComponent
[22:42:21.472] [info] [MonoDbg] AddEntityToScript - Instantiating and adding script: RoeStateComponent to Entity ID: -2
[22:42:21.472] [info] [SetScriptVars] OK setting fields for: RoeStateComponent
[22:42:21.472] [info] [MonoDbg] AddEntityToScript - Syncing serialized fields for script: RoeStateComponent
[22:42:21.472] [info] [SetScriptVars] OK setting fields for: RoeStateComponent
[22:42:21.472] [info] [MonoDbg] AddEntityToScript - Instantiating and adding script: SpriteAnimation to Entity ID: -2
[22:42:21.472] [info] [SetScriptVars] OK setting fields for: SpriteAnimation
[22:42:21.472] [info] [MonoDbg] AddEntityToScript - Syncing serialized fields for script: SpriteAnimation
[22:42:21.473] [info] [SetScriptVars] OK setting fields for: SpriteAnimation
[22:42:21.473] [info] [MonoDbg] AddEntityToScript - Instantiating and adding script: TrailFollower to Entity ID: -3
[22:42:21.473] [info] [MonoDbg] AddEntityToScript - Syncing serialized fields for script: TrailFollower
[22:42:21.473] [info] [SetScriptVars] OK setting fields for: TrailFollower
[22:42:21.473] [info] [MonoDbg] AddEntityToScript - Instantiating and adding script: LevelingComponent to Entity ID: -3
[22:42:21.473] [info] [SetScriptVars] OK setting fields for: LevelingComponent
[22:42:21.474] [info] [MonoDbg] AddEntityToScript - Syncing serialized fields for script: LevelingComponent
[22:42:21.474] [info] [SetScriptVars] OK setting fields for: LevelingComponent
[22:42:21.474] [info] [MonoDbg] AddEntityToScript - Instantiating and adding script: RoeStateComponent to Entity ID: -3
[22:42:21.474] [info] [SetScriptVars] OK setting fields for: RoeStateComponent
[22:42:21.474] [info] [MonoDbg] AddEntityToScript - Syncing serialized fields for script: RoeStateComponent
[22:42:21.474] [info] [SetScriptVars] OK setting fields for: RoeStateComponent
[22:42:21.474] [info] [MonoDbg] AddEntityToScript - Instantiating and adding script: SpriteAnimation to Entity ID: -3
[22:42:21.475] [info] [SetScriptVars] OK setting fields for: SpriteAnimation
[22:42:21.475] [info] [MonoDbg] AddEntityToScript - Syncing serialized fields for script: SpriteAnimation
[22:42:21.475] [info] [SetScriptVars] OK setting fields for: SpriteAnimation
[22:42:21.479] [info] [MonoDbg] AddEntityToScript - Instantiating and adding script: ObjectiveProgressForText to Entity ID: 4
[22:42:21.479] [info] [SetScriptVars] OK setting fields for: ObjectiveProgressForText
[22:42:21.479] [info] [MonoDbg] AddEntityToScript - Syncing serialized fields for script: ObjectiveProgressForText
[22:42:21.480] [info] [SetScriptVars] OK setting fields for: ObjectiveProgressForText
[22:42:21.480] [info] [MonoDbg] AddEntityToScript - Instantiating and adding script: SpriteGauge to Entity ID: 5
[22:42:21.480] [info] [SetScriptVars] OK setting fields for: SpriteGauge
[22:42:21.480] [info] [MonoDbg] AddEntityToScript - Syncing serialized fields for script: SpriteGauge
[22:42:21.480] [info] [SetScriptVars] OK setting fields for: SpriteGauge
[22:42:21.481] [info] [MonoDbg] AddEntityToScript - Instantiating and adding script: ShowOnPhase to Entity ID: 7
[22:42:21.481] [info] [SetScriptVars] OK setting fields for: ShowOnPhase
[22:42:21.481] [info] [MonoDbg] AddEntityToScript - Syncing serialized fields for script: ShowOnPhase
[22:42:21.481] [info] [SetScriptVars] OK setting fields for: ShowOnPhase
[22:42:21.482] [info] [MonoDbg] AddEntityToScript - Instantiating and adding script: LastInputType to Entity ID: 7
[22:42:21.482] [info] [SetScriptVars] OK setting fields for: LastInputType
[22:42:21.482] [info] [MonoDbg] AddEntityToScript - Syncing serialized fields for script: LastInputType
[22:42:21.482] [info] [SetScriptVars] OK setting fields for: LastInputType
[22:42:21.482] [info] [MonoDbg] AddEntityToScript - Instantiating and adding script: ShowOnPhase to Entity ID: 8
[22:42:21.482] [info] [SetScriptVars] OK setting fields for: ShowOnPhase
[22:42:21.483] [info] [MonoDbg] AddEntityToScript - Syncing serialized fields for script: ShowOnPhase
[22:42:21.483] [info] [SetScriptVars] OK setting fields for: ShowOnPhase
[22:42:21.483] [info] [MonoDbg] AddEntityToScript - Instantiating and adding script: SpriteGauge to Entity ID: 8
[22:42:21.483] [info] [SetScriptVars] OK setting fields for: SpriteGauge
[22:42:21.483] [info] [MonoDbg] AddEntityToScript - Syncing serialized fields for script: SpriteGauge
[22:42:21.483] [info] [SetScriptVars] OK setting fields for: SpriteGauge
[22:42:21.483] [info] [MonoDbg] AddEntityToScript - Instantiating and adding script: ShowOnPhase to Entity ID: 10
[22:42:21.484] [info] [SetScriptVars] OK setting fields for: ShowOnPhase
[22:42:21.484] [info] [MonoDbg] AddEntityToScript - Syncing serialized fields for script: ShowOnPhase
[22:42:21.484] [info] [SetScriptVars] OK setting fields for: ShowOnPhase
[22:42:21.484] [info] [MonoDbg] AddEntityToScript - Instantiating and adding script: ShowOnPhase to Entity ID: 11
[22:42:21.484] [info] [SetScriptVars] OK setting fields for: ShowOnPhase
[22:42:21.484] [info] [MonoDbg] AddEntityToScript - Syncing serialized fields for script: ShowOnPhase
[22:42:21.485] [info] [SetScriptVars] OK setting fields for: ShowOnPhase
[22:42:21.485] [info] [MonoDbg] AddEntityToScript - Instantiating and adding script: ShowOnPhase to Entity ID: 12
[22:42:21.485] [info] [SetScriptVars] OK setting fields for: ShowOnPhase
[22:42:21.485] [info] [MonoDbg] AddEntityToScript - Syncing serialized fields for script: ShowOnPhase
[22:42:21.485] [info] [SetScriptVars] OK setting fields for: ShowOnPhase
[22:42:21.485] [info] [MonoDbg] AddEntityToScript - Instantiating and adding script: ShowOnPhase to Entity ID: 13
[22:42:21.486] [info] [SetScriptVars] OK setting fields for: ShowOnPhase
[22:42:21.486] [info] [MonoDbg] AddEntityToScript - Syncing serialized fields for script: ShowOnPhase
[22:42:21.486] [info] [SetScriptVars] OK setting fields for: ShowOnPhase
[22:42:21.486] [info] [MonoDbg] AddEntityToScript - Instantiating and adding script: ShowOnPhase to Entity ID: 14
[22:42:21.486] [info] [SetScriptVars] OK setting fields for: ShowOnPhase
[22:42:21.486] [info] [MonoDbg] AddEntityToScript - Syncing serialized fields for script: ShowOnPhase
[22:42:21.486] [info] [SetScriptVars] OK setting fields for: ShowOnPhase
[22:42:21.487] [info] [MonoDbg] AddEntityToScript - Instantiating and adding script: ShowOnPhase to Entity ID: 15
[22:42:21.487] [info] [SetScriptVars] OK setting fields for: ShowOnPhase
[22:42:21.487] [info] [MonoDbg] AddEntityToScript - Syncing serialized fields for script: ShowOnPhase
[22:42:21.487] [info] [SetScriptVars] OK setting fields for: ShowOnPhase
[22:42:21.487] [info] [MonoDbg] AddEntityToScript - Instantiating and adding script: ShowOnPhase to Entity ID: 16
[22:42:21.487] [info] [SetScriptVars] OK setting fields for: ShowOnPhase
[22:42:21.488] [info] [MonoDbg] AddEntityToScript - Syncing serialized fields for script: ShowOnPhase
[22:42:21.488] [info] [SetScriptVars] OK setting fields for: ShowOnPhase
[22:42:21.488] [info] [MonoDbg] AddEntityToScript - Instantiating and adding script: ShowOnPhase to Entity ID: 17
[22:42:21.488] [info] [SetScriptVars] OK setting fields for: ShowOnPhase
[22:42:21.488] [info] [MonoDbg] AddEntityToScript - Syncing serialized fields for script: ShowOnPhase
[22:42:21.488] [info] [SetScriptVars] OK setting fields for: ShowOnPhase
[22:42:21.488] [info] [MonoDbg] AddEntityToScript - Instantiating and adding script: ShowOnPhase to Entity ID: 18
[22:42:21.489] [info] [SetScriptVars] OK setting fields for: ShowOnPhase
[22:42:21.489] [info] [MonoDbg] AddEntityToScript - Syncing serialized fields for script: ShowOnPhase
[22:42:21.489] [info] [SetScriptVars] OK setting fields for: ShowOnPhase
[22:42:21.489] [info] [MonoDbg] AddEntityToScript - Instantiating and adding script: LastInputType to Entity ID: 20
[22:42:21.489] [info] [SetScriptVars] OK setting fields for: LastInputType
[22:42:21.489] [info] [MonoDbg] AddEntityToScript - Syncing serialized fields for script: LastInputType
[22:42:21.489] [info] [SetScriptVars] OK setting fields for: LastInputType
[22:42:21.490] [info] [MonoDbg] AddEntityToScript - Instantiating and adding script: KeyColorChanger to Entity ID: 24
[22:42:21.490] [info] [SetScriptVars] OK setting fields for: KeyColorChanger
[22:42:21.490] [info] [MonoDbg] AddEntityToScript - Syncing serialized fields for script: KeyColorChanger
[22:42:21.491] [info] [SetScriptVars] OK setting fields for: KeyColorChanger
[22:42:21.491] [info] [MonoDbg] AddEntityToScript - Instantiating and adding script: KeyColorChanger to Entity ID: 25
[22:42:21.491] [info] [SetScriptVars] OK setting fields for: KeyColorChanger
[22:42:21.491] [info] [MonoDbg] AddEntityToScript - Syncing serialized fields for script: KeyColorChanger
[22:42:21.491] [info] [SetScriptVars] OK setting fields for: KeyColorChanger
[22:42:21.491] [info] [MonoDbg] AddEntityToScript - Instantiating and adding script: KeyColorChanger to Entity ID: 26
[22:42:21.491] [info] [SetScriptVars] OK setting fields for: KeyColorChanger
[22:42:21.492] [info] [MonoDbg] AddEntityToScript - Syncing serialized fields for script: KeyColorChanger
[22:42:21.492] [info] [SetScriptVars] OK setting fields for: KeyColorChanger
[22:42:21.492] [info] [MonoDbg] AddEntityToScript - Instantiating and adding script: KeyColorChanger to Entity ID: 30
[22:42:21.492] [info] [SetScriptVars] OK setting fields for: KeyColorChanger
[22:42:21.492] [info] [MonoDbg] AddEntityToScript - Syncing serialized fields for script: KeyColorChanger
[22:42:21.492] [info] [SetScriptVars] OK setting fields for: KeyColorChanger
[22:42:21.493] [info] [MonoDbg] AddEntityToScript - Instantiating and adding script: StickColorChanger to Entity ID: 31
[22:42:21.493] [info] [SetScriptVars] OK setting fields for: StickColorChanger
[22:42:21.493] [info] [MonoDbg] AddEntityToScript - Syncing serialized fields for script: StickColorChanger
[22:42:21.493] [info] [SetScriptVars] OK setting fields for: StickColorChanger
[22:42:21.494] [info] [MonoDbg] AddEntityToScript - Instantiating and adding script: TriggerColorChanger to Entity ID: 32
[22:42:21.494] [info] [SetScriptVars] OK setting fields for: TriggerColorChanger
[22:42:21.494] [info] [MonoDbg] AddEntityToScript - Syncing serialized fields for script: TriggerColorChanger
[22:42:21.494] [info] [SetScriptVars] OK setting fields for: TriggerColorChanger
[22:42:21.494] [info] [MonoDbg] AddEntityToScript - Instantiating and adding script: TriggerColorChanger to Entity ID: 33
[22:42:21.495] [info] [SetScriptVars] OK setting fields for: TriggerColorChanger
[22:42:21.495] [info] [MonoDbg] AddEntityToScript - Syncing serialized fields for script: TriggerColorChanger
[22:42:21.495] [info] [SetScriptVars] OK setting fields for: TriggerColorChanger
[22:42:21.495] [info] [MonoDbg] AddEntityToScript - Instantiating and adding script: LastInputType to Entity ID: 37
[22:42:21.495] [info] [SetScriptVars] OK setting fields for: LastInputType
[22:42:21.495] [info] [MonoDbg] AddEntityToScript - Syncing serialized fields for script: LastInputType
[22:42:21.495] [info] [SetScriptVars] OK setting fields for: LastInputType
[22:42:21.495] [info] [MonoDbg] AddEntityToScript - Instantiating and adding script: LastInputType to Entity ID: 41
[22:42:21.496] [info] [SetScriptVars] OK setting fields for: LastInputType
[22:42:21.496] [info] [MonoDbg] AddEntityToScript - Syncing serialized fields for script: LastInputType
[22:42:21.496] [info] [SetScriptVars] OK setting fields for: LastInputType
[22:42:21.496] [info] [MonoDbg] AddEntityToScript - Instantiating and adding script: PlayerHPUI to Entity ID: 46
[22:42:21.496] [info] [SetScriptVars] OK setting fields for: PlayerHPUI
[22:42:21.496] [info] [MonoDbg] AddEntityToScript - Syncing serialized fields for script: PlayerHPUI
[22:42:21.497] [info] [SetScriptVars] OK setting fields for: PlayerHPUI
[22:42:21.497] [info] [MonoDbg] AddEntityToScript - Instantiating and adding script: SpriteAnimation to Entity ID: 47
[22:42:21.497] [info] [SetScriptVars] OK setting fields for: SpriteAnimation
[22:42:21.497] [info] [MonoDbg] AddEntityToScript - Syncing serialized fields for script: SpriteAnimation
[22:42:21.497] [info] [SetScriptVars] OK setting fields for: SpriteAnimation
[22:42:21.497] [info] [MonoDbg] AddEntityToScript - Instantiating and adding script: SpriteAnimation to Entity ID: 48
[22:42:21.497] [info] [SetScriptVars] OK setting fields for: SpriteAnimation
[22:42:21.498] [info] [MonoDbg] AddEntityToScript - Syncing serialized fields for script: SpriteAnimation
[22:42:21.498] [info] [SetScriptVars] OK setting fields for: SpriteAnimation
[22:42:21.498] [info] [MonoDbg] AddEntityToScript - Instantiating and adding script: SpriteAnimation to Entity ID: 49
[22:42:21.498] [info] [SetScriptVars] OK setting fields for: SpriteAnimation
[22:42:21.498] [info] [MonoDbg] AddEntityToScript - Syncing serialized fields for script: SpriteAnimation
[22:42:21.498] [info] [SetScriptVars] OK setting fields for: SpriteAnimation
[22:42:21.498] [info] [MonoDbg] AddEntityToScript - Instantiating and adding script: SpriteAnimation to Entity ID: 50
[22:42:21.499] [info] [SetScriptVars] OK setting fields for: SpriteAnimation
[22:42:21.499] [info] [MonoDbg] AddEntityToScript - Syncing serialized fields for script: SpriteAnimation
[22:42:21.499] [info] [SetScriptVars] OK setting fields for: SpriteAnimation
[22:42:21.499] [info] [MonoDbg] AddEntityToScript - Instantiating and adding script: SpriteAnimation to Entity ID: 51
[22:42:21.499] [info] [SetScriptVars] OK setting fields for: SpriteAnimation
[22:42:21.499] [info] [MonoDbg] AddEntityToScript - Syncing serialized fields for script: SpriteAnimation
[22:42:21.499] [info] [SetScriptVars] OK setting fields for: SpriteAnimation
[22:42:21.500] [info] [MonoDbg] AddEntityToScript - Instantiating and adding script: SpriteAnimation to Entity ID: 52
[22:42:21.500] [info] [SetScriptVars] OK setting fields for: SpriteAnimation
[22:42:21.500] [info] [MonoDbg] AddEntityToScript - Syncing serialized fields for script: SpriteAnimation
[22:42:21.500] [info] [SetScriptVars] OK setting fields for: SpriteAnimation
[22:42:21.500] [info] [MonoDbg] AddEntityToScript - Instantiating and adding script: SpriteAnimation to Entity ID: 53
[22:42:21.500] [info] [SetScriptVars] OK setting fields for: SpriteAnimation
[22:42:21.500] [info] [MonoDbg] AddEntityToScript - Syncing serialized fields for script: SpriteAnimation
[22:42:21.501] [info] [SetScriptVars] OK setting fields for: SpriteAnimation
[22:42:21.501] [info] [MonoDbg] AddEntityToScript - Instantiating and adding script: SpriteAnimation to Entity ID: 54
[22:42:21.501] [info] [SetScriptVars] OK setting fields for: SpriteAnimation
[22:42:21.501] [info] [MonoDbg] AddEntityToScript - Syncing serialized fields for script: SpriteAnimation
[22:42:21.501] [info] [SetScriptVars] OK setting fields for: SpriteAnimation
[22:42:21.501] [info] [MonoDbg] AddEntityToScript - Instantiating and adding script: SpriteAnimation to Entity ID: 55
[22:42:21.501] [info] [SetScriptVars] OK setting fields for: SpriteAnimation
[22:42:21.502] [info] [MonoDbg] AddEntityToScript - Syncing serialized fields for script: SpriteAnimation
[22:42:21.502] [info] [SetScriptVars] OK setting fields for: SpriteAnimation
[22:42:21.502] [info] [MonoDbg] AddEntityToScript - Instantiating and adding script: SpriteAnimation to Entity ID: 56
[22:42:21.502] [info] [SetScriptVars] OK setting fields for: SpriteAnimation
[22:42:21.502] [info] [MonoDbg] AddEntityToScript - Syncing serialized fields for script: SpriteAnimation
[22:42:21.502] [info] [SetScriptVars] OK setting fields for: SpriteAnimation
[22:42:21.502] [info] [MonoDbg] AddEntityToScript - Instantiating and adding script: SpriteAnimation to Entity ID: 57
[22:42:21.503] [info] [SetScriptVars] OK setting fields for: SpriteAnimation
[22:42:21.503] [info] [MonoDbg] AddEntityToScript - Syncing serialized fields for script: SpriteAnimation
[22:42:21.503] [info] [SetScriptVars] OK setting fields for: SpriteAnimation
[22:42:21.503] [info] [MonoDbg] AddEntityToScript - Instantiating and adding script: SpriteAnimation to Entity ID: 58
[22:42:21.503] [info] [SetScriptVars] OK setting fields for: SpriteAnimation
[22:42:21.503] [info] [MonoDbg] AddEntityToScript - Syncing serialized fields for script: SpriteAnimation
[22:42:21.503] [info] [SetScriptVars] OK setting fields for: SpriteAnimation
[22:42:21.504] [info] [MonoDbg] AddEntityToScript - Instantiating and adding script: ShowOnPhase to Entity ID: 59
[22:42:21.504] [info] [SetScriptVars] OK setting fields for: ShowOnPhase
[22:42:21.504] [info] [MonoDbg] AddEntityToScript - Syncing serialized fields for script: ShowOnPhase
[22:42:21.504] [info] [SetScriptVars] OK setting fields for: ShowOnPhase
[22:42:21.505] [info] [MonoDbg] AddEntityToScript - Instantiating and adding script: SpriteInputFeedback to Entity ID: 59
[22:42:21.505] [info] [SetScriptVars] OK setting fields for: SpriteInputFeedback
[22:42:21.505] [info] [MonoDbg] AddEntityToScript - Syncing serialized fields for script: SpriteInputFeedback
[22:42:21.505] [info] [SetScriptVars] OK setting fields for: SpriteInputFeedback
[22:42:21.505] [info] [MonoDbg] AddEntityToScript - Instantiating and adding script: ShowOnPhase to Entity ID: 60
[22:42:21.506] [info] [SetScriptVars] OK setting fields for: ShowOnPhase
[22:42:21.506] [info] [MonoDbg] AddEntityToScript - Syncing serialized fields for script: ShowOnPhase
[22:42:21.506] [info] [SetScriptVars] OK setting fields for: ShowOnPhase
[22:42:21.506] [info] [MonoDbg] AddEntityToScript - Instantiating and adding script: ShowOnPhase to Entity ID: 61
[22:42:21.506] [info] [SetScriptVars] OK setting fields for: ShowOnPhase
[22:42:21.506] [info] [MonoDbg] AddEntityToScript - Syncing serialized fields for script: ShowOnPhase
[22:42:21.507] [info] [SetScriptVars] OK setting fields for: ShowOnPhase
[22:42:21.507] [info] [MonoDbg] AddEntityToScript - Instantiating and adding script: SpriteInputFeedback to Entity ID: 61
[22:42:21.507] [info] [SetScriptVars] OK setting fields for: SpriteInputFeedback
[22:42:21.507] [info] [MonoDbg] AddEntityToScript - Syncing serialized fields for script: SpriteInputFeedback
[22:42:21.507] [info] [SetScriptVars] OK setting fields for: SpriteInputFeedback
[22:42:21.530] [info] dx depth stencil create success!!
[22:42:21.535] [info] [RenderingFramework] Drawing group: GameScene | Index: 0 | groupRenderTex: 1495345973264 | colorResource: 1492538142032 | ClearColor: (0.100000, 0.250000, 0.500000, 1.000000)
[22:42:21.537] [warning] [RenderingFramework] Skipping group: GameUIScene (Camera is Projection Failed)
[22:42:21.549] [info] dx depth stencil create success!!
[22:42:21.553] [info] [RenderingFramework] Drawing group: GameUIScene | Index: 1 | groupRenderTex: 1495345975472 | colorResource: 1492538151824 | ClearColor: (0.000000, 0.000000, 0.000000, 0.000000)
[22:42:21.583] [warning] [WaterCaustics] Execute skipped: ScreenPostEffectTag not found in group: GameUIScene
[22:42:21.584] [warning] [WaterDepthFog] Execute skipped: ScreenPostEffectTag not found in group: GameUIScene
[22:42:21.584] [warning] [WaterColorGrading] Execute skipped: ScreenPostEffectTag not found in group: GameUIScene
[22:42:21.584] [warning] [WaterDistortion] Execute skipped: ScreenPostEffectTag not found in group: GameUIScene
[22:42:22.498] [info] [SOURCE_DETECTOR] C# requested CreateEntity: Prefab = playerDashParticle
[22:42:22.498] [info] [SOURCE_DETECTOR] Engine creating Entity (Internal)
[22:42:22.499] [info] [CPP ECS] FromJson - Adding component 'Transform' to entity 'playerDashParticle'
[22:42:22.499] [info] [CPP ECS] FromJson - Adding component 'Variables' to entity 'playerDashParticle'
[22:42:22.499] [info] [CPP ECS] FromJson - Adding component 'ParticleSystem2D' to entity 'playerDashParticle'
[22:42:23.691] [info] [SOURCE_DETECTOR] C# requested CreateEntity: Prefab = Roe
[22:42:23.691] [info] [SOURCE_DETECTOR] Engine creating Entity (Internal)
[22:42:23.691] [info] [CPP ECS] FromJson - Adding component 'Transform' to entity 'Roe'
[22:42:23.692] [info] [CPP ECS] FromJson - Adding component 'Variables' to entity 'Roe'
[22:42:23.692] [info] [CPP ECS] FromJson - Adding component 'Script' to entity 'Roe'
[22:42:23.692] [info] [CPP ECS] FromJson - Adding component 'SpriteRenderer' to entity 'Roe'
[22:42:23.692] [info] Script TrailFollower found for Entity ID: -4
[22:42:23.692] [info] [SetScriptVars] OK setting fields for: TrailFollower
[22:42:23.693] [info] Script RoeStateComponent found for Entity ID: -4
[22:42:23.693] [info] [SetScriptVars] OK setting fields for: RoeStateComponent
[22:42:23.708] [info] [MonoDbg] AddEntityToScript - Instantiating and adding script: TrailFollower to Entity ID: -4
[22:42:23.709] [info] [MonoDbg] AddEntityToScript - Syncing serialized fields for script: TrailFollower
[22:42:23.709] [info] [SetScriptVars] OK setting fields for: TrailFollower
[22:42:23.709] [info] [MonoDbg] AddEntityToScript - Instantiating and adding script: LevelingComponent to Entity ID: -4
[22:42:23.709] [info] [SetScriptVars] OK setting fields for: LevelingComponent
[22:42:23.709] [info] [MonoDbg] AddEntityToScript - Syncing serialized fields for script: LevelingComponent
[22:42:23.709] [info] [SetScriptVars] OK setting fields for: LevelingComponent
[22:42:23.709] [info] [MonoDbg] AddEntityToScript - Instantiating and adding script: RoeStateComponent to Entity ID: -4
[22:42:23.710] [info] [MonoDbg] AddEntityToScript - Syncing serialized fields for script: RoeStateComponent
[22:42:23.710] [info] [SetScriptVars] OK setting fields for: RoeStateComponent
[22:42:23.710] [info] [MonoDbg] AddEntityToScript - Instantiating and adding script: SpriteAnimation to Entity ID: -4
[22:42:23.710] [info] [SetScriptVars] OK setting fields for: SpriteAnimation
[22:42:23.710] [info] [MonoDbg] AddEntityToScript - Syncing serialized fields for script: SpriteAnimation
[22:42:23.710] [info] [SetScriptVars] OK setting fields for: SpriteAnimation
[22:42:24.654] [info] [SOURCE_DETECTOR] C# requested CreateEntity: Prefab = SeaCow
[22:42:24.654] [info] [SOURCE_DETECTOR] Engine creating Entity (Internal)
[22:42:24.655] [info] [CPP ECS] FromJson - Adding component 'Transform' to entity 'SeaCow'
[22:42:24.655] [info] [CPP ECS] FromJson - Adding component 'CircleCollider' to entity 'SeaCow'
[22:42:24.655] [info] [CPP ECS] FromJson - Adding component 'Variables' to entity 'SeaCow'
[22:42:24.655] [info] [CPP ECS] FromJson - Adding component 'Script' to entity 'SeaCow'
[22:42:24.655] [info] [CPP ECS] FromJson - Adding component 'SpriteRenderer' to entity 'SeaCow'
[22:42:24.655] [info] [CPP ECS] FromJson - Adding component 'Rigidbody2D' to entity 'SeaCow'
[22:42:24.657] [info] Collision Enter 2D Event Invoked
[22:42:24.657] [info] Collision Enter 2D Event Invoked
[22:42:24.657] [info] Collision Enter 2D Event Invoked
[22:42:24.657] [info] Collision Enter 2D Event Invoked
[22:42:24.668] [info] [MonoDbg] AddEntityToScript - Instantiating and adding script: SpriteAnimation to Entity ID: -5
[22:42:24.668] [info] [SetScriptVars] OK setting fields for: SpriteAnimation
[22:42:24.668] [info] [MonoDbg] AddEntityToScript - Syncing serialized fields for script: SpriteAnimation
[22:42:24.669] [info] [SetScriptVars] OK setting fields for: SpriteAnimation
[22:42:24.669] [info] [MonoDbg] AddEntityToScript - Instantiating and adding script: ChaseController to Entity ID: -5
[22:42:24.669] [info] [SetScriptVars] OK setting fields for: ChaseController
[22:42:24.670] [info] [MonoDbg] AddEntityToScript - Syncing serialized fields for script: ChaseController
[22:42:24.670] [info] [SetScriptVars] OK setting fields for: ChaseController
[22:42:24.670] [info] [MonoDbg] AddEntityToScript - Instantiating and adding script: TargetFacingFlip to Entity ID: -5
[22:42:24.670] [info] [SetScriptVars] OK setting fields for: TargetFacingFlip
[22:42:24.671] [info] [MonoDbg] AddEntityToScript - Syncing serialized fields for script: TargetFacingFlip
[22:42:24.671] [info] [SetScriptVars] OK setting fields for: TargetFacingFlip
[22:42:24.671] [info] [MonoDbg] AddEntityToScript - Instantiating and adding script: SeaCow to Entity ID: -5
[22:42:24.671] [info] [SetScriptVars] OK setting fields for: SeaCow
[22:42:24.672] [info] [MonoDbg] AddEntityToScript - Syncing serialized fields for script: SeaCow
[22:42:24.672] [info] [SetScriptVars] OK setting fields for: SeaCow
[22:42:24.672] [info] [MonoDbg] AddEntityToScript - Instantiating and adding script: HP to Entity ID: -5
[22:42:24.672] [info] [SetScriptVars] OK setting fields for: HP
[22:42:24.672] [info] [MonoDbg] AddEntityToScript - Syncing serialized fields for script: HP
[22:42:24.672] [info] [SetScriptVars] OK setting fields for: HP
[22:42:24.673] [info] [MonoDbg] AddEntityToScript - Instantiating and adding script: ParticleOffset to Entity ID: -5
[22:42:24.673] [info] [SetScriptVars] no group for scriptName: ParticleOffset  groups: 10
[22:42:24.673] [info] [MonoDbg] AddEntityToScript - Syncing serialized fields for script: ParticleOffset
[22:42:24.673] [info] [SetScriptVars] no group for scriptName: ParticleOffset  groups: 10
[22:42:24.673] [info] [MonoDbg] AddEntityToScript - Instantiating and adding script: AttackCollision to Entity ID: -5
[22:42:24.673] [info] [SetScriptVars] OK setting fields for: AttackCollision
[22:42:24.673] [info] [MonoDbg] AddEntityToScript - Syncing serialized fields for script: AttackCollision
[22:42:24.673] [info] [SetScriptVars] OK setting fields for: AttackCollision
[22:42:24.674] [info] [MonoDbg] AddEntityToScript - Instantiating and adding script: ExpDropper to Entity ID: -5
[22:42:24.674] [info] [SetScriptVars] OK setting fields for: ExpDropper
[22:42:24.674] [info] [MonoDbg] AddEntityToScript - Syncing serialized fields for script: ExpDropper
[22:42:24.674] [info] [SetScriptVars] OK setting fields for: ExpDropper
[22:42:24.674] [info] [MonoDbg] AddEntityToScript - Instantiating and adding script: DespawnTimer to Entity ID: -5
[22:42:24.675] [info] [SetScriptVars] OK setting fields for: DespawnTimer
[22:42:24.675] [info] [MonoDbg] AddEntityToScript - Syncing serialized fields for script: DespawnTimer
[22:42:24.675] [info] [SetScriptVars] OK setting fields for: DespawnTimer
[22:42:24.675] [info] [MonoDbg] AddEntityToScript - Instantiating and adding script: FlashOnDamaged to Entity ID: -5
[22:42:24.675] [info] [SetScriptVars] OK setting fields for: FlashOnDamaged
[22:42:24.675] [info] [MonoDbg] AddEntityToScript - Syncing serialized fields for script: FlashOnDamaged
[22:42:24.676] [info] [SetScriptVars] OK setting fields for: FlashOnDamaged
[22:42:24.676] [info] [MonoDbg] AddEntityToScript - Instantiating and adding script: ShakeSelfOnDamaged to Entity ID: -5
[22:42:24.676] [info] [SetScriptVars] OK setting fields for: ShakeSelfOnDamaged
[22:42:24.676] [info] [MonoDbg] AddEntityToScript - Syncing serialized fields for script: ShakeSelfOnDamaged
[22:42:24.676] [info] [SetScriptVars] OK setting fields for: ShakeSelfOnDamaged
[22:42:24.679] [info] [SOURCE_DETECTOR] C# requested CreateEntity: Prefab = enemySwimParticle
[22:42:24.679] [info] [SOURCE_DETECTOR] Engine creating Entity (Internal)
[22:42:24.679] [info] [CPP ECS] FromJson - Adding component 'Transform' to entity 'enemySwimParticle'
[22:42:24.679] [info] [CPP ECS] FromJson - Adding component 'Variables' to entity 'enemySwimParticle'
[22:42:24.680] [info] [CPP ECS] FromJson - Adding component 'ParticleSystem2D' to entity 'enemySwimParticle'
[22:42:24.748] [info] [SOURCE_DETECTOR] C# requested CreateEntity: Prefab = playerDashParticle
[22:42:24.749] [info] [SOURCE_DETECTOR] Engine creating Entity (Internal)
[22:42:24.749] [info] [CPP ECS] FromJson - Adding component 'Transform' to entity 'playerDashParticle'
[22:42:24.749] [info] [CPP ECS] FromJson - Adding component 'Variables' to entity 'playerDashParticle'
[22:42:24.749] [info] [CPP ECS] FromJson - Adding component 'ParticleSystem2D' to entity 'playerDashParticle'
[22:42:25.648] [info] [SOURCE_DETECTOR] C# requested CreateEntity: Prefab = MorayEel
[22:42:25.648] [info] [SOURCE_DETECTOR] Engine creating Entity (Internal)
[22:42:25.648] [info] [CPP ECS] FromJson - Adding component 'Transform' to entity 'MorayEel'
[22:42:25.648] [info] [CPP ECS] FromJson - Adding component 'CircleCollider' to entity 'MorayEel'
[22:42:25.648] [info] [CPP ECS] FromJson - Adding component 'Variables' to entity 'MorayEel'
[22:42:25.649] [info] [CPP ECS] FromJson - Adding component 'Script' to entity 'MorayEel'
[22:42:25.649] [info] [CPP ECS] FromJson - Adding component 'SpriteRenderer' to entity 'MorayEel'
[22:42:25.649] [info] [CPP ECS] FromJson - Adding component 'Rigidbody2D' to entity 'MorayEel'
[22:42:25.650] [info] Collision Enter 2D Event Invoked
[22:42:25.650] [info] Collision Enter 2D Event Invoked
[22:42:25.650] [info] Collision Enter 2D Event Invoked
[22:42:25.650] [info] Collision Enter 2D Event Invoked
[22:42:25.664] [info] [MonoDbg] AddEntityToScript - Instantiating and adding script: SpriteAnimation to Entity ID: -8
[22:42:25.664] [info] [SetScriptVars] OK setting fields for: SpriteAnimation
[22:42:25.665] [info] [MonoDbg] AddEntityToScript - Syncing serialized fields for script: SpriteAnimation
[22:42:25.665] [info] [SetScriptVars] OK setting fields for: SpriteAnimation
[22:42:25.665] [info] [MonoDbg] AddEntityToScript - Instantiating and adding script: MorayEelSpawnMove to Entity ID: -8
[22:42:25.665] [info] [SetScriptVars] OK setting fields for: MorayEelSpawnMove
[22:42:25.666] [info] [MonoDbg] AddEntityToScript - Syncing serialized fields for script: MorayEelSpawnMove
[22:42:25.666] [info] [SetScriptVars] OK setting fields for: MorayEelSpawnMove
[22:42:25.666] [info] [MonoDbg] AddEntityToScript - Instantiating and adding script: ChaseController to Entity ID: -8
[22:42:25.666] [info] [SetScriptVars] OK setting fields for: ChaseController
[22:42:25.666] [info] [MonoDbg] AddEntityToScript - Syncing serialized fields for script: ChaseController
[22:42:25.666] [info] [SetScriptVars] OK setting fields for: ChaseController
[22:42:25.667] [info] [MonoDbg] AddEntityToScript - Instantiating and adding script: ChaseAnimation to Entity ID: -8
[22:42:25.667] [info] [SetScriptVars] OK setting fields for: ChaseAnimation
[22:42:25.667] [info] [MonoDbg] AddEntityToScript - Syncing serialized fields for script: ChaseAnimation
[22:42:25.667] [info] [SetScriptVars] OK setting fields for: ChaseAnimation
[22:42:25.667] [info] [MonoDbg] AddEntityToScript - Instantiating and adding script: SmallFryChaseMove to Entity ID: -8
[22:42:25.668] [info] [SetScriptVars] OK setting fields for: SmallFryChaseMove
[22:42:25.668] [info] [MonoDbg] AddEntityToScript - Syncing serialized fields for script: SmallFryChaseMove
[22:42:25.668] [info] [SetScriptVars] OK setting fields for: SmallFryChaseMove
[22:42:25.668] [info] [MonoDbg] AddEntityToScript - Instantiating and adding script: TargetFacingFlip to Entity ID: -8
[22:42:25.668] [info] [SetScriptVars] OK setting fields for: TargetFacingFlip
[22:42:25.668] [info] [MonoDbg] AddEntityToScript - Syncing serialized fields for script: TargetFacingFlip
[22:42:25.668] [info] [SetScriptVars] OK setting fields for: TargetFacingFlip
[22:42:25.669] [info] [MonoDbg] AddEntityToScript - Instantiating and adding script: MorayEel to Entity ID: -8
[22:42:25.669] [info] [SetScriptVars] OK setting fields for: MorayEel
[22:42:25.669] [info] [MonoDbg] AddEntityToScript - Syncing serialized fields for script: MorayEel
[22:42:25.669] [info] [SetScriptVars] OK setting fields for: MorayEel
[22:42:25.669] [info] [MonoDbg] AddEntityToScript - Instantiating and adding script: HP to Entity ID: -8
[22:42:25.669] [info] [SetScriptVars] OK setting fields for: HP
[22:42:25.670] [info] [MonoDbg] AddEntityToScript - Syncing serialized fields for script: HP
[22:42:25.670] [info] [SetScriptVars] OK setting fields for: HP
[22:42:25.670] [info] [MonoDbg] AddEntityToScript - Instantiating and adding script: DespawnTimer to Entity ID: -8
[22:42:25.670] [info] [SetScriptVars] OK setting fields for: DespawnTimer
[22:42:25.670] [info] [MonoDbg] AddEntityToScript - Syncing serialized fields for script: DespawnTimer
[22:42:25.670] [info] [SetScriptVars] OK setting fields for: DespawnTimer
[22:42:25.670] [info] [MonoDbg] AddEntityToScript - Instantiating and adding script: ExpDropper to Entity ID: -8
[22:42:25.670] [info] [SetScriptVars] OK setting fields for: ExpDropper
[22:42:25.671] [info] [MonoDbg] AddEntityToScript - Syncing serialized fields for script: ExpDropper
[22:42:25.671] [info] [SetScriptVars] OK setting fields for: ExpDropper
[22:42:25.671] [info] [MonoDbg] AddEntityToScript - Instantiating and adding script: ParticleOffset to Entity ID: -8
[22:42:25.671] [info] [SetScriptVars] OK setting fields for: ParticleOffset
[22:42:25.671] [info] [MonoDbg] AddEntityToScript - Syncing serialized fields for script: ParticleOffset
[22:42:25.671] [info] [SetScriptVars] OK setting fields for: ParticleOffset
[22:42:25.671] [info] [MonoDbg] AddEntityToScript - Instantiating and adding script: AttackCollision to Entity ID: -8
[22:42:25.672] [info] [SetScriptVars] OK setting fields for: AttackCollision
[22:42:25.672] [info] [MonoDbg] AddEntityToScript - Syncing serialized fields for script: AttackCollision
[22:42:25.672] [info] [SetScriptVars] OK setting fields for: AttackCollision
[22:42:25.672] [info] [MonoDbg] AddEntityToScript - Instantiating and adding script: FlashOnDamaged to Entity ID: -8
[22:42:25.672] [info] [SetScriptVars] OK setting fields for: FlashOnDamaged
[22:42:25.672] [info] [MonoDbg] AddEntityToScript - Syncing serialized fields for script: FlashOnDamaged
[22:42:25.672] [info] [SetScriptVars] OK setting fields for: FlashOnDamaged
[22:42:25.673] [info] [MonoDbg] AddEntityToScript - Instantiating and adding script: ShakeSelfOnDamaged to Entity ID: -8
[22:42:25.673] [info] [SetScriptVars] OK setting fields for: ShakeSelfOnDamaged
[22:42:25.673] [info] [MonoDbg] AddEntityToScript - Syncing serialized fields for script: ShakeSelfOnDamaged
[22:42:25.673] [info] [SetScriptVars] OK setting fields for: ShakeSelfOnDamaged
[22:42:25.675] [info] [SOURCE_DETECTOR] C# requested CreateEntity: Prefab = enemySwimParticle
[22:42:25.675] [info] [SOURCE_DETECTOR] Engine creating Entity (Internal)
[22:42:25.675] [info] [CPP ECS] FromJson - Adding component 'Transform' to entity 'enemySwimParticle'
[22:42:25.676] [info] [CPP ECS] FromJson - Adding component 'Variables' to entity 'enemySwimParticle'
[22:42:25.676] [info] [CPP ECS] FromJson - Adding component 'ParticleSystem2D' to entity 'enemySwimParticle'
[22:42:25.981] [info] Collision Exit 2D Event Invoked
[22:42:25.982] [info] Collision Exit 2D Event Invoked
[22:42:25.982] [info] Collision Exit 2D Event Invoked
[22:42:25.982] [info] Collision Exit 2D Event Invoked
[22:42:25.982] [info] Collision Exit 2D Event Invoked
[22:42:25.982] [info] Collision Exit 2D Event Invoked
[22:42:25.983] [info] Collision Exit 2D Event Invoked
[22:42:25.983] [info] Collision Exit 2D Event Invoked
[22:42:25.983] [info] Collision Exit 2D Event Invoked
[22:42:25.983] [info] Collision Exit 2D Event Invoked
[22:42:25.983] [info] Collision Exit 2D Event Invoked
[22:42:25.983] [info] Collision Exit 2D Event Invoked
[22:42:25.983] [info] Collision Exit 2D Event Invoked
[22:42:25.984] [info] Collision Exit 2D Event Invoked
[22:42:25.984] [info] Collision Exit 2D Event Invoked
[22:42:25.984] [info] Collision Exit 2D Event Invoked
[22:42:25.984] [info] Collision Exit 2D Event Invoked
[22:42:25.984] [info] Collision Exit 2D Event Invoked
[22:42:26.347] [info] Collision Exit 2D Event Invoked
[22:42:26.348] [info] Collision Exit 2D Event Invoked
[22:42:26.348] [info] Collision Exit 2D Event Invoked
[22:42:26.348] [info] Collision Exit 2D Event Invoked
[22:42:26.348] [info] Collision Exit 2D Event Invoked
[22:42:26.348] [info] Collision Exit 2D Event Invoked
[22:42:26.348] [info] Collision Exit 2D Event Invoked
[22:42:26.349] [info] Collision Exit 2D Event Invoked
[22:42:26.349] [info] Collision Exit 2D Event Invoked
[22:42:26.349] [info] Collision Exit 2D Event Invoked
[22:42:26.349] [info] Collision Exit 2D Event Invoked
[22:42:26.349] [info] Collision Exit 2D Event Invoked
[22:42:26.349] [info] Collision Exit 2D Event Invoked
[22:42:26.349] [info] Collision Exit 2D Event Invoked
[22:42:26.349] [info] Collision Exit 2D Event Invoked
[22:42:26.664] [info] [SOURCE_DETECTOR] C# requested CreateEntity: Prefab = SpikeFish
[22:42:26.665] [info] [SOURCE_DETECTOR] Engine creating Entity (Internal)
[22:42:26.665] [info] [CPP ECS] FromJson - Adding component 'Transform' to entity 'SpikeFish'
[22:42:26.665] [info] [CPP ECS] FromJson - Adding component 'CircleCollider' to entity 'SpikeFish'
[22:42:26.665] [info] [CPP ECS] FromJson - Adding component 'Variables' to entity 'SpikeFish'
[22:42:26.665] [info] [CPP ECS] FromJson - Adding component 'Script' to entity 'SpikeFish'
[22:42:26.665] [info] [CPP ECS] FromJson - Adding component 'SpriteRenderer' to entity 'SpikeFish'
[22:42:26.666] [info] [CPP ECS] FromJson - Adding component 'Rigidbody2D' to entity 'SpikeFish'
[22:42:26.666] [info] [SOURCE_DETECTOR] Engine creating Entity (Internal)
[22:42:26.666] [info] [CPP ECS] FromJson - Adding component 'Transform' to entity 'SpikeFishAroundNeedle'
[22:42:26.666] [info] [CPP ECS] FromJson - Adding component 'Variables' to entity 'SpikeFishAroundNeedle'
[22:42:26.666] [info] [CPP ECS] FromJson - Adding component 'Script' to entity 'SpikeFishAroundNeedle'
[22:42:26.666] [info] [CPP ECS] FromJson - Adding component 'SpriteRenderer' to entity 'SpikeFishAroundNeedle'
[22:42:26.667] [info] Collision Enter 2D Event Invoked
[22:42:26.667] [info] Collision Enter 2D Event Invoked
[22:42:26.667] [info] Collision Enter 2D Event Invoked
[22:42:26.667] [info] Collision Enter 2D Event Invoked
[22:42:26.680] [info] [MonoDbg] AddEntityToScript - Instantiating and adding script: SmallFryChaseMove to Entity ID: -7
[22:42:26.681] [info] [SetScriptVars] OK setting fields for: SmallFryChaseMove
[22:42:26.681] [info] [MonoDbg] AddEntityToScript - Syncing serialized fields for script: SmallFryChaseMove
[22:42:26.681] [info] [SetScriptVars] OK setting fields for: SmallFryChaseMove
[22:42:26.681] [info] [MonoDbg] AddEntityToScript - Instantiating and adding script: ChaseController to Entity ID: -7
[22:42:26.681] [info] [SetScriptVars] OK setting fields for: ChaseController
[22:42:26.681] [info] [MonoDbg] AddEntityToScript - Syncing serialized fields for script: ChaseController
[22:42:26.681] [info] [SetScriptVars] OK setting fields for: ChaseController
[22:42:26.682] [info] [MonoDbg] AddEntityToScript - Instantiating and adding script: TargetRangeDetector to Entity ID: -7
[22:42:26.682] [info] [SetScriptVars] OK setting fields for: TargetRangeDetector
[22:42:26.682] [info] [MonoDbg] AddEntityToScript - Syncing serialized fields for script: TargetRangeDetector
[22:42:26.682] [info] [SetScriptVars] OK setting fields for: TargetRangeDetector
[22:42:26.683] [info] [MonoDbg] AddEntityToScript - Instantiating and adding script: SpikeFishAttack to Entity ID: -7
[22:42:26.683] [info] [SetScriptVars] OK setting fields for: SpikeFishAttack
[22:42:26.683] [info] [MonoDbg] AddEntityToScript - Syncing serialized fields for script: SpikeFishAttack
[22:42:26.683] [info] [SetScriptVars] OK setting fields for: SpikeFishAttack
[22:42:26.683] [info] [MonoDbg] AddEntityToScript - Instantiating and adding script: SpriteAnimation to Entity ID: -7
[22:42:26.684] [info] [SetScriptVars] OK setting fields for: SpriteAnimation
[22:42:26.684] [info] [MonoDbg] AddEntityToScript - Syncing serialized fields for script: SpriteAnimation
[22:42:26.684] [info] [SetScriptVars] OK setting fields for: SpriteAnimation
[22:42:26.684] [info] [MonoDbg] AddEntityToScript - Instantiating and adding script: SpikeFish to Entity ID: -7
[22:42:26.684] [info] [SetScriptVars] OK setting fields for: SpikeFish
[22:42:26.684] [info] [MonoDbg] AddEntityToScript - Syncing serialized fields for script: SpikeFish
[22:42:26.685] [info] [SetScriptVars] OK setting fields for: SpikeFish
[22:42:26.685] [info] [MonoDbg] AddEntityToScript - Instantiating and adding script: AttackCollision to Entity ID: -7
[22:42:26.685] [info] [SetScriptVars] OK setting fields for: AttackCollision
[22:42:26.685] [info] [MonoDbg] AddEntityToScript - Syncing serialized fields for script: AttackCollision
[22:42:26.685] [info] [SetScriptVars] OK setting fields for: AttackCollision
[22:42:26.685] [info] [MonoDbg] AddEntityToScript - Instantiating and adding script: HP to Entity ID: -7
[22:42:26.685] [info] [SetScriptVars] OK setting fields for: HP
[22:42:26.686] [info] [MonoDbg] AddEntityToScript - Syncing serialized fields for script: HP
[22:42:26.686] [info] [SetScriptVars] OK setting fields for: HP
[22:42:26.686] [info] [MonoDbg] AddEntityToScript - Instantiating and adding script: ExpDropper to Entity ID: -7
[22:42:26.686] [info] [SetScriptVars] OK setting fields for: ExpDropper
[22:42:26.686] [info] [MonoDbg] AddEntityToScript - Syncing serialized fields for script: ExpDropper
[22:42:26.686] [info] [SetScriptVars] OK setting fields for: ExpDropper
[22:42:26.686] [info] [MonoDbg] AddEntityToScript - Instantiating and adding script: DespawnTimer to Entity ID: -7
[22:42:26.687] [info] [SetScriptVars] OK setting fields for: DespawnTimer
[22:42:26.687] [info] [MonoDbg] AddEntityToScript - Syncing serialized fields for script: DespawnTimer
[22:42:26.687] [info] [SetScriptVars] OK setting fields for: DespawnTimer
[22:42:26.687] [info] [MonoDbg] AddEntityToScript - Instantiating and adding script: FlashOnDamaged to Entity ID: -7
[22:42:26.687] [info] [SetScriptVars] OK setting fields for: FlashOnDamaged
[22:42:26.687] [info] [MonoDbg] AddEntityToScript - Syncing serialized fields for script: FlashOnDamaged
[22:42:26.687] [info] [SetScriptVars] OK setting fields for: FlashOnDamaged
[22:42:26.688] [info] [MonoDbg] AddEntityToScript - Instantiating and adding script: ShakeSelfOnDamaged to Entity ID: -7
[22:42:26.688] [info] [SetScriptVars] OK setting fields for: ShakeSelfOnDamaged
[22:42:26.688] [info] [MonoDbg] AddEntityToScript - Syncing serialized fields for script: ShakeSelfOnDamaged
[22:42:26.688] [info] [SetScriptVars] OK setting fields for: ShakeSelfOnDamaged
[22:42:26.688] [info] [MonoDbg] AddEntityToScript - Instantiating and adding script: SpikeFishAroundNeedle to Entity ID: -10
[22:42:26.689] [info] [SetScriptVars] OK setting fields for: SpikeFishAroundNeedle
[22:42:26.689] [info] [MonoDbg] AddEntityToScript - Syncing serialized fields for script: SpikeFishAroundNeedle
[22:42:26.689] [info] [SetScriptVars] OK setting fields for: SpikeFishAroundNeedle
[22:42:27.231] [info] [SOURCE_DETECTOR] C# requested CreateEntity: Prefab = playerDashParticle
[22:42:27.231] [info] [SOURCE_DETECTOR] Engine creating Entity (Internal)
[22:42:27.231] [info] [CPP ECS] FromJson - Adding component 'Transform' to entity 'playerDashParticle'
[22:42:27.231] [info] [CPP ECS] FromJson - Adding component 'Variables' to entity 'playerDashParticle'
[22:42:27.232] [info] [CPP ECS] FromJson - Adding component 'ParticleSystem2D' to entity 'playerDashParticle'
[22:42:27.648] [info] [SOURCE_DETECTOR] C# requested CreateEntity: Prefab = MorayEel
[22:42:27.648] [info] [SOURCE_DETECTOR] Engine creating Entity (Internal)
[22:42:27.648] [info] [CPP ECS] FromJson - Adding component 'Transform' to entity 'MorayEel'
[22:42:27.649] [info] [CPP ECS] FromJson - Adding component 'CircleCollider' to entity 'MorayEel'
[22:42:27.649] [info] [CPP ECS] FromJson - Adding component 'Variables' to entity 'MorayEel'
[22:42:27.649] [info] [CPP ECS] FromJson - Adding component 'Script' to entity 'MorayEel'
[22:42:27.649] [info] [CPP ECS] FromJson - Adding component 'SpriteRenderer' to entity 'MorayEel'
[22:42:27.649] [info] [CPP ECS] FromJson - Adding component 'Rigidbody2D' to entity 'MorayEel'
[22:42:27.650] [info] Collision Enter 2D Event Invoked
[22:42:27.650] [info] Collision Enter 2D Event Invoked
[22:42:27.650] [info] Collision Enter 2D Event Invoked
[22:42:27.650] [info] Collision Enter 2D Event Invoked
[22:42:27.664] [info] [MonoDbg] AddEntityToScript - Instantiating and adding script: SpriteAnimation to Entity ID: -12
[22:42:27.664] [info] [SetScriptVars] OK setting fields for: SpriteAnimation
[22:42:27.664] [info] [MonoDbg] AddEntityToScript - Syncing serialized fields for script: SpriteAnimation
[22:42:27.665] [info] [SetScriptVars] OK setting fields for: SpriteAnimation
[22:42:27.665] [info] [MonoDbg] AddEntityToScript - Instantiating and adding script: MorayEelSpawnMove to Entity ID: -12
[22:42:27.665] [info] [SetScriptVars] OK setting fields for: MorayEelSpawnMove
[22:42:27.665] [info] [MonoDbg] AddEntityToScript - Syncing serialized fields for script: MorayEelSpawnMove
[22:42:27.665] [info] [SetScriptVars] OK setting fields for: MorayEelSpawnMove
[22:42:27.665] [info] [MonoDbg] AddEntityToScript - Instantiating and adding script: ChaseController to Entity ID: -12
[22:42:27.666] [info] [SetScriptVars] OK setting fields for: ChaseController
[22:42:27.666] [info] [MonoDbg] AddEntityToScript - Syncing serialized fields for script: ChaseController
[22:42:27.666] [info] [SetScriptVars] OK setting fields for: ChaseController
[22:42:27.666] [info] [MonoDbg] AddEntityToScript - Instantiating and adding script: ChaseAnimation to Entity ID: -12
[22:42:27.666] [info] [SetScriptVars] OK setting fields for: ChaseAnimation
[22:42:27.666] [info] [MonoDbg] AddEntityToScript - Syncing serialized fields for script: ChaseAnimation
[22:42:27.667] [info] [SetScriptVars] OK setting fields for: ChaseAnimation
[22:42:27.667] [info] [MonoDbg] AddEntityToScript - Instantiating and adding script: SmallFryChaseMove to Entity ID: -12
[22:42:27.667] [info] [SetScriptVars] OK setting fields for: SmallFryChaseMove
[22:42:27.667] [info] [MonoDbg] AddEntityToScript - Syncing serialized fields for script: SmallFryChaseMove
[22:42:27.667] [info] [SetScriptVars] OK setting fields for: SmallFryChaseMove
[22:42:27.667] [info] [MonoDbg] AddEntityToScript - Instantiating and adding script: TargetFacingFlip to Entity ID: -12
[22:42:27.668] [info] [SetScriptVars] OK setting fields for: TargetFacingFlip
[22:42:27.668] [info] [MonoDbg] AddEntityToScript - Syncing serialized fields for script: TargetFacingFlip
[22:42:27.668] [info] [SetScriptVars] OK setting fields for: TargetFacingFlip
[22:42:27.668] [info] [MonoDbg] AddEntityToScript - Instantiating and adding script: MorayEel to Entity ID: -12
[22:42:27.668] [info] [SetScriptVars] OK setting fields for: MorayEel
[22:42:27.668] [info] [MonoDbg] AddEntityToScript - Syncing serialized fields for script: MorayEel
[22:42:27.668] [info] [SetScriptVars] OK setting fields for: MorayEel
[22:42:27.669] [info] [MonoDbg] AddEntityToScript - Instantiating and adding script: HP to Entity ID: -12
[22:42:27.669] [info] [SetScriptVars] OK setting fields for: HP
[22:42:27.669] [info] [MonoDbg] AddEntityToScript - Syncing serialized fields for script: HP
[22:42:27.669] [info] [SetScriptVars] OK setting fields for: HP
[22:42:27.669] [info] [MonoDbg] AddEntityToScript - Instantiating and adding script: DespawnTimer to Entity ID: -12
[22:42:27.669] [info] [SetScriptVars] OK setting fields for: DespawnTimer
[22:42:27.670] [info] [MonoDbg] AddEntityToScript - Syncing serialized fields for script: DespawnTimer
[22:42:27.670] [info] [SetScriptVars] OK setting fields for: DespawnTimer
[22:42:27.670] [info] [MonoDbg] AddEntityToScript - Instantiating and adding script: ExpDropper to Entity ID: -12
[22:42:27.670] [info] [SetScriptVars] OK setting fields for: ExpDropper
[22:42:27.670] [info] [MonoDbg] AddEntityToScript - Syncing serialized fields for script: ExpDropper
[22:42:27.670] [info] [SetScriptVars] OK setting fields for: ExpDropper
[22:42:27.670] [info] [MonoDbg] AddEntityToScript - Instantiating and adding script: ParticleOffset to Entity ID: -12
[22:42:27.671] [info] [SetScriptVars] OK setting fields for: ParticleOffset
[22:42:27.671] [info] [MonoDbg] AddEntityToScript - Syncing serialized fields for script: ParticleOffset
[22:42:27.671] [info] [SetScriptVars] OK setting fields for: ParticleOffset
[22:42:27.671] [info] [MonoDbg] AddEntityToScript - Instantiating and adding script: AttackCollision to Entity ID: -12
[22:42:27.671] [info] [SetScriptVars] OK setting fields for: AttackCollision
[22:42:27.671] [info] [MonoDbg] AddEntityToScript - Syncing serialized fields for script: AttackCollision
[22:42:27.672] [info] [SetScriptVars] OK setting fields for: AttackCollision
[22:42:27.672] [info] [MonoDbg] AddEntityToScript - Instantiating and adding script: FlashOnDamaged to Entity ID: -12
[22:42:27.672] [info] [SetScriptVars] OK setting fields for: FlashOnDamaged
[22:42:27.672] [info] [MonoDbg] AddEntityToScript - Syncing serialized fields for script: FlashOnDamaged
[22:42:27.672] [info] [SetScriptVars] OK setting fields for: FlashOnDamaged
[22:42:27.672] [info] [MonoDbg] AddEntityToScript - Instantiating and adding script: ShakeSelfOnDamaged to Entity ID: -12
[22:42:27.672] [info] [SetScriptVars] OK setting fields for: ShakeSelfOnDamaged
[22:42:27.673] [info] [MonoDbg] AddEntityToScript - Syncing serialized fields for script: ShakeSelfOnDamaged
[22:42:27.673] [info] [SetScriptVars] OK setting fields for: ShakeSelfOnDamaged
[22:42:27.673] [info] [SOURCE_DETECTOR] C# requested CreateEntity: Prefab = enemySwimParticle
[22:42:27.673] [info] [SOURCE_DETECTOR] Engine creating Entity (Internal)
[22:42:27.674] [info] [CPP ECS] FromJson - Adding component 'Transform' to entity 'enemySwimParticle'
[22:42:27.674] [info] [CPP ECS] FromJson - Adding component 'Variables' to entity 'enemySwimParticle'
[22:42:27.674] [info] [CPP ECS] FromJson - Adding component 'ParticleSystem2D' to entity 'enemySwimParticle'
[22:42:27.998] [info] Collision Enter 2D Event Invoked
[22:42:27.998] [info] Collision Enter 2D Event Invoked
[22:42:27.998] [info] Collision Enter 2D Event Invoked
[22:42:27.998] [info] Collision Enter 2D Event Invoked
[22:42:27.999] [info] Collision Enter 2D Event Invoked
[22:42:27.999] [info] Collision Enter 2D Event Invoked
[22:42:27.999] [info] Collision Enter 2D Event Invoked
[22:42:27.999] [info] Collision Enter 2D Event Invoked
[22:42:27.999] [info] Collision Enter 2D Event Invoked
[22:42:27.999] [info] Collision Enter 2D Event Invoked
[22:42:28.000] [info] Collision Enter 2D Event Invoked
[22:42:28.001] [info] Collision Enter 2D Event Invoked
[22:42:28.001] [info] Collision Enter 2D Event Invoked
[22:42:28.001] [info] Collision Enter 2D Event Invoked
[22:42:28.001] [info] Collision Enter 2D Event Invoked
[22:42:28.001] [info] Collision Enter 2D Event Invoked
[22:42:28.001] [info] Collision Enter 2D Event Invoked
[22:42:28.001] [info] Collision Enter 2D Event Invoked
[22:42:28.664] [info] [SOURCE_DETECTOR] C# requested CreateEntity: Prefab = MorayEelPot
[22:42:28.664] [info] [SOURCE_DETECTOR] Engine creating Entity (Internal)
[22:42:28.665] [info] [CPP ECS] FromJson - Adding component 'Transform' to entity 'MorayEelPot'
[22:42:28.665] [info] [CPP ECS] FromJson - Adding component 'CircleCollider' to entity 'MorayEelPot'
[22:42:28.665] [info] [CPP ECS] FromJson - Adding component 'Variables' to entity 'MorayEelPot'
[22:42:28.665] [info] [CPP ECS] FromJson - Adding component 'Script' to entity 'MorayEelPot'
[22:42:28.665] [info] [CPP ECS] FromJson - Adding component 'SpriteRenderer' to entity 'MorayEelPot'
[22:42:28.665] [info] [CPP ECS] FromJson - Adding component 'Rigidbody2D' to entity 'MorayEelPot'
[22:42:28.666] [info] Collision Enter 2D Event Invoked
[22:42:28.666] [info] Collision Enter 2D Event Invoked
[22:42:28.666] [info] Collision Enter 2D Event Invoked
[22:42:28.666] [info] Collision Enter 2D Event Invoked
[22:42:28.681] [info] [MonoDbg] AddEntityToScript - Instantiating and adding script: MorayEelPot to Entity ID: -14
[22:42:28.681] [info] [SetScriptVars] OK setting fields for: MorayEelPot
[22:42:28.681] [info] [MonoDbg] AddEntityToScript - Syncing serialized fields for script: MorayEelPot
[22:42:28.682] [info] [SetScriptVars] OK setting fields for: MorayEelPot
[22:42:28.682] [info] [MonoDbg] AddEntityToScript - Instantiating and adding script: DespawnTimer to Entity ID: -14
[22:42:28.682] [info] [SetScriptVars] OK setting fields for: DespawnTimer
[22:42:28.682] [info] [MonoDbg] AddEntityToScript - Syncing serialized fields for script: DespawnTimer
[22:42:28.682] [info] [SetScriptVars] OK setting fields for: DespawnTimer
[22:42:28.682] [info] [MonoDbg] AddEntityToScript - Instantiating and adding script: AttackCollision to Entity ID: -14
[22:42:28.683] [info] [SetScriptVars] OK setting fields for: AttackCollision
[22:42:28.683] [info] [MonoDbg] AddEntityToScript - Syncing serialized fields for script: AttackCollision
[22:42:28.683] [info] [SetScriptVars] OK setting fields for: AttackCollision
[22:42:28.683] [info] [MonoDbg] AddEntityToScript - Instantiating and adding script: HP to Entity ID: -14
[22:42:28.683] [info] [SetScriptVars] OK setting fields for: HP
[22:42:28.683] [info] [MonoDbg] AddEntityToScript - Syncing serialized fields for script: HP
[22:42:28.683] [info] [SetScriptVars] OK setting fields for: HP
[22:42:28.684] [info] [MonoDbg] AddEntityToScript - Instantiating and adding script: ExpDropper to Entity ID: -14
[22:42:28.684] [info] [SetScriptVars] OK setting fields for: ExpDropper
[22:42:28.684] [info] [MonoDbg] AddEntityToScript - Syncing serialized fields for script: ExpDropper
[22:42:28.684] [info] [SetScriptVars] OK setting fields for: ExpDropper
[22:42:28.684] [info] [MonoDbg] AddEntityToScript - Instantiating and adding script: FlashOnDamaged to Entity ID: -14
[22:42:28.684] [info] [SetScriptVars] OK setting fields for: FlashOnDamaged
[22:42:28.684] [info] [MonoDbg] AddEntityToScript - Syncing serialized fields for script: FlashOnDamaged
[22:42:28.685] [info] [SetScriptVars] OK setting fields for: FlashOnDamaged
[22:42:28.685] [info] [MonoDbg] AddEntityToScript - Instantiating and adding script: ShakeSelfOnDamaged to Entity ID: -14
[22:42:28.685] [info] [SetScriptVars] OK setting fields for: ShakeSelfOnDamaged
[22:42:28.685] [info] [MonoDbg] AddEntityToScript - Syncing serialized fields for script: ShakeSelfOnDamaged
[22:42:28.685] [info] [SetScriptVars] OK setting fields for: ShakeSelfOnDamaged
[22:42:28.998] [info] Collision Exit 2D Event Invoked
[22:42:28.998] [info] Collision Exit 2D Event Invoked
[22:42:28.998] [info] Collision Exit 2D Event Invoked
[22:42:28.999] [info] Collision Exit 2D Event Invoked
[22:42:28.999] [info] Collision Exit 2D Event Invoked
[22:42:28.999] [info] Collision Exit 2D Event Invoked
[22:42:28.999] [info] Collision Exit 2D Event Invoked
[22:42:28.999] [info] Collision Exit 2D Event Invoked
[22:42:28.999] [info] Collision Exit 2D Event Invoked
[22:42:29.000] [info] Collision Exit 2D Event Invoked
[22:42:29.000] [info] Collision Exit 2D Event Invoked
[22:42:29.647] [info] [SOURCE_DETECTOR] C# requested CreateEntity: Prefab = MorayEel
[22:42:29.648] [info] [SOURCE_DETECTOR] Engine creating Entity (Internal)
[22:42:29.648] [info] [CPP ECS] FromJson - Adding component 'Transform' to entity 'MorayEel'
[22:42:29.648] [info] [CPP ECS] FromJson - Adding component 'CircleCollider' to entity 'MorayEel'
[22:42:29.648] [info] [CPP ECS] FromJson - Adding component 'Variables' to entity 'MorayEel'
[22:42:29.648] [info] [CPP ECS] FromJson - Adding component 'Script' to entity 'MorayEel'
[22:42:29.649] [info] [CPP ECS] FromJson - Adding component 'SpriteRenderer' to entity 'MorayEel'
[22:42:29.649] [info] [CPP ECS] FromJson - Adding component 'Rigidbody2D' to entity 'MorayEel'
[22:42:29.650] [info] Collision Enter 2D Event Invoked
[22:42:29.650] [info] Collision Enter 2D Event Invoked
[22:42:29.650] [info] Collision Enter 2D Event Invoked
[22:42:29.650] [info] Collision Enter 2D Event Invoked
[22:42:29.663] [info] [MonoDbg] AddEntityToScript - Instantiating and adding script: SpriteAnimation to Entity ID: -11
[22:42:29.664] [info] [SetScriptVars] OK setting fields for: SpriteAnimation
[22:42:29.664] [info] [MonoDbg] AddEntityToScript - Syncing serialized fields for script: SpriteAnimation
[22:42:29.664] [info] [SetScriptVars] OK setting fields for: SpriteAnimation
[22:42:29.664] [info] [MonoDbg] AddEntityToScript - Instantiating and adding script: MorayEelSpawnMove to Entity ID: -11
[22:42:29.664] [info] [SetScriptVars] OK setting fields for: MorayEelSpawnMove
[22:42:29.665] [info] [MonoDbg] AddEntityToScript - Syncing serialized fields for script: MorayEelSpawnMove
[22:42:29.665] [info] [SetScriptVars] OK setting fields for: MorayEelSpawnMove
[22:42:29.665] [info] [MonoDbg] AddEntityToScript - Instantiating and adding script: ChaseController to Entity ID: -11
[22:42:29.665] [info] [SetScriptVars] OK setting fields for: ChaseController
[22:42:29.665] [info] [MonoDbg] AddEntityToScript - Syncing serialized fields for script: ChaseController
[22:42:29.665] [info] [SetScriptVars] OK setting fields for: ChaseController
[22:42:29.666] [info] [MonoDbg] AddEntityToScript - Instantiating and adding script: ChaseAnimation to Entity ID: -11
[22:42:29.666] [info] [SetScriptVars] OK setting fields for: ChaseAnimation
[22:42:29.666] [info] [MonoDbg] AddEntityToScript - Syncing serialized fields for script: ChaseAnimation
[22:42:29.666] [info] [SetScriptVars] OK setting fields for: ChaseAnimation
[22:42:29.666] [info] [MonoDbg] AddEntityToScript - Instantiating and adding script: SmallFryChaseMove to Entity ID: -11
[22:42:29.667] [info] [SetScriptVars] OK setting fields for: SmallFryChaseMove
[22:42:29.667] [info] [MonoDbg] AddEntityToScript - Syncing serialized fields for script: SmallFryChaseMove
[22:42:29.667] [info] [SetScriptVars] OK setting fields for: SmallFryChaseMove
[22:42:29.667] [info] [MonoDbg] AddEntityToScript - Instantiating and adding script: TargetFacingFlip to Entity ID: -11
[22:42:29.667] [info] [SetScriptVars] OK setting fields for: TargetFacingFlip
[22:42:29.667] [info] [MonoDbg] AddEntityToScript - Syncing serialized fields for script: TargetFacingFlip
[22:42:29.667] [info] [SetScriptVars] OK setting fields for: TargetFacingFlip
[22:42:29.668] [info] [MonoDbg] AddEntityToScript - Instantiating and adding script: MorayEel to Entity ID: -11
[22:42:29.668] [info] [SetScriptVars] OK setting fields for: MorayEel
[22:42:29.668] [info] [MonoDbg] AddEntityToScript - Syncing serialized fields for script: MorayEel
[22:42:29.668] [info] [SetScriptVars] OK setting fields for: MorayEel
[22:42:29.668] [info] [MonoDbg] AddEntityToScript - Instantiating and adding script: HP to Entity ID: -11
[22:42:29.668] [info] [SetScriptVars] OK setting fields for: HP
[22:42:29.669] [info] [MonoDbg] AddEntityToScript - Syncing serialized fields for script: HP
[22:42:29.669] [info] [SetScriptVars] OK setting fields for: HP
[22:42:29.669] [info] [MonoDbg] AddEntityToScript - Instantiating and adding script: DespawnTimer to Entity ID: -11
[22:42:29.669] [info] [SetScriptVars] OK setting fields for: DespawnTimer
[22:42:29.669] [info] [MonoDbg] AddEntityToScript - Syncing serialized fields for script: DespawnTimer
[22:42:29.669] [info] [SetScriptVars] OK setting fields for: DespawnTimer
[22:42:29.669] [info] [MonoDbg] AddEntityToScript - Instantiating and adding script: ExpDropper to Entity ID: -11
[22:42:29.670] [info] [SetScriptVars] OK setting fields for: ExpDropper
[22:42:29.670] [info] [MonoDbg] AddEntityToScript - Syncing serialized fields for script: ExpDropper
[22:42:29.670] [info] [SetScriptVars] OK setting fields for: ExpDropper
[22:42:29.670] [info] [MonoDbg] AddEntityToScript - Instantiating and adding script: ParticleOffset to Entity ID: -11
[22:42:29.670] [info] [SetScriptVars] OK setting fields for: ParticleOffset
[22:42:29.670] [info] [MonoDbg] AddEntityToScript - Syncing serialized fields for script: ParticleOffset
[22:42:29.670] [info] [SetScriptVars] OK setting fields for: ParticleOffset
[22:42:29.671] [info] [MonoDbg] AddEntityToScript - Instantiating and adding script: AttackCollision to Entity ID: -11
[22:42:29.671] [info] [SetScriptVars] OK setting fields for: AttackCollision
[22:42:29.671] [info] [MonoDbg] AddEntityToScript - Syncing serialized fields for script: AttackCollision
[22:42:29.671] [info] [SetScriptVars] OK setting fields for: AttackCollision
[22:42:29.671] [info] [MonoDbg] AddEntityToScript - Instantiating and adding script: FlashOnDamaged to Entity ID: -11
[22:42:29.671] [info] [SetScriptVars] OK setting fields for: FlashOnDamaged
[22:42:29.672] [info] [MonoDbg] AddEntityToScript - Syncing serialized fields for script: FlashOnDamaged
[22:42:29.672] [info] [SetScriptVars] OK setting fields for: FlashOnDamaged
[22:42:29.672] [info] [MonoDbg] AddEntityToScript - Instantiating and adding script: ShakeSelfOnDamaged to Entity ID: -11
[22:42:29.672] [info] [SetScriptVars] OK setting fields for: ShakeSelfOnDamaged
[22:42:29.672] [info] [MonoDbg] AddEntityToScript - Syncing serialized fields for script: ShakeSelfOnDamaged
[22:42:29.672] [info] [SetScriptVars] OK setting fields for: ShakeSelfOnDamaged
[22:42:29.673] [info] [SOURCE_DETECTOR] C# requested CreateEntity: Prefab = enemySwimParticle
[22:42:29.673] [info] [SOURCE_DETECTOR] Engine creating Entity (Internal)
[22:42:29.673] [info] [CPP ECS] FromJson - Adding component 'Transform' to entity 'enemySwimParticle'
[22:42:29.673] [info] [CPP ECS] FromJson - Adding component 'Variables' to entity 'enemySwimParticle'
[22:42:29.673] [info] [CPP ECS] FromJson - Adding component 'ParticleSystem2D' to entity 'enemySwimParticle'
[22:42:29.931] [info] [SOURCE_DETECTOR] C# requested CreateEntity: Prefab = playerDashParticle
[22:42:29.931] [info] [SOURCE_DETECTOR] Engine creating Entity (Internal)
[22:42:29.931] [info] [CPP ECS] FromJson - Adding component 'Transform' to entity 'playerDashParticle'
[22:42:29.931] [info] [CPP ECS] FromJson - Adding component 'Variables' to entity 'playerDashParticle'
[22:42:29.931] [info] [CPP ECS] FromJson - Adding component 'ParticleSystem2D' to entity 'playerDashParticle'
[22:42:30.666] [info] [SOURCE_DETECTOR] C# requested CreateEntity: Prefab = MorayEelPot
[22:42:30.667] [info] [SOURCE_DETECTOR] Engine creating Entity (Internal)
[22:42:30.667] [info] [CPP ECS] FromJson - Adding component 'Transform' to entity 'MorayEelPot'
[22:42:30.667] [info] [CPP ECS] FromJson - Adding component 'CircleCollider' to entity 'MorayEelPot'
[22:42:30.667] [info] [CPP ECS] FromJson - Adding component 'Variables' to entity 'MorayEelPot'
[22:42:30.667] [info] [CPP ECS] FromJson - Adding component 'Script' to entity 'MorayEelPot'
[22:42:30.668] [info] [CPP ECS] FromJson - Adding component 'SpriteRenderer' to entity 'MorayEelPot'
[22:42:30.668] [info] [CPP ECS] FromJson - Adding component 'Rigidbody2D' to entity 'MorayEelPot'
[22:42:30.668] [info] Collision Enter 2D Event Invoked
[22:42:30.669] [info] Collision Enter 2D Event Invoked
[22:42:30.669] [info] Collision Enter 2D Event Invoked
[22:42:30.669] [info] Collision Enter 2D Event Invoked
[22:42:30.682] [info] [MonoDbg] AddEntityToScript - Instantiating and adding script: MorayEelPot to Entity ID: -17
[22:42:30.682] [info] [SetScriptVars] OK setting fields for: MorayEelPot
[22:42:30.682] [info] [MonoDbg] AddEntityToScript - Syncing serialized fields for script: MorayEelPot
[22:42:30.682] [info] [SetScriptVars] OK setting fields for: MorayEelPot
[22:42:30.683] [info] [MonoDbg] AddEntityToScript - Instantiating and adding script: DespawnTimer to Entity ID: -17
[22:42:30.683] [info] [SetScriptVars] OK setting fields for: DespawnTimer
[22:42:30.683] [info] [MonoDbg] AddEntityToScript - Syncing serialized fields for script: DespawnTimer
[22:42:30.683] [info] [SetScriptVars] OK setting fields for: DespawnTimer
[22:42:30.683] [info] [MonoDbg] AddEntityToScript - Instantiating and adding script: AttackCollision to Entity ID: -17
[22:42:30.683] [info] [SetScriptVars] OK setting fields for: AttackCollision
[22:42:30.683] [info] [MonoDbg] AddEntityToScript - Syncing serialized fields for script: AttackCollision
[22:42:30.684] [info] [SetScriptVars] OK setting fields for: AttackCollision
[22:42:30.684] [info] [MonoDbg] AddEntityToScript - Instantiating and adding script: HP to Entity ID: -17
[22:42:30.684] [info] [SetScriptVars] OK setting fields for: HP
[22:42:30.684] [info] [MonoDbg] AddEntityToScript - Syncing serialized fields for script: HP
[22:42:30.684] [info] [SetScriptVars] OK setting fields for: HP
[22:42:30.684] [info] [MonoDbg] AddEntityToScript - Instantiating and adding script: ExpDropper to Entity ID: -17
[22:42:30.684] [info] [SetScriptVars] OK setting fields for: ExpDropper
[22:42:30.685] [info] [MonoDbg] AddEntityToScript - Syncing serialized fields for script: ExpDropper
[22:42:30.685] [info] [SetScriptVars] OK setting fields for: ExpDropper
[22:42:30.685] [info] [MonoDbg] AddEntityToScript - Instantiating and adding script: FlashOnDamaged to Entity ID: -17
[22:42:30.685] [info] [SetScriptVars] OK setting fields for: FlashOnDamaged
[22:42:30.685] [info] [MonoDbg] AddEntityToScript - Syncing serialized fields for script: FlashOnDamaged
[22:42:30.685] [info] [SetScriptVars] OK setting fields for: FlashOnDamaged
[22:42:30.686] [info] [MonoDbg] AddEntityToScript - Instantiating and adding script: ShakeSelfOnDamaged to Entity ID: -17
[22:42:30.686] [info] [SetScriptVars] OK setting fields for: ShakeSelfOnDamaged
[22:42:30.686] [info] [MonoDbg] AddEntityToScript - Syncing serialized fields for script: ShakeSelfOnDamaged
[22:42:30.686] [info] [SetScriptVars] OK setting fields for: ShakeSelfOnDamaged
[22:42:30.781] [info] Collision Enter 2D Event Invoked
[22:42:30.782] [info] Collision Enter 2D Event Invoked
[22:42:30.782] [info] Collision Enter 2D Event Invoked
[22:42:30.782] [info] Collision Enter 2D Event Invoked
[22:42:30.782] [info] Collision Enter 2D Event Invoked
[22:42:30.782] [info] Collision Enter 2D Event Invoked
[22:42:30.783] [info] Collision Enter 2D Event Invoked
[22:42:30.783] [info] Collision Enter 2D Event Invoked
[22:42:30.783] [info] Collision Enter 2D Event Invoked
[22:42:30.783] [info] Collision Enter 2D Event Invoked
[22:42:30.783] [info] Collision Enter 2D Event Invoked
[22:42:31.648] [info] [SOURCE_DETECTOR] C# requested CreateEntity: Prefab = MorayEel
[22:42:31.648] [info] [SOURCE_DETECTOR] Engine creating Entity (Internal)
[22:42:31.649] [info] [CPP ECS] FromJson - Adding component 'Transform' to entity 'MorayEel'
[22:42:31.649] [info] [CPP ECS] FromJson - Adding component 'CircleCollider' to entity 'MorayEel'
[22:42:31.649] [info] [CPP ECS] FromJson - Adding component 'Variables' to entity 'MorayEel'
[22:42:31.649] [info] [CPP ECS] FromJson - Adding component 'Script' to entity 'MorayEel'
[22:42:31.649] [info] [CPP ECS] FromJson - Adding component 'SpriteRenderer' to entity 'MorayEel'
[22:42:31.649] [info] [CPP ECS] FromJson - Adding component 'Rigidbody2D' to entity 'MorayEel'
[22:42:31.650] [info] Collision Enter 2D Event Invoked
[22:42:31.650] [info] Collision Enter 2D Event Invoked
[22:42:31.651] [info] Collision Enter 2D Event Invoked
[22:42:31.651] [info] Collision Enter 2D Event Invoked
[22:42:31.664] [info] [MonoDbg] AddEntityToScript - Instantiating and adding script: SpriteAnimation to Entity ID: -16
[22:42:31.664] [info] [SetScriptVars] OK setting fields for: SpriteAnimation
[22:42:31.664] [info] [MonoDbg] AddEntityToScript - Syncing serialized fields for script: SpriteAnimation
[22:42:31.665] [info] [SetScriptVars] OK setting fields for: SpriteAnimation
[22:42:31.665] [info] [MonoDbg] AddEntityToScript - Instantiating and adding script: MorayEelSpawnMove to Entity ID: -16
[22:42:31.665] [info] [SetScriptVars] OK setting fields for: MorayEelSpawnMove
[22:42:31.665] [info] [MonoDbg] AddEntityToScript - Syncing serialized fields for script: MorayEelSpawnMove
[22:42:31.665] [info] [SetScriptVars] OK setting fields for: MorayEelSpawnMove
[22:42:31.665] [info] [MonoDbg] AddEntityToScript - Instantiating and adding script: ChaseController to Entity ID: -16
[22:42:31.666] [info] [SetScriptVars] OK setting fields for: ChaseController
[22:42:31.666] [info] [MonoDbg] AddEntityToScript - Syncing serialized fields for script: ChaseController
[22:42:31.666] [info] [SetScriptVars] OK setting fields for: ChaseController
[22:42:31.666] [info] [MonoDbg] AddEntityToScript - Instantiating and adding script: ChaseAnimation to Entity ID: -16
[22:42:31.666] [info] [SetScriptVars] OK setting fields for: ChaseAnimation
[22:42:31.666] [info] [MonoDbg] AddEntityToScript - Syncing serialized fields for script: ChaseAnimation
[22:42:31.667] [info] [SetScriptVars] OK setting fields for: ChaseAnimation
[22:42:31.667] [info] [MonoDbg] AddEntityToScript - Instantiating and adding script: SmallFryChaseMove to Entity ID: -16
[22:42:31.667] [info] [SetScriptVars] OK setting fields for: SmallFryChaseMove
[22:42:31.667] [info] [MonoDbg] AddEntityToScript - Syncing serialized fields for script: SmallFryChaseMove
[22:42:31.667] [info] [SetScriptVars] OK setting fields for: SmallFryChaseMove
[22:42:31.667] [info] [MonoDbg] AddEntityToScript - Instantiating and adding script: TargetFacingFlip to Entity ID: -16
[22:42:31.667] [info] [SetScriptVars] OK setting fields for: TargetFacingFlip
[22:42:31.668] [info] [MonoDbg] AddEntityToScript - Syncing serialized fields for script: TargetFacingFlip
[22:42:31.668] [info] [SetScriptVars] OK setting fields for: TargetFacingFlip
[22:42:31.668] [info] [MonoDbg] AddEntityToScript - Instantiating and adding script: MorayEel to Entity ID: -16
[22:42:31.668] [info] [SetScriptVars] OK setting fields for: MorayEel
[22:42:31.668] [info] [MonoDbg] AddEntityToScript - Syncing serialized fields for script: MorayEel
[22:42:31.668] [info] [SetScriptVars] OK setting fields for: MorayEel
[22:42:31.669] [info] [MonoDbg] AddEntityToScript - Instantiating and adding script: HP to Entity ID: -16
[22:42:31.669] [info] [SetScriptVars] OK setting fields for: HP
[22:42:31.669] [info] [MonoDbg] AddEntityToScript - Syncing serialized fields for script: HP
[22:42:31.669] [info] [SetScriptVars] OK setting fields for: HP
[22:42:31.669] [info] [MonoDbg] AddEntityToScript - Instantiating and adding script: DespawnTimer to Entity ID: -16
[22:42:31.669] [info] [SetScriptVars] OK setting fields for: DespawnTimer
[22:42:31.669] [info] [MonoDbg] AddEntityToScript - Syncing serialized fields for script: DespawnTimer
[22:42:31.670] [info] [SetScriptVars] OK setting fields for: DespawnTimer
[22:42:31.670] [info] [MonoDbg] AddEntityToScript - Instantiating and adding script: ExpDropper to Entity ID: -16
[22:42:31.670] [info] [SetScriptVars] OK setting fields for: ExpDropper
[22:42:31.670] [info] [MonoDbg] AddEntityToScript - Syncing serialized fields for script: ExpDropper
[22:42:31.670] [info] [SetScriptVars] OK setting fields for: ExpDropper
[22:42:31.670] [info] [MonoDbg] AddEntityToScript - Instantiating and adding script: ParticleOffset to Entity ID: -16
[22:42:31.671] [info] [SetScriptVars] OK setting fields for: ParticleOffset
[22:42:31.671] [info] [MonoDbg] AddEntityToScript - Syncing serialized fields for script: ParticleOffset
[22:42:31.671] [info] [SetScriptVars] OK setting fields for: ParticleOffset
[22:42:31.671] [info] [MonoDbg] AddEntityToScript - Instantiating and adding script: AttackCollision to Entity ID: -16
[22:42:31.671] [info] [SetScriptVars] OK setting fields for: AttackCollision
[22:42:31.671] [info] [MonoDbg] AddEntityToScript - Syncing serialized fields for script: AttackCollision
[22:42:31.671] [info] [SetScriptVars] OK setting fields for: AttackCollision
[22:42:31.672] [info] [MonoDbg] AddEntityToScript - Instantiating and adding script: FlashOnDamaged to Entity ID: -16
[22:42:31.672] [info] [SetScriptVars] OK setting fields for: FlashOnDamaged
[22:42:31.672] [info] [MonoDbg] AddEntityToScript - Syncing serialized fields for script: FlashOnDamaged
[22:42:31.672] [info] [SetScriptVars] OK setting fields for: FlashOnDamaged
[22:42:31.672] [info] [MonoDbg] AddEntityToScript - Instantiating and adding script: ShakeSelfOnDamaged to Entity ID: -16
[22:42:31.672] [info] [SetScriptVars] OK setting fields for: ShakeSelfOnDamaged
[22:42:31.673] [info] [MonoDbg] AddEntityToScript - Syncing serialized fields for script: ShakeSelfOnDamaged
[22:42:31.673] [info] [SetScriptVars] OK setting fields for: ShakeSelfOnDamaged
[22:42:31.673] [info] [SOURCE_DETECTOR] C# requested CreateEntity: Prefab = enemySwimParticle
[22:42:31.673] [info] [SOURCE_DETECTOR] Engine creating Entity (Internal)
[22:42:31.673] [info] [CPP ECS] FromJson - Adding component 'Transform' to entity 'enemySwimParticle'
[22:42:31.673] [info] [CPP ECS] FromJson - Adding component 'Variables' to entity 'enemySwimParticle'
[22:42:31.674] [info] [CPP ECS] FromJson - Adding component 'ParticleSystem2D' to entity 'enemySwimParticle'
[22:42:31.782] [info] Collision Exit 2D Event Invoked
[22:42:31.782] [info] Collision Exit 2D Event Invoked
[22:42:31.782] [info] Collision Exit 2D Event Invoked
[22:42:31.783] [info] Collision Exit 2D Event Invoked
[22:42:31.783] [info] Collision Exit 2D Event Invoked
[22:42:31.783] [info] Collision Exit 2D Event Invoked
[22:42:31.783] [info] Collision Exit 2D Event Invoked
[22:42:31.783] [info] Collision Exit 2D Event Invoked
[22:42:31.783] [info] Collision Exit 2D Event Invoked
[22:42:31.784] [info] Collision Exit 2D Event Invoked
[22:42:31.784] [info] Collision Exit 2D Event Invoked
[22:42:32.081] [info] [SOURCE_DETECTOR] C# requested CreateEntity: Prefab = MorayEel
[22:42:32.082] [info] [SOURCE_DETECTOR] Engine creating Entity (Internal)
[22:42:32.082] [info] [CPP ECS] FromJson - Adding component 'Transform' to entity 'MorayEel'
[22:42:32.082] [info] [CPP ECS] FromJson - Adding component 'CircleCollider' to entity 'MorayEel'
[22:42:32.082] [info] [CPP ECS] FromJson - Adding component 'Variables' to entity 'MorayEel'
[22:42:32.082] [info] [CPP ECS] FromJson - Adding component 'Script' to entity 'MorayEel'
[22:42:32.082] [info] [CPP ECS] FromJson - Adding component 'SpriteRenderer' to entity 'MorayEel'
[22:42:32.083] [info] [CPP ECS] FromJson - Adding component 'Rigidbody2D' to entity 'MorayEel'
[22:42:32.084] [info] Script MorayEelSpawnMove found for Entity ID: -19
[22:42:32.084] [info] [SetScriptVars] OK setting fields for: MorayEelSpawnMove
[22:42:32.084] [info] Collision Enter 2D Event Invoked
[22:42:32.085] [info] Collision Enter 2D Event Invoked
[22:42:32.085] [info] Collision Enter 2D Event Invoked
[22:42:32.085] [info] Collision Enter 2D Event Invoked
[22:42:32.085] [info] Collision Enter 2D Event Invoked
[22:42:32.097] [info] [MonoDbg] AddEntityToScript - Instantiating and adding script: SpriteAnimation to Entity ID: -19
[22:42:32.097] [info] [SetScriptVars] OK setting fields for: SpriteAnimation
[22:42:32.098] [info] [MonoDbg] AddEntityToScript - Syncing serialized fields for script: SpriteAnimation
[22:42:32.098] [info] [SetScriptVars] OK setting fields for: SpriteAnimation
[22:42:32.098] [info] [MonoDbg] AddEntityToScript - Instantiating and adding script: MorayEelSpawnMove to Entity ID: -19
[22:42:32.098] [info] [MonoDbg] AddEntityToScript - Syncing serialized fields for script: MorayEelSpawnMove
[22:42:32.098] [info] [SetScriptVars] OK setting fields for: MorayEelSpawnMove
[22:42:32.098] [info] [MonoDbg] AddEntityToScript - Instantiating and adding script: ChaseController to Entity ID: -19
[22:42:32.098] [info] [SetScriptVars] OK setting fields for: ChaseController
[22:42:32.099] [info] [MonoDbg] AddEntityToScript - Syncing serialized fields for script: ChaseController
[22:42:32.099] [info] [SetScriptVars] OK setting fields for: ChaseController
[22:42:32.099] [info] [MonoDbg] AddEntityToScript - Instantiating and adding script: ChaseAnimation to Entity ID: -19
[22:42:32.099] [info] [SetScriptVars] OK setting fields for: ChaseAnimation
[22:42:32.099] [info] [MonoDbg] AddEntityToScript - Syncing serialized fields for script: ChaseAnimation
[22:42:32.099] [info] [SetScriptVars] OK setting fields for: ChaseAnimation
[22:42:32.099] [info] [MonoDbg] AddEntityToScript - Instantiating and adding script: SmallFryChaseMove to Entity ID: -19
[22:42:32.100] [info] [SetScriptVars] OK setting fields for: SmallFryChaseMove
[22:42:32.100] [info] [MonoDbg] AddEntityToScript - Syncing serialized fields for script: SmallFryChaseMove
[22:42:32.100] [info] [SetScriptVars] OK setting fields for: SmallFryChaseMove
[22:42:32.100] [info] [MonoDbg] AddEntityToScript - Instantiating and adding script: TargetFacingFlip to Entity ID: -19
[22:42:32.100] [info] [SetScriptVars] OK setting fields for: TargetFacingFlip
[22:42:32.100] [info] [MonoDbg] AddEntityToScript - Syncing serialized fields for script: TargetFacingFlip
[22:42:32.100] [info] [SetScriptVars] OK setting fields for: TargetFacingFlip
[22:42:32.101] [info] [MonoDbg] AddEntityToScript - Instantiating and adding script: MorayEel to Entity ID: -19
[22:42:32.101] [info] [SetScriptVars] OK setting fields for: MorayEel
[22:42:32.101] [info] [MonoDbg] AddEntityToScript - Syncing serialized fields for script: MorayEel
[22:42:32.101] [info] [SetScriptVars] OK setting fields for: MorayEel
[22:42:32.101] [info] [MonoDbg] AddEntityToScript - Instantiating and adding script: HP to Entity ID: -19
[22:42:32.101] [info] [SetScriptVars] OK setting fields for: HP
[22:42:32.102] [info] [MonoDbg] AddEntityToScript - Syncing serialized fields for script: HP
[22:42:32.102] [info] [SetScriptVars] OK setting fields for: HP
[22:42:32.102] [info] [MonoDbg] AddEntityToScript - Instantiating and adding script: DespawnTimer to Entity ID: -19
[22:42:32.102] [info] [SetScriptVars] OK setting fields for: DespawnTimer
[22:42:32.102] [info] [MonoDbg] AddEntityToScript - Syncing serialized fields for script: DespawnTimer
[22:42:32.102] [info] [SetScriptVars] OK setting fields for: DespawnTimer
[22:42:32.102] [info] [MonoDbg] AddEntityToScript - Instantiating and adding script: ExpDropper to Entity ID: -19
[22:42:32.103] [info] [SetScriptVars] OK setting fields for: ExpDropper
[22:42:32.103] [info] [MonoDbg] AddEntityToScript - Syncing serialized fields for script: ExpDropper
[22:42:32.103] [info] [SetScriptVars] OK setting fields for: ExpDropper
[22:42:32.103] [info] [MonoDbg] AddEntityToScript - Instantiating and adding script: ParticleOffset to Entity ID: -19
[22:42:32.103] [info] [SetScriptVars] OK setting fields for: ParticleOffset
[22:42:32.103] [info] [MonoDbg] AddEntityToScript - Syncing serialized fields for script: ParticleOffset
[22:42:32.104] [info] [SetScriptVars] OK setting fields for: ParticleOffset
[22:42:32.104] [info] [MonoDbg] AddEntityToScript - Instantiating and adding script: AttackCollision to Entity ID: -19
[22:42:32.104] [info] [SetScriptVars] OK setting fields for: AttackCollision
[22:42:32.104] [info] [MonoDbg] AddEntityToScript - Syncing serialized fields for script: AttackCollision
[22:42:32.104] [info] [SetScriptVars] OK setting fields for: AttackCollision
[22:42:32.104] [info] [MonoDbg] AddEntityToScript - Instantiating and adding script: FlashOnDamaged to Entity ID: -19
[22:42:32.105] [info] [SetScriptVars] OK setting fields for: FlashOnDamaged
[22:42:32.105] [info] [MonoDbg] AddEntityToScript - Syncing serialized fields for script: FlashOnDamaged
[22:42:32.105] [info] [SetScriptVars] OK setting fields for: FlashOnDamaged
[22:42:32.105] [info] [MonoDbg] AddEntityToScript - Instantiating and adding script: ShakeSelfOnDamaged to Entity ID: -19
[22:42:32.105] [info] [SetScriptVars] OK setting fields for: ShakeSelfOnDamaged
[22:42:32.105] [info] [MonoDbg] AddEntityToScript - Syncing serialized fields for script: ShakeSelfOnDamaged
[22:42:32.106] [info] [SetScriptVars] OK setting fields for: ShakeSelfOnDamaged
[22:42:32.106] [info] [SOURCE_DETECTOR] C# requested CreateEntity: Prefab = enemySwimParticle
[22:42:32.106] [info] [SOURCE_DETECTOR] Engine creating Entity (Internal)
[22:42:32.106] [info] [CPP ECS] FromJson - Adding component 'Transform' to entity 'enemySwimParticle'
[22:42:32.106] [info] [CPP ECS] FromJson - Adding component 'Variables' to entity 'enemySwimParticle'
[22:42:32.106] [info] [CPP ECS] FromJson - Adding component 'ParticleSystem2D' to entity 'enemySwimParticle'
[22:42:32.648] [info] [SOURCE_DETECTOR] C# requested CreateEntity: Prefab = MorayEel
[22:42:32.649] [info] [SOURCE_DETECTOR] Engine creating Entity (Internal)
[22:42:32.649] [info] [CPP ECS] FromJson - Adding component 'Transform' to entity 'MorayEel'
[22:42:32.649] [info] [CPP ECS] FromJson - Adding component 'CircleCollider' to entity 'MorayEel'
[22:42:32.649] [info] [CPP ECS] FromJson - Adding component 'Variables' to entity 'MorayEel'
[22:42:32.649] [info] [CPP ECS] FromJson - Adding component 'Script' to entity 'MorayEel'
[22:42:32.649] [info] [CPP ECS] FromJson - Adding component 'SpriteRenderer' to entity 'MorayEel'
[22:42:32.650] [info] [CPP ECS] FromJson - Adding component 'Rigidbody2D' to entity 'MorayEel'
[22:42:32.650] [info] Collision Enter 2D Event Invoked
[22:42:32.651] [info] Collision Enter 2D Event Invoked
[22:42:32.651] [info] Collision Enter 2D Event Invoked
[22:42:32.651] [info] Collision Enter 2D Event Invoked
[22:42:32.665] [info] [MonoDbg] AddEntityToScript - Instantiating and adding script: SpriteAnimation to Entity ID: -21
[22:42:32.665] [info] [SetScriptVars] OK setting fields for: SpriteAnimation
[22:42:32.665] [info] [MonoDbg] AddEntityToScript - Syncing serialized fields for script: SpriteAnimation
[22:42:32.665] [info] [SetScriptVars] OK setting fields for: SpriteAnimation
[22:42:32.665] [info] [MonoDbg] AddEntityToScript - Instantiating and adding script: MorayEelSpawnMove to Entity ID: -21
[22:42:32.665] [info] [SetScriptVars] OK setting fields for: MorayEelSpawnMove
[22:42:32.666] [info] [MonoDbg] AddEntityToScript - Syncing serialized fields for script: MorayEelSpawnMove
[22:42:32.666] [info] [SetScriptVars] OK setting fields for: MorayEelSpawnMove
[22:42:32.666] [info] [MonoDbg] AddEntityToScript - Instantiating and adding script: ChaseController to Entity ID: -21
[22:42:32.666] [info] [SetScriptVars] OK setting fields for: ChaseController
[22:42:32.666] [info] [MonoDbg] AddEntityToScript - Syncing serialized fields for script: ChaseController
[22:42:32.666] [info] [SetScriptVars] OK setting fields for: ChaseController
[22:42:32.666] [info] [MonoDbg] AddEntityToScript - Instantiating and adding script: ChaseAnimation to Entity ID: -21
[22:42:32.667] [info] [SetScriptVars] OK setting fields for: ChaseAnimation
[22:42:32.667] [info] [MonoDbg] AddEntityToScript - Syncing serialized fields for script: ChaseAnimation
[22:42:32.667] [info] [SetScriptVars] OK setting fields for: ChaseAnimation
[22:42:32.667] [info] [MonoDbg] AddEntityToScript - Instantiating and adding script: SmallFryChaseMove to Entity ID: -21
[22:42:32.667] [info] [SetScriptVars] OK setting fields for: SmallFryChaseMove
[22:42:32.667] [info] [MonoDbg] AddEntityToScript - Syncing serialized fields for script: SmallFryChaseMove
[22:42:32.667] [info] [SetScriptVars] OK setting fields for: SmallFryChaseMove
[22:42:32.668] [info] [MonoDbg] AddEntityToScript - Instantiating and adding script: TargetFacingFlip to Entity ID: -21
[22:42:32.668] [info] [SetScriptVars] OK setting fields for: TargetFacingFlip
[22:42:32.668] [info] [MonoDbg] AddEntityToScript - Syncing serialized fields for script: TargetFacingFlip
[22:42:32.668] [info] [SetScriptVars] OK setting fields for: TargetFacingFlip
[22:42:32.668] [info] [MonoDbg] AddEntityToScript - Instantiating and adding script: MorayEel to Entity ID: -21
[22:42:32.668] [info] [SetScriptVars] OK setting fields for: MorayEel
[22:42:32.669] [info] [MonoDbg] AddEntityToScript - Syncing serialized fields for script: MorayEel
[22:42:32.669] [info] [SetScriptVars] OK setting fields for: MorayEel
[22:42:32.669] [info] [MonoDbg] AddEntityToScript - Instantiating and adding script: HP to Entity ID: -21
[22:42:32.669] [info] [SetScriptVars] OK setting fields for: HP
[22:42:32.669] [info] [MonoDbg] AddEntityToScript - Syncing serialized fields for script: HP
[22:42:32.669] [info] [SetScriptVars] OK setting fields for: HP
[22:42:32.669] [info] [MonoDbg] AddEntityToScript - Instantiating and adding script: DespawnTimer to Entity ID: -21
[22:42:32.670] [info] [SetScriptVars] OK setting fields for: DespawnTimer
[22:42:32.670] [info] [MonoDbg] AddEntityToScript - Syncing serialized fields for script: DespawnTimer
[22:42:32.670] [info] [SetScriptVars] OK setting fields for: DespawnTimer
[22:42:32.670] [info] [MonoDbg] AddEntityToScript - Instantiating and adding script: ExpDropper to Entity ID: -21
[22:42:32.670] [info] [SetScriptVars] OK setting fields for: ExpDropper
[22:42:32.670] [info] [MonoDbg] AddEntityToScript - Syncing serialized fields for script: ExpDropper
[22:42:32.671] [info] [SetScriptVars] OK setting fields for: ExpDropper
[22:42:32.671] [info] [MonoDbg] AddEntityToScript - Instantiating and adding script: ParticleOffset to Entity ID: -21
[22:42:32.671] [info] [SetScriptVars] OK setting fields for: ParticleOffset
[22:42:32.671] [info] [MonoDbg] AddEntityToScript - Syncing serialized fields for script: ParticleOffset
[22:42:32.671] [info] [SetScriptVars] OK setting fields for: ParticleOffset
[22:42:32.671] [info] [MonoDbg] AddEntityToScript - Instantiating and adding script: AttackCollision to Entity ID: -21
[22:42:32.672] [info] [SetScriptVars] OK setting fields for: AttackCollision
[22:42:32.672] [info] [MonoDbg] AddEntityToScript - Syncing serialized fields for script: AttackCollision
[22:42:32.672] [info] [SetScriptVars] OK setting fields for: AttackCollision
[22:42:32.672] [info] [MonoDbg] AddEntityToScript - Instantiating and adding script: FlashOnDamaged to Entity ID: -21
[22:42:32.672] [info] [SetScriptVars] OK setting fields for: FlashOnDamaged
[22:42:32.672] [info] [MonoDbg] AddEntityToScript - Syncing serialized fields for script: FlashOnDamaged
[22:42:32.672] [info] [SetScriptVars] OK setting fields for: FlashOnDamaged
[22:42:32.673] [info] [MonoDbg] AddEntityToScript - Instantiating and adding script: ShakeSelfOnDamaged to Entity ID: -21
[22:42:32.673] [info] [SetScriptVars] OK setting fields for: ShakeSelfOnDamaged
[22:42:32.673] [info] [MonoDbg] AddEntityToScript - Syncing serialized fields for script: ShakeSelfOnDamaged
[22:42:32.673] [info] [SetScriptVars] OK setting fields for: ShakeSelfOnDamaged
[22:42:32.673] [info] [SOURCE_DETECTOR] C# requested CreateEntity: Prefab = enemySwimParticle
[22:42:32.673] [info] [SOURCE_DETECTOR] Engine creating Entity (Internal)
[22:42:32.674] [info] [CPP ECS] FromJson - Adding component 'Transform' to entity 'enemySwimParticle'
[22:42:32.674] [info] [CPP ECS] FromJson - Adding component 'Variables' to entity 'enemySwimParticle'
[22:42:32.674] [info] [CPP ECS] FromJson - Adding component 'ParticleSystem2D' to entity 'enemySwimParticle'
[22:42:32.733] [info] Collision Enter 2D Event Invoked
[22:42:32.733] [info] Collision Enter 2D Event Invoked
[22:42:32.733] [info] Collision Enter 2D Event Invoked
[22:42:32.733] [info] Collision Enter 2D Event Invoked
[22:42:32.733] [info] Collision Enter 2D Event Invoked
[22:42:32.734] [info] Collision Enter 2D Event Invoked
[22:42:32.734] [info] Collision Enter 2D Event Invoked
[22:42:32.734] [info] Collision Enter 2D Event Invoked
[22:42:32.734] [info] Collision Enter 2D Event Invoked
[22:42:32.734] [info] Collision Enter 2D Event Invoked
[22:42:32.734] [info] Collision Enter 2D Event Invoked
[22:42:32.735] [info] Collision Enter 2D Event Invoked
[22:42:32.735] [info] Collision Enter 2D Event Invoked
[22:42:32.736] [info] Collision Enter 2D Event Invoked
[22:42:32.736] [info] Collision Enter 2D Event Invoked
[22:42:32.736] [info] Collision Enter 2D Event Invoked
[22:42:32.981] [info] [SOURCE_DETECTOR] C# requested CreateEntity: Prefab = playerDashParticle
[22:42:32.981] [info] [SOURCE_DETECTOR] Engine creating Entity (Internal)
[22:42:32.981] [info] [CPP ECS] FromJson - Adding component 'Transform' to entity 'playerDashParticle'
[22:42:32.982] [info] [CPP ECS] FromJson - Adding component 'Variables' to entity 'playerDashParticle'
[22:42:32.982] [info] [CPP ECS] FromJson - Adding component 'ParticleSystem2D' to entity 'playerDashParticle'
[22:42:33.033] [info] Collision Exit 2D Event Invoked
[22:42:33.033] [info] Collision Exit 2D Event Invoked
[22:42:33.034] [info] Collision Exit 2D Event Invoked
[22:42:33.034] [info] Collision Exit 2D Event Invoked
[22:42:33.034] [info] Collision Exit 2D Event Invoked
[22:42:33.034] [info] Collision Exit 2D Event Invoked
[22:42:33.034] [info] Collision Exit 2D Event Invoked
[22:42:33.034] [info] Collision Exit 2D Event Invoked
[22:42:33.035] [info] Collision Exit 2D Event Invoked
[22:42:33.035] [info] Collision Exit 2D Event Invoked
[22:42:33.035] [info] Collision Exit 2D Event Invoked
[22:42:33.035] [info] Collision Exit 2D Event Invoked
[22:42:33.035] [info] Collision Exit 2D Event Invoked
[22:42:33.035] [info] Collision Exit 2D Event Invoked
[22:42:33.035] [info] Collision Exit 2D Event Invoked
[22:42:33.036] [info] Collision Exit 2D Event Invoked
[22:42:33.036] [info] Collision Exit 2D Event Invoked
[22:42:33.036] [info] Collision Exit 2D Event Invoked
[22:42:33.466] [info] [SOURCE_DETECTOR] C# requested CreateEntity: Prefab = Needle
[22:42:33.466] [info] [SOURCE_DETECTOR] Engine creating Entity (Internal)
[22:42:33.466] [info] [CPP ECS] FromJson - Adding component 'Transform' to entity 'Needle'
[22:42:33.466] [info] [CPP ECS] FromJson - Adding component 'CircleCollider' to entity 'Needle'
[22:42:33.466] [info] [CPP ECS] FromJson - Adding component 'Variables' to entity 'Needle'
[22:42:33.467] [info] [CPP ECS] FromJson - Adding component 'Script' to entity 'Needle'
[22:42:33.467] [info] [CPP ECS] FromJson - Adding component 'SpriteRenderer' to entity 'Needle'
[22:42:33.467] [info] Script SpikeFishNeedle found for Entity ID: -24
[22:42:33.468] [info] [SetScriptVars] OK setting fields for: SpikeFishNeedle
[22:42:33.468] [info] [SOURCE_DETECTOR] C# requested CreateEntity: Prefab = Needle
[22:42:33.468] [info] [SOURCE_DETECTOR] Engine creating Entity (Internal)
[22:42:33.469] [info] [CPP ECS] FromJson - Adding component 'Transform' to entity 'Needle'
[22:42:33.469] [info] [CPP ECS] FromJson - Adding component 'CircleCollider' to entity 'Needle'
[22:42:33.469] [info] [CPP ECS] FromJson - Adding component 'Variables' to entity 'Needle'
[22:42:33.469] [info] [CPP ECS] FromJson - Adding component 'Script' to entity 'Needle'
[22:42:33.469] [info] [CPP ECS] FromJson - Adding component 'SpriteRenderer' to entity 'Needle'
[22:42:33.469] [info] Script SpikeFishNeedle found for Entity ID: -25
[22:42:33.470] [info] [SetScriptVars] OK setting fields for: SpikeFishNeedle
[22:42:33.470] [info] [SOURCE_DETECTOR] C# requested CreateEntity: Prefab = Needle
[22:42:33.470] [info] [SOURCE_DETECTOR] Engine creating Entity (Internal)
[22:42:33.470] [info] [CPP ECS] FromJson - Adding component 'Transform' to entity 'Needle'
[22:42:33.470] [info] [CPP ECS] FromJson - Adding component 'CircleCollider' to entity 'Needle'
[22:42:33.470] [info] [CPP ECS] FromJson - Adding component 'Variables' to entity 'Needle'
[22:42:33.470] [info] [CPP ECS] FromJson - Adding component 'Script' to entity 'Needle'
[22:42:33.471] [info] [CPP ECS] FromJson - Adding component 'SpriteRenderer' to entity 'Needle'
[22:42:33.471] [info] Script SpikeFishNeedle found for Entity ID: -26
[22:42:33.471] [info] [SetScriptVars] OK setting fields for: SpikeFishNeedle
[22:42:33.471] [info] [SOURCE_DETECTOR] C# requested CreateEntity: Prefab = Needle
[22:42:33.471] [info] [SOURCE_DETECTOR] Engine creating Entity (Internal)
[22:42:33.471] [info] [CPP ECS] FromJson - Adding component 'Transform' to entity 'Needle'
[22:42:33.472] [info] [CPP ECS] FromJson - Adding component 'CircleCollider' to entity 'Needle'
[22:42:33.472] [info] [CPP ECS] FromJson - Adding component 'Variables' to entity 'Needle'
[22:42:33.472] [info] [CPP ECS] FromJson - Adding component 'Script' to entity 'Needle'
[22:42:33.472] [info] [CPP ECS] FromJson - Adding component 'SpriteRenderer' to entity 'Needle'
[22:42:33.472] [info] Script SpikeFishNeedle found for Entity ID: -27
[22:42:33.472] [info] [SetScriptVars] OK setting fields for: SpikeFishNeedle
[22:42:33.473] [info] [SOURCE_DETECTOR] C# requested CreateEntity: Prefab = Needle
[22:42:33.473] [info] [SOURCE_DETECTOR] Engine creating Entity (Internal)
[22:42:33.473] [info] [CPP ECS] FromJson - Adding component 'Transform' to entity 'Needle'
[22:42:33.473] [info] [CPP ECS] FromJson - Adding component 'CircleCollider' to entity 'Needle'
[22:42:33.473] [info] [CPP ECS] FromJson - Adding component 'Variables' to entity 'Needle'
[22:42:33.473] [info] [CPP ECS] FromJson - Adding component 'Script' to entity 'Needle'
[22:42:33.473] [info] [CPP ECS] FromJson - Adding component 'SpriteRenderer' to entity 'Needle'
[22:42:33.474] [info] Script SpikeFishNeedle found for Entity ID: -28
[22:42:33.474] [info] [SetScriptVars] OK setting fields for: SpikeFishNeedle
[22:42:33.474] [info] [SOURCE_DETECTOR] C# requested CreateEntity: Prefab = Needle
[22:42:33.474] [info] [SOURCE_DETECTOR] Engine creating Entity (Internal)
[22:42:33.474] [info] [CPP ECS] FromJson - Adding component 'Transform' to entity 'Needle'
[22:42:33.474] [info] [CPP ECS] FromJson - Adding component 'CircleCollider' to entity 'Needle'
[22:42:33.475] [info] [CPP ECS] FromJson - Adding component 'Variables' to entity 'Needle'
[22:42:33.475] [info] [CPP ECS] FromJson - Adding component 'Script' to entity 'Needle'
[22:42:33.475] [info] [CPP ECS] FromJson - Adding component 'SpriteRenderer' to entity 'Needle'
[22:42:33.475] [info] Script SpikeFishNeedle found for Entity ID: -29
[22:42:33.475] [info] [SetScriptVars] OK setting fields for: SpikeFishNeedle
[22:42:33.475] [info] [SOURCE_DETECTOR] C# requested CreateEntity: Prefab = Needle
[22:42:33.476] [info] [SOURCE_DETECTOR] Engine creating Entity (Internal)
[22:42:33.476] [info] [CPP ECS] FromJson - Adding component 'Transform' to entity 'Needle'
[22:42:33.476] [info] [CPP ECS] FromJson - Adding component 'CircleCollider' to entity 'Needle'
[22:42:33.476] [info] [CPP ECS] FromJson - Adding component 'Variables' to entity 'Needle'
[22:42:33.476] [info] [CPP ECS] FromJson - Adding component 'Script' to entity 'Needle'
[22:42:33.476] [info] [CPP ECS] FromJson - Adding component 'SpriteRenderer' to entity 'Needle'
[22:42:33.476] [info] Script SpikeFishNeedle found for Entity ID: -30
[22:42:33.477] [info] [SetScriptVars] OK setting fields for: SpikeFishNeedle
[22:42:33.490] [info] [MonoDbg] AddEntityToScript - Instantiating and adding script: SpikeFishNeedle to Entity ID: -24
[22:42:33.490] [info] [MonoDbg] AddEntityToScript - Syncing serialized fields for script: SpikeFishNeedle
[22:42:33.490] [info] [SetScriptVars] OK setting fields for: SpikeFishNeedle
[22:42:33.491] [info] [MonoDbg] AddEntityToScript - Instantiating and adding script: AttackCollision to Entity ID: -24
[22:42:33.491] [info] [SetScriptVars] OK setting fields for: AttackCollision
[22:42:33.491] [info] [MonoDbg] AddEntityToScript - Syncing serialized fields for script: AttackCollision
[22:42:33.491] [info] [SetScriptVars] OK setting fields for: AttackCollision
[22:42:33.491] [info] [MonoDbg] AddEntityToScript - Instantiating and adding script: SpikeFishNeedle to Entity ID: -25
[22:42:33.491] [info] [MonoDbg] AddEntityToScript - Syncing serialized fields for script: SpikeFishNeedle
[22:42:33.492] [info] [SetScriptVars] OK setting fields for: SpikeFishNeedle
[22:42:33.492] [info] [MonoDbg] AddEntityToScript - Instantiating and adding script: AttackCollision to Entity ID: -25
[22:42:33.492] [info] [SetScriptVars] OK setting fields for: AttackCollision
[22:42:33.492] [info] [MonoDbg] AddEntityToScript - Syncing serialized fields for script: AttackCollision
[22:42:33.492] [info] [SetScriptVars] OK setting fields for: AttackCollision
[22:42:33.492] [info] [MonoDbg] AddEntityToScript - Instantiating and adding script: SpikeFishNeedle to Entity ID: -26
[22:42:33.492] [info] [MonoDbg] AddEntityToScript - Syncing serialized fields for script: SpikeFishNeedle
[22:42:33.493] [info] [SetScriptVars] OK setting fields for: SpikeFishNeedle
[22:42:33.493] [info] [MonoDbg] AddEntityToScript - Instantiating and adding script: AttackCollision to Entity ID: -26
[22:42:33.493] [info] [SetScriptVars] OK setting fields for: AttackCollision
[22:42:33.493] [info] [MonoDbg] AddEntityToScript - Syncing serialized fields for script: AttackCollision
[22:42:33.493] [info] [SetScriptVars] OK setting fields for: AttackCollision
[22:42:33.493] [info] [MonoDbg] AddEntityToScript - Instantiating and adding script: SpikeFishNeedle to Entity ID: -27
[22:42:33.494] [info] [MonoDbg] AddEntityToScript - Syncing serialized fields for script: SpikeFishNeedle
[22:42:33.494] [info] [SetScriptVars] OK setting fields for: SpikeFishNeedle
[22:42:33.494] [info] [MonoDbg] AddEntityToScript - Instantiating and adding script: AttackCollision to Entity ID: -27
[22:42:33.494] [info] [SetScriptVars] OK setting fields for: AttackCollision
[22:42:33.494] [info] [MonoDbg] AddEntityToScript - Syncing serialized fields for script: AttackCollision
[22:42:33.494] [info] [SetScriptVars] OK setting fields for: AttackCollision
[22:42:33.494] [info] [MonoDbg] AddEntityToScript - Instantiating and adding script: SpikeFishNeedle to Entity ID: -28
[22:42:33.495] [info] [MonoDbg] AddEntityToScript - Syncing serialized fields for script: SpikeFishNeedle
[22:42:33.495] [info] [SetScriptVars] OK setting fields for: SpikeFishNeedle
[22:42:33.495] [info] [MonoDbg] AddEntityToScript - Instantiating and adding script: AttackCollision to Entity ID: -28
[22:42:33.495] [info] [SetScriptVars] OK setting fields for: AttackCollision
[22:42:33.495] [info] [MonoDbg] AddEntityToScript - Syncing serialized fields for script: AttackCollision
[22:42:33.495] [info] [SetScriptVars] OK setting fields for: AttackCollision
[22:42:33.496] [info] [MonoDbg] AddEntityToScript - Instantiating and adding script: SpikeFishNeedle to Entity ID: -29
[22:42:33.496] [info] [MonoDbg] AddEntityToScript - Syncing serialized fields for script: SpikeFishNeedle
[22:42:33.496] [info] [SetScriptVars] OK setting fields for: SpikeFishNeedle
[22:42:33.496] [info] [MonoDbg] AddEntityToScript - Instantiating and adding script: AttackCollision to Entity ID: -29
[22:42:33.496] [info] [SetScriptVars] OK setting fields for: AttackCollision
[22:42:33.496] [info] [MonoDbg] AddEntityToScript - Syncing serialized fields for script: AttackCollision
[22:42:33.496] [info] [SetScriptVars] OK setting fields for: AttackCollision
[22:42:33.497] [info] [MonoDbg] AddEntityToScript - Instantiating and adding script: SpikeFishNeedle to Entity ID: -30
[22:42:33.497] [info] [MonoDbg] AddEntityToScript - Syncing serialized fields for script: SpikeFishNeedle
[22:42:33.497] [info] [SetScriptVars] OK setting fields for: SpikeFishNeedle
[22:42:33.497] [info] [MonoDbg] AddEntityToScript - Instantiating and adding script: AttackCollision to Entity ID: -30
[22:42:33.497] [info] [SetScriptVars] OK setting fields for: AttackCollision
[22:42:33.497] [info] [MonoDbg] AddEntityToScript - Syncing serialized fields for script: AttackCollision
[22:42:33.497] [info] [SetScriptVars] OK setting fields for: AttackCollision
[22:42:33.513] [info] Collision Enter 2D Event Invoked
[22:42:33.513] [info] Collision Enter 2D Event Invoked
[22:42:33.514] [info] Collision Enter 2D Event Invoked
[22:42:33.514] [info] Collision Enter 2D Event Invoked
[22:42:33.514] [info] Collision Enter 2D Event Invoked
[22:42:33.514] [info] Collision Enter 2D Event Invoked
[22:42:33.515] [info] Collision Enter 2D Event Invoked
[22:42:33.515] [info] Collision Enter 2D Event Invoked
[22:42:33.515] [info] Collision Enter 2D Event Invoked
[22:42:33.515] [info] Collision Enter 2D Event Invoked
[22:42:33.515] [info] Collision Enter 2D Event Invoked
[22:42:33.515] [info] Collision Enter 2D Event Invoked
[22:42:33.516] [info] Collision Enter 2D Event Invoked
[22:42:33.516] [info] Collision Enter 2D Event Invoked
[22:42:33.516] [info] Collision Enter 2D Event Invoked
[22:42:33.520] [info] [SOURCE_DETECTOR] C# requested CreateEntity: Prefab = PlayerHitEffect
[22:42:33.520] [info] [SOURCE_DETECTOR] Engine creating Entity (Internal)
[22:42:33.521] [info] [CPP ECS] FromJson - Adding component 'Transform' to entity 'PlayerHitEffect'
[22:42:33.521] [info] [CPP ECS] FromJson - Adding component 'Variables' to entity 'PlayerHitEffect'
[22:42:33.521] [info] [SOURCE_DETECTOR] Engine creating Entity (Internal)
[22:42:33.521] [info] [CPP ECS] FromJson - Adding component 'Transform' to entity 'HitEffect1'
[22:42:33.521] [info] [CPP ECS] FromJson - Adding component 'Variables' to entity 'HitEffect1'
[22:42:33.522] [info] [CPP ECS] FromJson - Adding component 'SpriteRenderer' to entity 'HitEffect1'
[22:42:33.522] [info] [CPP ECS] FromJson - Adding component 'Script' to entity 'HitEffect1'
[22:42:33.522] [info] [SOURCE_DETECTOR] Engine creating Entity (Internal)
[22:42:33.522] [info] [CPP ECS] FromJson - Adding component 'Transform' to entity 'HitEffect2'
[22:42:33.522] [info] [CPP ECS] FromJson - Adding component 'Variables' to entity 'HitEffect2'
[22:42:33.522] [info] [CPP ECS] FromJson - Adding component 'SpriteRenderer' to entity 'HitEffect2'
[22:42:33.523] [info] [CPP ECS] FromJson - Adding component 'Script' to entity 'HitEffect2'
[22:42:33.534] [error] Script component not found for Entity ID: -23
[22:42:33.535] [info] [SetScriptVars] no group for scriptName: TimedDestruction  groups: 0
[22:42:33.535] [info] Collision Enter 2D Event Invoked
[22:42:33.535] [info] Collision Enter 2D Event Invoked
[22:42:33.535] [info] Collision Enter 2D Event Invoked
[22:42:33.536] [info] Collision Enter 2D Event Invoked
[22:42:33.536] [info] Collision Enter 2D Event Invoked
[22:42:33.536] [info] Collision Enter 2D Event Invoked
[22:42:33.536] [info] Collision Enter 2D Event Invoked
[22:42:33.536] [info] Collision Enter 2D Event Invoked
[22:42:33.537] [info] Collision Enter 2D Event Invoked
[22:42:33.537] [info] Collision Enter 2D Event Invoked
[22:42:33.537] [info] Collision Enter 2D Event Invoked
[22:42:33.537] [info] Collision Enter 2D Event Invoked
[22:42:33.537] [info] Collision Enter 2D Event Invoked
[22:42:33.537] [info] Collision Enter 2D Event Invoked
[22:42:33.538] [info] Collision Enter 2D Event Invoked
[22:42:33.538] [info] Collision Enter 2D Event Invoked
[22:42:33.538] [info] Collision Enter 2D Event Invoked
[22:42:33.538] [info] Collision Enter 2D Event Invoked
[22:42:33.538] [info] Collision Enter 2D Event Invoked
[22:42:33.539] [info] Collision Enter 2D Event Invoked
[22:42:33.539] [info] Collision Enter 2D Event Invoked
[22:42:33.552] [info] [MonoDbg] AddEntityToScript - Instantiating and adding script: TransformTween to Entity ID: -31
[22:42:33.552] [info] [SetScriptVars] OK setting fields for: TransformTween
[22:42:33.553] [info] [MonoDbg] AddEntityToScript - Syncing serialized fields for script: TransformTween
[22:42:33.553] [info] [SetScriptVars] OK setting fields for: TransformTween
[22:42:33.553] [info] [MonoDbg] AddEntityToScript - Instantiating and adding script: TransformTween to Entity ID: -32
[22:42:33.553] [info] [SetScriptVars] OK setting fields for: TransformTween
[22:42:33.553] [info] [MonoDbg] AddEntityToScript - Syncing serialized fields for script: TransformTween
[22:42:33.554] [info] [SetScriptVars] OK setting fields for: TransformTween
[22:42:33.562] [error] Entity not found for ID: 0
[22:42:33.562] [error] Entity not found for ID: 0
[22:42:33.563] [info] [SOURCE_DETECTOR] C# requested CreateEntity: Prefab = ExpOrbMedium
[22:42:33.563] [info] [SOURCE_DETECTOR] Engine creating Entity (Internal)
[22:42:33.563] [info] [CPP ECS] FromJson - Adding component 'Transform' to entity 'ExpOrbMedium'
[22:42:33.563] [info] [CPP ECS] FromJson - Adding component 'CircleCollider' to entity 'ExpOrbMedium'
[22:42:33.564] [info] [CPP ECS] FromJson - Adding component 'Variables' to entity 'ExpOrbMedium'
[22:42:33.564] [info] [CPP ECS] FromJson - Adding component 'SpriteRenderer' to entity 'ExpOrbMedium'
[22:42:33.564] [info] [CPP ECS] FromJson - Adding component 'Script' to entity 'ExpOrbMedium'
[22:42:33.564] [info] [SOURCE_DETECTOR] C# requested CreateEntity: Prefab = ExpOrbMedium
[22:42:33.564] [info] [SOURCE_DETECTOR] Engine creating Entity (Internal)
[22:42:33.564] [info] [CPP ECS] FromJson - Adding component 'Transform' to entity 'ExpOrbMedium'
[22:42:33.565] [info] [CPP ECS] FromJson - Adding component 'CircleCollider' to entity 'ExpOrbMedium'
[22:42:33.565] [info] [CPP ECS] FromJson - Adding component 'Variables' to entity 'ExpOrbMedium'
[22:42:33.565] [info] [CPP ECS] FromJson - Adding component 'SpriteRenderer' to entity 'ExpOrbMedium'
[22:42:33.565] [info] [CPP ECS] FromJson - Adding component 'Script' to entity 'ExpOrbMedium'
[22:42:33.565] [info] [SOURCE_DETECTOR] C# requested CreateEntity: Prefab = ExpOrbMedium
[22:42:33.566] [info] [SOURCE_DETECTOR] Engine creating Entity (Internal)
[22:42:33.566] [info] [CPP ECS] FromJson - Adding component 'Transform' to entity 'ExpOrbMedium'
[22:42:33.566] [info] [CPP ECS] FromJson - Adding component 'CircleCollider' to entity 'ExpOrbMedium'
[22:42:33.566] [info] [CPP ECS] FromJson - Adding component 'Variables' to entity 'ExpOrbMedium'
[22:42:33.566] [info] [CPP ECS] FromJson - Adding component 'SpriteRenderer' to entity 'ExpOrbMedium'
[22:42:33.566] [info] [CPP ECS] FromJson - Adding component 'Script' to entity 'ExpOrbMedium'
[22:42:33.567] [info] [SOURCE_DETECTOR] C# requested CreateEntity: Prefab = ExpOrbSmall
[22:42:33.567] [info] [SOURCE_DETECTOR] Engine creating Entity (Internal)
[22:42:33.567] [info] [CPP ECS] FromJson - Adding component 'Transform' to entity 'ExpOrbSmall'
[22:42:33.567] [info] [CPP ECS] FromJson - Adding component 'CircleCollider' to entity 'ExpOrbSmall'
[22:42:33.567] [info] [CPP ECS] FromJson - Adding component 'Variables' to entity 'ExpOrbSmall'
[22:42:33.567] [info] [CPP ECS] FromJson - Adding component 'SpriteRenderer' to entity 'ExpOrbSmall'
[22:42:33.568] [info] [CPP ECS] FromJson - Adding component 'Script' to entity 'ExpOrbSmall'
[22:42:33.568] [info] [SOURCE_DETECTOR] C# requested CreateEntity: Prefab = ExpOrbSmall
[22:42:33.568] [info] [SOURCE_DETECTOR] Engine creating Entity (Internal)
[22:42:33.568] [info] [CPP ECS] FromJson - Adding component 'Transform' to entity 'ExpOrbSmall'
[22:42:33.568] [info] [CPP ECS] FromJson - Adding component 'CircleCollider' to entity 'ExpOrbSmall'
[22:42:33.569] [info] [CPP ECS] FromJson - Adding component 'Variables' to entity 'ExpOrbSmall'
[22:42:33.569] [info] [CPP ECS] FromJson - Adding component 'SpriteRenderer' to entity 'ExpOrbSmall'
[22:42:33.569] [info] [CPP ECS] FromJson - Adding component 'Script' to entity 'ExpOrbSmall'
[22:42:33.570] [error] Entity not found for ID: -10
[22:42:33.572] [info] Collision Enter 2D Event Invoked
[22:42:33.572] [info] Collision Enter 2D Event Invoked
[22:42:33.572] [info] Collision Enter 2D Event Invoked
[22:42:33.572] [info] Collision Enter 2D Event Invoked
[22:42:33.573] [info] Collision Enter 2D Event Invoked
[22:42:33.585] [info] [MonoDbg] AddEntityToScript - Instantiating and adding script: ExperiencePoint to Entity ID: -33
[22:42:33.585] [info] [SetScriptVars] OK setting fields for: ExperiencePoint
[22:42:33.586] [info] [MonoDbg] AddEntityToScript - Syncing serialized fields for script: ExperiencePoint
[22:42:33.586] [info] [SetScriptVars] OK setting fields for: ExperiencePoint
[22:42:33.586] [info] [MonoDbg] AddEntityToScript - Instantiating and adding script: ExperiencePoint to Entity ID: -34
[22:42:33.586] [info] [SetScriptVars] OK setting fields for: ExperiencePoint
[22:42:33.586] [info] [MonoDbg] AddEntityToScript - Syncing serialized fields for script: ExperiencePoint
[22:42:33.586] [info] [SetScriptVars] OK setting fields for: ExperiencePoint
[22:42:33.587] [info] [MonoDbg] AddEntityToScript - Instantiating and adding script: ExperiencePoint to Entity ID: -35
[22:42:33.587] [info] [SetScriptVars] OK setting fields for: ExperiencePoint
[22:42:33.587] [info] [MonoDbg] AddEntityToScript - Syncing serialized fields for script: ExperiencePoint
[22:42:33.587] [info] [SetScriptVars] OK setting fields for: ExperiencePoint
[22:42:33.587] [info] [MonoDbg] AddEntityToScript - Instantiating and adding script: ExperiencePoint to Entity ID: -36
[22:42:33.587] [info] [SetScriptVars] OK setting fields for: ExperiencePoint
[22:42:33.588] [info] [MonoDbg] AddEntityToScript - Syncing serialized fields for script: ExperiencePoint
[22:42:33.588] [info] [SetScriptVars] OK setting fields for: ExperiencePoint
[22:42:33.588] [info] [MonoDbg] AddEntityToScript - Instantiating and adding script: ExperiencePoint to Entity ID: -37
[22:42:33.588] [info] [SetScriptVars] OK setting fields for: ExperiencePoint
[22:42:33.588] [info] [MonoDbg] AddEntityToScript - Syncing serialized fields for script: ExperiencePoint
[22:42:33.588] [info] [SetScriptVars] OK setting fields for: ExperiencePoint
[22:42:33.589] [error] Entity not found for ID: -10
[22:42:33.606] [error] Entity not found for ID: -10
[22:42:33.618] [error] Entity not found for ID: -10
[22:42:33.631] [error] Entity not found for ID: -10
[22:42:33.644] [error] Entity not found for ID: -10
[22:42:33.659] [error] Entity not found for ID: -10
[22:42:33.673] [error] Entity not found for ID: -10
[22:42:33.688] [error] Entity not found for ID: -10
[22:42:33.701] [error] Entity not found for ID: -10
[22:42:33.715] [error] Entity not found for ID: -10
[22:42:33.732] [info] [SOURCE_DETECTOR] C# requested CreateEntity: Prefab = MorayEel
[22:42:33.732] [info] [SOURCE_DETECTOR] Engine creating Entity (Internal)
[22:42:33.732] [info] [CPP ECS] FromJson - Adding component 'Transform' to entity 'MorayEel'
[22:42:33.732] [info] [CPP ECS] FromJson - Adding component 'CircleCollider' to entity 'MorayEel'
[22:42:33.733] [info] [CPP ECS] FromJson - Adding component 'Variables' to entity 'MorayEel'
[22:42:33.733] [info] [CPP ECS] FromJson - Adding component 'Script' to entity 'MorayEel'
[22:42:33.733] [info] [CPP ECS] FromJson - Adding component 'SpriteRenderer' to entity 'MorayEel'
[22:42:33.733] [info] [CPP ECS] FromJson - Adding component 'Rigidbody2D' to entity 'MorayEel'
[22:42:33.734] [error] Entity not found for ID: -10
[22:42:33.734] [info] Collision Enter 2D Event Invoked
[22:42:33.735] [info] Collision Enter 2D Event Invoked
[22:42:33.735] [info] Collision Enter 2D Event Invoked
[22:42:33.735] [info] Collision Enter 2D Event Invoked
[22:42:33.748] [info] [MonoDbg] AddEntityToScript - Instantiating and adding script: SpriteAnimation to Entity ID: -7
[22:42:33.749] [info] [SetScriptVars] OK setting fields for: SpriteAnimation
[22:42:33.749] [info] [MonoDbg] AddEntityToScript - Syncing serialized fields for script: SpriteAnimation
[22:42:33.749] [info] [SetScriptVars] OK setting fields for: SpriteAnimation
[22:42:33.749] [info] [MonoDbg] AddEntityToScript - Instantiating and adding script: MorayEelSpawnMove to Entity ID: -7
[22:42:33.749] [info] [SetScriptVars] OK setting fields for: MorayEelSpawnMove
[22:42:33.749] [info] [MonoDbg] AddEntityToScript - Syncing serialized fields for script: MorayEelSpawnMove
[22:42:33.749] [info] [SetScriptVars] OK setting fields for: MorayEelSpawnMove
[22:42:33.750] [info] [MonoDbg] AddEntityToScript - Instantiating and adding script: ChaseController to Entity ID: -7
[22:42:33.750] [info] [SetScriptVars] OK setting fields for: ChaseController
[22:42:33.750] [info] [MonoDbg] AddEntityToScript - Syncing serialized fields for script: ChaseController
[22:42:33.750] [info] [SetScriptVars] OK setting fields for: ChaseController
[22:42:33.750] [info] [MonoDbg] AddEntityToScript - Instantiating and adding script: ChaseAnimation to Entity ID: -7
[22:42:33.751] [info] [SetScriptVars] OK setting fields for: ChaseAnimation
[22:42:33.751] [info] [MonoDbg] AddEntityToScript - Syncing serialized fields for script: ChaseAnimation
[22:42:33.751] [info] [SetScriptVars] OK setting fields for: ChaseAnimation
[22:42:33.751] [info] [MonoDbg] AddEntityToScript - Instantiating and adding script: SmallFryChaseMove to Entity ID: -7
[22:42:33.751] [info] [SetScriptVars] OK setting fields for: SmallFryChaseMove
[22:42:33.751] [info] [MonoDbg] AddEntityToScript - Syncing serialized fields for script: SmallFryChaseMove
[22:42:33.752] [info] [SetScriptVars] OK setting fields for: SmallFryChaseMove
[22:42:33.752] [info] [MonoDbg] AddEntityToScript - Instantiating and adding script: TargetFacingFlip to Entity ID: -7
[22:42:33.752] [info] [SetScriptVars] OK setting fields for: TargetFacingFlip
[22:42:33.752] [info] [MonoDbg] AddEntityToScript - Syncing serialized fields for script: TargetFacingFlip
[22:42:33.752] [info] [SetScriptVars] OK setting fields for: TargetFacingFlip
[22:42:33.752] [info] [MonoDbg] AddEntityToScript - Instantiating and adding script: MorayEel to Entity ID: -7
[22:42:33.753] [info] [SetScriptVars] OK setting fields for: MorayEel
[22:42:33.753] [info] [MonoDbg] AddEntityToScript - Syncing serialized fields for script: MorayEel
[22:42:33.753] [info] [SetScriptVars] OK setting fields for: MorayEel
[22:42:33.753] [info] [MonoDbg] AddEntityToScript - Instantiating and adding script: HP to Entity ID: -7
[22:42:33.753] [info] [SetScriptVars] OK setting fields for: HP
[22:42:33.753] [info] [MonoDbg] AddEntityToScript - Syncing serialized fields for script: HP
[22:42:33.753] [info] [SetScriptVars] OK setting fields for: HP
[22:42:33.754] [info] [MonoDbg] AddEntityToScript - Instantiating and adding script: DespawnTimer to Entity ID: -7
[22:42:33.754] [info] [SetScriptVars] OK setting fields for: DespawnTimer
[22:42:33.754] [info] [MonoDbg] AddEntityToScript - Syncing serialized fields for script: DespawnTimer
[22:42:33.754] [info] [SetScriptVars] OK setting fields for: DespawnTimer
[22:42:33.754] [info] [MonoDbg] AddEntityToScript - Instantiating and adding script: ExpDropper to Entity ID: -7
[22:42:33.754] [info] [SetScriptVars] OK setting fields for: ExpDropper
[22:42:33.754] [info] [MonoDbg] AddEntityToScript - Syncing serialized fields for script: ExpDropper
[22:42:33.755] [info] [SetScriptVars] OK setting fields for: ExpDropper
[22:42:33.755] [info] [MonoDbg] AddEntityToScript - Instantiating and adding script: ParticleOffset to Entity ID: -7
[22:42:33.755] [info] [SetScriptVars] OK setting fields for: ParticleOffset
[22:42:33.755] [info] [MonoDbg] AddEntityToScript - Syncing serialized fields for script: ParticleOffset
[22:42:33.755] [info] [SetScriptVars] OK setting fields for: ParticleOffset
[22:42:33.755] [info] [MonoDbg] AddEntityToScript - Instantiating and adding script: AttackCollision to Entity ID: -7
[22:42:33.756] [info] [SetScriptVars] OK setting fields for: AttackCollision
[22:42:33.756] [info] [MonoDbg] AddEntityToScript - Syncing serialized fields for script: AttackCollision
[22:42:33.756] [info] [SetScriptVars] OK setting fields for: AttackCollision
[22:42:33.756] [info] [MonoDbg] AddEntityToScript - Instantiating and adding script: FlashOnDamaged to Entity ID: -7
[22:42:33.756] [info] [SetScriptVars] OK setting fields for: FlashOnDamaged
[22:42:33.756] [info] [MonoDbg] AddEntityToScript - Syncing serialized fields for script: FlashOnDamaged
[22:42:33.756] [info] [SetScriptVars] OK setting fields for: FlashOnDamaged
[22:42:33.757] [info] [MonoDbg] AddEntityToScript - Instantiating and adding script: ShakeSelfOnDamaged to Entity ID: -7
[22:42:33.757] [info] [SetScriptVars] OK setting fields for: ShakeSelfOnDamaged
[22:42:33.757] [info] [MonoDbg] AddEntityToScript - Syncing serialized fields for script: ShakeSelfOnDamaged
[22:42:33.757] [info] [SetScriptVars] OK setting fields for: ShakeSelfOnDamaged
[22:42:33.757] [info] [SOURCE_DETECTOR] C# requested CreateEntity: Prefab = enemySwimParticle
[22:42:33.758] [info] [SOURCE_DETECTOR] Engine creating Entity (Internal)
[22:42:33.758] [info] [CPP ECS] FromJson - Adding component 'Transform' to entity 'enemySwimParticle'
[22:42:33.758] [info] [CPP ECS] FromJson - Adding component 'Variables' to entity 'enemySwimParticle'
[22:42:33.758] [info] [CPP ECS] FromJson - Adding component 'ParticleSystem2D' to entity 'enemySwimParticle'
[22:42:33.882] [error] Entity not found for ID: -31
[22:42:33.883] [error] Entity not found for ID: -32
[22:42:33.899] [error] Entity not found for ID: -31
[22:42:33.899] [error] Entity not found for ID: -32
[22:42:33.915] [error] Entity not found for ID: -31
[22:42:33.915] [error] Entity not found for ID: -32
[22:42:33.932] [error] Entity not found for ID: -31
[22:42:33.932] [error] Entity not found for ID: -32
[22:42:33.949] [error] Entity not found for ID: -31
[22:42:33.949] [error] Entity not found for ID: -32
[22:42:33.950] [info] Collision Enter 2D Event Invoked
[22:42:33.950] [info] Collision Enter 2D Event Invoked
[22:42:33.950] [info] Collision Enter 2D Event Invoked
[22:42:33.950] [info] Collision Enter 2D Event Invoked
[22:42:33.950] [info] Collision Enter 2D Event Invoked
[22:42:33.950] [info] Collision Enter 2D Event Invoked
[22:42:33.951] [info] Collision Enter 2D Event Invoked
[22:42:33.951] [info] Collision Enter 2D Event Invoked
[22:42:33.951] [info] Collision Enter 2D Event Invoked
[22:42:33.951] [info] Collision Enter 2D Event Invoked
[22:42:33.951] [info] Collision Enter 2D Event Invoked
[22:42:33.951] [info] Collision Enter 2D Event Invoked
[22:42:33.951] [info] Collision Enter 2D Event Invoked
[22:42:33.952] [info] Collision Enter 2D Event Invoked
[22:42:33.952] [info] Collision Enter 2D Event Invoked
[22:42:33.952] [info] Collision Enter 2D Event Invoked
[22:42:33.952] [info] Collision Enter 2D Event Invoked
[22:42:33.952] [info] Collision Enter 2D Event Invoked
[22:42:33.952] [info] Collision Enter 2D Event Invoked
[22:42:33.953] [info] Collision Enter 2D Event Invoked
[22:42:33.953] [info] Collision Enter 2D Event Invoked
[22:42:33.953] [info] Collision Enter 2D Event Invoked
[22:42:33.953] [info] Collision Enter 2D Event Invoked
[22:42:33.953] [info] Collision Enter 2D Event Invoked
[22:42:33.953] [info] Collision Enter 2D Event Invoked
[22:42:33.953] [info] Collision Enter 2D Event Invoked
[22:42:33.967] [error] Entity not found for ID: -31
[22:42:33.968] [error] Entity not found for ID: -32
[22:42:33.982] [error] Entity not found for ID: -31
[22:42:33.982] [error] Entity not found for ID: -32
[22:42:33.998] [error] Entity not found for ID: -31
[22:42:33.999] [error] Entity not found for ID: -32
[22:42:34.015] [error] Entity not found for ID: -31
[22:42:34.015] [error] Entity not found for ID: -32
[22:42:34.033] [error] Entity not found for ID: -31
[22:42:34.033] [error] Entity not found for ID: -32
[22:42:34.051] [error] Entity not found for ID: -31
[22:42:34.052] [error] Entity not found for ID: -32
[22:42:34.067] [error] Entity not found for ID: -31
[22:42:34.067] [error] Entity not found for ID: -32
[22:42:34.083] [error] Entity not found for ID: -31
[22:42:34.083] [error] Entity not found for ID: -32
[22:42:34.099] [error] Entity not found for ID: -31
[22:42:34.099] [error] Entity not found for ID: -32
[22:42:34.115] [error] Entity not found for ID: -31
[22:42:34.115] [error] Entity not found for ID: -32
[22:42:34.132] [error] Entity not found for ID: -31
[22:42:34.132] [error] Entity not found for ID: -32
[22:42:34.150] [error] Entity not found for ID: -31
[22:42:34.150] [error] Entity not found for ID: -32
[22:42:34.151] [info] Collision Enter 2D Event Invoked
[22:42:34.151] [info] Collision Enter 2D Event Invoked
[22:42:34.151] [info] Collision Enter 2D Event Invoked
[22:42:34.151] [info] Collision Enter 2D Event Invoked
[22:42:34.168] [error] Entity not found for ID: 0
[22:42:34.169] [info] [SOURCE_DETECTOR] C# requested CreateEntity: Prefab = MorayEel
[22:42:34.169] [info] [SOURCE_DETECTOR] Engine creating Entity (Internal)
[22:42:34.169] [info] [CPP ECS] FromJson - Adding component 'Transform' to entity 'MorayEel'
[22:42:34.169] [info] [CPP ECS] FromJson - Adding component 'CircleCollider' to entity 'MorayEel'
[22:42:34.169] [info] [CPP ECS] FromJson - Adding component 'Variables' to entity 'MorayEel'
[22:42:34.170] [info] [CPP ECS] FromJson - Adding component 'Script' to entity 'MorayEel'
[22:42:34.170] [info] [CPP ECS] FromJson - Adding component 'SpriteRenderer' to entity 'MorayEel'
[22:42:34.170] [info] [CPP ECS] FromJson - Adding component 'Rigidbody2D' to entity 'MorayEel'
[22:42:34.170] [info] Script MorayEelSpawnMove found for Entity ID: -23
[22:42:34.170] [info] [SetScriptVars] OK setting fields for: MorayEelSpawnMove
[22:42:34.171] [error] Entity not found for ID: -31
[22:42:34.171] [error] Entity not found for ID: -32
[22:42:34.171] [info] Collision Enter 2D Event Invoked
[22:42:34.171] [info] Collision Enter 2D Event Invoked
[22:42:34.171] [info] Collision Enter 2D Event Invoked
[22:42:34.172] [info] Collision Enter 2D Event Invoked
[22:42:34.172] [info] Collision Enter 2D Event Invoked
[22:42:34.186] [info] [MonoDbg] AddEntityToScript - Instantiating and adding script: SpriteAnimation to Entity ID: -23
[22:42:34.186] [info] [SetScriptVars] OK setting fields for: SpriteAnimation
[22:42:34.186] [info] [MonoDbg] AddEntityToScript - Syncing serialized fields for script: SpriteAnimation
[22:42:34.186] [info] [SetScriptVars] OK setting fields for: SpriteAnimation
[22:42:34.186] [info] [MonoDbg] AddEntityToScript - Instantiating and adding script: MorayEelSpawnMove to Entity ID: -23
[22:42:34.187] [info] [MonoDbg] AddEntityToScript - Syncing serialized fields for script: MorayEelSpawnMove
[22:42:34.187] [info] [SetScriptVars] OK setting fields for: MorayEelSpawnMove
[22:42:34.187] [info] [MonoDbg] AddEntityToScript - Instantiating and adding script: ChaseController to Entity ID: -23
[22:42:34.187] [info] [SetScriptVars] OK setting fields for: ChaseController
[22:42:34.187] [info] [MonoDbg] AddEntityToScript - Syncing serialized fields for script: ChaseController
[22:42:34.187] [info] [SetScriptVars] OK setting fields for: ChaseController
[22:42:34.188] [info] [MonoDbg] AddEntityToScript - Instantiating and adding script: ChaseAnimation to Entity ID: -23
[22:42:34.188] [info] [SetScriptVars] OK setting fields for: ChaseAnimation
[22:42:34.188] [info] [MonoDbg] AddEntityToScript - Syncing serialized fields for script: ChaseAnimation
[22:42:34.188] [info] [SetScriptVars] OK setting fields for: ChaseAnimation
[22:42:34.188] [info] [MonoDbg] AddEntityToScript - Instantiating and adding script: SmallFryChaseMove to Entity ID: -23
[22:42:34.188] [info] [SetScriptVars] OK setting fields for: SmallFryChaseMove
[22:42:34.189] [info] [MonoDbg] AddEntityToScript - Syncing serialized fields for script: SmallFryChaseMove
[22:42:34.189] [info] [SetScriptVars] OK setting fields for: SmallFryChaseMove
[22:42:34.189] [info] [MonoDbg] AddEntityToScript - Instantiating and adding script: TargetFacingFlip to Entity ID: -23
[22:42:34.189] [info] [SetScriptVars] OK setting fields for: TargetFacingFlip
[22:42:34.189] [info] [MonoDbg] AddEntityToScript - Syncing serialized fields for script: TargetFacingFlip
[22:42:34.189] [info] [SetScriptVars] OK setting fields for: TargetFacingFlip
[22:42:34.189] [info] [MonoDbg] AddEntityToScript - Instantiating and adding script: MorayEel to Entity ID: -23
[22:42:34.190] [info] [SetScriptVars] OK setting fields for: MorayEel
[22:42:34.190] [info] [MonoDbg] AddEntityToScript - Syncing serialized fields for script: MorayEel
[22:42:34.190] [info] [SetScriptVars] OK setting fields for: MorayEel
[22:42:34.190] [info] [MonoDbg] AddEntityToScript - Instantiating and adding script: HP to Entity ID: -23
[22:42:34.190] [info] [SetScriptVars] OK setting fields for: HP
[22:42:34.190] [info] [MonoDbg] AddEntityToScript - Syncing serialized fields for script: HP
[22:42:34.191] [info] [SetScriptVars] OK setting fields for: HP
[22:42:34.191] [info] [MonoDbg] AddEntityToScript - Instantiating and adding script: DespawnTimer to Entity ID: -23
[22:42:34.191] [info] [SetScriptVars] OK setting fields for: DespawnTimer
[22:42:34.191] [info] [MonoDbg] AddEntityToScript - Syncing serialized fields for script: DespawnTimer
[22:42:34.191] [info] [SetScriptVars] OK setting fields for: DespawnTimer
[22:42:34.191] [info] [MonoDbg] AddEntityToScript - Instantiating and adding script: ExpDropper to Entity ID: -23
[22:42:34.192] [info] [SetScriptVars] OK setting fields for: ExpDropper
[22:42:34.192] [info] [MonoDbg] AddEntityToScript - Syncing serialized fields for script: ExpDropper
[22:42:34.192] [info] [SetScriptVars] OK setting fields for: ExpDropper
[22:42:34.192] [info] [MonoDbg] AddEntityToScript - Instantiating and adding script: ParticleOffset to Entity ID: -23
[22:42:34.192] [info] [SetScriptVars] OK setting fields for: ParticleOffset
[22:42:34.192] [info] [MonoDbg] AddEntityToScript - Syncing serialized fields for script: ParticleOffset
[22:42:34.193] [info] [SetScriptVars] OK setting fields for: ParticleOffset
[22:42:34.193] [info] [MonoDbg] AddEntityToScript - Instantiating and adding script: AttackCollision to Entity ID: -23
[22:42:34.193] [info] [SetScriptVars] OK setting fields for: AttackCollision
[22:42:34.193] [info] [MonoDbg] AddEntityToScript - Syncing serialized fields for script: AttackCollision
[22:42:34.193] [info] [SetScriptVars] OK setting fields for: AttackCollision
[22:42:34.193] [info] [MonoDbg] AddEntityToScript - Instantiating and adding script: FlashOnDamaged to Entity ID: -23
[22:42:34.193] [info] [SetScriptVars] OK setting fields for: FlashOnDamaged
[22:42:34.194] [info] [MonoDbg] AddEntityToScript - Syncing serialized fields for script: FlashOnDamaged
[22:42:34.194] [info] [SetScriptVars] OK setting fields for: FlashOnDamaged
[22:42:34.194] [info] [MonoDbg] AddEntityToScript - Instantiating and adding script: ShakeSelfOnDamaged to Entity ID: -23
[22:42:34.194] [info] [SetScriptVars] OK setting fields for: ShakeSelfOnDamaged
[22:42:34.194] [info] [MonoDbg] AddEntityToScript - Syncing serialized fields for script: ShakeSelfOnDamaged
[22:42:34.194] [info] [SetScriptVars] OK setting fields for: ShakeSelfOnDamaged
[22:42:34.195] [info] [SOURCE_DETECTOR] C# requested CreateEntity: Prefab = enemySwimParticle
[22:42:34.195] [info] [SOURCE_DETECTOR] Engine creating Entity (Internal)
[22:42:34.195] [info] [CPP ECS] FromJson - Adding component 'Transform' to entity 'enemySwimParticle'
[22:42:34.195] [info] [CPP ECS] FromJson - Adding component 'Variables' to entity 'enemySwimParticle'
[22:42:34.195] [info] [CPP ECS] FromJson - Adding component 'ParticleSystem2D' to entity 'enemySwimParticle'
[22:42:34.196] [error] Entity not found for ID: 0
[22:42:34.196] [error] Entity not found for ID: -32
[22:42:34.211] [error] Entity not found for ID: 0
[22:42:34.211] [error] Entity not found for ID: -32
[22:42:34.212] [info] Collision Enter 2D Event Invoked
[22:42:34.212] [info] Collision Enter 2D Event Invoked
[22:42:34.212] [info] Collision Enter 2D Event Invoked
[22:42:34.212] [info] Collision Enter 2D Event Invoked
[22:42:34.212] [info] Collision Enter 2D Event Invoked
[22:42:34.213] [info] Collision Enter 2D Event Invoked
[22:42:34.213] [info] Collision Enter 2D Event Invoked
[22:42:34.213] [info] Collision Enter 2D Event Invoked
[22:42:34.213] [info] Collision Enter 2D Event Invoked
[22:42:34.213] [info] Collision Enter 2D Event Invoked
[22:42:34.213] [info] Collision Enter 2D Event Invoked
[22:42:34.213] [info] Collision Enter 2D Event Invoked
[22:42:34.214] [info] Collision Enter 2D Event Invoked
[22:42:34.214] [info] Collision Enter 2D Event Invoked
[22:42:34.214] [info] Collision Enter 2D Event Invoked
[22:42:34.214] [info] Collision Enter 2D Event Invoked
[22:42:34.214] [info] Collision Enter 2D Event Invoked
[22:42:34.214] [info] Collision Enter 2D Event Invoked
[22:42:34.229] [error] Entity not found for ID: 0
[22:42:34.229] [error] Entity not found for ID: -32
[22:42:34.232] [info] Collision Exit 2D Event Invoked
[22:42:34.232] [info] Collision Exit 2D Event Invoked
[22:42:34.232] [info] Collision Exit 2D Event Invoked
[22:42:34.232] [info] Collision Exit 2D Event Invoked
[22:42:34.232] [info] Collision Exit 2D Event Invoked
[22:42:34.233] [info] Collision Exit 2D Event Invoked
[22:42:34.233] [info] Collision Exit 2D Event Invoked
[22:42:34.233] [info] Collision Exit 2D Event Invoked
[22:42:34.233] [info] Collision Exit 2D Event Invoked
[22:42:34.233] [info] Collision Exit 2D Event Invoked
[22:42:34.233] [info] Collision Exit 2D Event Invoked
[22:42:34.234] [info] Collision Exit 2D Event Invoked
[22:42:34.234] [info] Collision Exit 2D Event Invoked
[22:42:34.234] [info] Collision Exit 2D Event Invoked
[22:42:34.234] [info] Collision Exit 2D Event Invoked
[22:42:34.234] [info] Collision Exit 2D Event Invoked
[22:42:34.234] [info] Collision Exit 2D Event Invoked
[22:42:34.235] [info] Collision Exit 2D Event Invoked
[22:42:34.247] [error] Entity not found for ID: 0
[22:42:34.248] [error] Entity not found for ID: -32
[22:42:34.248] [info] Collision Enter 2D Event Invoked
[22:42:34.248] [info] Collision Enter 2D Event Invoked
[22:42:34.249] [info] Collision Enter 2D Event Invoked
[22:42:34.249] [info] Collision Enter 2D Event Invoked
[22:42:34.249] [info] Collision Enter 2D Event Invoked
[22:42:34.249] [info] Collision Enter 2D Event Invoked
[22:42:34.249] [info] Collision Enter 2D Event Invoked
[22:42:34.249] [info] Collision Enter 2D Event Invoked
[22:42:34.249] [info] Collision Enter 2D Event Invoked
[22:42:34.250] [info] Collision Enter 2D Event Invoked
[22:42:34.250] [info] Collision Enter 2D Event Invoked
[22:42:34.250] [info] Collision Enter 2D Event Invoked
[22:42:34.250] [info] Collision Enter 2D Event Invoked
[22:42:34.250] [info] Collision Enter 2D Event Invoked
[22:42:34.250] [info] Collision Enter 2D Event Invoked
[22:42:34.251] [info] Collision Enter 2D Event Invoked
[22:42:34.251] [info] Collision Enter 2D Event Invoked
[22:42:34.251] [info] Collision Enter 2D Event Invoked
[22:42:34.251] [info] Collision Enter 2D Event Invoked
[22:42:34.251] [info] Collision Enter 2D Event Invoked
[22:42:34.251] [info] Collision Enter 2D Event Invoked
[22:42:34.252] [info] Collision Enter 2D Event Invoked
[22:42:34.252] [info] Collision Enter 2D Event Invoked
[22:42:34.252] [info] Collision Enter 2D Event Invoked
[22:42:34.252] [info] Collision Enter 2D Event Invoked
[22:42:34.252] [info] Collision Enter 2D Event Invoked
[22:42:34.252] [info] Collision Enter 2D Event Invoked
[22:42:34.253] [info] Collision Enter 2D Event Invoked
[22:42:34.253] [info] Collision Enter 2D Event Invoked
[22:42:34.253] [info] Collision Enter 2D Event Invoked
[22:42:34.253] [info] Collision Enter 2D Event Invoked
[22:42:34.253] [info] Collision Enter 2D Event Invoked
[22:42:34.253] [info] Collision Enter 2D Event Invoked
[22:42:34.254] [info] Collision Enter 2D Event Invoked
[22:42:34.254] [info] Collision Enter 2D Event Invoked
[22:42:34.254] [info] Collision Enter 2D Event Invoked
[22:42:34.267] [error] Entity not found for ID: 0
[22:42:34.268] [error] Entity not found for ID: -32
[22:42:34.270] [info] Collision Exit 2D Event Invoked
[22:42:34.270] [info] Collision Exit 2D Event Invoked
[22:42:34.271] [info] Collision Exit 2D Event Invoked
[22:42:34.271] [info] Collision Exit 2D Event Invoked
[22:42:34.271] [info] Collision Exit 2D Event Invoked
[22:42:34.271] [info] Collision Exit 2D Event Invoked
[22:42:34.271] [info] Collision Exit 2D Event Invoked
[22:42:34.272] [info] Collision Exit 2D Event Invoked
[22:42:34.272] [info] Collision Exit 2D Event Invoked
[22:42:34.272] [info] Collision Exit 2D Event Invoked
[22:42:34.272] [info] Collision Exit 2D Event Invoked
[22:42:34.272] [info] Collision Exit 2D Event Invoked
[22:42:34.272] [info] Collision Exit 2D Event Invoked
[22:42:34.273] [info] Collision Exit 2D Event Invoked
[22:42:34.273] [info] Collision Exit 2D Event Invoked
[22:42:34.273] [info] Collision Exit 2D Event Invoked
[22:42:34.273] [info] Collision Exit 2D Event Invoked
[22:42:34.273] [info] Collision Exit 2D Event Invoked
[22:42:34.273] [info] Collision Exit 2D Event Invoked
[22:42:34.274] [info] Collision Exit 2D Event Invoked
[22:42:34.274] [info] Collision Exit 2D Event Invoked
[22:42:34.274] [info] Collision Exit 2D Event Invoked
[22:42:34.274] [info] Collision Exit 2D Event Invoked
[22:42:34.274] [info] Collision Exit 2D Event Invoked
[22:42:34.274] [info] Collision Exit 2D Event Invoked
[22:42:34.275] [info] Collision Exit 2D Event Invoked
[22:42:34.275] [info] Collision Exit 2D Event Invoked
[22:42:34.275] [info] Collision Exit 2D Event Invoked
[22:42:34.275] [info] Collision Exit 2D Event Invoked
[22:42:34.275] [info] Collision Exit 2D Event Invoked
[22:42:34.275] [info] Collision Exit 2D Event Invoked
[22:42:34.275] [info] Collision Exit 2D Event Invoked
[22:42:34.276] [info] Collision Exit 2D Event Invoked
[22:42:34.276] [info] Collision Exit 2D Event Invoked
[22:42:34.276] [info] Collision Exit 2D Event Invoked
[22:42:34.276] [info] Collision Exit 2D Event Invoked
[22:42:34.288] [error] Entity not found for ID: 0
[22:42:34.289] [error] Entity not found for ID: -32
[22:42:34.291] [info] Collision Exit 2D Event Invoked
[22:42:34.291] [info] Collision Exit 2D Event Invoked
[22:42:34.291] [info] Collision Exit 2D Event Invoked
[22:42:34.291] [info] Collision Exit 2D Event Invoked
[22:42:34.291] [info] Collision Exit 2D Event Invoked
[22:42:34.291] [info] Collision Exit 2D Event Invoked
[22:42:34.292] [info] Collision Exit 2D Event Invoked
[22:42:34.292] [info] Collision Exit 2D Event Invoked
[22:42:34.292] [info] Collision Exit 2D Event Invoked
[22:42:34.292] [info] Collision Exit 2D Event Invoked
[22:42:34.292] [info] Collision Exit 2D Event Invoked
[22:42:34.292] [info] Collision Exit 2D Event Invoked
[22:42:34.293] [info] Collision Exit 2D Event Invoked
[22:42:34.293] [info] Collision Exit 2D Event Invoked
[22:42:34.293] [info] Collision Exit 2D Event Invoked
[22:42:34.293] [info] Collision Exit 2D Event Invoked
[22:42:34.293] [info] Collision Exit 2D Event Invoked
[22:42:34.293] [info] Collision Exit 2D Event Invoked
[22:42:34.294] [info] Collision Exit 2D Event Invoked
[22:42:34.294] [info] Collision Exit 2D Event Invoked
[22:42:34.294] [info] Collision Exit 2D Event Invoked
[22:42:34.294] [info] Collision Exit 2D Event Invoked
[22:42:34.294] [info] Collision Exit 2D Event Invoked
[22:42:34.294] [info] Collision Exit 2D Event Invoked
[22:42:34.295] [info] Collision Exit 2D Event Invoked
[22:42:34.295] [info] Collision Exit 2D Event Invoked
[22:42:34.307] [error] Entity not found for ID: 0
[22:42:34.307] [error] Entity not found for ID: -32
[22:42:34.309] [info] Collision Exit 2D Event Invoked
[22:42:34.309] [info] Collision Exit 2D Event Invoked
[22:42:34.309] [info] Collision Exit 2D Event Invoked
[22:42:34.310] [info] Collision Exit 2D Event Invoked
[22:42:34.310] [info] Collision Exit 2D Event Invoked
[22:42:34.321] [error] Entity not found for ID: 0
[22:42:34.322] [error] Entity not found for ID: -32
[22:42:34.335] [error] Entity not found for ID: 0
[22:42:34.336] [error] Entity not found for ID: -32
[22:42:34.350] [error] Entity not found for ID: 0
[22:42:34.350] [error] Entity not found for ID: -32
[22:42:34.365] [error] Entity not found for ID: 0
[22:42:34.366] [error] Entity not found for ID: -32
[22:42:34.380] [error] Entity not found for ID: 0
[22:42:34.381] [error] Entity not found for ID: -32
[22:42:34.383] [info] Collision Exit 2D Event Invoked
[22:42:34.384] [info] Collision Exit 2D Event Invoked
[22:42:34.384] [info] Collision Exit 2D Event Invoked
[22:42:34.384] [info] Collision Exit 2D Event Invoked
[22:42:34.396] [error] Entity not found for ID: 0
[22:42:34.397] [error] Entity not found for ID: -32
[22:42:34.412] [info] [SOURCE_DETECTOR] C# requested CreateEntity: Prefab = playerDashParticle
[22:42:34.412] [info] [SOURCE_DETECTOR] Engine creating Entity (Internal)
[22:42:34.412] [info] [CPP ECS] FromJson - Adding component 'Transform' to entity 'playerDashParticle'
[22:42:34.412] [info] [CPP ECS] FromJson - Adding component 'Variables' to entity 'playerDashParticle'
[22:42:34.412] [info] [CPP ECS] FromJson - Adding component 'ParticleSystem2D' to entity 'playerDashParticle'
[22:42:34.413] [error] Entity not found for ID: 0
[22:42:34.428] [error] Entity not found for ID: 0
[22:42:34.429] [info] Collision Enter 2D Event Invoked
[22:42:34.429] [info] Collision Enter 2D Event Invoked
[22:42:34.429] [info] Collision Enter 2D Event Invoked
[22:42:34.429] [info] Collision Enter 2D Event Invoked
[22:42:34.429] [info] Collision Enter 2D Event Invoked
[22:42:34.429] [info] Collision Enter 2D Event Invoked
[22:42:34.429] [info] Collision Enter 2D Event Invoked
[22:42:34.430] [info] Collision Enter 2D Event Invoked
[22:42:34.430] [info] Collision Enter 2D Event Invoked
[22:42:34.430] [info] Collision Enter 2D Event Invoked
[22:42:34.430] [info] Collision Enter 2D Event Invoked
[22:42:34.430] [info] Collision Enter 2D Event Invoked
[22:42:34.430] [info] Collision Enter 2D Event Invoked
[22:42:34.431] [info] Collision Enter 2D Event Invoked
[22:42:34.431] [info] Collision Enter 2D Event Invoked
[22:42:34.431] [info] Collision Enter 2D Event Invoked
[22:42:34.431] [info] Collision Enter 2D Event Invoked
[22:42:34.431] [info] Collision Enter 2D Event Invoked
[22:42:34.445] [error] Entity not found for ID: 0
[22:42:34.447] [info] Collision Exit 2D Event Invoked
[22:42:34.447] [info] Collision Exit 2D Event Invoked
[22:42:34.448] [info] Collision Exit 2D Event Invoked
[22:42:34.448] [info] Collision Exit 2D Event Invoked
[22:42:34.448] [info] Collision Exit 2D Event Invoked
[22:42:34.448] [info] Collision Exit 2D Event Invoked
[22:42:34.448] [info] Collision Exit 2D Event Invoked
[22:42:34.448] [info] Collision Exit 2D Event Invoked
[22:42:34.449] [info] Collision Exit 2D Event Invoked
[22:42:34.449] [info] Collision Exit 2D Event Invoked
[22:42:34.449] [info] Collision Exit 2D Event Invoked
[22:42:34.449] [info] Collision Exit 2D Event Invoked
[22:42:34.449] [info] Collision Exit 2D Event Invoked
[22:42:34.449] [info] Collision Exit 2D Event Invoked
[22:42:34.450] [info] Collision Exit 2D Event Invoked
[22:42:34.450] [info] Collision Exit 2D Event Invoked
[22:42:34.450] [info] Collision Exit 2D Event Invoked
[22:42:34.450] [info] Collision Exit 2D Event Invoked
[22:42:34.462] [error] Entity not found for ID: 0
[22:42:34.463] [info] Collision Enter 2D Event Invoked
[22:42:34.463] [info] Collision Enter 2D Event Invoked
[22:42:34.463] [info] Collision Enter 2D Event Invoked
[22:42:34.464] [info] Collision Enter 2D Event Invoked
[22:42:34.464] [info] Collision Enter 2D Event Invoked
[22:42:34.464] [info] Collision Enter 2D Event Invoked
[22:42:34.464] [info] Collision Enter 2D Event Invoked
[22:42:34.464] [info] Collision Enter 2D Event Invoked
[22:42:34.464] [info] Collision Enter 2D Event Invoked
[22:42:34.465] [info] Collision Enter 2D Event Invoked
[22:42:34.465] [info] Collision Enter 2D Event Invoked
[22:42:34.465] [info] Collision Enter 2D Event Invoked
[22:42:34.465] [info] Collision Enter 2D Event Invoked
[22:42:34.465] [info] Collision Enter 2D Event Invoked
[22:42:34.465] [info] Collision Enter 2D Event Invoked
[22:42:34.465] [info] Collision Enter 2D Event Invoked
[22:42:34.466] [info] Collision Enter 2D Event Invoked
[22:42:34.466] [info] Collision Enter 2D Event Invoked
[22:42:34.480] [error] Entity not found for ID: 0
[22:42:34.482] [info] Collision Exit 2D Event Invoked
[22:42:34.482] [info] Collision Exit 2D Event Invoked
[22:42:34.482] [info] Collision Exit 2D Event Invoked
[22:42:34.482] [info] Collision Exit 2D Event Invoked
[22:42:34.482] [info] Collision Exit 2D Event Invoked
[22:42:34.483] [info] Collision Exit 2D Event Invoked
[22:42:34.483] [info] Collision Exit 2D Event Invoked
[22:42:34.483] [info] Collision Exit 2D Event Invoked
[22:42:34.483] [info] Collision Exit 2D Event Invoked
[22:42:34.483] [info] Collision Exit 2D Event Invoked
[22:42:34.483] [info] Collision Exit 2D Event Invoked
[22:42:34.483] [info] Collision Exit 2D Event Invoked
[22:42:34.484] [info] Collision Exit 2D Event Invoked
[22:42:34.484] [info] Collision Exit 2D Event Invoked
[22:42:34.484] [info] Collision Exit 2D Event Invoked
[22:42:34.484] [info] Collision Exit 2D Event Invoked
[22:42:34.484] [info] Collision Exit 2D Event Invoked
[22:42:34.484] [info] Collision Exit 2D Event Invoked
[22:42:34.496] [error] Entity not found for ID: 0
[22:42:34.497] [info] Collision Enter 2D Event Invoked
[22:42:34.498] [info] Collision Enter 2D Event Invoked
[22:42:34.498] [info] Collision Enter 2D Event Invoked
[22:42:34.498] [info] Collision Enter 2D Event Invoked
[22:42:34.498] [info] Collision Enter 2D Event Invoked
[22:42:34.498] [info] Collision Enter 2D Event Invoked
[22:42:34.498] [info] Collision Enter 2D Event Invoked
[22:42:34.499] [info] Collision Enter 2D Event Invoked
[22:42:34.499] [info] Collision Enter 2D Event Invoked
[22:42:34.499] [info] Collision Enter 2D Event Invoked
[22:42:34.499] [info] Collision Enter 2D Event Invoked
[22:42:34.499] [info] Collision Enter 2D Event Invoked
[22:42:34.499] [info] Collision Enter 2D Event Invoked
[22:42:34.499] [info] Collision Enter 2D Event Invoked
[22:42:34.500] [info] Collision Enter 2D Event Invoked
[22:42:34.500] [info] Collision Enter 2D Event Invoked
[22:42:34.500] [info] Collision Enter 2D Event Invoked
[22:42:34.500] [info] Collision Enter 2D Event Invoked
[22:42:34.500] [info] Collision Enter 2D Event Invoked
[22:42:34.500] [info] Collision Enter 2D Event Invoked
[22:42:34.501] [info] Collision Enter 2D Event Invoked
[22:42:34.501] [info] Collision Enter 2D Event Invoked
[22:42:34.501] [info] Collision Enter 2D Event Invoked
[22:42:34.501] [info] Collision Enter 2D Event Invoked
[22:42:34.501] [info] Collision Enter 2D Event Invoked
[22:42:34.501] [info] Collision Enter 2D Event Invoked
[22:42:34.502] [info] Collision Enter 2D Event Invoked
[22:42:34.502] [info] Collision Enter 2D Event Invoked
[22:42:34.502] [info] Collision Enter 2D Event Invoked
[22:42:34.515] [error] Entity not found for ID: 0
[22:42:34.517] [info] Collision Exit 2D Event Invoked
[22:42:34.518] [info] Collision Exit 2D Event Invoked
[22:42:34.518] [info] Collision Exit 2D Event Invoked
[22:42:34.518] [info] Collision Exit 2D Event Invoked
[22:42:34.518] [info] Collision Exit 2D Event Invoked
[22:42:34.518] [info] Collision Exit 2D Event Invoked
[22:42:34.518] [info] Collision Exit 2D Event Invoked
[22:42:34.519] [info] Collision Exit 2D Event Invoked
[22:42:34.519] [info] Collision Exit 2D Event Invoked
[22:42:34.519] [info] Collision Exit 2D Event Invoked
[22:42:34.519] [info] Collision Exit 2D Event Invoked
[22:42:34.519] [info] Collision Exit 2D Event Invoked
[22:42:34.519] [info] Collision Exit 2D Event Invoked
[22:42:34.520] [info] Collision Exit 2D Event Invoked
[22:42:34.520] [info] Collision Exit 2D Event Invoked
[22:42:34.520] [info] Collision Exit 2D Event Invoked
[22:42:34.520] [info] Collision Exit 2D Event Invoked
[22:42:34.520] [info] Collision Exit 2D Event Invoked
[22:42:34.520] [info] Collision Exit 2D Event Invoked
[22:42:34.520] [info] Collision Exit 2D Event Invoked
[22:42:34.521] [info] Collision Exit 2D Event Invoked
[22:42:34.521] [info] Collision Exit 2D Event Invoked
[22:42:34.521] [info] Collision Exit 2D Event Invoked
[22:42:34.521] [info] Collision Exit 2D Event Invoked
[22:42:34.521] [info] Collision Exit 2D Event Invoked
[22:42:34.521] [info] Collision Exit 2D Event Invoked
[22:42:34.521] [info] Collision Exit 2D Event Invoked
[22:42:34.522] [info] Collision Exit 2D Event Invoked
[22:42:34.522] [info] Collision Exit 2D Event Invoked
[22:42:34.533] [error] Entity not found for ID: 0
[22:42:34.534] [info] Collision Enter 2D Event Invoked
[22:42:34.534] [info] Collision Enter 2D Event Invoked
[22:42:34.535] [info] Collision Enter 2D Event Invoked
[22:42:34.535] [info] Collision Enter 2D Event Invoked
[22:42:34.535] [info] Collision Enter 2D Event Invoked
[22:42:34.535] [info] Collision Enter 2D Event Invoked
[22:42:34.535] [info] Collision Enter 2D Event Invoked
[22:42:34.535] [info] Collision Enter 2D Event Invoked
[22:42:34.536] [info] Collision Enter 2D Event Invoked
[22:42:34.536] [info] Collision Enter 2D Event Invoked
[22:42:34.536] [info] Collision Enter 2D Event Invoked
[22:42:34.536] [info] Collision Enter 2D Event Invoked
[22:42:34.536] [info] Collision Enter 2D Event Invoked
[22:42:34.536] [info] Collision Enter 2D Event Invoked
[22:42:34.537] [info] Collision Enter 2D Event Invoked
[22:42:34.537] [info] Collision Enter 2D Event Invoked
[22:42:34.537] [info] Collision Enter 2D Event Invoked
[22:42:34.537] [info] Collision Enter 2D Event Invoked
[22:42:34.551] [error] Entity not found for ID: 0
[22:42:34.552] [info] Collision Enter 2D Event Invoked
[22:42:34.552] [info] Collision Enter 2D Event Invoked
[22:42:34.553] [info] Collision Enter 2D Event Invoked
[22:42:34.553] [info] Collision Enter 2D Event Invoked
[22:42:34.553] [info] Collision Enter 2D Event Invoked
[22:42:34.553] [info] Collision Enter 2D Event Invoked
[22:42:34.553] [info] Collision Enter 2D Event Invoked
[22:42:34.553] [info] Collision Enter 2D Event Invoked
[22:42:34.553] [info] Collision Enter 2D Event Invoked
[22:42:34.554] [info] Collision Enter 2D Event Invoked
[22:42:34.554] [info] Collision Enter 2D Event Invoked
[22:42:34.554] [info] Collision Enter 2D Event Invoked
[22:42:34.554] [info] Collision Enter 2D Event Invoked
[22:42:34.554] [info] Collision Enter 2D Event Invoked
[22:42:34.554] [info] Collision Enter 2D Event Invoked
[22:42:34.555] [info] Collision Enter 2D Event Invoked
[22:42:34.555] [info] Collision Enter 2D Event Invoked
[22:42:34.555] [info] Collision Enter 2D Event Invoked
[22:42:34.556] [info] Collision Exit 2D Event Invoked
[22:42:34.557] [info] Collision Exit 2D Event Invoked
[22:42:34.557] [info] Collision Exit 2D Event Invoked
[22:42:34.557] [info] Collision Exit 2D Event Invoked
[22:42:34.557] [info] Collision Exit 2D Event Invoked
[22:42:34.557] [info] Collision Exit 2D Event Invoked
[22:42:34.557] [info] Collision Exit 2D Event Invoked
[22:42:34.558] [info] Collision Exit 2D Event Invoked
[22:42:34.558] [info] Collision Exit 2D Event Invoked
[22:42:34.558] [info] Collision Exit 2D Event Invoked
[22:42:34.558] [info] Collision Exit 2D Event Invoked
[22:42:34.558] [info] Collision Exit 2D Event Invoked
[22:42:34.558] [info] Collision Exit 2D Event Invoked
[22:42:34.559] [info] Collision Exit 2D Event Invoked
[22:42:34.559] [info] Collision Exit 2D Event Invoked
[22:42:34.559] [info] Collision Exit 2D Event Invoked
[22:42:34.559] [info] Collision Exit 2D Event Invoked
[22:42:34.559] [info] Collision Exit 2D Event Invoked
[22:42:34.572] [error] Entity not found for ID: 0
[22:42:34.574] [info] Collision Exit 2D Event Invoked
[22:42:34.574] [info] Collision Exit 2D Event Invoked
[22:42:34.574] [info] Collision Exit 2D Event Invoked
[22:42:34.574] [info] Collision Exit 2D Event Invoked
[22:42:34.575] [info] Collision Exit 2D Event Invoked
[22:42:34.575] [info] Collision Exit 2D Event Invoked
[22:42:34.575] [info] Collision Exit 2D Event Invoked
[22:42:34.575] [info] Collision Exit 2D Event Invoked
[22:42:34.575] [info] Collision Exit 2D Event Invoked
[22:42:34.575] [info] Collision Exit 2D Event Invoked
[22:42:34.576] [info] Collision Exit 2D Event Invoked
[22:42:34.576] [info] Collision Exit 2D Event Invoked
[22:42:34.576] [info] Collision Exit 2D Event Invoked
[22:42:34.576] [info] Collision Exit 2D Event Invoked
[22:42:34.576] [info] Collision Exit 2D Event Invoked
[22:42:34.576] [info] Collision Exit 2D Event Invoked
[22:42:34.577] [info] Collision Exit 2D Event Invoked
[22:42:34.577] [info] Collision Exit 2D Event Invoked
[22:42:34.589] [error] Entity not found for ID: 0
[22:42:34.590] [info] Collision Enter 2D Event Invoked
[22:42:34.590] [info] Collision Enter 2D Event Invoked
[22:42:34.590] [info] Collision Enter 2D Event Invoked
[22:42:34.590] [info] Collision Enter 2D Event Invoked
[22:42:34.591] [info] Collision Enter 2D Event Invoked
[22:42:34.591] [info] Collision Enter 2D Event Invoked
[22:42:34.591] [info] Collision Enter 2D Event Invoked
[22:42:34.591] [info] Collision Enter 2D Event Invoked
[22:42:34.591] [info] Collision Enter 2D Event Invoked
[22:42:34.591] [info] Collision Enter 2D Event Invoked
[22:42:34.591] [info] Collision Enter 2D Event Invoked
[22:42:34.592] [info] Collision Enter 2D Event Invoked
[22:42:34.592] [info] Collision Enter 2D Event Invoked
[22:42:34.592] [info] Collision Enter 2D Event Invoked
[22:42:34.592] [info] Collision Enter 2D Event Invoked
[22:42:34.592] [info] Collision Enter 2D Event Invoked
[22:42:34.592] [info] Collision Enter 2D Event Invoked
[22:42:34.593] [info] Collision Enter 2D Event Invoked
[22:42:34.593] [info] Collision Enter 2D Event Invoked
[22:42:34.593] [info] Collision Enter 2D Event Invoked
[22:42:34.593] [info] Collision Enter 2D Event Invoked
[22:42:34.593] [info] Collision Enter 2D Event Invoked
[22:42:34.594] [info] Collision Enter 2D Event Invoked
[22:42:34.594] [info] Collision Enter 2D Event Invoked
[22:42:34.594] [info] Collision Enter 2D Event Invoked
[22:42:34.594] [info] Collision Enter 2D Event Invoked
[22:42:34.594] [info] Collision Enter 2D Event Invoked
[22:42:34.594] [info] Collision Enter 2D Event Invoked
[22:42:34.594] [info] Collision Enter 2D Event Invoked
[22:42:34.595] [info] Collision Enter 2D Event Invoked
[22:42:34.595] [info] Collision Enter 2D Event Invoked
[22:42:34.595] [info] Collision Enter 2D Event Invoked
[22:42:34.595] [info] Collision Enter 2D Event Invoked
[22:42:34.595] [info] Collision Enter 2D Event Invoked
[22:42:34.595] [info] Collision Enter 2D Event Invoked
[22:42:34.596] [info] Collision Enter 2D Event Invoked
[22:42:34.596] [info] Collision Enter 2D Event Invoked
[22:42:34.596] [info] Collision Enter 2D Event Invoked
[22:42:34.596] [info] Collision Enter 2D Event Invoked
[22:42:34.596] [info] Collision Enter 2D Event Invoked
[22:42:34.596] [info] Collision Enter 2D Event Invoked
[22:42:34.597] [info] Collision Enter 2D Event Invoked
[22:42:34.597] [info] Collision Enter 2D Event Invoked
[22:42:34.597] [info] Collision Enter 2D Event Invoked
[22:42:34.597] [info] Collision Enter 2D Event Invoked
[22:42:34.597] [info] Collision Enter 2D Event Invoked
[22:42:34.597] [info] Collision Enter 2D Event Invoked
[22:42:34.597] [info] Collision Enter 2D Event Invoked
[22:42:34.598] [info] Collision Enter 2D Event Invoked
[22:42:34.598] [info] Collision Enter 2D Event Invoked
[22:42:34.598] [info] Collision Enter 2D Event Invoked
[22:42:34.598] [info] Collision Enter 2D Event Invoked
[22:42:34.598] [info] Collision Enter 2D Event Invoked
[22:42:34.598] [info] Collision Enter 2D Event Invoked
[22:42:34.599] [info] Collision Enter 2D Event Invoked
[22:42:34.599] [info] Collision Enter 2D Event Invoked
[22:42:34.599] [info] Collision Enter 2D Event Invoked
[22:42:34.599] [info] Collision Enter 2D Event Invoked
[22:42:34.599] [info] Collision Enter 2D Event Invoked
[22:42:34.599] [info] Collision Enter 2D Event Invoked
[22:42:34.599] [info] Collision Enter 2D Event Invoked
[22:42:34.600] [info] Collision Enter 2D Event Invoked
[22:42:34.600] [info] Collision Enter 2D Event Invoked
[22:42:34.600] [info] Collision Enter 2D Event Invoked
[22:42:34.600] [info] Collision Enter 2D Event Invoked
[22:42:34.600] [info] Collision Enter 2D Event Invoked
[22:42:34.600] [info] Collision Enter 2D Event Invoked
[22:42:34.601] [info] Collision Enter 2D Event Invoked
[22:42:34.601] [info] Collision Enter 2D Event Invoked
[22:42:34.601] [info] Collision Enter 2D Event Invoked
[22:42:34.601] [info] Collision Enter 2D Event Invoked
[22:42:34.601] [info] Collision Enter 2D Event Invoked
[22:42:34.601] [info] Collision Enter 2D Event Invoked
[22:42:34.602] [info] Collision Enter 2D Event Invoked
[22:42:34.602] [info] Collision Enter 2D Event Invoked
[22:42:34.602] [info] Collision Enter 2D Event Invoked
[22:42:34.602] [info] Collision Enter 2D Event Invoked
[22:42:34.602] [info] Collision Enter 2D Event Invoked
[22:42:34.602] [info] Collision Enter 2D Event Invoked
[22:42:34.603] [info] Collision Enter 2D Event Invoked
[22:42:34.603] [info] Collision Enter 2D Event Invoked
[22:42:34.603] [info] Collision Enter 2D Event Invoked
[22:42:34.603] [info] Collision Enter 2D Event Invoked
[22:42:34.604] [info] Collision Enter 2D Event Invoked
[22:42:34.604] [info] Collision Enter 2D Event Invoked
[22:42:34.604] [info] Collision Enter 2D Event Invoked
[22:42:34.604] [info] Collision Enter 2D Event Invoked
[22:42:34.604] [info] Collision Enter 2D Event Invoked
[22:42:34.604] [info] Collision Enter 2D Event Invoked
[22:42:34.605] [info] Collision Enter 2D Event Invoked
[22:42:34.605] [info] Collision Enter 2D Event Invoked
[22:42:34.605] [info] Collision Enter 2D Event Invoked
[22:42:34.605] [info] Collision Enter 2D Event Invoked
[22:42:34.619] [error] Entity not found for ID: 0
[22:42:34.620] [info] Collision Enter 2D Event Invoked
[22:42:34.620] [info] Collision Enter 2D Event Invoked
[22:42:34.620] [info] Collision Enter 2D Event Invoked
[22:42:34.620] [info] Collision Enter 2D Event Invoked
[22:42:34.620] [info] Collision Enter 2D Event Invoked
[22:42:34.621] [info] Collision Enter 2D Event Invoked
[22:42:34.621] [info] Collision Enter 2D Event Invoked
[22:42:34.621] [info] Collision Enter 2D Event Invoked
[22:42:34.621] [info] Collision Enter 2D Event Invoked
[22:42:34.621] [info] Collision Enter 2D Event Invoked
[22:42:34.621] [info] Collision Enter 2D Event Invoked
[22:42:34.622] [info] Collision Enter 2D Event Invoked
[22:42:34.622] [info] Collision Enter 2D Event Invoked
[22:42:34.622] [info] Collision Enter 2D Event Invoked
[22:42:34.622] [info] Collision Enter 2D Event Invoked
[22:42:34.622] [info] Collision Enter 2D Event Invoked
[22:42:34.623] [info] Collision Enter 2D Event Invoked
[22:42:34.623] [info] Collision Enter 2D Event Invoked
[22:42:34.623] [info] Collision Enter 2D Event Invoked
[22:42:34.623] [info] Collision Enter 2D Event Invoked
[22:42:34.623] [info] Collision Enter 2D Event Invoked
[22:42:34.623] [info] Collision Enter 2D Event Invoked
[22:42:34.623] [info] Collision Enter 2D Event Invoked
[22:42:34.624] [info] Collision Enter 2D Event Invoked
[22:42:34.624] [info] Collision Enter 2D Event Invoked
[22:42:34.624] [info] Collision Enter 2D Event Invoked
[22:42:34.624] [info] Collision Enter 2D Event Invoked
[22:42:34.624] [info] Collision Enter 2D Event Invoked
[22:42:34.624] [info] Collision Enter 2D Event Invoked
[22:42:34.625] [info] Collision Enter 2D Event Invoked
[22:42:34.625] [info] Collision Enter 2D Event Invoked
[22:42:34.625] [info] Collision Enter 2D Event Invoked
[22:42:34.625] [info] Collision Enter 2D Event Invoked
[22:42:34.625] [info] Collision Enter 2D Event Invoked
[22:42:34.625] [info] Collision Enter 2D Event Invoked
[22:42:34.626] [info] Collision Enter 2D Event Invoked
[22:42:34.626] [info] Collision Enter 2D Event Invoked
[22:42:34.626] [info] Collision Enter 2D Event Invoked
[22:42:34.626] [info] Collision Enter 2D Event Invoked
[22:42:34.626] [info] Collision Enter 2D Event Invoked
[22:42:34.626] [info] Collision Enter 2D Event Invoked
[22:42:34.627] [info] Collision Enter 2D Event Invoked
[22:42:34.627] [info] Collision Enter 2D Event Invoked
[22:42:34.627] [info] Collision Enter 2D Event Invoked
[22:42:34.627] [info] Collision Enter 2D Event Invoked
[22:42:34.627] [info] Collision Enter 2D Event Invoked
[22:42:34.627] [info] Collision Enter 2D Event Invoked
[22:42:34.628] [info] Collision Enter 2D Event Invoked
[22:42:34.628] [info] Collision Enter 2D Event Invoked
[22:42:34.628] [info] Collision Enter 2D Event Invoked
[22:42:34.629] [info] Collision Exit 2D Event Invoked
[22:42:34.630] [info] Collision Exit 2D Event Invoked
[22:42:34.630] [info] Collision Exit 2D Event Invoked
[22:42:34.630] [info] Collision Exit 2D Event Invoked
[22:42:34.630] [info] Collision Exit 2D Event Invoked
[22:42:34.630] [info] Collision Exit 2D Event Invoked
[22:42:34.630] [info] Collision Exit 2D Event Invoked
[22:42:34.631] [info] Collision Exit 2D Event Invoked
[22:42:34.631] [info] Collision Exit 2D Event Invoked
[22:42:34.631] [info] Collision Exit 2D Event Invoked
[22:42:34.631] [info] Collision Exit 2D Event Invoked
[22:42:34.631] [info] Collision Exit 2D Event Invoked
[22:42:34.631] [info] Collision Exit 2D Event Invoked
[22:42:34.632] [info] Collision Exit 2D Event Invoked
[22:42:34.632] [info] Collision Exit 2D Event Invoked
[22:42:34.632] [info] Collision Exit 2D Event Invoked
[22:42:34.632] [info] Collision Exit 2D Event Invoked
[22:42:34.632] [info] Collision Exit 2D Event Invoked
[22:42:34.644] [error] Entity not found for ID: 0
[22:42:34.645] [info] Collision Enter 2D Event Invoked
[22:42:34.645] [info] Collision Enter 2D Event Invoked
[22:42:34.645] [info] Collision Enter 2D Event Invoked
[22:42:34.645] [info] Collision Enter 2D Event Invoked
[22:42:34.646] [info] Collision Enter 2D Event Invoked
[22:42:34.646] [info] Collision Enter 2D Event Invoked
[22:42:34.646] [info] Collision Enter 2D Event Invoked
[22:42:34.646] [info] Collision Enter 2D Event Invoked
[22:42:34.646] [info] Collision Enter 2D Event Invoked
[22:42:34.646] [info] Collision Enter 2D Event Invoked
[22:42:34.647] [info] Collision Enter 2D Event Invoked
[22:42:34.647] [info] Collision Enter 2D Event Invoked
[22:42:34.647] [info] Collision Enter 2D Event Invoked
[22:42:34.647] [info] Collision Enter 2D Event Invoked
[22:42:34.647] [info] Collision Enter 2D Event Invoked
[22:42:34.647] [info] Collision Enter 2D Event Invoked
[22:42:34.648] [info] Collision Enter 2D Event Invoked
[22:42:34.648] [info] Collision Enter 2D Event Invoked
[22:42:34.661] [error] Entity not found for ID: 0
[22:42:34.663] [info] Collision Exit 2D Event Invoked
[22:42:34.663] [info] Collision Exit 2D Event Invoked
[22:42:34.663] [info] Collision Exit 2D Event Invoked
[22:42:34.663] [info] Collision Exit 2D Event Invoked
[22:42:34.664] [info] Collision Exit 2D Event Invoked
[22:42:34.664] [info] Collision Exit 2D Event Invoked
[22:42:34.664] [info] Collision Exit 2D Event Invoked
[22:42:34.664] [info] Collision Exit 2D Event Invoked
[22:42:34.664] [info] Collision Exit 2D Event Invoked
[22:42:34.664] [info] Collision Exit 2D Event Invoked
[22:42:34.664] [info] Collision Exit 2D Event Invoked
[22:42:34.665] [info] Collision Exit 2D Event Invoked
[22:42:34.665] [info] Collision Exit 2D Event Invoked
[22:42:34.665] [info] Collision Exit 2D Event Invoked
[22:42:34.665] [info] Collision Exit 2D Event Invoked
[22:42:34.665] [info] Collision Exit 2D Event Invoked
[22:42:34.666] [info] Collision Exit 2D Event Invoked
[22:42:34.666] [info] Collision Exit 2D Event Invoked
[22:42:34.677] [error] Entity not found for ID: 0
[22:42:34.691] [error] Entity not found for ID: 0
[22:42:34.692] [info] Collision Enter 2D Event Invoked
[22:42:34.692] [info] Collision Enter 2D Event Invoked
[22:42:34.692] [info] Collision Enter 2D Event Invoked
[22:42:34.692] [info] Collision Enter 2D Event Invoked
[22:42:34.692] [info] Collision Enter 2D Event Invoked
[22:42:34.693] [info] Collision Enter 2D Event Invoked
[22:42:34.693] [info] Collision Enter 2D Event Invoked
[22:42:34.693] [info] Collision Enter 2D Event Invoked
[22:42:34.693] [info] Collision Enter 2D Event Invoked
[22:42:34.693] [info] Collision Enter 2D Event Invoked
[22:42:34.693] [info] Collision Enter 2D Event Invoked
[22:42:34.694] [info] Collision Enter 2D Event Invoked
[22:42:34.694] [info] Collision Enter 2D Event Invoked
[22:42:34.694] [info] Collision Enter 2D Event Invoked
[22:42:34.694] [info] Collision Enter 2D Event Invoked
[22:42:34.694] [info] Collision Enter 2D Event Invoked
[22:42:34.694] [info] Collision Enter 2D Event Invoked
[22:42:34.695] [info] Collision Enter 2D Event Invoked
[22:42:34.709] [error] Entity not found for ID: 0
[22:42:34.711] [info] Collision Exit 2D Event Invoked
[22:42:34.711] [info] Collision Exit 2D Event Invoked
[22:42:34.711] [info] Collision Exit 2D Event Invoked
[22:42:34.712] [info] Collision Exit 2D Event Invoked
[22:42:34.712] [info] Collision Exit 2D Event Invoked
[22:42:34.712] [info] Collision Exit 2D Event Invoked
[22:42:34.712] [info] Collision Exit 2D Event Invoked
[22:42:34.712] [info] Collision Exit 2D Event Invoked
[22:42:34.712] [info] Collision Exit 2D Event Invoked
[22:42:34.713] [info] Collision Exit 2D Event Invoked
[22:42:34.713] [info] Collision Exit 2D Event Invoked
[22:42:34.713] [info] Collision Exit 2D Event Invoked
[22:42:34.713] [info] Collision Exit 2D Event Invoked
[22:42:34.713] [info] Collision Exit 2D Event Invoked
[22:42:34.714] [info] Collision Exit 2D Event Invoked
[22:42:34.714] [info] Collision Exit 2D Event Invoked
[22:42:34.714] [info] Collision Exit 2D Event Invoked
[22:42:34.714] [info] Collision Exit 2D Event Invoked
[22:42:34.727] [error] Entity not found for ID: 0
[22:42:34.741] [error] Entity not found for ID: 0
[22:42:34.741] [info] [SOURCE_DETECTOR] C# requested CreateEntity: Prefab = MorayEel
[22:42:34.741] [info] [SOURCE_DETECTOR] Engine creating Entity (Internal)
[22:42:34.742] [info] [CPP ECS] FromJson - Adding component 'Transform' to entity 'MorayEel'
[22:42:34.742] [info] [CPP ECS] FromJson - Adding component 'CircleCollider' to entity 'MorayEel'
[22:42:34.742] [info] [CPP ECS] FromJson - Adding component 'Variables' to entity 'MorayEel'
[22:42:34.742] [info] [CPP ECS] FromJson - Adding component 'Script' to entity 'MorayEel'
[22:42:34.742] [info] [CPP ECS] FromJson - Adding component 'SpriteRenderer' to entity 'MorayEel'
[22:42:34.743] [info] [CPP ECS] FromJson - Adding component 'Rigidbody2D' to entity 'MorayEel'
[22:42:34.743] [info] Collision Enter 2D Event Invoked
[22:42:34.743] [info] Collision Enter 2D Event Invoked
[22:42:34.743] [info] Collision Enter 2D Event Invoked
[22:42:34.744] [info] Collision Enter 2D Event Invoked
[22:42:34.744] [info] Collision Enter 2D Event Invoked
[22:42:34.744] [info] Collision Enter 2D Event Invoked
[22:42:34.744] [info] Collision Enter 2D Event Invoked
[22:42:34.744] [info] Collision Enter 2D Event Invoked
[22:42:34.744] [info] Collision Enter 2D Event Invoked
[22:42:34.745] [info] Collision Enter 2D Event Invoked
[22:42:34.745] [info] Collision Enter 2D Event Invoked
[22:42:34.745] [info] Collision Enter 2D Event Invoked
[22:42:34.745] [info] Collision Enter 2D Event Invoked
[22:42:34.745] [info] Collision Enter 2D Event Invoked
[22:42:34.746] [info] Collision Enter 2D Event Invoked
[22:42:34.746] [info] Collision Enter 2D Event Invoked
[22:42:34.746] [info] Collision Enter 2D Event Invoked
[22:42:34.746] [info] Collision Enter 2D Event Invoked
[22:42:34.746] [info] Collision Enter 2D Event Invoked
[22:42:34.747] [info] Collision Enter 2D Event Invoked
[22:42:34.747] [info] Collision Enter 2D Event Invoked
[22:42:34.747] [info] Collision Enter 2D Event Invoked
[22:42:34.760] [info] [MonoDbg] AddEntityToScript - Instantiating and adding script: SpriteAnimation to Entity ID: -4
[22:42:34.760] [info] [SetScriptVars] OK setting fields for: SpriteAnimation
[22:42:34.761] [info] [MonoDbg] AddEntityToScript - Syncing serialized fields for script: SpriteAnimation
[22:42:34.761] [info] [SetScriptVars] OK setting fields for: SpriteAnimation
[22:42:34.761] [info] [MonoDbg] AddEntityToScript - Instantiating and adding script: MorayEelSpawnMove to Entity ID: -4
[22:42:34.761] [info] [SetScriptVars] OK setting fields for: MorayEelSpawnMove
[22:42:34.761] [info] [MonoDbg] AddEntityToScript - Syncing serialized fields for script: MorayEelSpawnMove
[22:42:34.761] [info] [SetScriptVars] OK setting fields for: MorayEelSpawnMove
[22:42:34.762] [info] [MonoDbg] AddEntityToScript - Instantiating and adding script: ChaseController to Entity ID: -4
[22:42:34.762] [info] [SetScriptVars] OK setting fields for: ChaseController
[22:42:34.762] [info] [MonoDbg] AddEntityToScript - Syncing serialized fields for script: ChaseController
[22:42:34.762] [info] [SetScriptVars] OK setting fields for: ChaseController
[22:42:34.763] [info] [MonoDbg] AddEntityToScript - Instantiating and adding script: ChaseAnimation to Entity ID: -4
[22:42:34.763] [info] [SetScriptVars] OK setting fields for: ChaseAnimation
[22:42:34.763] [info] [MonoDbg] AddEntityToScript - Syncing serialized fields for script: ChaseAnimation
[22:42:34.763] [info] [SetScriptVars] OK setting fields for: ChaseAnimation
[22:42:34.763] [info] [MonoDbg] AddEntityToScript - Instantiating and adding script: SmallFryChaseMove to Entity ID: -4
[22:42:34.763] [info] [SetScriptVars] OK setting fields for: SmallFryChaseMove
[22:42:34.764] [info] [MonoDbg] AddEntityToScript - Syncing serialized fields for script: SmallFryChaseMove
[22:42:34.764] [info] [SetScriptVars] OK setting fields for: SmallFryChaseMove
[22:42:34.764] [info] [MonoDbg] AddEntityToScript - Instantiating and adding script: TargetFacingFlip to Entity ID: -4
[22:42:34.764] [info] [SetScriptVars] OK setting fields for: TargetFacingFlip
[22:42:34.764] [info] [MonoDbg] AddEntityToScript - Syncing serialized fields for script: TargetFacingFlip
[22:42:34.764] [info] [SetScriptVars] OK setting fields for: TargetFacingFlip
[22:42:34.765] [info] [MonoDbg] AddEntityToScript - Instantiating and adding script: MorayEel to Entity ID: -4
[22:42:34.765] [info] [SetScriptVars] OK setting fields for: MorayEel
[22:42:34.765] [info] [MonoDbg] AddEntityToScript - Syncing serialized fields for script: MorayEel
[22:42:34.765] [info] [SetScriptVars] OK setting fields for: MorayEel
[22:42:34.765] [info] [MonoDbg] AddEntityToScript - Instantiating and adding script: HP to Entity ID: -4
[22:42:34.766] [info] [SetScriptVars] OK setting fields for: HP
[22:42:34.766] [info] [MonoDbg] AddEntityToScript - Syncing serialized fields for script: HP
[22:42:34.766] [info] [SetScriptVars] OK setting fields for: HP
[22:42:34.766] [info] [MonoDbg] AddEntityToScript - Instantiating and adding script: DespawnTimer to Entity ID: -4
[22:42:34.766] [info] [SetScriptVars] OK setting fields for: DespawnTimer
[22:42:34.767] [info] [MonoDbg] AddEntityToScript - Syncing serialized fields for script: DespawnTimer
[22:42:34.767] [info] [SetScriptVars] OK setting fields for: DespawnTimer
[22:42:34.767] [info] [MonoDbg] AddEntityToScript - Instantiating and adding script: ExpDropper to Entity ID: -4
[22:42:34.767] [info] [SetScriptVars] OK setting fields for: ExpDropper
[22:42:34.767] [info] [MonoDbg] AddEntityToScript - Syncing serialized fields for script: ExpDropper
[22:42:34.768] [info] [SetScriptVars] OK setting fields for: ExpDropper
[22:42:34.768] [info] [MonoDbg] AddEntityToScript - Instantiating and adding script: ParticleOffset to Entity ID: -4
[22:42:34.768] [info] [SetScriptVars] OK setting fields for: ParticleOffset
[22:42:34.768] [info] [MonoDbg] AddEntityToScript - Syncing serialized fields for script: ParticleOffset
[22:42:34.768] [info] [SetScriptVars] OK setting fields for: ParticleOffset
[22:42:34.768] [info] [MonoDbg] AddEntityToScript - Instantiating and adding script: AttackCollision to Entity ID: -4
[22:42:34.769] [info] [SetScriptVars] OK setting fields for: AttackCollision
[22:42:34.769] [info] [MonoDbg] AddEntityToScript - Syncing serialized fields for script: AttackCollision
[22:42:34.769] [info] [SetScriptVars] OK setting fields for: AttackCollision
[22:42:34.769] [info] [MonoDbg] AddEntityToScript - Instantiating and adding script: FlashOnDamaged to Entity ID: -4
[22:42:34.769] [info] [SetScriptVars] OK setting fields for: FlashOnDamaged
[22:42:34.769] [info] [MonoDbg] AddEntityToScript - Syncing serialized fields for script: FlashOnDamaged
[22:42:34.770] [info] [SetScriptVars] OK setting fields for: FlashOnDamaged
[22:42:34.770] [info] [MonoDbg] AddEntityToScript - Instantiating and adding script: ShakeSelfOnDamaged to Entity ID: -4
[22:42:34.770] [info] [SetScriptVars] OK setting fields for: ShakeSelfOnDamaged
[22:42:34.770] [info] [MonoDbg] AddEntityToScript - Syncing serialized fields for script: ShakeSelfOnDamaged
[22:42:34.770] [info] [SetScriptVars] OK setting fields for: ShakeSelfOnDamaged
[22:42:34.771] [info] [SOURCE_DETECTOR] C# requested CreateEntity: Prefab = enemySwimParticle
[22:42:34.771] [info] [SOURCE_DETECTOR] Engine creating Entity (Internal)
[22:42:34.771] [info] [CPP ECS] FromJson - Adding component 'Transform' to entity 'enemySwimParticle'
[22:42:34.771] [info] [CPP ECS] FromJson - Adding component 'Variables' to entity 'enemySwimParticle'
[22:42:34.771] [info] [CPP ECS] FromJson - Adding component 'ParticleSystem2D' to entity 'enemySwimParticle'
[22:42:34.772] [error] Entity not found for ID: 0
[22:42:34.774] [info] Collision Exit 2D Event Invoked
[22:42:34.775] [info] Collision Exit 2D Event Invoked
[22:42:34.775] [info] Collision Exit 2D Event Invoked
[22:42:34.775] [info] Collision Exit 2D Event Invoked
[22:42:34.775] [info] Collision Exit 2D Event Invoked
[22:42:34.775] [info] Collision Exit 2D Event Invoked
[22:42:34.776] [info] Collision Exit 2D Event Invoked
[22:42:34.776] [info] Collision Exit 2D Event Invoked
[22:42:34.776] [info] Collision Exit 2D Event Invoked
[22:42:34.776] [info] Collision Exit 2D Event Invoked
[22:42:34.776] [info] Collision Exit 2D Event Invoked
[22:42:34.776] [info] Collision Exit 2D Event Invoked
[22:42:34.777] [info] Collision Exit 2D Event Invoked
[22:42:34.777] [info] Collision Exit 2D Event Invoked
[22:42:34.777] [info] Collision Exit 2D Event Invoked
[22:42:34.777] [info] Collision Exit 2D Event Invoked
[22:42:34.777] [info] Collision Exit 2D Event Invoked
[22:42:34.777] [info] Collision Exit 2D Event Invoked
[22:42:34.790] [error] Entity not found for ID: 0
[22:42:34.804] [error] Entity not found for ID: 0
[22:42:34.818] [error] Entity not found for ID: 0
[22:42:34.819] [info] Collision Enter 2D Event Invoked
[22:42:34.819] [info] Collision Enter 2D Event Invoked
[22:42:34.820] [info] Collision Enter 2D Event Invoked
[22:42:34.820] [info] Collision Enter 2D Event Invoked
[22:42:34.820] [info] Collision Enter 2D Event Invoked
[22:42:34.820] [info] Collision Enter 2D Event Invoked
[22:42:34.820] [info] Collision Enter 2D Event Invoked
[22:42:34.820] [info] Collision Enter 2D Event Invoked
[22:42:34.820] [info] Collision Enter 2D Event Invoked
[22:42:34.821] [info] Collision Enter 2D Event Invoked
[22:42:34.821] [info] Collision Enter 2D Event Invoked
[22:42:34.821] [info] Collision Enter 2D Event Invoked
[22:42:34.821] [info] Collision Enter 2D Event Invoked
[22:42:34.822] [info] Collision Enter 2D Event Invoked
[22:42:34.822] [info] Collision Enter 2D Event Invoked
[22:42:34.822] [info] Collision Enter 2D Event Invoked
[22:42:34.822] [info] Collision Enter 2D Event Invoked
[22:42:34.822] [info] Collision Enter 2D Event Invoked
[22:42:34.836] [error] Entity not found for ID: 0
[22:42:34.838] [info] Collision Exit 2D Event Invoked
[22:42:34.839] [info] Collision Exit 2D Event Invoked
[22:42:34.839] [info] Collision Exit 2D Event Invoked
[22:42:34.839] [info] Collision Exit 2D Event Invoked
[22:42:34.839] [info] Collision Exit 2D Event Invoked
[22:42:34.839] [info] Collision Exit 2D Event Invoked
[22:42:34.839] [info] Collision Exit 2D Event Invoked
[22:42:34.839] [info] Collision Exit 2D Event Invoked
[22:42:34.840] [info] Collision Exit 2D Event Invoked
[22:42:34.840] [info] Collision Exit 2D Event Invoked
[22:42:34.840] [info] Collision Exit 2D Event Invoked
[22:42:34.840] [info] Collision Exit 2D Event Invoked
[22:42:34.840] [info] Collision Exit 2D Event Invoked
[22:42:34.840] [info] Collision Exit 2D Event Invoked
[22:42:34.841] [info] Collision Exit 2D Event Invoked
[22:42:34.841] [info] Collision Exit 2D Event Invoked
[22:42:34.841] [info] Collision Exit 2D Event Invoked
[22:42:34.841] [info] Collision Exit 2D Event Invoked
[22:42:34.854] [error] Entity not found for ID: 0
[22:42:34.855] [info] Collision Enter 2D Event Invoked
[22:42:34.855] [info] Collision Enter 2D Event Invoked
[22:42:34.855] [info] Collision Enter 2D Event Invoked
[22:42:34.855] [info] Collision Enter 2D Event Invoked
[22:42:34.855] [info] Collision Enter 2D Event Invoked
[22:42:34.855] [info] Collision Enter 2D Event Invoked
[22:42:34.856] [info] Collision Enter 2D Event Invoked
[22:42:34.856] [info] Collision Enter 2D Event Invoked
[22:42:34.856] [info] Collision Enter 2D Event Invoked
[22:42:34.856] [info] Collision Enter 2D Event Invoked
[22:42:34.856] [info] Collision Enter 2D Event Invoked
[22:42:34.856] [info] Collision Enter 2D Event Invoked
[22:42:34.857] [info] Collision Enter 2D Event Invoked
[22:42:34.857] [info] Collision Enter 2D Event Invoked
[22:42:34.857] [info] Collision Enter 2D Event Invoked
[22:42:34.857] [info] Collision Enter 2D Event Invoked
[22:42:34.857] [info] Collision Enter 2D Event Invoked
[22:42:34.857] [info] Collision Enter 2D Event Invoked
[22:42:34.871] [error] Entity not found for ID: 0
[22:42:34.874] [info] Collision Exit 2D Event Invoked
[22:42:34.874] [info] Collision Exit 2D Event Invoked
[22:42:34.874] [info] Collision Exit 2D Event Invoked
[22:42:34.874] [info] Collision Exit 2D Event Invoked
[22:42:34.874] [info] Collision Exit 2D Event Invoked
[22:42:34.874] [info] Collision Exit 2D Event Invoked
[22:42:34.874] [info] Collision Exit 2D Event Invoked
[22:42:34.875] [info] Collision Exit 2D Event Invoked
[22:42:34.875] [info] Collision Exit 2D Event Invoked
[22:42:34.875] [info] Collision Exit 2D Event Invoked
[22:42:34.875] [info] Collision Exit 2D Event Invoked
[22:42:34.875] [info] Collision Exit 2D Event Invoked
[22:42:34.875] [info] Collision Exit 2D Event Invoked
[22:42:34.876] [info] Collision Exit 2D Event Invoked
[22:42:34.876] [info] Collision Exit 2D Event Invoked
[22:42:34.876] [info] Collision Exit 2D Event Invoked
[22:42:34.876] [info] Collision Exit 2D Event Invoked
[22:42:34.876] [info] Collision Exit 2D Event Invoked
[22:42:34.889] [error] Entity not found for ID: 0
[22:42:34.904] [error] Entity not found for ID: 0
[22:42:34.918] [error] Entity not found for ID: 0
[22:42:34.932] [error] Entity not found for ID: 0
[22:42:34.933] [info] Collision Enter 2D Event Invoked
[22:42:34.933] [info] Collision Enter 2D Event Invoked
[22:42:34.933] [info] Collision Enter 2D Event Invoked
[22:42:34.933] [info] Collision Enter 2D Event Invoked
[22:42:34.933] [info] Collision Enter 2D Event Invoked
[22:42:34.933] [info] Collision Enter 2D Event Invoked
[22:42:34.934] [info] Collision Enter 2D Event Invoked
[22:42:34.934] [info] Collision Enter 2D Event Invoked
[22:42:34.934] [info] Collision Enter 2D Event Invoked
[22:42:34.934] [info] Collision Enter 2D Event Invoked
[22:42:34.934] [info] Collision Enter 2D Event Invoked
[22:42:34.934] [info] Collision Enter 2D Event Invoked
[22:42:34.935] [info] Collision Enter 2D Event Invoked
[22:42:34.935] [info] Collision Enter 2D Event Invoked
[22:42:34.935] [info] Collision Enter 2D Event Invoked
[22:42:34.935] [info] Collision Enter 2D Event Invoked
[22:42:34.935] [info] Collision Enter 2D Event Invoked
[22:42:34.935] [info] Collision Enter 2D Event Invoked
[22:42:34.950] [error] Entity not found for ID: 0
[22:42:34.952] [info] Collision Exit 2D Event Invoked
[22:42:34.952] [info] Collision Exit 2D Event Invoked
[22:42:34.952] [info] Collision Exit 2D Event Invoked
[22:42:34.952] [info] Collision Exit 2D Event Invoked
[22:42:34.953] [info] Collision Exit 2D Event Invoked
[22:42:34.953] [info] Collision Exit 2D Event Invoked
[22:42:34.953] [info] Collision Exit 2D Event Invoked
[22:42:34.953] [info] Collision Exit 2D Event Invoked
[22:42:34.953] [info] Collision Exit 2D Event Invoked
[22:42:34.953] [info] Collision Exit 2D Event Invoked
[22:42:34.954] [info] Collision Exit 2D Event Invoked
[22:42:34.954] [info] Collision Exit 2D Event Invoked
[22:42:34.954] [info] Collision Exit 2D Event Invoked
[22:42:34.954] [info] Collision Exit 2D Event Invoked
[22:42:34.954] [info] Collision Exit 2D Event Invoked
[22:42:34.954] [info] Collision Exit 2D Event Invoked
[22:42:34.954] [info] Collision Exit 2D Event Invoked
[22:42:34.955] [info] Collision Exit 2D Event Invoked
[22:42:34.967] [error] Entity not found for ID: 0
[22:42:34.982] [error] Entity not found for ID: 0
[22:42:34.997] [error] Entity not found for ID: 0
[22:42:35.011] [error] Entity not found for ID: 0
[22:42:35.026] [error] Entity not found for ID: 0
[22:42:35.040] [error] Entity not found for ID: 0
[22:42:35.055] [error] Entity not found for ID: 0
[22:42:35.070] [error] Entity not found for ID: 0
[22:42:35.085] [error] Entity not found for ID: 0
[22:42:35.100] [error] Entity not found for ID: 0
[22:42:35.115] [error] Entity not found for ID: 0
[22:42:35.132] [error] Entity not found for ID: 0
[22:42:35.148] [error] Entity not found for ID: 0
[22:42:35.165] [error] Entity not found for ID: 0
[22:42:35.165] [info] [SOURCE_DETECTOR] C# requested CreateEntity: Prefab = MorayEel
[22:42:35.166] [info] [SOURCE_DETECTOR] Engine creating Entity (Internal)
[22:42:35.166] [info] [CPP ECS] FromJson - Adding component 'Transform' to entity 'MorayEel'
[22:42:35.166] [info] [CPP ECS] FromJson - Adding component 'CircleCollider' to entity 'MorayEel'
[22:42:35.166] [info] [CPP ECS] FromJson - Adding component 'Variables' to entity 'MorayEel'
[22:42:35.166] [info] [CPP ECS] FromJson - Adding component 'Script' to entity 'MorayEel'
[22:42:35.167] [info] [CPP ECS] FromJson - Adding component 'SpriteRenderer' to entity 'MorayEel'
[22:42:35.167] [info] [CPP ECS] FromJson - Adding component 'Rigidbody2D' to entity 'MorayEel'
[22:42:35.167] [info] Script MorayEelSpawnMove found for Entity ID: -25
[22:42:35.167] [info] [SetScriptVars] OK setting fields for: MorayEelSpawnMove
[22:42:35.168] [info] Collision Enter 2D Event Invoked
[22:42:35.168] [info] Collision Enter 2D Event Invoked
[22:42:35.168] [info] Collision Enter 2D Event Invoked
[22:42:35.168] [info] Collision Enter 2D Event Invoked
[22:42:35.168] [info] Collision Enter 2D Event Invoked
[22:42:35.181] [info] [MonoDbg] AddEntityToScript - Instantiating and adding script: SpriteAnimation to Entity ID: -25
[22:42:35.181] [info] [SetScriptVars] OK setting fields for: SpriteAnimation
[22:42:35.182] [info] [MonoDbg] AddEntityToScript - Syncing serialized fields for script: SpriteAnimation
[22:42:35.182] [info] [SetScriptVars] OK setting fields for: SpriteAnimation
[22:42:35.182] [info] [MonoDbg] AddEntityToScript - Instantiating and adding script: MorayEelSpawnMove to Entity ID: -25
[22:42:35.182] [info] [MonoDbg] AddEntityToScript - Syncing serialized fields for script: MorayEelSpawnMove
[22:42:35.182] [info] [SetScriptVars] OK setting fields for: MorayEelSpawnMove
[22:42:35.182] [info] [MonoDbg] AddEntityToScript - Instantiating and adding script: ChaseController to Entity ID: -25
[22:42:35.183] [info] [SetScriptVars] OK setting fields for: ChaseController
[22:42:35.183] [info] [MonoDbg] AddEntityToScript - Syncing serialized fields for script: ChaseController
[22:42:35.183] [info] [SetScriptVars] OK setting fields for: ChaseController
[22:42:35.183] [info] [MonoDbg] AddEntityToScript - Instantiating and adding script: ChaseAnimation to Entity ID: -25
[22:42:35.183] [info] [SetScriptVars] OK setting fields for: ChaseAnimation
[22:42:35.184] [info] [MonoDbg] AddEntityToScript - Syncing serialized fields for script: ChaseAnimation
[22:42:35.184] [info] [SetScriptVars] OK setting fields for: ChaseAnimation
[22:42:35.184] [info] [MonoDbg] AddEntityToScript - Instantiating and adding script: SmallFryChaseMove to Entity ID: -25
[22:42:35.184] [info] [SetScriptVars] OK setting fields for: SmallFryChaseMove
[22:42:35.184] [info] [MonoDbg] AddEntityToScript - Syncing serialized fields for script: SmallFryChaseMove
[22:42:35.184] [info] [SetScriptVars] OK setting fields for: SmallFryChaseMove
[22:42:35.184] [info] [MonoDbg] AddEntityToScript - Instantiating and adding script: TargetFacingFlip to Entity ID: -25
[22:42:35.185] [info] [SetScriptVars] OK setting fields for: TargetFacingFlip
[22:42:35.185] [info] [MonoDbg] AddEntityToScript - Syncing serialized fields for script: TargetFacingFlip
[22:42:35.185] [info] [SetScriptVars] OK setting fields for: TargetFacingFlip
[22:42:35.185] [info] [MonoDbg] AddEntityToScript - Instantiating and adding script: MorayEel to Entity ID: -25
[22:42:35.185] [info] [SetScriptVars] OK setting fields for: MorayEel
[22:42:35.185] [info] [MonoDbg] AddEntityToScript - Syncing serialized fields for script: MorayEel
[22:42:35.186] [info] [SetScriptVars] OK setting fields for: MorayEel
[22:42:35.186] [info] [MonoDbg] AddEntityToScript - Instantiating and adding script: HP to Entity ID: -25
[22:42:35.186] [info] [SetScriptVars] OK setting fields for: HP
[22:42:35.186] [info] [MonoDbg] AddEntityToScript - Syncing serialized fields for script: HP
[22:42:35.186] [info] [SetScriptVars] OK setting fields for: HP
[22:42:35.186] [info] [MonoDbg] AddEntityToScript - Instantiating and adding script: DespawnTimer to Entity ID: -25
[22:42:35.186] [info] [SetScriptVars] OK setting fields for: DespawnTimer
[22:42:35.187] [info] [MonoDbg] AddEntityToScript - Syncing serialized fields for script: DespawnTimer
[22:42:35.187] [info] [SetScriptVars] OK setting fields for: DespawnTimer
[22:42:35.187] [info] [MonoDbg] AddEntityToScript - Instantiating and adding script: ExpDropper to Entity ID: -25
[22:42:35.187] [info] [SetScriptVars] OK setting fields for: ExpDropper
[22:42:35.187] [info] [MonoDbg] AddEntityToScript - Syncing serialized fields for script: ExpDropper
[22:42:35.187] [info] [SetScriptVars] OK setting fields for: ExpDropper
[22:42:35.188] [info] [MonoDbg] AddEntityToScript - Instantiating and adding script: ParticleOffset to Entity ID: -25
[22:42:35.188] [info] [SetScriptVars] OK setting fields for: ParticleOffset
[22:42:35.188] [info] [MonoDbg] AddEntityToScript - Syncing serialized fields for script: ParticleOffset
[22:42:35.188] [info] [SetScriptVars] OK setting fields for: ParticleOffset
[22:42:35.188] [info] [MonoDbg] AddEntityToScript - Instantiating and adding script: AttackCollision to Entity ID: -25
[22:42:35.188] [info] [SetScriptVars] OK setting fields for: AttackCollision
[22:42:35.188] [info] [MonoDbg] AddEntityToScript - Syncing serialized fields for script: AttackCollision
[22:42:35.189] [info] [SetScriptVars] OK setting fields for: AttackCollision
[22:42:35.189] [info] [MonoDbg] AddEntityToScript - Instantiating and adding script: FlashOnDamaged to Entity ID: -25
[22:42:35.189] [info] [SetScriptVars] OK setting fields for: FlashOnDamaged
[22:42:35.189] [info] [MonoDbg] AddEntityToScript - Syncing serialized fields for script: FlashOnDamaged
[22:42:35.189] [info] [SetScriptVars] OK setting fields for: FlashOnDamaged
[22:42:35.189] [info] [MonoDbg] AddEntityToScript - Instantiating and adding script: ShakeSelfOnDamaged to Entity ID: -25
[22:42:35.189] [info] [SetScriptVars] OK setting fields for: ShakeSelfOnDamaged
[22:42:35.190] [info] [MonoDbg] AddEntityToScript - Syncing serialized fields for script: ShakeSelfOnDamaged
[22:42:35.190] [info] [SetScriptVars] OK setting fields for: ShakeSelfOnDamaged
[22:42:35.190] [info] [SOURCE_DETECTOR] C# requested CreateEntity: Prefab = enemySwimParticle
[22:42:35.190] [info] [SOURCE_DETECTOR] Engine creating Entity (Internal)
[22:42:35.190] [info] [CPP ECS] FromJson - Adding component 'Transform' to entity 'enemySwimParticle'
[22:42:35.191] [info] [CPP ECS] FromJson - Adding component 'Variables' to entity 'enemySwimParticle'
[22:42:35.191] [info] [CPP ECS] FromJson - Adding component 'ParticleSystem2D' to entity 'enemySwimParticle'
[22:42:35.191] [error] Entity not found for ID: 0
[22:42:35.205] [error] Entity not found for ID: 0
[22:42:35.219] [error] Entity not found for ID: 0
[22:42:35.233] [error] Entity not found for ID: 0
[22:42:35.249] [error] Entity not found for ID: 0
[22:42:35.265] [error] Entity not found for ID: 0
[22:42:35.282] [error] Entity not found for ID: 0
[22:42:35.298] [error] Entity not found for ID: 0
[22:42:35.314] [error] Entity not found for ID: 0
[22:42:35.331] [error] Entity not found for ID: 0
[22:42:35.349] [error] Entity not found for ID: 0
[22:42:35.365] [error] Entity not found for ID: 0
[22:42:35.382] [error] Entity not found for ID: 0
[22:42:35.399] [error] Entity not found for ID: 0
[22:42:35.415] [error] Entity not found for ID: 0
[22:42:35.432] [error] Entity not found for ID: 0
[22:42:35.448] [error] Entity not found for ID: 0
[22:42:35.465] [error] Entity not found for ID: 0
[22:42:35.467] [info] Collision Exit 2D Event Invoked
[22:42:35.468] [info] Collision Exit 2D Event Invoked
[22:42:35.468] [info] Collision Exit 2D Event Invoked
[22:42:35.468] [info] Collision Exit 2D Event Invoked
[22:42:35.468] [info] Collision Exit 2D Event Invoked
[22:42:35.468] [info] Collision Exit 2D Event Invoked
[22:42:35.468] [info] Collision Exit 2D Event Invoked
[22:42:35.469] [info] Collision Exit 2D Event Invoked
[22:42:35.469] [info] Collision Exit 2D Event Invoked
[22:42:35.469] [info] Collision Exit 2D Event Invoked
[22:42:35.469] [info] Collision Exit 2D Event Invoked
[22:42:35.469] [info] Collision Exit 2D Event Invoked
[22:42:35.469] [info] Collision Exit 2D Event Invoked
[22:42:35.470] [info] Collision Exit 2D Event Invoked
[22:42:35.470] [info] Collision Exit 2D Event Invoked
[22:42:35.470] [info] Collision Exit 2D Event Invoked
[22:42:35.470] [info] Collision Exit 2D Event Invoked
[22:42:35.470] [info] Collision Exit 2D Event Invoked
[22:42:35.482] [error] Entity not found for ID: 0
[22:42:35.498] [error] Entity not found for ID: 0
[22:42:35.514] [error] Entity not found for ID: 0
[22:42:35.532] [error] Entity not found for ID: 0
[22:42:35.548] [error] Entity not found for ID: 0
[22:42:35.565] [error] Entity not found for ID: 0
[22:42:35.581] [error] Entity not found for ID: 0
[22:42:35.598] [error] Entity not found for ID: 0
[22:42:35.615] [info] [SOURCE_DETECTOR] C# requested CreateEntity: Prefab = playerDashParticle
[22:42:35.615] [info] [SOURCE_DETECTOR] Engine creating Entity (Internal)
[22:42:35.615] [info] [CPP ECS] FromJson - Adding component 'Transform' to entity 'playerDashParticle'
[22:42:35.615] [info] [CPP ECS] FromJson - Adding component 'Variables' to entity 'playerDashParticle'
[22:42:35.615] [info] [CPP ECS] FromJson - Adding component 'ParticleSystem2D' to entity 'playerDashParticle'
[22:42:35.616] [error] Entity not found for ID: 0
[22:42:35.633] [error] Entity not found for ID: 0
[22:42:35.648] [error] Entity not found for ID: 0
[22:42:35.665] [error] Entity not found for ID: 0
[22:42:35.666] [info] Collision Enter 2D Event Invoked
[22:42:35.666] [info] Collision Enter 2D Event Invoked
[22:42:35.666] [info] Collision Enter 2D Event Invoked
[22:42:35.666] [info] Collision Enter 2D Event Invoked
[22:42:35.667] [info] Collision Enter 2D Event Invoked
[22:42:35.667] [info] Collision Enter 2D Event Invoked
[22:42:35.667] [info] Collision Enter 2D Event Invoked
[22:42:35.667] [info] Collision Enter 2D Event Invoked
[22:42:35.667] [info] Collision Enter 2D Event Invoked
[22:42:35.667] [info] Collision Enter 2D Event Invoked
[22:42:35.667] [info] Collision Enter 2D Event Invoked
[22:42:35.668] [info] Collision Enter 2D Event Invoked
[22:42:35.668] [info] Collision Enter 2D Event Invoked
[22:42:35.668] [info] Collision Enter 2D Event Invoked
[22:42:35.668] [info] Collision Enter 2D Event Invoked
[22:42:35.668] [info] Collision Enter 2D Event Invoked
[22:42:35.668] [info] Collision Enter 2D Event Invoked
[22:42:35.669] [info] Collision Enter 2D Event Invoked
[22:42:35.683] [error] Entity not found for ID: 0
[22:42:35.701] [error] Entity not found for ID: 0
[22:42:35.716] [error] Entity not found for ID: 0
[22:42:35.732] [error] Entity not found for ID: 0
[22:42:35.749] [error] Entity not found for ID: 0
[22:42:35.749] [info] [SOURCE_DETECTOR] C# requested CreateEntity: Prefab = SpikeFish
[22:42:35.749] [info] [SOURCE_DETECTOR] Engine creating Entity (Internal)
[22:42:35.749] [info] [CPP ECS] FromJson - Adding component 'Transform' to entity 'SpikeFish'
[22:42:35.749] [info] [CPP ECS] FromJson - Adding component 'CircleCollider' to entity 'SpikeFish'
[22:42:35.750] [info] [CPP ECS] FromJson - Adding component 'Variables' to entity 'SpikeFish'
[22:42:35.750] [info] [CPP ECS] FromJson - Adding component 'Script' to entity 'SpikeFish'
[22:42:35.750] [info] [CPP ECS] FromJson - Adding component 'SpriteRenderer' to entity 'SpikeFish'
[22:42:35.750] [info] [CPP ECS] FromJson - Adding component 'Rigidbody2D' to entity 'SpikeFish'
[22:42:35.750] [info] [SOURCE_DETECTOR] Engine creating Entity (Internal)
[22:42:35.750] [info] [CPP ECS] FromJson - Adding component 'Transform' to entity 'SpikeFishAroundNeedle'
[22:42:35.751] [info] [CPP ECS] FromJson - Adding component 'Variables' to entity 'SpikeFishAroundNeedle'
[22:42:35.751] [info] [CPP ECS] FromJson - Adding component 'Script' to entity 'SpikeFishAroundNeedle'
[22:42:35.751] [info] [CPP ECS] FromJson - Adding component 'SpriteRenderer' to entity 'SpikeFishAroundNeedle'
[22:42:35.752] [info] Collision Enter 2D Event Invoked
[22:42:35.752] [info] Collision Enter 2D Event Invoked
[22:42:35.752] [info] Collision Enter 2D Event Invoked
[22:42:35.752] [info] Collision Enter 2D Event Invoked
[22:42:35.766] [info] [MonoDbg] AddEntityToScript - Instantiating and adding script: SmallFryChaseMove to Entity ID: -28
[22:42:35.767] [info] [SetScriptVars] OK setting fields for: SmallFryChaseMove
[22:42:35.767] [info] [MonoDbg] AddEntityToScript - Syncing serialized fields for script: SmallFryChaseMove
[22:42:35.767] [info] [SetScriptVars] OK setting fields for: SmallFryChaseMove
[22:42:35.767] [info] [MonoDbg] AddEntityToScript - Instantiating and adding script: ChaseController to Entity ID: -28
[22:42:35.767] [info] [SetScriptVars] OK setting fields for: ChaseController
[22:42:35.767] [info] [MonoDbg] AddEntityToScript - Syncing serialized fields for script: ChaseController
[22:42:35.768] [info] [SetScriptVars] OK setting fields for: ChaseController
[22:42:35.768] [info] [MonoDbg] AddEntityToScript - Instantiating and adding script: TargetRangeDetector to Entity ID: -28
[22:42:35.768] [info] [SetScriptVars] OK setting fields for: TargetRangeDetector
[22:42:35.768] [info] [MonoDbg] AddEntityToScript - Syncing serialized fields for script: TargetRangeDetector
[22:42:35.768] [info] [SetScriptVars] OK setting fields for: TargetRangeDetector
[22:42:35.768] [info] [MonoDbg] AddEntityToScript - Instantiating and adding script: SpikeFishAttack to Entity ID: -28
[22:42:35.769] [info] [SetScriptVars] OK setting fields for: SpikeFishAttack
[22:42:35.769] [info] [MonoDbg] AddEntityToScript - Syncing serialized fields for script: SpikeFishAttack
[22:42:35.769] [info] [SetScriptVars] OK setting fields for: SpikeFishAttack
[22:42:35.769] [info] [MonoDbg] AddEntityToScript - Instantiating and adding script: SpriteAnimation to Entity ID: -28
[22:42:35.769] [info] [SetScriptVars] OK setting fields for: SpriteAnimation
[22:42:35.769] [info] [MonoDbg] AddEntityToScript - Syncing serialized fields for script: SpriteAnimation
[22:42:35.770] [info] [SetScriptVars] OK setting fields for: SpriteAnimation
[22:42:35.770] [info] [MonoDbg] AddEntityToScript - Instantiating and adding script: SpikeFish to Entity ID: -28
[22:42:35.770] [info] [SetScriptVars] OK setting fields for: SpikeFish
[22:42:35.770] [info] [MonoDbg] AddEntityToScript - Syncing serialized fields for script: SpikeFish
[22:42:35.770] [info] [SetScriptVars] OK setting fields for: SpikeFish
[22:42:35.770] [info] [MonoDbg] AddEntityToScript - Instantiating and adding script: AttackCollision to Entity ID: -28
[22:42:35.771] [info] [SetScriptVars] OK setting fields for: AttackCollision
[22:42:35.771] [info] [MonoDbg] AddEntityToScript - Syncing serialized fields for script: AttackCollision
[22:42:35.771] [info] [SetScriptVars] OK setting fields for: AttackCollision
[22:42:35.771] [info] [MonoDbg] AddEntityToScript - Instantiating and adding script: HP to Entity ID: -28
[22:42:35.771] [info] [SetScriptVars] OK setting fields for: HP
[22:42:35.771] [info] [MonoDbg] AddEntityToScript - Syncing serialized fields for script: HP
[22:42:35.771] [info] [SetScriptVars] OK setting fields for: HP
[22:42:35.772] [info] [MonoDbg] AddEntityToScript - Instantiating and adding script: ExpDropper to Entity ID: -28
[22:42:35.772] [info] [SetScriptVars] OK setting fields for: ExpDropper
[22:42:35.772] [info] [MonoDbg] AddEntityToScript - Syncing serialized fields for script: ExpDropper
[22:42:35.772] [info] [SetScriptVars] OK setting fields for: ExpDropper
[22:42:35.772] [info] [MonoDbg] AddEntityToScript - Instantiating and adding script: DespawnTimer to Entity ID: -28
[22:42:35.772] [info] [SetScriptVars] OK setting fields for: DespawnTimer
[22:42:35.773] [info] [MonoDbg] AddEntityToScript - Syncing serialized fields for script: DespawnTimer
[22:42:35.773] [info] [SetScriptVars] OK setting fields for: DespawnTimer
[22:42:35.773] [info] [MonoDbg] AddEntityToScript - Instantiating and adding script: FlashOnDamaged to Entity ID: -28
[22:42:35.773] [info] [SetScriptVars] OK setting fields for: FlashOnDamaged
[22:42:35.773] [info] [MonoDbg] AddEntityToScript - Syncing serialized fields for script: FlashOnDamaged
[22:42:35.773] [info] [SetScriptVars] OK setting fields for: FlashOnDamaged
[22:42:35.774] [info] [MonoDbg] AddEntityToScript - Instantiating and adding script: ShakeSelfOnDamaged to Entity ID: -28
[22:42:35.774] [info] [SetScriptVars] OK setting fields for: ShakeSelfOnDamaged
[22:42:35.774] [info] [MonoDbg] AddEntityToScript - Syncing serialized fields for script: ShakeSelfOnDamaged
[22:42:35.774] [info] [SetScriptVars] OK setting fields for: ShakeSelfOnDamaged
[22:42:35.774] [info] [MonoDbg] AddEntityToScript - Instantiating and adding script: SpikeFishAroundNeedle to Entity ID: -29
[22:42:35.774] [info] [SetScriptVars] OK setting fields for: SpikeFishAroundNeedle
[22:42:35.775] [info] [MonoDbg] AddEntityToScript - Syncing serialized fields for script: SpikeFishAroundNeedle
[22:42:35.775] [info] [SetScriptVars] OK setting fields for: SpikeFishAroundNeedle
[22:42:35.775] [error] Entity not found for ID: 0
[22:42:35.790] [error] Entity not found for ID: 0
[22:42:35.805] [error] Entity not found for ID: 0
[22:42:35.820] [error] Entity not found for ID: 0
[22:42:35.834] [error] Entity not found for ID: 0
[22:42:35.849] [error] Entity not found for ID: 0
[22:42:35.865] [error] Entity not found for ID: 0
[22:42:35.882] [error] Entity not found for ID: 0
[22:42:35.898] [error] Entity not found for ID: 0
[22:42:35.914] [error] Entity not found for ID: 0
[22:42:35.931] [error] Entity not found for ID: 0
[22:42:35.948] [error] Entity not found for ID: 0
[22:42:35.964] [error] Entity not found for ID: 0
[22:42:35.981] [error] Entity not found for ID: 0
[22:42:35.983] [info] Collision Exit 2D Event Invoked
[22:42:35.984] [info] Collision Exit 2D Event Invoked
[22:42:35.984] [info] Collision Exit 2D Event Invoked
[22:42:35.984] [info] Collision Exit 2D Event Invoked
[22:42:35.984] [info] Collision Exit 2D Event Invoked
[22:42:35.984] [info] Collision Exit 2D Event Invoked
[22:42:35.984] [info] Collision Exit 2D Event Invoked
[22:42:35.984] [info] Collision Exit 2D Event Invoked
[22:42:35.985] [info] Collision Exit 2D Event Invoked
[22:42:35.985] [info] Collision Exit 2D Event Invoked
[22:42:35.985] [info] Collision Exit 2D Event Invoked
[22:42:35.985] [info] Collision Exit 2D Event Invoked
[22:42:35.985] [info] Collision Exit 2D Event Invoked
[22:42:35.985] [info] Collision Exit 2D Event Invoked
[22:42:35.986] [info] Collision Exit 2D Event Invoked
[22:42:35.986] [info] Collision Exit 2D Event Invoked
[22:42:35.998] [error] Entity not found for ID: 0
[22:42:36.015] [error] Entity not found for ID: 0
[22:42:36.032] [error] Entity not found for ID: 0
[22:42:36.049] [error] Entity not found for ID: 0
[22:42:36.065] [error] Entity not found for ID: 0
[22:42:36.082] [error] Entity not found for ID: 0
[22:42:36.098] [error] Entity not found for ID: 0
[22:42:36.115] [error] Entity not found for ID: 0
[22:42:36.132] [error] Entity not found for ID: 0
[22:42:36.134] [info] Collision Exit 2D Event Invoked
[22:42:36.134] [info] Collision Exit 2D Event Invoked
[22:42:36.135] [info] Collision Exit 2D Event Invoked
[22:42:36.135] [info] Collision Exit 2D Event Invoked
[22:42:36.135] [info] Collision Exit 2D Event Invoked
[22:42:36.135] [info] Collision Exit 2D Event Invoked
[22:42:36.135] [info] Collision Exit 2D Event Invoked
[22:42:36.135] [info] Collision Exit 2D Event Invoked
[22:42:36.135] [info] Collision Exit 2D Event Invoked
[22:42:36.136] [info] Collision Exit 2D Event Invoked
[22:42:36.136] [info] Collision Exit 2D Event Invoked
[22:42:36.148] [error] Entity not found for ID: 0
[22:42:36.165] [error] Entity not found for ID: 0
[22:42:36.181] [error] Entity not found for ID: 0
[22:42:36.198] [error] Entity not found for ID: 0
[22:42:36.214] [error] Entity not found for ID: 0
[22:42:36.232] [error] Entity not found for ID: 0
[22:42:36.248] [error] Entity not found for ID: 0
[22:42:36.265] [error] Entity not found for ID: 0
[22:42:36.282] [error] Entity not found for ID: 0
[22:42:36.298] [error] Entity not found for ID: 0
[22:42:36.315] [error] Entity not found for ID: 0
[22:42:36.332] [info] [SOURCE_DETECTOR] C# requested CreateEntity: Prefab = playerDashParticle
[22:42:36.332] [info] [SOURCE_DETECTOR] Engine creating Entity (Internal)
[22:42:36.333] [info] [CPP ECS] FromJson - Adding component 'Transform' to entity 'playerDashParticle'
[22:42:36.333] [info] [CPP ECS] FromJson - Adding component 'Variables' to entity 'playerDashParticle'
[22:42:36.333] [info] [CPP ECS] FromJson - Adding component 'ParticleSystem2D' to entity 'playerDashParticle'
[22:42:36.333] [error] Entity not found for ID: 0
[22:42:36.334] [info] Collision Enter 2D Event Invoked
[22:42:36.334] [info] Collision Enter 2D Event Invoked
[22:42:36.334] [info] Collision Enter 2D Event Invoked
[22:42:36.335] [info] Collision Enter 2D Event Invoked
[22:42:36.335] [info] Collision Enter 2D Event Invoked
[22:42:36.335] [info] Collision Enter 2D Event Invoked
[22:42:36.335] [info] Collision Enter 2D Event Invoked
[22:42:36.335] [info] Collision Enter 2D Event Invoked
[22:42:36.336] [info] Collision Enter 2D Event Invoked
[22:42:36.336] [info] Collision Enter 2D Event Invoked
[22:42:36.336] [info] Collision Enter 2D Event Invoked
[22:42:36.336] [info] Collision Enter 2D Event Invoked
[22:42:36.336] [info] Collision Enter 2D Event Invoked
[22:42:36.336] [info] Collision Enter 2D Event Invoked
[22:42:36.337] [info] Collision Enter 2D Event Invoked
[22:42:36.337] [info] Collision Enter 2D Event Invoked
[22:42:36.337] [info] Collision Enter 2D Event Invoked
[22:42:36.337] [info] Collision Enter 2D Event Invoked
[22:42:36.351] [error] Entity not found for ID: 0
[22:42:36.366] [error] Entity not found for ID: 0
[22:42:36.369] [info] Collision Exit 2D Event Invoked
[22:42:36.369] [info] Collision Exit 2D Event Invoked
[22:42:36.369] [info] Collision Exit 2D Event Invoked
[22:42:36.369] [info] Collision Exit 2D Event Invoked
[22:42:36.369] [info] Collision Exit 2D Event Invoked
[22:42:36.370] [info] Collision Exit 2D Event Invoked
[22:42:36.370] [info] Collision Exit 2D Event Invoked
[22:42:36.370] [info] Collision Exit 2D Event Invoked
[22:42:36.370] [info] Collision Exit 2D Event Invoked
[22:42:36.370] [info] Collision Exit 2D Event Invoked
[22:42:36.370] [info] Collision Exit 2D Event Invoked
[22:42:36.371] [info] Collision Exit 2D Event Invoked
[22:42:36.371] [info] Collision Exit 2D Event Invoked
[22:42:36.371] [info] Collision Exit 2D Event Invoked
[22:42:36.371] [info] Collision Exit 2D Event Invoked
[22:42:36.371] [info] Collision Exit 2D Event Invoked
[22:42:36.371] [info] Collision Exit 2D Event Invoked
[22:42:36.372] [info] Collision Exit 2D Event Invoked
[22:42:36.384] [error] Entity not found for ID: 0
[22:42:36.398] [error] Entity not found for ID: 0
[22:42:36.415] [error] Entity not found for ID: 0
[22:42:36.431] [error] Entity not found for ID: 0
[22:42:36.448] [error] Entity not found for ID: 0
[22:42:36.465] [error] Entity not found for ID: 0
[22:42:36.482] [error] Entity not found for ID: 0
[22:42:36.498] [error] Entity not found for ID: 0
[22:42:36.514] [error] Entity not found for ID: 0
[22:42:36.531] [error] Entity not found for ID: 0
[22:42:36.548] [error] Entity not found for ID: 0
[22:42:36.565] [error] Entity not found for ID: 0
[22:42:36.581] [error] Entity not found for ID: 0
[22:42:36.598] [error] Entity not found for ID: 0
[22:42:36.614] [error] Entity not found for ID: 0
[22:42:36.631] [error] Entity not found for ID: 0
[22:42:36.648] [error] Entity not found for ID: 0
[22:42:36.665] [error] Entity not found for ID: 0
[22:42:36.682] [error] Entity not found for ID: 0
[22:42:36.698] [error] Entity not found for ID: 0
[22:42:36.714] [error] Entity not found for ID: 0
[22:42:36.732] [error] Entity not found for ID: 0
[22:42:36.748] [error] Entity not found for ID: 0
[22:42:36.749] [info] [SOURCE_DETECTOR] C# requested CreateEntity: Prefab = MorayEel
[22:42:36.749] [info] [SOURCE_DETECTOR] Engine creating Entity (Internal)
[22:42:36.749] [info] [CPP ECS] FromJson - Adding component 'Transform' to entity 'MorayEel'
[22:42:36.749] [info] [CPP ECS] FromJson - Adding component 'CircleCollider' to entity 'MorayEel'
[22:42:36.749] [info] [CPP ECS] FromJson - Adding component 'Variables' to entity 'MorayEel'
[22:42:36.750] [info] [CPP ECS] FromJson - Adding component 'Script' to entity 'MorayEel'
[22:42:36.750] [info] [CPP ECS] FromJson - Adding component 'SpriteRenderer' to entity 'MorayEel'
[22:42:36.750] [info] [CPP ECS] FromJson - Adding component 'Rigidbody2D' to entity 'MorayEel'
[22:42:36.751] [info] Collision Enter 2D Event Invoked
[22:42:36.751] [info] Collision Enter 2D Event Invoked
[22:42:36.751] [info] Collision Enter 2D Event Invoked
[22:42:36.751] [info] Collision Enter 2D Event Invoked
[22:42:36.751] [info] Collision Enter 2D Event Invoked
[22:42:36.752] [info] Collision Enter 2D Event Invoked
[22:42:36.752] [info] Collision Enter 2D Event Invoked
[22:42:36.752] [info] Collision Enter 2D Event Invoked
[22:42:36.752] [info] Collision Enter 2D Event Invoked
[22:42:36.752] [info] Collision Enter 2D Event Invoked
[22:42:36.752] [info] Collision Enter 2D Event Invoked
[22:42:36.752] [info] Collision Enter 2D Event Invoked
[22:42:36.753] [info] Collision Enter 2D Event Invoked
[22:42:36.753] [info] Collision Enter 2D Event Invoked
[22:42:36.753] [info] Collision Enter 2D Event Invoked
[22:42:36.753] [info] [SOURCE_DETECTOR] C# requested CreateEntity: Prefab = PlayerHitEffect
[22:42:36.753] [info] [SOURCE_DETECTOR] Engine creating Entity (Internal)
[22:42:36.753] [info] [CPP ECS] FromJson - Adding component 'Transform' to entity 'PlayerHitEffect'
[22:42:36.754] [info] [CPP ECS] FromJson - Adding component 'Variables' to entity 'PlayerHitEffect'
[22:42:36.754] [info] [SOURCE_DETECTOR] Engine creating Entity (Internal)
[22:42:36.754] [info] [CPP ECS] FromJson - Adding component 'Transform' to entity 'HitEffect1'
[22:42:36.754] [info] [CPP ECS] FromJson - Adding component 'Variables' to entity 'HitEffect1'
[22:42:36.754] [info] [CPP ECS] FromJson - Adding component 'SpriteRenderer' to entity 'HitEffect1'
[22:42:36.754] [info] [CPP ECS] FromJson - Adding component 'Script' to entity 'HitEffect1'
[22:42:36.755] [info] [SOURCE_DETECTOR] Engine creating Entity (Internal)
[22:42:36.755] [info] [CPP ECS] FromJson - Adding component 'Transform' to entity 'HitEffect2'
[22:42:36.755] [info] [CPP ECS] FromJson - Adding component 'Variables' to entity 'HitEffect2'
[22:42:36.755] [info] [CPP ECS] FromJson - Adding component 'SpriteRenderer' to entity 'HitEffect2'
[22:42:36.755] [info] [CPP ECS] FromJson - Adding component 'Script' to entity 'HitEffect2'
[22:42:36.755] [error] Script component not found for Entity ID: -34
[22:42:36.756] [info] [SetScriptVars] no group for scriptName: TimedDestruction  groups: 0
[22:42:36.756] [info] Collision Enter 2D Event Invoked
[22:42:36.756] [info] Collision Enter 2D Event Invoked
[22:42:36.756] [info] Collision Enter 2D Event Invoked
[22:42:36.756] [info] Collision Enter 2D Event Invoked
[22:42:36.756] [info] Collision Enter 2D Event Invoked
[22:42:36.756] [info] Collision Enter 2D Event Invoked
[22:42:36.757] [info] Collision Enter 2D Event Invoked
[22:42:36.757] [info] Collision Enter 2D Event Invoked
[22:42:36.757] [info] Collision Enter 2D Event Invoked
[22:42:36.757] [info] Collision Enter 2D Event Invoked
[22:42:36.757] [info] Collision Enter 2D Event Invoked
[22:42:36.757] [info] Collision Enter 2D Event Invoked
[22:42:36.757] [info] Collision Enter 2D Event Invoked
[22:42:36.758] [info] Collision Enter 2D Event Invoked
[22:42:36.758] [info] Collision Enter 2D Event Invoked
[22:42:36.758] [info] Collision Enter 2D Event Invoked
[22:42:36.758] [info] Collision Enter 2D Event Invoked
[22:42:36.758] [info] Collision Enter 2D Event Invoked
[22:42:36.758] [info] Collision Enter 2D Event Invoked
[22:42:36.758] [info] Collision Enter 2D Event Invoked
[22:42:36.759] [info] Collision Enter 2D Event Invoked
[22:42:36.759] [info] Collision Enter 2D Event Invoked
[22:42:36.759] [info] Collision Enter 2D Event Invoked
[22:42:36.773] [info] [MonoDbg] AddEntityToScript - Instantiating and adding script: SpriteAnimation to Entity ID: -33
[22:42:36.773] [info] [SetScriptVars] OK setting fields for: SpriteAnimation
[22:42:36.773] [info] [MonoDbg] AddEntityToScript - Syncing serialized fields for script: SpriteAnimation
[22:42:36.773] [info] [SetScriptVars] OK setting fields for: SpriteAnimation
[22:42:36.774] [info] [MonoDbg] AddEntityToScript - Instantiating and adding script: MorayEelSpawnMove to Entity ID: -33
[22:42:36.774] [info] [SetScriptVars] OK setting fields for: MorayEelSpawnMove
[22:42:36.774] [info] [MonoDbg] AddEntityToScript - Syncing serialized fields for script: MorayEelSpawnMove
[22:42:36.774] [info] [SetScriptVars] OK setting fields for: MorayEelSpawnMove
[22:42:36.774] [info] [MonoDbg] AddEntityToScript - Instantiating and adding script: ChaseController to Entity ID: -33
[22:42:36.774] [info] [SetScriptVars] OK setting fields for: ChaseController
[22:42:36.774] [info] [MonoDbg] AddEntityToScript - Syncing serialized fields for script: ChaseController
[22:42:36.775] [info] [SetScriptVars] OK setting fields for: ChaseController
[22:42:36.775] [info] [MonoDbg] AddEntityToScript - Instantiating and adding script: ChaseAnimation to Entity ID: -33
[22:42:36.775] [info] [SetScriptVars] OK setting fields for: ChaseAnimation
[22:42:36.775] [info] [MonoDbg] AddEntityToScript - Syncing serialized fields for script: ChaseAnimation
[22:42:36.775] [info] [SetScriptVars] OK setting fields for: ChaseAnimation
[22:42:36.775] [info] [MonoDbg] AddEntityToScript - Instantiating and adding script: SmallFryChaseMove to Entity ID: -33
[22:42:36.776] [info] [SetScriptVars] OK setting fields for: SmallFryChaseMove
[22:42:36.776] [info] [MonoDbg] AddEntityToScript - Syncing serialized fields for script: SmallFryChaseMove
[22:42:36.776] [info] [SetScriptVars] OK setting fields for: SmallFryChaseMove
[22:42:36.776] [info] [MonoDbg] AddEntityToScript - Instantiating and adding script: TargetFacingFlip to Entity ID: -33
[22:42:36.776] [info] [SetScriptVars] OK setting fields for: TargetFacingFlip
[22:42:36.776] [info] [MonoDbg] AddEntityToScript - Syncing serialized fields for script: TargetFacingFlip
[22:42:36.777] [info] [SetScriptVars] OK setting fields for: TargetFacingFlip
[22:42:36.777] [info] [MonoDbg] AddEntityToScript - Instantiating and adding script: MorayEel to Entity ID: -33
[22:42:36.777] [info] [SetScriptVars] OK setting fields for: MorayEel
[22:42:36.777] [info] [MonoDbg] AddEntityToScript - Syncing serialized fields for script: MorayEel
[22:42:36.777] [info] [SetScriptVars] OK setting fields for: MorayEel
[22:42:36.777] [info] [MonoDbg] AddEntityToScript - Instantiating and adding script: HP to Entity ID: -33
[22:42:36.778] [info] [SetScriptVars] OK setting fields for: HP
[22:42:36.778] [info] [MonoDbg] AddEntityToScript - Syncing serialized fields for script: HP
[22:42:36.778] [info] [SetScriptVars] OK setting fields for: HP
[22:42:36.778] [info] [MonoDbg] AddEntityToScript - Instantiating and adding script: DespawnTimer to Entity ID: -33
[22:42:36.778] [info] [SetScriptVars] OK setting fields for: DespawnTimer
[22:42:36.778] [info] [MonoDbg] AddEntityToScript - Syncing serialized fields for script: DespawnTimer
[22:42:36.779] [info] [SetScriptVars] OK setting fields for: DespawnTimer
[22:42:36.779] [info] [MonoDbg] AddEntityToScript - Instantiating and adding script: ExpDropper to Entity ID: -33
[22:42:36.779] [info] [SetScriptVars] OK setting fields for: ExpDropper
[22:42:36.779] [info] [MonoDbg] AddEntityToScript - Syncing serialized fields for script: ExpDropper
[22:42:36.779] [info] [SetScriptVars] OK setting fields for: ExpDropper
[22:42:36.779] [info] [MonoDbg] AddEntityToScript - Instantiating and adding script: ParticleOffset to Entity ID: -33
[22:42:36.780] [info] [SetScriptVars] OK setting fields for: ParticleOffset
[22:42:36.780] [info] [MonoDbg] AddEntityToScript - Syncing serialized fields for script: ParticleOffset
[22:42:36.780] [info] [SetScriptVars] OK setting fields for: ParticleOffset
[22:42:36.780] [info] [MonoDbg] AddEntityToScript - Instantiating and adding script: AttackCollision to Entity ID: -33
[22:42:36.780] [info] [SetScriptVars] OK setting fields for: AttackCollision
[22:42:36.780] [info] [MonoDbg] AddEntityToScript - Syncing serialized fields for script: AttackCollision
[22:42:36.780] [info] [SetScriptVars] OK setting fields for: AttackCollision
[22:42:36.781] [info] [MonoDbg] AddEntityToScript - Instantiating and adding script: FlashOnDamaged to Entity ID: -33
[22:42:36.781] [info] [SetScriptVars] OK setting fields for: FlashOnDamaged
[22:42:36.781] [info] [MonoDbg] AddEntityToScript - Syncing serialized fields for script: FlashOnDamaged
[22:42:36.781] [info] [SetScriptVars] OK setting fields for: FlashOnDamaged
[22:42:36.781] [info] [MonoDbg] AddEntityToScript - Instantiating and adding script: ShakeSelfOnDamaged to Entity ID: -33
[22:42:36.781] [info] [SetScriptVars] OK setting fields for: ShakeSelfOnDamaged
[22:42:36.782] [info] [MonoDbg] AddEntityToScript - Syncing serialized fields for script: ShakeSelfOnDamaged
[22:42:36.782] [info] [SetScriptVars] OK setting fields for: ShakeSelfOnDamaged
[22:42:36.782] [info] [MonoDbg] AddEntityToScript - Instantiating and adding script: TransformTween to Entity ID: -35
[22:42:36.782] [info] [SetScriptVars] OK setting fields for: TransformTween
[22:42:36.782] [info] [MonoDbg] AddEntityToScript - Syncing serialized fields for script: TransformTween
[22:42:36.782] [info] [SetScriptVars] OK setting fields for: TransformTween
[22:42:36.783] [info] [MonoDbg] AddEntityToScript - Instantiating and adding script: TransformTween to Entity ID: -36
[22:42:36.783] [info] [SetScriptVars] OK setting fields for: TransformTween
[22:42:36.783] [info] [MonoDbg] AddEntityToScript - Syncing serialized fields for script: TransformTween
[22:42:36.783] [info] [SetScriptVars] OK setting fields for: TransformTween
[22:42:36.784] [info] [SOURCE_DETECTOR] C# requested CreateEntity: Prefab = enemySwimParticle
[22:42:36.784] [info] [SOURCE_DETECTOR] Engine creating Entity (Internal)
[22:42:36.784] [info] [CPP ECS] FromJson - Adding component 'Transform' to entity 'enemySwimParticle'
[22:42:36.784] [info] [CPP ECS] FromJson - Adding component 'Variables' to entity 'enemySwimParticle'
[22:42:36.784] [info] [CPP ECS] FromJson - Adding component 'ParticleSystem2D' to entity 'enemySwimParticle'
[22:42:36.785] [error] Entity not found for ID: 0
[22:42:36.786] [error] Entity not found for ID: 0
[22:42:36.786] [error] Entity not found for ID: 0
[22:42:36.786] [info] [SOURCE_DETECTOR] C# requested CreateEntity: Prefab = ExpOrbMedium
[22:42:36.786] [info] [SOURCE_DETECTOR] Engine creating Entity (Internal)
[22:42:36.786] [info] [CPP ECS] FromJson - Adding component 'Transform' to entity 'ExpOrbMedium'
[22:42:36.786] [info] [CPP ECS] FromJson - Adding component 'CircleCollider' to entity 'ExpOrbMedium'
[22:42:36.787] [info] [CPP ECS] FromJson - Adding component 'Variables' to entity 'ExpOrbMedium'
[22:42:36.787] [info] [CPP ECS] FromJson - Adding component 'SpriteRenderer' to entity 'ExpOrbMedium'
[22:42:36.787] [info] [CPP ECS] FromJson - Adding component 'Script' to entity 'ExpOrbMedium'
[22:42:36.787] [info] [SOURCE_DETECTOR] C# requested CreateEntity: Prefab = ExpOrbSmall
[22:42:36.787] [info] [SOURCE_DETECTOR] Engine creating Entity (Internal)
[22:42:36.787] [info] [CPP ECS] FromJson - Adding component 'Transform' to entity 'ExpOrbSmall'
[22:42:36.788] [info] [CPP ECS] FromJson - Adding component 'CircleCollider' to entity 'ExpOrbSmall'
[22:42:36.788] [info] [CPP ECS] FromJson - Adding component 'Variables' to entity 'ExpOrbSmall'
[22:42:36.788] [info] [CPP ECS] FromJson - Adding component 'SpriteRenderer' to entity 'ExpOrbSmall'
[22:42:36.788] [info] [CPP ECS] FromJson - Adding component 'Script' to entity 'ExpOrbSmall'
[22:42:36.788] [info] [SOURCE_DETECTOR] C# requested CreateEntity: Prefab = ExpOrbSmall
[22:42:36.788] [info] [SOURCE_DETECTOR] Engine creating Entity (Internal)
[22:42:36.788] [info] [CPP ECS] FromJson - Adding component 'Transform' to entity 'ExpOrbSmall'
[22:42:36.789] [info] [CPP ECS] FromJson - Adding component 'CircleCollider' to entity 'ExpOrbSmall'
[22:42:36.789] [info] [CPP ECS] FromJson - Adding component 'Variables' to entity 'ExpOrbSmall'
[22:42:36.789] [info] [CPP ECS] FromJson - Adding component 'SpriteRenderer' to entity 'ExpOrbSmall'
[22:42:36.789] [info] [CPP ECS] FromJson - Adding component 'Script' to entity 'ExpOrbSmall'
[22:42:36.790] [info] Collision Enter 2D Event Invoked
[22:42:36.790] [info] Collision Enter 2D Event Invoked
[22:42:36.790] [info] Collision Enter 2D Event Invoked
[22:42:36.806] [info] [MonoDbg] AddEntityToScript - Instantiating and adding script: ExperiencePoint to Entity ID: -32
[22:42:36.806] [info] [SetScriptVars] OK setting fields for: ExperiencePoint
[22:42:36.806] [info] [MonoDbg] AddEntityToScript - Syncing serialized fields for script: ExperiencePoint
[22:42:36.807] [info] [SetScriptVars] OK setting fields for: ExperiencePoint
[22:42:36.807] [info] [MonoDbg] AddEntityToScript - Instantiating and adding script: ExperiencePoint to Entity ID: -27
[22:42:36.807] [info] [SetScriptVars] OK setting fields for: ExperiencePoint
[22:42:36.807] [info] [MonoDbg] AddEntityToScript - Syncing serialized fields for script: ExperiencePoint
[22:42:36.807] [info] [SetScriptVars] OK setting fields for: ExperiencePoint
[22:42:36.808] [info] [MonoDbg] AddEntityToScript - Instantiating and adding script: ExperiencePoint to Entity ID: -18
[22:42:36.808] [info] [SetScriptVars] OK setting fields for: ExperiencePoint
[22:42:36.808] [info] [MonoDbg] AddEntityToScript - Syncing serialized fields for script: ExperiencePoint
[22:42:36.808] [info] [SetScriptVars] OK setting fields for: ExperiencePoint
[22:42:36.808] [error] Entity not found for ID: 0
[22:42:36.822] [error] Entity not found for ID: 0
[22:42:36.836] [error] Entity not found for ID: 0
[22:42:36.851] [error] Entity not found for ID: 0
[22:42:36.866] [error] Entity not found for ID: 0
[22:42:36.882] [error] Entity not found for ID: 0
[22:42:36.896] [error] Entity not found for ID: 0
[22:42:36.911] [error] Entity not found for ID: 0
[22:42:36.925] [error] Entity not found for ID: 0
[22:42:36.940] [error] Entity not found for ID: 0
[22:42:36.954] [error] Entity not found for ID: 0
[22:42:36.969] [error] Entity not found for ID: 0
[22:42:36.984] [error] Entity not found for ID: 0
[22:42:36.999] [error] Entity not found for ID: 0
[22:42:37.015] [error] Entity not found for ID: 0
[22:42:37.032] [error] Entity not found for ID: 0
[22:42:37.049] [error] Entity not found for ID: 0
[22:42:37.065] [error] Entity not found for ID: 0
[22:42:37.083] [error] Entity not found for ID: 0
[22:42:37.098] [error] Entity not found for ID: 0
[22:42:37.100] [info] Collision Exit 2D Event Invoked
[22:42:37.100] [info] Collision Exit 2D Event Invoked
[22:42:37.100] [info] Collision Exit 2D Event Invoked
[22:42:37.101] [info] Collision Exit 2D Event Invoked
[22:42:37.101] [info] Collision Exit 2D Event Invoked
[22:42:37.101] [info] Collision Exit 2D Event Invoked
[22:42:37.101] [info] Collision Exit 2D Event Invoked
[22:42:37.101] [info] Collision Exit 2D Event Invoked
[22:42:37.101] [info] Collision Exit 2D Event Invoked
[22:42:37.102] [info] Collision Exit 2D Event Invoked
[22:42:37.102] [info] Collision Exit 2D Event Invoked
[22:42:37.102] [info] Collision Exit 2D Event Invoked
[22:42:37.102] [info] Collision Exit 2D Event Invoked
[22:42:37.102] [info] Collision Exit 2D Event Invoked
[22:42:37.102] [info] Collision Exit 2D Event Invoked
[22:42:37.103] [info] Collision Exit 2D Event Invoked
[22:42:37.103] [info] Collision Exit 2D Event Invoked
[22:42:37.103] [info] Collision Exit 2D Event Invoked
[22:42:37.115] [error] Entity not found for ID: 0
[22:42:37.132] [error] Entity not found for ID: 0
[22:42:37.149] [error] Entity not found for ID: 0
[22:42:37.149] [error] Entity not found for ID: -36
[22:42:37.149] [error] Entity not found for ID: -35
[22:42:37.165] [error] Entity not found for ID: 0
[22:42:37.166] [error] Entity not found for ID: -36
[22:42:37.166] [error] Entity not found for ID: -35
[22:42:37.182] [error] Entity not found for ID: 0
[22:42:37.182] [error] Entity not found for ID: -36
[22:42:37.182] [error] Entity not found for ID: -35
[22:42:37.198] [error] Entity not found for ID: 0
[22:42:37.199] [error] Entity not found for ID: -36
[22:42:37.199] [error] Entity not found for ID: -35
[22:42:37.215] [error] Entity not found for ID: 0
[22:42:37.215] [error] Entity not found for ID: -36
[22:42:37.216] [error] Entity not found for ID: -35
[22:42:37.231] [error] Entity not found for ID: 0
[22:42:37.232] [error] Entity not found for ID: -36
[22:42:37.232] [error] Entity not found for ID: -35
[22:42:37.248] [error] Entity not found for ID: 0
[22:42:37.249] [error] Entity not found for ID: -36
[22:42:37.249] [error] Entity not found for ID: -35
[22:42:37.265] [error] Entity not found for ID: 0
[22:42:37.266] [info] [SOURCE_DETECTOR] C# requested CreateEntity: Prefab = MorayEel
[22:42:37.266] [info] [SOURCE_DETECTOR] Engine creating Entity (Internal)
[22:42:37.266] [info] [CPP ECS] FromJson - Adding component 'Transform' to entity 'MorayEel'
[22:42:37.266] [info] [CPP ECS] FromJson - Adding component 'CircleCollider' to entity 'MorayEel'
[22:42:37.266] [info] [CPP ECS] FromJson - Adding component 'Variables' to entity 'MorayEel'
[22:42:37.267] [info] [CPP ECS] FromJson - Adding component 'Script' to entity 'MorayEel'
[22:42:37.267] [info] [CPP ECS] FromJson - Adding component 'SpriteRenderer' to entity 'MorayEel'
[22:42:37.267] [info] [CPP ECS] FromJson - Adding component 'Rigidbody2D' to entity 'MorayEel'
[22:42:37.267] [info] Script MorayEelSpawnMove found for Entity ID: -16
[22:42:37.267] [info] [SetScriptVars] OK setting fields for: MorayEelSpawnMove
[22:42:37.268] [error] Entity not found for ID: -36
[22:42:37.268] [error] Entity not found for ID: -35
[22:42:37.283] [info] [MonoDbg] AddEntityToScript - Instantiating and adding script: SpriteAnimation to Entity ID: -16
[22:42:37.283] [info] [SetScriptVars] OK setting fields for: SpriteAnimation
[22:42:37.284] [info] [MonoDbg] AddEntityToScript - Syncing serialized fields for script: SpriteAnimation
[22:42:37.284] [info] [SetScriptVars] OK setting fields for: SpriteAnimation
[22:42:37.284] [info] [MonoDbg] AddEntityToScript - Instantiating and adding script: MorayEelSpawnMove to Entity ID: -16
[22:42:37.284] [info] [MonoDbg] AddEntityToScript - Syncing serialized fields for script: MorayEelSpawnMove
[22:42:37.284] [info] [SetScriptVars] OK setting fields for: MorayEelSpawnMove
[22:42:37.284] [info] [MonoDbg] AddEntityToScript - Instantiating and adding script: ChaseController to Entity ID: -16
[22:42:37.285] [info] [SetScriptVars] OK setting fields for: ChaseController
[22:42:37.285] [info] [MonoDbg] AddEntityToScript - Syncing serialized fields for script: ChaseController
[22:42:37.285] [info] [SetScriptVars] OK setting fields for: ChaseController
[22:42:37.285] [info] [MonoDbg] AddEntityToScript - Instantiating and adding script: ChaseAnimation to Entity ID: -16
[22:42:37.285] [info] [SetScriptVars] OK setting fields for: ChaseAnimation
[22:42:37.285] [info] [MonoDbg] AddEntityToScript - Syncing serialized fields for script: ChaseAnimation
[22:42:37.286] [info] [SetScriptVars] OK setting fields for: ChaseAnimation
[22:42:37.286] [info] [MonoDbg] AddEntityToScript - Instantiating and adding script: SmallFryChaseMove to Entity ID: -16
[22:42:37.286] [info] [SetScriptVars] OK setting fields for: SmallFryChaseMove
[22:42:37.286] [info] [MonoDbg] AddEntityToScript - Syncing serialized fields for script: SmallFryChaseMove
[22:42:37.286] [info] [SetScriptVars] OK setting fields for: SmallFryChaseMove
[22:42:37.286] [info] [MonoDbg] AddEntityToScript - Instantiating and adding script: TargetFacingFlip to Entity ID: -16
[22:42:37.287] [info] [SetScriptVars] OK setting fields for: TargetFacingFlip
[22:42:37.287] [info] [MonoDbg] AddEntityToScript - Syncing serialized fields for script: TargetFacingFlip
[22:42:37.287] [info] [SetScriptVars] OK setting fields for: TargetFacingFlip
[22:42:37.287] [info] [MonoDbg] AddEntityToScript - Instantiating and adding script: MorayEel to Entity ID: -16
[22:42:37.287] [info] [SetScriptVars] OK setting fields for: MorayEel
[22:42:37.287] [info] [MonoDbg] AddEntityToScript - Syncing serialized fields for script: MorayEel
[22:42:37.288] [info] [SetScriptVars] OK setting fields for: MorayEel
[22:42:37.288] [info] [MonoDbg] AddEntityToScript - Instantiating and adding script: HP to Entity ID: -16
[22:42:37.288] [info] [SetScriptVars] OK setting fields for: HP
[22:42:37.288] [info] [MonoDbg] AddEntityToScript - Syncing serialized fields for script: HP
[22:42:37.288] [info] [SetScriptVars] OK setting fields for: HP
[22:42:37.288] [info] [MonoDbg] AddEntityToScript - Instantiating and adding script: DespawnTimer to Entity ID: -16
[22:42:37.289] [info] [SetScriptVars] OK setting fields for: DespawnTimer
[22:42:37.289] [info] [MonoDbg] AddEntityToScript - Syncing serialized fields for script: DespawnTimer
[22:42:37.289] [info] [SetScriptVars] OK setting fields for: DespawnTimer
[22:42:37.289] [info] [MonoDbg] AddEntityToScript - Instantiating and adding script: ExpDropper to Entity ID: -16
[22:42:37.289] [info] [SetScriptVars] OK setting fields for: ExpDropper
[22:42:37.289] [info] [MonoDbg] AddEntityToScript - Syncing serialized fields for script: ExpDropper
[22:42:37.290] [info] [SetScriptVars] OK setting fields for: ExpDropper
[22:42:37.290] [info] [MonoDbg] AddEntityToScript - Instantiating and adding script: ParticleOffset to Entity ID: -16
[22:42:37.290] [info] [SetScriptVars] OK setting fields for: ParticleOffset
[22:42:37.290] [info] [MonoDbg] AddEntityToScript - Syncing serialized fields for script: ParticleOffset
[22:42:37.290] [info] [SetScriptVars] OK setting fields for: ParticleOffset
[22:42:37.290] [info] [MonoDbg] AddEntityToScript - Instantiating and adding script: AttackCollision to Entity ID: -16
[22:42:37.291] [info] [SetScriptVars] OK setting fields for: AttackCollision
[22:42:37.291] [info] [MonoDbg] AddEntityToScript - Syncing serialized fields for script: AttackCollision
[22:42:37.291] [info] [SetScriptVars] OK setting fields for: AttackCollision
[22:42:37.291] [info] [MonoDbg] AddEntityToScript - Instantiating and adding script: FlashOnDamaged to Entity ID: -16
[22:42:37.291] [info] [SetScriptVars] OK setting fields for: FlashOnDamaged
[22:42:37.291] [info] [MonoDbg] AddEntityToScript - Syncing serialized fields for script: FlashOnDamaged
[22:42:37.292] [info] [SetScriptVars] OK setting fields for: FlashOnDamaged
[22:42:37.292] [info] [MonoDbg] AddEntityToScript - Instantiating and adding script: ShakeSelfOnDamaged to Entity ID: -16
[22:42:37.292] [info] [SetScriptVars] OK setting fields for: ShakeSelfOnDamaged
[22:42:37.292] [info] [MonoDbg] AddEntityToScript - Syncing serialized fields for script: ShakeSelfOnDamaged
[22:42:37.292] [info] [SetScriptVars] OK setting fields for: ShakeSelfOnDamaged
[22:42:37.292] [info] [SOURCE_DETECTOR] C# requested CreateEntity: Prefab = enemySwimParticle
[22:42:37.293] [info] [SOURCE_DETECTOR] Engine creating Entity (Internal)
[22:42:37.293] [info] [CPP ECS] FromJson - Adding component 'Transform' to entity 'enemySwimParticle'
[22:42:37.293] [info] [CPP ECS] FromJson - Adding component 'Variables' to entity 'enemySwimParticle'
[22:42:37.293] [info] [CPP ECS] FromJson - Adding component 'ParticleSystem2D' to entity 'enemySwimParticle'
[22:42:37.294] [error] Entity not found for ID: 0
[22:42:37.294] [error] Entity not found for ID: -36
[22:42:37.295] [error] Entity not found for ID: -35
[22:42:37.308] [error] Entity not found for ID: 0
[22:42:37.309] [error] Entity not found for ID: -36
[22:42:37.309] [error] Entity not found for ID: -35
[22:42:37.323] [error] Entity not found for ID: 0
[22:42:37.324] [error] Entity not found for ID: -36
[22:42:37.324] [error] Entity not found for ID: -35
[22:42:37.337] [error] Entity not found for ID: 0
[22:42:37.338] [error] Entity not found for ID: -36
[22:42:37.338] [error] Entity not found for ID: -35
[22:42:37.352] [error] Entity not found for ID: 0
[22:42:37.352] [error] Entity not found for ID: -36
[22:42:37.353] [error] Entity not found for ID: -35
[22:42:37.353] [info] Collision Enter 2D Event Invoked
[22:42:37.353] [info] Collision Enter 2D Event Invoked
[22:42:37.353] [info] Collision Enter 2D Event Invoked
[22:42:37.354] [info] Collision Enter 2D Event Invoked
[22:42:37.354] [info] Collision Enter 2D Event Invoked
[22:42:37.354] [info] Collision Enter 2D Event Invoked
[22:42:37.354] [info] Collision Enter 2D Event Invoked
[22:42:37.354] [info] Collision Enter 2D Event Invoked
[22:42:37.354] [info] Collision Enter 2D Event Invoked
[22:42:37.354] [info] Collision Enter 2D Event Invoked
[22:42:37.355] [info] Collision Enter 2D Event Invoked
[22:42:37.355] [info] Collision Enter 2D Event Invoked
[22:42:37.355] [info] Collision Enter 2D Event Invoked
[22:42:37.355] [info] Collision Enter 2D Event Invoked
[22:42:37.355] [info] Collision Enter 2D Event Invoked
[22:42:37.355] [info] Collision Enter 2D Event Invoked
[22:42:37.356] [info] Collision Enter 2D Event Invoked
[22:42:37.356] [info] Collision Enter 2D Event Invoked
[22:42:37.369] [error] Entity not found for ID: 0
[22:42:37.370] [error] Entity not found for ID: -36
[22:42:37.370] [error] Entity not found for ID: -35
[22:42:37.384] [error] Entity not found for ID: 0
[22:42:37.385] [error] Entity not found for ID: -36
[22:42:37.385] [error] Entity not found for ID: -35
[22:42:37.399] [error] Entity not found for ID: 0
[22:42:37.400] [error] Entity not found for ID: -36
[22:42:37.400] [error] Entity not found for ID: -35
[22:42:37.416] [error] Entity not found for ID: 0
[22:42:37.416] [error] Entity not found for ID: -36
[22:42:37.416] [error] Entity not found for ID: -35
[22:42:37.432] [error] Entity not found for ID: 0
[22:42:37.432] [error] Entity not found for ID: -36
[22:42:37.432] [error] Entity not found for ID: -35
[22:42:37.448] [error] Entity not found for ID: 0
[22:42:37.449] [error] Entity not found for ID: -36
[22:42:37.449] [error] Entity not found for ID: -35
[22:42:37.466] [error] Entity not found for ID: 0
[22:42:37.466] [error] Entity not found for ID: -36
[22:42:37.466] [error] Entity not found for ID: -35
[22:42:37.482] [error] Entity not found for ID: 0
[22:42:37.482] [error] Entity not found for ID: -36
[22:42:37.483] [error] Entity not found for ID: -35
[22:42:37.499] [error] Entity not found for ID: 0
[22:42:37.499] [error] Entity not found for ID: -36
[22:42:37.500] [error] Entity not found for ID: -35
[22:42:37.515] [error] Entity not found for ID: 0
[22:42:37.516] [error] Entity not found for ID: -36
[22:42:37.516] [error] Entity not found for ID: -35
[22:42:37.533] [error] Entity not found for ID: 0
[22:42:37.534] [error] Entity not found for ID: -36
[22:42:37.534] [error] Entity not found for ID: -35
[22:42:37.550] [error] Entity not found for ID: 0
[22:42:37.551] [error] Entity not found for ID: -36
[22:42:37.551] [error] Entity not found for ID: -35
[22:42:37.568] [error] Entity not found for ID: 0
[22:42:37.568] [error] Entity not found for ID: -36
[22:42:37.569] [error] Entity not found for ID: -35
[22:42:37.587] [error] Entity not found for ID: 0
[22:42:37.588] [error] Entity not found for ID: -36
[22:42:37.588] [error] Entity not found for ID: -35
[22:42:37.604] [error] Entity not found for ID: 0
[22:42:37.605] [error] Entity not found for ID: -36
[22:42:37.605] [error] Entity not found for ID: -35
[22:42:37.620] [error] Entity not found for ID: 0
[22:42:37.621] [error] Entity not found for ID: -36
[22:42:37.621] [error] Entity not found for ID: -35
[22:42:37.637] [error] Entity not found for ID: 0
[22:42:37.638] [error] Entity not found for ID: -36
[22:42:37.638] [error] Entity not found for ID: -35
[22:42:37.655] [error] Entity not found for ID: 0
[22:42:37.656] [error] Entity not found for ID: -36
[22:42:37.656] [error] Entity not found for ID: -35
[22:42:37.675] [error] Entity not found for ID: 0
[22:42:37.676] [error] Entity not found for ID: -36
[22:42:37.676] [error] Entity not found for ID: -35
[22:42:37.678] [info] Collision Exit 2D Event Invoked
[22:42:37.678] [info] Collision Exit 2D Event Invoked
[22:42:37.678] [info] Collision Exit 2D Event Invoked
[22:42:37.678] [info] Collision Exit 2D Event Invoked
[22:42:37.679] [info] Collision Exit 2D Event Invoked
[22:42:37.679] [info] Collision Exit 2D Event Invoked
[22:42:37.679] [info] Collision Exit 2D Event Invoked
[22:42:37.679] [info] Collision Exit 2D Event Invoked
[22:42:37.679] [info] Collision Exit 2D Event Invoked
[22:42:37.679] [info] Collision Exit 2D Event Invoked
[22:42:37.680] [info] Collision Exit 2D Event Invoked
[22:42:37.680] [info] Collision Exit 2D Event Invoked
[22:42:37.680] [info] Collision Exit 2D Event Invoked
[22:42:37.680] [info] Collision Exit 2D Event Invoked
[22:42:37.680] [info] Collision Exit 2D Event Invoked
[22:42:37.681] [info] Collision Exit 2D Event Invoked
[22:42:37.681] [info] Collision Exit 2D Event Invoked
[22:42:37.681] [info] Collision Exit 2D Event Invoked
[22:42:37.697] [error] Entity not found for ID: 0
[22:42:37.697] [error] Entity not found for ID: -36
[22:42:37.698] [error] Entity not found for ID: -35
[22:42:37.698] [info] Collision Enter 2D Event Invoked
[22:42:37.698] [info] Collision Enter 2D Event Invoked
[22:42:37.699] [info] Collision Enter 2D Event Invoked
[22:42:37.699] [info] Collision Enter 2D Event Invoked
[22:42:37.699] [info] Collision Enter 2D Event Invoked
[22:42:37.699] [info] Collision Enter 2D Event Invoked
[22:42:37.699] [info] Collision Enter 2D Event Invoked
[22:42:37.700] [info] Collision Enter 2D Event Invoked
[22:42:37.700] [info] Collision Enter 2D Event Invoked
[22:42:37.700] [info] Collision Enter 2D Event Invoked
[22:42:37.700] [info] Collision Enter 2D Event Invoked
[22:42:37.700] [info] Collision Enter 2D Event Invoked
[22:42:37.701] [info] Collision Enter 2D Event Invoked
[22:42:37.701] [info] Collision Enter 2D Event Invoked
[22:42:37.701] [info] Collision Enter 2D Event Invoked
[22:42:37.701] [info] Collision Enter 2D Event Invoked
[22:42:37.701] [info] Collision Enter 2D Event Invoked
[22:42:37.702] [info] Collision Enter 2D Event Invoked
[22:42:37.718] [error] Entity not found for ID: 0
[22:42:37.718] [error] Entity not found for ID: -36
[22:42:37.718] [error] Entity not found for ID: -35
[22:42:37.734] [error] Entity not found for ID: 0
[22:42:37.734] [error] Entity not found for ID: -36
[22:42:37.735] [error] Entity not found for ID: -35
[22:42:37.751] [error] Entity not found for ID: 0
[22:42:37.752] [error] Entity not found for ID: -36
[22:42:37.752] [error] Entity not found for ID: -35
[22:42:37.769] [error] Entity not found for ID: 0
[22:42:37.770] [error] Entity not found for ID: -36
[22:42:37.770] [error] Entity not found for ID: -35
[22:42:37.787] [error] Entity not found for ID: 0
[22:42:37.787] [error] Entity not found for ID: -36
[22:42:37.788] [error] Entity not found for ID: -35
[22:42:37.805] [error] Entity not found for ID: 0
[22:42:37.805] [error] Entity not found for ID: -36
[22:42:37.806] [error] Entity not found for ID: -35
[22:42:37.822] [error] Entity not found for ID: 0
[22:42:37.823] [info] [SOURCE_DETECTOR] C# requested CreateEntity: Prefab = MorayEelPot
[22:42:37.823] [info] [SOURCE_DETECTOR] Engine creating Entity (Internal)
[22:42:37.823] [info] [CPP ECS] FromJson - Adding component 'Transform' to entity 'MorayEelPot'
[22:42:37.823] [info] [CPP ECS] FromJson - Adding component 'CircleCollider' to entity 'MorayEelPot'
[22:42:37.823] [info] [CPP ECS] FromJson - Adding component 'Variables' to entity 'MorayEelPot'
[22:42:37.823] [info] [CPP ECS] FromJson - Adding component 'Script' to entity 'MorayEelPot'
[22:42:37.824] [info] [CPP ECS] FromJson - Adding component 'SpriteRenderer' to entity 'MorayEelPot'
[22:42:37.824] [info] [CPP ECS] FromJson - Adding component 'Rigidbody2D' to entity 'MorayEelPot'
[22:42:37.824] [error] Entity not found for ID: -36
[22:42:37.826] [info] Collision Exit 2D Event Invoked
[22:42:37.826] [info] Collision Exit 2D Event Invoked
[22:42:37.826] [info] Collision Exit 2D Event Invoked
[22:42:37.826] [info] Collision Exit 2D Event Invoked
[22:42:37.826] [info] Collision Exit 2D Event Invoked
[22:42:37.827] [info] Collision Exit 2D Event Invoked
[22:42:37.827] [info] Collision Exit 2D Event Invoked
[22:42:37.827] [info] Collision Exit 2D Event Invoked
[22:42:37.827] [info] Collision Exit 2D Event Invoked
[22:42:37.827] [info] Collision Exit 2D Event Invoked
[22:42:37.827] [info] Collision Exit 2D Event Invoked
[22:42:37.828] [info] Collision Exit 2D Event Invoked
[22:42:37.828] [info] Collision Exit 2D Event Invoked
[22:42:37.828] [info] Collision Exit 2D Event Invoked
[22:42:37.828] [info] Collision Exit 2D Event Invoked
[22:42:37.828] [info] Collision Exit 2D Event Invoked
[22:42:37.828] [info] Collision Exit 2D Event Invoked
[22:42:37.828] [info] Collision Exit 2D Event Invoked
[22:42:37.842] [info] [MonoDbg] AddEntityToScript - Instantiating and adding script: MorayEelPot to Entity ID: -35
[22:42:37.842] [info] [SetScriptVars] OK setting fields for: MorayEelPot
[22:42:37.842] [info] [MonoDbg] AddEntityToScript - Syncing serialized fields for script: MorayEelPot
[22:42:37.843] [info] [SetScriptVars] OK setting fields for: MorayEelPot
[22:42:37.843] [info] [MonoDbg] AddEntityToScript - Instantiating and adding script: DespawnTimer to Entity ID: -35
[22:42:37.843] [info] [SetScriptVars] OK setting fields for: DespawnTimer
[22:42:37.843] [info] [MonoDbg] AddEntityToScript - Syncing serialized fields for script: DespawnTimer
[22:42:37.843] [info] [SetScriptVars] OK setting fields for: DespawnTimer
[22:42:37.843] [info] [MonoDbg] AddEntityToScript - Instantiating and adding script: AttackCollision to Entity ID: -35
[22:42:37.844] [info] [SetScriptVars] OK setting fields for: AttackCollision
[22:42:37.844] [info] [MonoDbg] AddEntityToScript - Syncing serialized fields for script: AttackCollision
[22:42:37.844] [info] [SetScriptVars] OK setting fields for: AttackCollision
[22:42:37.844] [info] [MonoDbg] AddEntityToScript - Instantiating and adding script: HP to Entity ID: -35
[22:42:37.844] [info] [SetScriptVars] OK setting fields for: HP
[22:42:37.844] [info] [MonoDbg] AddEntityToScript - Syncing serialized fields for script: HP
[22:42:37.845] [info] [SetScriptVars] OK setting fields for: HP
[22:42:37.845] [info] [MonoDbg] AddEntityToScript - Instantiating and adding script: ExpDropper to Entity ID: -35
[22:42:37.845] [info] [SetScriptVars] OK setting fields for: ExpDropper
[22:42:37.845] [info] [MonoDbg] AddEntityToScript - Syncing serialized fields for script: ExpDropper
[22:42:37.845] [info] [SetScriptVars] OK setting fields for: ExpDropper
[22:42:37.845] [info] [MonoDbg] AddEntityToScript - Instantiating and adding script: FlashOnDamaged to Entity ID: -35
[22:42:37.845] [info] [SetScriptVars] OK setting fields for: FlashOnDamaged
[22:42:37.846] [info] [MonoDbg] AddEntityToScript - Syncing serialized fields for script: FlashOnDamaged
[22:42:37.846] [info] [SetScriptVars] OK setting fields for: FlashOnDamaged
[22:42:37.846] [info] [MonoDbg] AddEntityToScript - Instantiating and adding script: ShakeSelfOnDamaged to Entity ID: -35
[22:42:37.846] [info] [SetScriptVars] OK setting fields for: ShakeSelfOnDamaged
[22:42:37.846] [info] [MonoDbg] AddEntityToScript - Syncing serialized fields for script: ShakeSelfOnDamaged
[22:42:37.847] [info] [SetScriptVars] OK setting fields for: ShakeSelfOnDamaged
[22:42:37.847] [error] Entity not found for ID: 0
[22:42:37.848] [error] Entity not found for ID: -36
[22:42:37.862] [error] Entity not found for ID: 0
[22:42:37.863] [error] Entity not found for ID: -36
[22:42:37.877] [error] Entity not found for ID: 0
[22:42:37.878] [error] Entity not found for ID: -36
[22:42:37.892] [error] Entity not found for ID: 0
[22:42:37.893] [error] Entity not found for ID: -36
[22:42:37.908] [error] Entity not found for ID: 0
[22:42:37.909] [error] Entity not found for ID: -36
[22:42:37.924] [error] Entity not found for ID: 0
[22:42:37.925] [error] Entity not found for ID: -36
[22:42:37.939] [error] Entity not found for ID: 0
[22:42:37.940] [error] Entity not found for ID: -36
[22:42:37.955] [error] Entity not found for ID: 0
[22:42:37.956] [error] Entity not found for ID: -36
[22:42:37.970] [error] Entity not found for ID: 0
[22:42:37.971] [error] Entity not found for ID: -36
[22:42:37.986] [error] Entity not found for ID: 0
[22:42:37.986] [error] Entity not found for ID: -36
[22:42:38.001] [error] Entity not found for ID: 0
[22:42:38.002] [error] Entity not found for ID: -36
[22:42:38.016] [error] Entity not found for ID: 0
[22:42:38.017] [error] Entity not found for ID: -36
[22:42:38.031] [error] Entity not found for ID: 0
[22:42:38.032] [error] Entity not found for ID: -36
[22:42:38.046] [error] Entity not found for ID: 0
[22:42:38.047] [error] Entity not found for ID: -36
[22:42:38.062] [error] Entity not found for ID: 0
[22:42:38.062] [error] Entity not found for ID: -36
[22:42:38.078] [error] Entity not found for ID: 0
[22:42:38.079] [error] Entity not found for ID: -36
[22:42:38.093] [error] Entity not found for ID: 0
[22:42:38.094] [error] Entity not found for ID: -36
[22:42:38.109] [error] Entity not found for ID: 0
[22:42:38.110] [error] Entity not found for ID: -36
[22:42:38.124] [error] Entity not found for ID: 0
[22:42:38.125] [error] Entity not found for ID: -36
[22:42:38.140] [error] Entity not found for ID: 0
[22:42:38.140] [error] Entity not found for ID: -36
[22:42:38.155] [error] Entity not found for ID: 0
[22:42:38.156] [error] Entity not found for ID: -36
[22:42:38.170] [error] Entity not found for ID: 0
[22:42:38.171] [error] Entity not found for ID: -36
[22:42:38.185] [error] Entity not found for ID: 0
[22:42:38.186] [error] Entity not found for ID: -36
[22:42:38.200] [error] Entity not found for ID: 0
[22:42:38.201] [error] Entity not found for ID: -36
[22:42:38.203] [info] Collision Exit 2D Event Invoked
[22:42:38.203] [info] Collision Exit 2D Event Invoked
[22:42:38.203] [info] Collision Exit 2D Event Invoked
[22:42:38.203] [info] Collision Exit 2D Event Invoked
[22:42:38.203] [info] Collision Exit 2D Event Invoked
[22:42:38.203] [info] Collision Exit 2D Event Invoked
[22:42:38.204] [info] Collision Exit 2D Event Invoked
[22:42:38.204] [info] Collision Exit 2D Event Invoked
[22:42:38.204] [info] Collision Exit 2D Event Invoked
[22:42:38.204] [info] Collision Exit 2D Event Invoked
[22:42:38.204] [info] Collision Exit 2D Event Invoked
[22:42:38.204] [info] Collision Exit 2D Event Invoked
[22:42:38.205] [info] Collision Exit 2D Event Invoked
[22:42:38.205] [info] Collision Exit 2D Event Invoked
[22:42:38.205] [info] Collision Exit 2D Event Invoked
[22:42:38.205] [info] Collision Exit 2D Event Invoked
[22:42:38.205] [info] Collision Exit 2D Event Invoked
[22:42:38.205] [info] Collision Exit 2D Event Invoked
[22:42:38.219] [error] Entity not found for ID: 0
[22:42:38.219] [error] Entity not found for ID: -36
[22:42:38.233] [error] Entity not found for ID: 0
[22:42:38.234] [error] Entity not found for ID: -36
[22:42:38.249] [error] Entity not found for ID: 0
[22:42:38.250] [info] [SOURCE_DETECTOR] C# requested CreateEntity: Prefab = MorayEel
[22:42:38.250] [info] [SOURCE_DETECTOR] Engine creating Entity (Internal)
[22:42:38.250] [info] [CPP ECS] FromJson - Adding component 'Transform' to entity 'MorayEel'
[22:42:38.250] [info] [CPP ECS] FromJson - Adding component 'CircleCollider' to entity 'MorayEel'
[22:42:38.251] [info] [CPP ECS] FromJson - Adding component 'Variables' to entity 'MorayEel'
[22:42:38.251] [info] [CPP ECS] FromJson - Adding component 'Script' to entity 'MorayEel'
[22:42:38.251] [info] [CPP ECS] FromJson - Adding component 'SpriteRenderer' to entity 'MorayEel'
[22:42:38.251] [info] [CPP ECS] FromJson - Adding component 'Rigidbody2D' to entity 'MorayEel'
[22:42:38.251] [info] Script MorayEelSpawnMove found for Entity ID: -36
[22:42:38.252] [info] [SetScriptVars] OK setting fields for: MorayEelSpawnMove
[22:42:38.266] [info] [MonoDbg] AddEntityToScript - Instantiating and adding script: SpriteAnimation to Entity ID: -36
[22:42:38.266] [info] [SetScriptVars] OK setting fields for: SpriteAnimation
[22:42:38.266] [info] [MonoDbg] AddEntityToScript - Syncing serialized fields for script: SpriteAnimation
[22:42:38.266] [info] [SetScriptVars] OK setting fields for: SpriteAnimation
[22:42:38.266] [info] [MonoDbg] AddEntityToScript - Instantiating and adding script: MorayEelSpawnMove to Entity ID: -36
[22:42:38.266] [info] [MonoDbg] AddEntityToScript - Syncing serialized fields for script: MorayEelSpawnMove
[22:42:38.267] [info] [SetScriptVars] OK setting fields for: MorayEelSpawnMove
[22:42:38.267] [info] [MonoDbg] AddEntityToScript - Instantiating and adding script: ChaseController to Entity ID: -36
[22:42:38.267] [info] [SetScriptVars] OK setting fields for: ChaseController
[22:42:38.267] [info] [MonoDbg] AddEntityToScript - Syncing serialized fields for script: ChaseController
[22:42:38.267] [info] [SetScriptVars] OK setting fields for: ChaseController
[22:42:38.267] [info] [MonoDbg] AddEntityToScript - Instantiating and adding script: ChaseAnimation to Entity ID: -36
[22:42:38.268] [info] [SetScriptVars] OK setting fields for: ChaseAnimation
[22:42:38.268] [info] [MonoDbg] AddEntityToScript - Syncing serialized fields for script: ChaseAnimation
[22:42:38.268] [info] [SetScriptVars] OK setting fields for: ChaseAnimation
[22:42:38.268] [info] [MonoDbg] AddEntityToScript - Instantiating and adding script: SmallFryChaseMove to Entity ID: -36
[22:42:38.268] [info] [SetScriptVars] OK setting fields for: SmallFryChaseMove
[22:42:38.268] [info] [MonoDbg] AddEntityToScript - Syncing serialized fields for script: SmallFryChaseMove
[22:42:38.268] [info] [SetScriptVars] OK setting fields for: SmallFryChaseMove
[22:42:38.269] [info] [MonoDbg] AddEntityToScript - Instantiating and adding script: TargetFacingFlip to Entity ID: -36
[22:42:38.269] [info] [SetScriptVars] OK setting fields for: TargetFacingFlip
[22:42:38.269] [info] [MonoDbg] AddEntityToScript - Syncing serialized fields for script: TargetFacingFlip
[22:42:38.269] [info] [SetScriptVars] OK setting fields for: TargetFacingFlip
[22:42:38.269] [info] [MonoDbg] AddEntityToScript - Instantiating and adding script: MorayEel to Entity ID: -36
[22:42:38.269] [info] [SetScriptVars] OK setting fields for: MorayEel
[22:42:38.270] [info] [MonoDbg] AddEntityToScript - Syncing serialized fields for script: MorayEel
[22:42:38.270] [info] [SetScriptVars] OK setting fields for: MorayEel
[22:42:38.270] [info] [MonoDbg] AddEntityToScript - Instantiating and adding script: HP to Entity ID: -36
[22:42:38.270] [info] [SetScriptVars] OK setting fields for: HP
[22:42:38.270] [info] [MonoDbg] AddEntityToScript - Syncing serialized fields for script: HP
[22:42:38.270] [info] [SetScriptVars] OK setting fields for: HP
[22:42:38.270] [info] [MonoDbg] AddEntityToScript - Instantiating and adding script: DespawnTimer to Entity ID: -36
[22:42:38.271] [info] [SetScriptVars] OK setting fields for: DespawnTimer
[22:42:38.271] [info] [MonoDbg] AddEntityToScript - Syncing serialized fields for script: DespawnTimer
[22:42:38.271] [info] [SetScriptVars] OK setting fields for: DespawnTimer
[22:42:38.271] [info] [MonoDbg] AddEntityToScript - Instantiating and adding script: ExpDropper to Entity ID: -36
[22:42:38.271] [info] [SetScriptVars] OK setting fields for: ExpDropper
[22:42:38.271] [info] [MonoDbg] AddEntityToScript - Syncing serialized fields for script: ExpDropper
[22:42:38.272] [info] [SetScriptVars] OK setting fields for: ExpDropper
[22:42:38.272] [info] [MonoDbg] AddEntityToScript - Instantiating and adding script: ParticleOffset to Entity ID: -36
[22:42:38.272] [info] [SetScriptVars] OK setting fields for: ParticleOffset
[22:42:38.272] [info] [MonoDbg] AddEntityToScript - Syncing serialized fields for script: ParticleOffset
[22:42:38.272] [info] [SetScriptVars] OK setting fields for: ParticleOffset
[22:42:38.272] [info] [MonoDbg] AddEntityToScript - Instantiating and adding script: AttackCollision to Entity ID: -36
[22:42:38.272] [info] [SetScriptVars] OK setting fields for: AttackCollision
[22:42:38.273] [info] [MonoDbg] AddEntityToScript - Syncing serialized fields for script: AttackCollision
[22:42:38.273] [info] [SetScriptVars] OK setting fields for: AttackCollision
[22:42:38.273] [info] [MonoDbg] AddEntityToScript - Instantiating and adding script: FlashOnDamaged to Entity ID: -36
[22:42:38.273] [info] [SetScriptVars] OK setting fields for: FlashOnDamaged
[22:42:38.273] [info] [MonoDbg] AddEntityToScript - Syncing serialized fields for script: FlashOnDamaged
[22:42:38.273] [info] [SetScriptVars] OK setting fields for: FlashOnDamaged
[22:42:38.274] [info] [MonoDbg] AddEntityToScript - Instantiating and adding script: ShakeSelfOnDamaged to Entity ID: -36
[22:42:38.274] [info] [SetScriptVars] OK setting fields for: ShakeSelfOnDamaged
[22:42:38.274] [info] [MonoDbg] AddEntityToScript - Syncing serialized fields for script: ShakeSelfOnDamaged
[22:42:38.274] [info] [SetScriptVars] OK setting fields for: ShakeSelfOnDamaged
[22:42:38.274] [error] Entity not found for ID: 0
[22:42:38.290] [error] Entity not found for ID: 0
[22:42:38.305] [error] Entity not found for ID: 0
[22:42:38.319] [error] Entity not found for ID: 0
[22:42:38.334] [error] Entity not found for ID: 0
[22:42:38.349] [error] Entity not found for ID: 0
[22:42:38.367] [error] Entity not found for ID: 0
[22:42:38.383] [error] Entity not found for ID: 0
[22:42:38.399] [error] Entity not found for ID: 0
[22:42:38.416] [error] Entity not found for ID: 0
[22:42:38.433] [error] Entity not found for ID: 0
[22:42:38.449] [error] Entity not found for ID: 0
[22:42:38.467] [error] Entity not found for ID: 0
[22:42:38.482] [error] Entity not found for ID: 0
[22:42:38.499] [error] Entity not found for ID: 0
[22:42:38.515] [error] Entity not found for ID: 0
[22:42:38.516] [info] Collision Enter 2D Event Invoked
[22:42:38.517] [info] Collision Enter 2D Event Invoked
[22:42:38.517] [info] Collision Enter 2D Event Invoked
[22:42:38.517] [info] Collision Enter 2D Event Invoked
[22:42:38.517] [info] Collision Enter 2D Event Invoked
[22:42:38.518] [info] Collision Enter 2D Event Invoked
[22:42:38.518] [info] Collision Enter 2D Event Invoked
[22:42:38.518] [info] Collision Enter 2D Event Invoked
[22:42:38.518] [info] Collision Enter 2D Event Invoked
[22:42:38.518] [info] Collision Enter 2D Event Invoked
[22:42:38.518] [info] Collision Enter 2D Event Invoked
[22:42:38.519] [info] Collision Enter 2D Event Invoked
[22:42:38.519] [info] Collision Enter 2D Event Invoked
[22:42:38.519] [info] Collision Enter 2D Event Invoked
[22:42:38.519] [info] Collision Enter 2D Event Invoked
[22:42:38.519] [info] Collision Enter 2D Event Invoked
[22:42:38.519] [info] Collision Enter 2D Event Invoked
[22:42:38.520] [info] Collision Enter 2D Event Invoked
[22:42:38.535] [error] Entity not found for ID: 0
[22:42:38.550] [error] Entity not found for ID: 0
[22:42:38.552] [info] Collision Exit 2D Event Invoked
[22:42:38.553] [info] Collision Exit 2D Event Invoked
[22:42:38.553] [info] Collision Exit 2D Event Invoked
[22:42:38.553] [info] Collision Exit 2D Event Invoked
[22:42:38.553] [info] Collision Exit 2D Event Invoked
[22:42:38.553] [info] Collision Exit 2D Event Invoked
[22:42:38.554] [info] Collision Exit 2D Event Invoked
[22:42:38.554] [info] Collision Exit 2D Event Invoked
[22:42:38.554] [info] Collision Exit 2D Event Invoked
[22:42:38.554] [info] Collision Exit 2D Event Invoked
[22:42:38.554] [info] Collision Exit 2D Event Invoked
[22:42:38.554] [info] Collision Exit 2D Event Invoked
[22:42:38.555] [info] Collision Exit 2D Event Invoked
[22:42:38.555] [info] Collision Exit 2D Event Invoked
[22:42:38.555] [info] Collision Exit 2D Event Invoked
[22:42:38.555] [info] Collision Exit 2D Event Invoked
[22:42:38.555] [info] Collision Exit 2D Event Invoked
[22:42:38.556] [info] Collision Exit 2D Event Invoked
[22:42:38.569] [error] Entity not found for ID: 0
[22:42:38.584] [error] Entity not found for ID: 0
[22:42:38.599] [error] Entity not found for ID: 0
[22:42:38.616] [error] Entity not found for ID: 0
[22:42:38.632] [error] Entity not found for ID: 0
[22:42:38.649] [error] Entity not found for ID: 0
[22:42:38.666] [error] Entity not found for ID: 0
[22:42:38.682] [error] Entity not found for ID: 0
[22:42:38.699] [error] Entity not found for ID: 0
[22:42:38.716] [error] Entity not found for ID: 0
[22:42:38.717] [info] Collision Enter 2D Event Invoked
[22:42:38.717] [info] Collision Enter 2D Event Invoked
[22:42:38.717] [info] Collision Enter 2D Event Invoked
[22:42:38.717] [info] Collision Enter 2D Event Invoked
[22:42:38.718] [info] Collision Enter 2D Event Invoked
[22:42:38.718] [info] Collision Enter 2D Event Invoked
[22:42:38.718] [info] Collision Enter 2D Event Invoked
[22:42:38.718] [info] Collision Enter 2D Event Invoked
[22:42:38.718] [info] Collision Enter 2D Event Invoked
[22:42:38.718] [info] Collision Enter 2D Event Invoked
[22:42:38.719] [info] Collision Enter 2D Event Invoked
[22:42:38.719] [info] Collision Enter 2D Event Invoked
[22:42:38.719] [info] Collision Enter 2D Event Invoked
[22:42:38.719] [info] Collision Enter 2D Event Invoked
[22:42:38.719] [info] Collision Enter 2D Event Invoked
[22:42:38.720] [info] [SOURCE_DETECTOR] C# requested CreateEntity: Prefab = PlayerHitEffect
[22:42:38.720] [info] [SOURCE_DETECTOR] Engine creating Entity (Internal)
[22:42:38.720] [info] [CPP ECS] FromJson - Adding component 'Transform' to entity 'PlayerHitEffect'
[22:42:38.720] [info] [CPP ECS] FromJson - Adding component 'Variables' to entity 'PlayerHitEffect'
[22:42:38.720] [info] [SOURCE_DETECTOR] Engine creating Entity (Internal)
[22:42:38.720] [info] [CPP ECS] FromJson - Adding component 'Transform' to entity 'HitEffect1'
[22:42:38.721] [info] [CPP ECS] FromJson - Adding component 'Variables' to entity 'HitEffect1'
[22:42:38.721] [info] [CPP ECS] FromJson - Adding component 'SpriteRenderer' to entity 'HitEffect1'
[22:42:38.721] [info] [CPP ECS] FromJson - Adding component 'Script' to entity 'HitEffect1'
[22:42:38.721] [info] [SOURCE_DETECTOR] Engine creating Entity (Internal)
[22:42:38.721] [info] [CPP ECS] FromJson - Adding component 'Transform' to entity 'HitEffect2'
[22:42:38.721] [info] [CPP ECS] FromJson - Adding component 'Variables' to entity 'HitEffect2'
[22:42:38.721] [info] [CPP ECS] FromJson - Adding component 'SpriteRenderer' to entity 'HitEffect2'
[22:42:38.722] [info] [CPP ECS] FromJson - Adding component 'Script' to entity 'HitEffect2'
[22:42:38.722] [error] Script component not found for Entity ID: -6
[22:42:38.722] [info] [SetScriptVars] no group for scriptName: TimedDestruction  groups: 0
[22:42:38.722] [info] Collision Enter 2D Event Invoked
[22:42:38.722] [info] Collision Enter 2D Event Invoked
[22:42:38.723] [info] Collision Enter 2D Event Invoked
[22:42:38.723] [info] Collision Enter 2D Event Invoked
[22:42:38.723] [info] Collision Enter 2D Event Invoked
[22:42:38.723] [info] Collision Enter 2D Event Invoked
[22:42:38.723] [info] Collision Enter 2D Event Invoked
[22:42:38.723] [info] Collision Enter 2D Event Invoked
[22:42:38.724] [info] Collision Enter 2D Event Invoked
[22:42:38.724] [info] Collision Enter 2D Event Invoked
[22:42:38.724] [info] Collision Enter 2D Event Invoked
[22:42:38.724] [info] Collision Enter 2D Event Invoked
[22:42:38.724] [info] Collision Enter 2D Event Invoked
[22:42:38.724] [info] Collision Enter 2D Event Invoked
[22:42:38.724] [info] Collision Enter 2D Event Invoked
[22:42:38.725] [info] Collision Enter 2D Event Invoked
[22:42:38.725] [info] Collision Enter 2D Event Invoked
[22:42:38.725] [info] Collision Enter 2D Event Invoked
[22:42:38.725] [info] Collision Enter 2D Event Invoked
[22:42:38.725] [info] Collision Enter 2D Event Invoked
[22:42:38.725] [info] Collision Enter 2D Event Invoked
[22:42:38.726] [info] Collision Enter 2D Event Invoked
[22:42:38.726] [info] Collision Enter 2D Event Invoked
[22:42:38.739] [info] [MonoDbg] AddEntityToScript - Instantiating and adding script: TransformTween to Entity ID: -5
[22:42:38.739] [info] [SetScriptVars] OK setting fields for: TransformTween
[22:42:38.740] [info] [MonoDbg] AddEntityToScript - Syncing serialized fields for script: TransformTween
[22:42:38.740] [info] [SetScriptVars] OK setting fields for: TransformTween
[22:42:38.740] [info] [MonoDbg] AddEntityToScript - Instantiating and adding script: TransformTween to Entity ID: -30
[22:42:38.740] [info] [SetScriptVars] OK setting fields for: TransformTween
[22:42:38.740] [info] [MonoDbg] AddEntityToScript - Syncing serialized fields for script: TransformTween
[22:42:38.740] [info] [SetScriptVars] OK setting fields for: TransformTween
[22:42:38.741] [error] Entity not found for ID: 0
[22:42:38.744] [info] Collision Exit 2D Event Invoked
[22:42:38.744] [info] Collision Exit 2D Event Invoked
[22:42:38.744] [info] Collision Exit 2D Event Invoked
[22:42:38.744] [info] Collision Exit 2D Event Invoked
[22:42:38.745] [info] Collision Exit 2D Event Invoked
[22:42:38.745] [info] Collision Exit 2D Event Invoked
[22:42:38.745] [info] Collision Exit 2D Event Invoked
[22:42:38.745] [info] Collision Exit 2D Event Invoked
[22:42:38.745] [info] Collision Exit 2D Event Invoked
[22:42:38.745] [info] Collision Exit 2D Event Invoked
[22:42:38.746] [info] Collision Exit 2D Event Invoked
[22:42:38.746] [info] Collision Exit 2D Event Invoked
[22:42:38.746] [info] Collision Exit 2D Event Invoked
[22:42:38.746] [info] Collision Exit 2D Event Invoked
[22:42:38.746] [info] Collision Exit 2D Event Invoked
[22:42:38.746] [info] Collision Exit 2D Event Invoked
[22:42:38.747] [info] Collision Exit 2D Event Invoked
[22:42:38.747] [info] Collision Exit 2D Event Invoked
[22:42:38.747] [info] Collision Exit 2D Event Invoked
[22:42:38.747] [info] Collision Exit 2D Event Invoked
[22:42:38.747] [info] Collision Exit 2D Event Invoked
[22:42:38.747] [info] Collision Exit 2D Event Invoked
[22:42:38.747] [info] Collision Exit 2D Event Invoked
[22:42:38.748] [info] Collision Exit 2D Event Invoked
[22:42:38.748] [info] Collision Exit 2D Event Invoked
[22:42:38.748] [info] Collision Exit 2D Event Invoked
[22:42:38.748] [info] Collision Exit 2D Event Invoked
[22:42:38.748] [info] Collision Exit 2D Event Invoked
[22:42:38.748] [info] Collision Exit 2D Event Invoked
[22:42:38.749] [info] Collision Exit 2D Event Invoked
[22:42:38.749] [info] Collision Exit 2D Event Invoked
[22:42:38.749] [info] Collision Exit 2D Event Invoked
[22:42:38.749] [info] Collision Exit 2D Event Invoked
[22:42:38.749] [info] Collision Exit 2D Event Invoked
[22:42:38.749] [info] Collision Exit 2D Event Invoked
[22:42:38.749] [info] Collision Exit 2D Event Invoked
[22:42:38.750] [info] Collision Exit 2D Event Invoked
[22:42:38.750] [info] Collision Exit 2D Event Invoked
[22:42:38.762] [error] Entity not found for ID: 0
[22:42:38.777] [error] Entity not found for ID: 0
[22:42:38.791] [error] Entity not found for ID: 0
[22:42:38.792] [info] Collision Enter 2D Event Invoked
[22:42:38.792] [info] Collision Enter 2D Event Invoked
[22:42:38.792] [info] Collision Enter 2D Event Invoked
[22:42:38.792] [info] Collision Enter 2D Event Invoked
[22:42:38.793] [info] Collision Enter 2D Event Invoked
[22:42:38.793] [info] Collision Enter 2D Event Invoked
[22:42:38.793] [info] Collision Enter 2D Event Invoked
[22:42:38.793] [info] Collision Enter 2D Event Invoked
[22:42:38.793] [info] Collision Enter 2D Event Invoked
[22:42:38.793] [info] Collision Enter 2D Event Invoked
[22:42:38.793] [info] Collision Enter 2D Event Invoked
[22:42:38.794] [info] Collision Enter 2D Event Invoked
[22:42:38.794] [info] Collision Enter 2D Event Invoked
[22:42:38.794] [info] Collision Enter 2D Event Invoked
[22:42:38.794] [info] Collision Enter 2D Event Invoked
[22:42:38.794] [info] [SOURCE_DETECTOR] C# requested CreateEntity: Prefab = PlayerHitEffect
[22:42:38.794] [info] [SOURCE_DETECTOR] Engine creating Entity (Internal)
[22:42:38.795] [info] [CPP ECS] FromJson - Adding component 'Transform' to entity 'PlayerHitEffect'
[22:42:38.795] [info] [CPP ECS] FromJson - Adding component 'Variables' to entity 'PlayerHitEffect'
[22:42:38.795] [info] [SOURCE_DETECTOR] Engine creating Entity (Internal)
[22:42:38.795] [info] [CPP ECS] FromJson - Adding component 'Transform' to entity 'HitEffect1'
[22:42:38.795] [info] [CPP ECS] FromJson - Adding component 'Variables' to entity 'HitEffect1'
[22:42:38.795] [info] [CPP ECS] FromJson - Adding component 'SpriteRenderer' to entity 'HitEffect1'
[22:42:38.796] [info] [CPP ECS] FromJson - Adding component 'Script' to entity 'HitEffect1'
[22:42:38.796] [info] [SOURCE_DETECTOR] Engine creating Entity (Internal)
[22:42:38.796] [info] [CPP ECS] FromJson - Adding component 'Transform' to entity 'HitEffect2'
[22:42:38.796] [info] [CPP ECS] FromJson - Adding component 'Variables' to entity 'HitEffect2'
[22:42:38.796] [info] [CPP ECS] FromJson - Adding component 'SpriteRenderer' to entity 'HitEffect2'
[22:42:38.796] [info] [CPP ECS] FromJson - Adding component 'Script' to entity 'HitEffect2'
[22:42:38.797] [error] Script component not found for Entity ID: -38
[22:42:38.797] [info] [SetScriptVars] no group for scriptName: TimedDestruction  groups: 0
[22:42:38.797] [info] Collision Enter 2D Event Invoked
[22:42:38.797] [info] Collision Enter 2D Event Invoked
[22:42:38.797] [info] Collision Enter 2D Event Invoked
[22:42:38.798] [info] Collision Enter 2D Event Invoked
[22:42:38.798] [info] Collision Enter 2D Event Invoked
[22:42:38.798] [info] Collision Enter 2D Event Invoked
[22:42:38.798] [info] Collision Enter 2D Event Invoked
[22:42:38.798] [info] Collision Enter 2D Event Invoked
[22:42:38.798] [info] Collision Enter 2D Event Invoked
[22:42:38.799] [info] Collision Enter 2D Event Invoked
[22:42:38.799] [info] Collision Enter 2D Event Invoked
[22:42:38.799] [info] Collision Enter 2D Event Invoked
[22:42:38.799] [info] Collision Enter 2D Event Invoked
[22:42:38.799] [info] Collision Enter 2D Event Invoked
[22:42:38.799] [info] Collision Enter 2D Event Invoked
[22:42:38.800] [info] Collision Enter 2D Event Invoked
[22:42:38.800] [info] Collision Enter 2D Event Invoked
[22:42:38.800] [info] Collision Enter 2D Event Invoked
[22:42:38.800] [info] Collision Enter 2D Event Invoked
[22:42:38.800] [info] Collision Enter 2D Event Invoked
[22:42:38.801] [info] Collision Enter 2D Event Invoked
[22:42:38.801] [info] Collision Enter 2D Event Invoked
[22:42:38.801] [info] Collision Enter 2D Event Invoked
[22:42:38.816] [info] [MonoDbg] AddEntityToScript - Instantiating and adding script: TransformTween to Entity ID: -39
[22:42:38.816] [info] [SetScriptVars] OK setting fields for: TransformTween
[22:42:38.816] [info] [MonoDbg] AddEntityToScript - Syncing serialized fields for script: TransformTween
[22:42:38.817] [info] [SetScriptVars] OK setting fields for: TransformTween
[22:42:38.817] [info] [MonoDbg] AddEntityToScript - Instantiating and adding script: TransformTween to Entity ID: -40
[22:42:38.817] [info] [SetScriptVars] OK setting fields for: TransformTween
[22:42:38.817] [info] [MonoDbg] AddEntityToScript - Syncing serialized fields for script: TransformTween
[22:42:38.817] [info] [SetScriptVars] OK setting fields for: TransformTween
[22:42:38.818] [error] Entity not found for ID: 0
[22:42:38.819] [error] Entity not found for ID: 0
[22:42:38.819] [error] Entity not found for ID: 0
[22:42:38.819] [info] [SOURCE_DETECTOR] C# requested CreateEntity: Prefab = ExpOrbMedium
[22:42:38.819] [info] [SOURCE_DETECTOR] Engine creating Entity (Internal)
[22:42:38.819] [info] [CPP ECS] FromJson - Adding component 'Transform' to entity 'ExpOrbMedium'
[22:42:38.819] [info] [CPP ECS] FromJson - Adding component 'CircleCollider' to entity 'ExpOrbMedium'
[22:42:38.820] [info] [CPP ECS] FromJson - Adding component 'Variables' to entity 'ExpOrbMedium'
[22:42:38.820] [info] [CPP ECS] FromJson - Adding component 'SpriteRenderer' to entity 'ExpOrbMedium'
[22:42:38.820] [info] [CPP ECS] FromJson - Adding component 'Script' to entity 'ExpOrbMedium'
[22:42:38.820] [info] [SOURCE_DETECTOR] C# requested CreateEntity: Prefab = ExpOrbSmall
[22:42:38.820] [info] [SOURCE_DETECTOR] Engine creating Entity (Internal)
[22:42:38.821] [info] [CPP ECS] FromJson - Adding component 'Transform' to entity 'ExpOrbSmall'
[22:42:38.821] [info] [CPP ECS] FromJson - Adding component 'CircleCollider' to entity 'ExpOrbSmall'
[22:42:38.821] [info] [CPP ECS] FromJson - Adding component 'Variables' to entity 'ExpOrbSmall'
[22:42:38.821] [info] [CPP ECS] FromJson - Adding component 'SpriteRenderer' to entity 'ExpOrbSmall'
[22:42:38.821] [info] [CPP ECS] FromJson - Adding component 'Script' to entity 'ExpOrbSmall'
[22:42:38.821] [info] [SOURCE_DETECTOR] C# requested CreateEntity: Prefab = ExpOrbSmall
[22:42:38.822] [info] [SOURCE_DETECTOR] Engine creating Entity (Internal)
[22:42:38.822] [info] [CPP ECS] FromJson - Adding component 'Transform' to entity 'ExpOrbSmall'
[22:42:38.822] [info] [CPP ECS] FromJson - Adding component 'CircleCollider' to entity 'ExpOrbSmall'
[22:42:38.822] [info] [CPP ECS] FromJson - Adding component 'Variables' to entity 'ExpOrbSmall'
[22:42:38.822] [info] [CPP ECS] FromJson - Adding component 'SpriteRenderer' to entity 'ExpOrbSmall'
[22:42:38.822] [info] [CPP ECS] FromJson - Adding component 'Script' to entity 'ExpOrbSmall'
[22:42:38.823] [info] Collision Enter 2D Event Invoked
[22:42:38.823] [info] Collision Enter 2D Event Invoked
[22:42:38.824] [info] Collision Enter 2D Event Invoked
[22:42:38.840] [info] [MonoDbg] AddEntityToScript - Instantiating and adding script: ExperiencePoint to Entity ID: -9
[22:42:38.840] [info] [SetScriptVars] OK setting fields for: ExperiencePoint
[22:42:38.841] [info] [MonoDbg] AddEntityToScript - Syncing serialized fields for script: ExperiencePoint
[22:42:38.841] [info] [SetScriptVars] OK setting fields for: ExperiencePoint
[22:42:38.841] [info] [MonoDbg] AddEntityToScript - Instantiating and adding script: ExperiencePoint to Entity ID: -41
[22:42:38.841] [info] [SetScriptVars] OK setting fields for: ExperiencePoint
[22:42:38.841] [info] [MonoDbg] AddEntityToScript - Syncing serialized fields for script: ExperiencePoint
[22:42:38.841] [info] [SetScriptVars] OK setting fields for: ExperiencePoint
[22:42:38.842] [info] [MonoDbg] AddEntityToScript - Instantiating and adding script: ExperiencePoint to Entity ID: -42
[22:42:38.842] [info] [SetScriptVars] OK setting fields for: ExperiencePoint
[22:42:38.842] [info] [MonoDbg] AddEntityToScript - Syncing serialized fields for script: ExperiencePoint
[22:42:38.842] [info] [SetScriptVars] OK setting fields for: ExperiencePoint
[22:42:38.843] [error] Entity not found for ID: 0
[22:42:38.856] [error] Entity not found for ID: 0
[22:42:38.870] [error] Entity not found for ID: 0
[22:42:38.884] [error] Entity not found for ID: 0
[22:42:38.899] [error] Entity not found for ID: 0
[22:42:38.914] [error] Entity not found for ID: 0
[22:42:38.915] [info] [SOURCE_DETECTOR] C# requested CreateEntity: Prefab = MorayEel
[22:42:38.915] [info] [SOURCE_DETECTOR] Engine creating Entity (Internal)
[22:42:38.915] [info] [CPP ECS] FromJson - Adding component 'Transform' to entity 'MorayEel'
[22:42:38.915] [info] [CPP ECS] FromJson - Adding component 'CircleCollider' to entity 'MorayEel'
[22:42:38.915] [info] [CPP ECS] FromJson - Adding component 'Variables' to entity 'MorayEel'
[22:42:38.915] [info] [CPP ECS] FromJson - Adding component 'Script' to entity 'MorayEel'
[22:42:38.916] [info] [CPP ECS] FromJson - Adding component 'SpriteRenderer' to entity 'MorayEel'
[22:42:38.916] [info] [CPP ECS] FromJson - Adding component 'Rigidbody2D' to entity 'MorayEel'
[22:42:38.917] [info] Collision Enter 2D Event Invoked
[22:42:38.917] [info] Collision Enter 2D Event Invoked
[22:42:38.917] [info] Collision Enter 2D Event Invoked
[22:42:38.917] [info] Collision Enter 2D Event Invoked
[22:42:38.931] [info] [MonoDbg] AddEntityToScript - Instantiating and adding script: SpriteAnimation to Entity ID: -8
[22:42:38.932] [info] [SetScriptVars] OK setting fields for: SpriteAnimation
[22:42:38.932] [info] [MonoDbg] AddEntityToScript - Syncing serialized fields for script: SpriteAnimation
[22:42:38.932] [info] [SetScriptVars] OK setting fields for: SpriteAnimation
[22:42:38.932] [info] [MonoDbg] AddEntityToScript - Instantiating and adding script: MorayEelSpawnMove to Entity ID: -8
[22:42:38.932] [info] [SetScriptVars] OK setting fields for: MorayEelSpawnMove
[22:42:38.932] [info] [MonoDbg] AddEntityToScript - Syncing serialized fields for script: MorayEelSpawnMove
[22:42:38.932] [info] [SetScriptVars] OK setting fields for: MorayEelSpawnMove
[22:42:38.933] [info] [MonoDbg] AddEntityToScript - Instantiating and adding script: ChaseController to Entity ID: -8
[22:42:38.933] [info] [SetScriptVars] OK setting fields for: ChaseController
[22:42:38.933] [info] [MonoDbg] AddEntityToScript - Syncing serialized fields for script: ChaseController
[22:42:38.933] [info] [SetScriptVars] OK setting fields for: ChaseController
[22:42:38.933] [info] [MonoDbg] AddEntityToScript - Instantiating and adding script: ChaseAnimation to Entity ID: -8
[22:42:38.934] [info] [SetScriptVars] OK setting fields for: ChaseAnimation
[22:42:38.934] [info] [MonoDbg] AddEntityToScript - Syncing serialized fields for script: ChaseAnimation
[22:42:38.934] [info] [SetScriptVars] OK setting fields for: ChaseAnimation
[22:42:38.934] [info] [MonoDbg] AddEntityToScript - Instantiating and adding script: SmallFryChaseMove to Entity ID: -8
[22:42:38.934] [info] [SetScriptVars] OK setting fields for: SmallFryChaseMove
[22:42:38.934] [info] [MonoDbg] AddEntityToScript - Syncing serialized fields for script: SmallFryChaseMove
[22:42:38.935] [info] [SetScriptVars] OK setting fields for: SmallFryChaseMove
[22:42:38.935] [info] [MonoDbg] AddEntityToScript - Instantiating and adding script: TargetFacingFlip to Entity ID: -8
[22:42:38.935] [info] [SetScriptVars] OK setting fields for: TargetFacingFlip
[22:42:38.935] [info] [MonoDbg] AddEntityToScript - Syncing serialized fields for script: TargetFacingFlip
[22:42:38.935] [info] [SetScriptVars] OK setting fields for: TargetFacingFlip
[22:42:38.935] [info] [MonoDbg] AddEntityToScript - Instantiating and adding script: MorayEel to Entity ID: -8
[22:42:38.935] [info] [SetScriptVars] OK setting fields for: MorayEel
[22:42:38.936] [info] [MonoDbg] AddEntityToScript - Syncing serialized fields for script: MorayEel
[22:42:38.936] [info] [SetScriptVars] OK setting fields for: MorayEel
[22:42:38.936] [info] [MonoDbg] AddEntityToScript - Instantiating and adding script: HP to Entity ID: -8
[22:42:38.936] [info] [SetScriptVars] OK setting fields for: HP
[22:42:38.936] [info] [MonoDbg] AddEntityToScript - Syncing serialized fields for script: HP
[22:42:38.936] [info] [SetScriptVars] OK setting fields for: HP
[22:42:38.937] [info] [MonoDbg] AddEntityToScript - Instantiating and adding script: DespawnTimer to Entity ID: -8
[22:42:38.937] [info] [SetScriptVars] OK setting fields for: DespawnTimer
[22:42:38.937] [info] [MonoDbg] AddEntityToScript - Syncing serialized fields for script: DespawnTimer
[22:42:38.937] [info] [SetScriptVars] OK setting fields for: DespawnTimer
[22:42:38.937] [info] [MonoDbg] AddEntityToScript - Instantiating and adding script: ExpDropper to Entity ID: -8
[22:42:38.938] [info] [SetScriptVars] OK setting fields for: ExpDropper
[22:42:38.938] [info] [MonoDbg] AddEntityToScript - Syncing serialized fields for script: ExpDropper
[22:42:38.938] [info] [SetScriptVars] OK setting fields for: ExpDropper
[22:42:38.938] [info] [MonoDbg] AddEntityToScript - Instantiating and adding script: ParticleOffset to Entity ID: -8
[22:42:38.938] [info] [SetScriptVars] OK setting fields for: ParticleOffset
[22:42:38.938] [info] [MonoDbg] AddEntityToScript - Syncing serialized fields for script: ParticleOffset
[22:42:38.939] [info] [SetScriptVars] OK setting fields for: ParticleOffset
[22:42:38.939] [info] [MonoDbg] AddEntityToScript - Instantiating and adding script: AttackCollision to Entity ID: -8
[22:42:38.939] [info] [SetScriptVars] OK setting fields for: AttackCollision
[22:42:38.939] [info] [MonoDbg] AddEntityToScript - Syncing serialized fields for script: AttackCollision
[22:42:38.939] [info] [SetScriptVars] OK setting fields for: AttackCollision
[22:42:38.939] [info] [MonoDbg] AddEntityToScript - Instantiating and adding script: FlashOnDamaged to Entity ID: -8
[22:42:38.940] [info] [SetScriptVars] OK setting fields for: FlashOnDamaged
[22:42:38.940] [info] [MonoDbg] AddEntityToScript - Syncing serialized fields for script: FlashOnDamaged
[22:42:38.940] [info] [SetScriptVars] OK setting fields for: FlashOnDamaged
[22:42:38.940] [info] [MonoDbg] AddEntityToScript - Instantiating and adding script: ShakeSelfOnDamaged to Entity ID: -8
[22:42:38.940] [info] [SetScriptVars] OK setting fields for: ShakeSelfOnDamaged
[22:42:38.940] [info] [MonoDbg] AddEntityToScript - Syncing serialized fields for script: ShakeSelfOnDamaged
[22:42:38.941] [info] [SetScriptVars] OK setting fields for: ShakeSelfOnDamaged
[22:42:38.941] [info] [SOURCE_DETECTOR] C# requested CreateEntity: Prefab = enemySwimParticle
[22:42:38.941] [info] [SOURCE_DETECTOR] Engine creating Entity (Internal)
[22:42:38.941] [info] [CPP ECS] FromJson - Adding component 'Transform' to entity 'enemySwimParticle'
[22:42:38.941] [info] [CPP ECS] FromJson - Adding component 'Variables' to entity 'enemySwimParticle'
[22:42:38.942] [info] [CPP ECS] FromJson - Adding component 'ParticleSystem2D' to entity 'enemySwimParticle'
[22:42:38.942] [error] Entity not found for ID: 0
[22:42:38.957] [error] Entity not found for ID: 0
[22:42:38.971] [error] Entity not found for ID: 0
[22:42:38.985] [error] Entity not found for ID: 0
[22:42:39.000] [error] Entity not found for ID: 0
[22:42:39.015] [error] Entity not found for ID: 0
[22:42:39.030] [error] Entity not found for ID: 0
[22:42:39.045] [error] Entity not found for ID: 0
[22:42:39.061] [error] Entity not found for ID: 0
[22:42:39.076] [error] Entity not found for ID: 0
[22:42:39.090] [error] Entity not found for ID: 0
[22:42:39.106] [error] Entity not found for ID: 0
[22:42:39.121] [error] Entity not found for ID: 0
[22:42:39.136] [error] Entity not found for ID: 0
[22:42:39.136] [error] Entity not found for ID: -5
[22:42:39.136] [error] Entity not found for ID: -30
[22:42:39.151] [error] Entity not found for ID: 0
[22:42:39.151] [error] Entity not found for ID: -5
[22:42:39.151] [error] Entity not found for ID: -30
[22:42:39.152] [error] Entity not found for ID: -39
[22:42:39.152] [error] Entity not found for ID: -40
[22:42:39.166] [error] Entity not found for ID: 0
[22:42:39.167] [error] Entity not found for ID: -5
[22:42:39.167] [error] Entity not found for ID: -30
[22:42:39.167] [error] Entity not found for ID: -39
[22:42:39.167] [error] Entity not found for ID: -40
[22:42:39.183] [error] Entity not found for ID: 0
[22:42:39.183] [error] Entity not found for ID: -5
[22:42:39.183] [error] Entity not found for ID: -30
[22:42:39.184] [error] Entity not found for ID: -39
[22:42:39.184] [error] Entity not found for ID: -40
[22:42:39.199] [error] Entity not found for ID: 0
[22:42:39.200] [error] Entity not found for ID: -5
[22:42:39.200] [error] Entity not found for ID: -30
[22:42:39.200] [error] Entity not found for ID: -39
[22:42:39.200] [error] Entity not found for ID: -40
[22:42:39.216] [error] Entity not found for ID: 0
[22:42:39.216] [error] Entity not found for ID: -5
[22:42:39.217] [error] Entity not found for ID: -30
[22:42:39.217] [error] Entity not found for ID: -39
[22:42:39.217] [error] Entity not found for ID: -40
[22:42:39.232] [error] Entity not found for ID: 0
[22:42:39.233] [error] Entity not found for ID: -5
[22:42:39.233] [error] Entity not found for ID: -30
[22:42:39.233] [error] Entity not found for ID: -39
[22:42:39.233] [error] Entity not found for ID: -40
[22:42:39.250] [error] Entity not found for ID: 0
[22:42:39.250] [error] Entity not found for ID: -5
[22:42:39.250] [error] Entity not found for ID: -30
[22:42:39.251] [error] Entity not found for ID: -39
[22:42:39.251] [error] Entity not found for ID: -40
[22:42:39.268] [error] Entity not found for ID: 0
[22:42:39.269] [error] Entity not found for ID: -5
[22:42:39.271] [error] Entity not found for ID: -30
[22:42:39.272] [error] Entity not found for ID: -39
[22:42:39.272] [error] Entity not found for ID: -40
[22:42:39.273] [info] Collision Enter 2D Event Invoked
[22:42:39.273] [info] Collision Enter 2D Event Invoked
[22:42:39.273] [info] Collision Enter 2D Event Invoked
[22:42:39.273] [info] Collision Enter 2D Event Invoked
[22:42:39.274] [info] Collision Enter 2D Event Invoked
[22:42:39.274] [info] Collision Enter 2D Event Invoked
[22:42:39.274] [info] Collision Enter 2D Event Invoked
[22:42:39.274] [info] Collision Enter 2D Event Invoked
[22:42:39.274] [info] Collision Enter 2D Event Invoked
[22:42:39.275] [info] Collision Enter 2D Event Invoked
[22:42:39.275] [info] Collision Enter 2D Event Invoked
[22:42:39.275] [info] Collision Enter 2D Event Invoked
[22:42:39.275] [info] Collision Enter 2D Event Invoked
[22:42:39.275] [info] Collision Enter 2D Event Invoked
[22:42:39.276] [info] Collision Enter 2D Event Invoked
[22:42:39.276] [info] Collision Enter 2D Event Invoked
[22:42:39.276] [info] Collision Enter 2D Event Invoked
[22:42:39.276] [info] Collision Enter 2D Event Invoked
[22:42:39.277] [info] Collision Enter 2D Event Invoked
[22:42:39.277] [info] Collision Enter 2D Event Invoked
[22:42:39.277] [info] Collision Enter 2D Event Invoked
[22:42:39.277] [info] Collision Enter 2D Event Invoked
[22:42:39.277] [info] Collision Enter 2D Event Invoked
[22:42:39.278] [info] Collision Enter 2D Event Invoked
[22:42:39.278] [info] Collision Enter 2D Event Invoked
[22:42:39.295] [error] Entity not found for ID: 0
[22:42:39.296] [error] Entity not found for ID: -5
[22:42:39.296] [error] Entity not found for ID: -30
[22:42:39.296] [error] Entity not found for ID: -39
[22:42:39.297] [error] Entity not found for ID: -40
[22:42:39.313] [error] Entity not found for ID: 0
[22:42:39.315] [error] Entity not found for ID: -5
[22:42:39.315] [error] Entity not found for ID: -30
[22:42:39.315] [error] Entity not found for ID: -39
[22:42:39.316] [error] Entity not found for ID: -40
[22:42:39.316] [info] Collision Enter 2D Event Invoked
[22:42:39.317] [info] Collision Enter 2D Event Invoked
[22:42:39.317] [info] Collision Enter 2D Event Invoked
[22:42:39.317] [info] Collision Enter 2D Event Invoked
[22:42:39.317] [info] Collision Enter 2D Event Invoked
[22:42:39.318] [info] Collision Enter 2D Event Invoked
[22:42:39.318] [info] Collision Enter 2D Event Invoked
[22:42:39.318] [info] Collision Enter 2D Event Invoked
[22:42:39.318] [info] Collision Enter 2D Event Invoked
[22:42:39.319] [info] Collision Enter 2D Event Invoked
[22:42:39.319] [info] Collision Enter 2D Event Invoked
[22:42:39.319] [info] Collision Enter 2D Event Invoked
[22:42:39.320] [info] Collision Enter 2D Event Invoked
[22:42:39.320] [info] Collision Enter 2D Event Invoked
[22:42:39.320] [info] Collision Enter 2D Event Invoked
[22:42:39.320] [info] Collision Enter 2D Event Invoked
[22:42:39.321] [info] Collision Enter 2D Event Invoked
[22:42:39.321] [info] Collision Enter 2D Event Invoked
[22:42:39.321] [info] Collision Enter 2D Event Invoked
[22:42:39.322] [info] Collision Enter 2D Event Invoked
[22:42:39.322] [info] Collision Enter 2D Event Invoked
[22:42:39.322] [info] Collision Enter 2D Event Invoked
[22:42:39.322] [info] Collision Enter 2D Event Invoked
[22:42:39.323] [info] Collision Enter 2D Event Invoked
[22:42:39.323] [info] Collision Enter 2D Event Invoked
[22:42:39.323] [info] Collision Enter 2D Event Invoked
[22:42:39.324] [info] Collision Enter 2D Event Invoked
[22:42:39.324] [info] Collision Enter 2D Event Invoked
[22:42:39.324] [info] Collision Enter 2D Event Invoked
[22:42:39.324] [info] Collision Enter 2D Event Invoked
[22:42:39.325] [info] Collision Enter 2D Event Invoked
[22:42:39.325] [info] Collision Enter 2D Event Invoked
[22:42:39.325] [info] Collision Enter 2D Event Invoked
[22:42:39.325] [info] Collision Enter 2D Event Invoked
[22:42:39.326] [info] Collision Enter 2D Event Invoked
[22:42:39.326] [info] Collision Enter 2D Event Invoked
[22:42:39.326] [info] Collision Enter 2D Event Invoked
[22:42:39.327] [info] Collision Enter 2D Event Invoked
[22:42:39.327] [info] Collision Enter 2D Event Invoked
[22:42:39.327] [info] Collision Enter 2D Event Invoked
[22:42:39.328] [info] Collision Enter 2D Event Invoked
[22:42:39.328] [info] Collision Enter 2D Event Invoked
[22:42:39.328] [info] Collision Enter 2D Event Invoked
[22:42:39.328] [info] Collision Enter 2D Event Invoked
[22:42:39.329] [info] Collision Enter 2D Event Invoked
[22:42:39.329] [info] Collision Enter 2D Event Invoked
[22:42:39.329] [info] Collision Enter 2D Event Invoked
[22:42:39.329] [info] Collision Enter 2D Event Invoked
[22:42:39.330] [info] Collision Enter 2D Event Invoked
[22:42:39.330] [info] Collision Enter 2D Event Invoked
[22:42:39.348] [error] Entity not found for ID: 0
[22:42:39.349] [error] Entity not found for ID: -5
[22:42:39.349] [error] Entity not found for ID: -30
[22:42:39.350] [error] Entity not found for ID: -39
[22:42:39.350] [error] Entity not found for ID: -40
[22:42:39.368] [error] Entity not found for ID: 0
[22:42:39.369] [error] Entity not found for ID: -5
[22:42:39.370] [error] Entity not found for ID: -30
[22:42:39.370] [error] Entity not found for ID: -39
[22:42:39.370] [error] Entity not found for ID: -40
[22:42:39.386] [error] Entity not found for ID: 0
[22:42:39.387] [error] Entity not found for ID: -5
[22:42:39.387] [error] Entity not found for ID: -30
[22:42:39.388] [error] Entity not found for ID: -39
[22:42:39.388] [error] Entity not found for ID: -40
[22:42:39.403] [error] Entity not found for ID: 0
[22:42:39.404] [error] Entity not found for ID: -5
[22:42:39.404] [error] Entity not found for ID: -30
[22:42:39.405] [error] Entity not found for ID: -39
[22:42:39.405] [error] Entity not found for ID: -40
[22:42:39.420] [error] Entity not found for ID: 0
[22:42:39.421] [error] Entity not found for ID: -5
[22:42:39.421] [error] Entity not found for ID: -30
[22:42:39.421] [error] Entity not found for ID: -39
[22:42:39.421] [error] Entity not found for ID: -40
[22:42:39.435] [error] Entity not found for ID: 0
[22:42:39.436] [error] Entity not found for ID: -5
[22:42:39.436] [error] Entity not found for ID: -30
[22:42:39.436] [error] Entity not found for ID: -39
[22:42:39.437] [error] Entity not found for ID: -40
[22:42:39.451] [error] Entity not found for ID: 0
[22:42:39.451] [error] Entity not found for ID: -5
[22:42:39.451] [error] Entity not found for ID: -30
[22:42:39.452] [error] Entity not found for ID: -39
[22:42:39.452] [error] Entity not found for ID: -40
[22:42:39.466] [error] Entity not found for ID: 0
[22:42:39.467] [error] Entity not found for ID: -5
[22:42:39.467] [error] Entity not found for ID: -30
[22:42:39.467] [error] Entity not found for ID: -39
[22:42:39.467] [error] Entity not found for ID: -40
[22:42:39.481] [error] Entity not found for ID: 0
[22:42:39.482] [error] Entity not found for ID: -5
[22:42:39.482] [error] Entity not found for ID: -30
[22:42:39.482] [error] Entity not found for ID: -39
[22:42:39.482] [error] Entity not found for ID: -40
[22:42:39.496] [error] Entity not found for ID: 0
[22:42:39.497] [error] Entity not found for ID: -5
[22:42:39.497] [error] Entity not found for ID: -30
[22:42:39.497] [error] Entity not found for ID: -39
[22:42:39.497] [error] Entity not found for ID: -40
[22:42:39.511] [error] Entity not found for ID: 0
[22:42:39.512] [error] Entity not found for ID: -5
[22:42:39.512] [error] Entity not found for ID: -30
[22:42:39.513] [error] Entity not found for ID: -39
[22:42:39.513] [error] Entity not found for ID: -40
[22:42:39.527] [error] Entity not found for ID: 0
[22:42:39.527] [error] Entity not found for ID: -5
[22:42:39.528] [error] Entity not found for ID: -30
[22:42:39.528] [error] Entity not found for ID: -39
[22:42:39.528] [error] Entity not found for ID: -40
[22:42:39.543] [error] Entity not found for ID: 0
[22:42:39.543] [error] Entity not found for ID: -5
[22:42:39.543] [error] Entity not found for ID: -30
[22:42:39.544] [error] Entity not found for ID: -39
[22:42:39.544] [error] Entity not found for ID: -40
[22:42:39.558] [error] Entity not found for ID: 0
[22:42:39.559] [error] Entity not found for ID: -5
[22:42:39.559] [error] Entity not found for ID: -30
[22:42:39.559] [error] Entity not found for ID: -39
[22:42:39.560] [error] Entity not found for ID: -40
[22:42:39.574] [error] Entity not found for ID: 0
[22:42:39.574] [error] Entity not found for ID: -5
[22:42:39.575] [error] Entity not found for ID: -30
[22:42:39.575] [error] Entity not found for ID: -39
[22:42:39.575] [error] Entity not found for ID: -40
[22:42:39.590] [error] Entity not found for ID: 0
[22:42:39.590] [error] Entity not found for ID: -5
[22:42:39.590] [error] Entity not found for ID: -30
[22:42:39.591] [error] Entity not found for ID: -39
[22:42:39.591] [error] Entity not found for ID: -40
[22:42:39.606] [error] Entity not found for ID: 0
[22:42:39.607] [error] Entity not found for ID: -5
[22:42:39.607] [error] Entity not found for ID: -30
[22:42:39.607] [error] Entity not found for ID: -39
[22:42:39.607] [error] Entity not found for ID: -40
[22:42:39.621] [error] Entity not found for ID: 0
[22:42:39.622] [error] Entity not found for ID: -5
[22:42:39.622] [error] Entity not found for ID: -30
[22:42:39.622] [error] Entity not found for ID: -39
[22:42:39.623] [error] Entity not found for ID: -40
[22:42:39.637] [error] Entity not found for ID: 0
[22:42:39.637] [error] Entity not found for ID: -5
[22:42:39.637] [error] Entity not found for ID: -30
[22:42:39.638] [error] Entity not found for ID: -39
[22:42:39.638] [error] Entity not found for ID: -40
[22:42:39.652] [error] Entity not found for ID: 0
[22:42:39.652] [error] Entity not found for ID: -5
[22:42:39.652] [error] Entity not found for ID: -30
[22:42:39.653] [error] Entity not found for ID: -39
[22:42:39.653] [error] Entity not found for ID: -40
[22:42:39.668] [error] Entity not found for ID: 0
[22:42:39.668] [error] Entity not found for ID: -5
[22:42:39.668] [error] Entity not found for ID: -30
[22:42:39.669] [error] Entity not found for ID: -39
[22:42:39.669] [error] Entity not found for ID: -40
[22:42:39.683] [error] Entity not found for ID: 0
[22:42:39.684] [error] Entity not found for ID: -5
[22:42:39.684] [error] Entity not found for ID: -30
[22:42:39.684] [error] Entity not found for ID: -39
[22:42:39.684] [error] Entity not found for ID: -40
[22:42:39.699] [error] Entity not found for ID: 0
[22:42:39.700] [error] Entity not found for ID: -5
[22:42:39.700] [error] Entity not found for ID: -30
[22:42:39.700] [error] Entity not found for ID: -39
[22:42:39.700] [error] Entity not found for ID: -40
[22:42:39.716] [error] Entity not found for ID: 0
[22:42:39.716] [error] Entity not found for ID: -5
[22:42:39.716] [error] Entity not found for ID: -30
[22:42:39.717] [error] Entity not found for ID: -39
[22:42:39.717] [error] Entity not found for ID: -40
[22:42:39.733] [error] Entity not found for ID: 0
[22:42:39.733] [error] Entity not found for ID: -5
[22:42:39.733] [error] Entity not found for ID: -30
[22:42:39.734] [error] Entity not found for ID: -39
[22:42:39.734] [error] Entity not found for ID: -40
[22:42:39.749] [error] Entity not found for ID: 0
[22:42:39.750] [error] Entity not found for ID: -5
[22:42:39.750] [error] Entity not found for ID: -30
[22:42:39.750] [error] Entity not found for ID: -39
[22:42:39.750] [error] Entity not found for ID: -40
[22:42:39.766] [error] Entity not found for ID: 0
[22:42:39.766] [error] Entity not found for ID: -5
[22:42:39.767] [error] Entity not found for ID: -30
[22:42:39.767] [error] Entity not found for ID: -39
[22:42:39.767] [error] Entity not found for ID: -40
[22:42:39.783] [info] [SOURCE_DETECTOR] C# requested CreateEntity: Prefab = playerDashParticle
[22:42:39.783] [info] [SOURCE_DETECTOR] Engine creating Entity (Internal)
[22:42:39.783] [info] [CPP ECS] FromJson - Adding component 'Transform' to entity 'playerDashParticle'
[22:42:39.783] [info] [CPP ECS] FromJson - Adding component 'Variables' to entity 'playerDashParticle'
[22:42:39.784] [info] [CPP ECS] FromJson - Adding component 'ParticleSystem2D' to entity 'playerDashParticle'
[22:42:39.784] [error] Entity not found for ID: 0
[22:42:39.785] [error] Entity not found for ID: -5
[22:42:39.785] [error] Entity not found for ID: -30
[22:42:39.785] [error] Entity not found for ID: -39
[22:42:39.785] [error] Entity not found for ID: -40
[22:42:39.800] [error] Entity not found for ID: 0
[22:42:39.801] [error] Entity not found for ID: -5
[22:42:39.801] [error] Entity not found for ID: -30
[22:42:39.802] [error] Entity not found for ID: -39
[22:42:39.802] [error] Entity not found for ID: -40
[22:42:39.817] [error] Entity not found for ID: 0
[22:42:39.817] [error] Entity not found for ID: -5
[22:42:39.817] [error] Entity not found for ID: -30
[22:42:39.818] [error] Entity not found for ID: -39
[22:42:39.818] [error] Entity not found for ID: -40
[22:42:39.832] [error] Entity not found for ID: 0
[22:42:39.832] [error] Entity not found for ID: -5
[22:42:39.833] [error] Entity not found for ID: -30
[22:42:39.833] [error] Entity not found for ID: -39
[22:42:39.833] [error] Entity not found for ID: -40
[22:42:39.849] [error] Entity not found for ID: 0
[22:42:39.850] [error] Entity not found for ID: -5
[22:42:39.850] [error] Entity not found for ID: -30
[22:42:39.850] [error] Entity not found for ID: -39
[22:42:39.851] [error] Entity not found for ID: -40
[22:42:39.866] [error] Entity not found for ID: 0
[22:42:39.866] [error] Entity not found for ID: -5
[22:42:39.867] [error] Entity not found for ID: -30
[22:42:39.867] [error] Entity not found for ID: -39
[22:42:39.867] [error] Entity not found for ID: -40
[22:42:39.882] [error] Entity not found for ID: 0
[22:42:39.883] [error] Entity not found for ID: -5
[22:42:39.883] [error] Entity not found for ID: -30
[22:42:39.883] [error] Entity not found for ID: -39
[22:42:39.883] [error] Entity not found for ID: -40
[22:42:39.899] [error] Entity not found for ID: 0
[22:42:39.899] [error] Entity not found for ID: -5
[22:42:39.899] [error] Entity not found for ID: -30
[22:42:39.900] [error] Entity not found for ID: -39
[22:42:39.900] [error] Entity not found for ID: -40
[22:42:39.915] [error] Entity not found for ID: 0
[22:42:39.916] [info] [SOURCE_DETECTOR] C# requested CreateEntity: Prefab = SeaCow
[22:42:39.916] [info] [SOURCE_DETECTOR] Engine creating Entity (Internal)
[22:42:39.916] [info] [CPP ECS] FromJson - Adding component 'Transform' to entity 'SeaCow'
[22:42:39.916] [info] [CPP ECS] FromJson - Adding component 'CircleCollider' to entity 'SeaCow'
[22:42:39.916] [info] [CPP ECS] FromJson - Adding component 'Variables' to entity 'SeaCow'
[22:42:39.916] [info] [CPP ECS] FromJson - Adding component 'Script' to entity 'SeaCow'
[22:42:39.917] [info] [CPP ECS] FromJson - Adding component 'SpriteRenderer' to entity 'SeaCow'
[22:42:39.917] [info] [CPP ECS] FromJson - Adding component 'Rigidbody2D' to entity 'SeaCow'
[22:42:39.917] [error] Entity not found for ID: -30
[22:42:39.917] [error] Entity not found for ID: -39
[22:42:39.917] [error] Entity not found for ID: -40
[22:42:39.932] [info] [MonoDbg] AddEntityToScript - Instantiating and adding script: SpriteAnimation to Entity ID: -5
[22:42:39.932] [info] [SetScriptVars] OK setting fields for: SpriteAnimation
[22:42:39.933] [info] [MonoDbg] AddEntityToScript - Syncing serialized fields for script: SpriteAnimation
[22:42:39.933] [info] [SetScriptVars] OK setting fields for: SpriteAnimation
[22:42:39.933] [info] [MonoDbg] AddEntityToScript - Instantiating and adding script: ChaseController to Entity ID: -5
[22:42:39.933] [info] [SetScriptVars] OK setting fields for: ChaseController
[22:42:39.933] [info] [MonoDbg] AddEntityToScript - Syncing serialized fields for script: ChaseController
[22:42:39.934] [info] [SetScriptVars] OK setting fields for: ChaseController
[22:42:39.934] [info] [MonoDbg] AddEntityToScript - Instantiating and adding script: TargetFacingFlip to Entity ID: -5
[22:42:39.934] [info] [SetScriptVars] OK setting fields for: TargetFacingFlip
[22:42:39.934] [info] [MonoDbg] AddEntityToScript - Syncing serialized fields for script: TargetFacingFlip
[22:42:39.934] [info] [SetScriptVars] OK setting fields for: TargetFacingFlip
[22:42:39.934] [info] [MonoDbg] AddEntityToScript - Instantiating and adding script: SeaCow to Entity ID: -5
[22:42:39.934] [info] [SetScriptVars] OK setting fields for: SeaCow
[22:42:39.935] [info] [MonoDbg] AddEntityToScript - Syncing serialized fields for script: SeaCow
[22:42:39.935] [info] [SetScriptVars] OK setting fields for: SeaCow
[22:42:39.935] [info] [MonoDbg] AddEntityToScript - Instantiating and adding script: HP to Entity ID: -5
[22:42:39.935] [info] [SetScriptVars] OK setting fields for: HP
[22:42:39.935] [info] [MonoDbg] AddEntityToScript - Syncing serialized fields for script: HP
[22:42:39.936] [info] [SetScriptVars] OK setting fields for: HP
[22:42:39.936] [info] [MonoDbg] AddEntityToScript - Instantiating and adding script: ParticleOffset to Entity ID: -5
[22:42:39.936] [info] [SetScriptVars] no group for scriptName: ParticleOffset  groups: 10
[22:42:39.936] [info] [MonoDbg] AddEntityToScript - Syncing serialized fields for script: ParticleOffset
[22:42:39.936] [info] [SetScriptVars] no group for scriptName: ParticleOffset  groups: 10
[22:42:39.936] [info] [MonoDbg] AddEntityToScript - Instantiating and adding script: AttackCollision to Entity ID: -5
[22:42:39.936] [info] [SetScriptVars] OK setting fields for: AttackCollision
[22:42:39.937] [info] [MonoDbg] AddEntityToScript - Syncing serialized fields for script: AttackCollision
[22:42:39.937] [info] [SetScriptVars] OK setting fields for: AttackCollision
[22:42:39.937] [info] [MonoDbg] AddEntityToScript - Instantiating and adding script: ExpDropper to Entity ID: -5
[22:42:39.937] [info] [SetScriptVars] OK setting fields for: ExpDropper
[22:42:39.937] [info] [MonoDbg] AddEntityToScript - Syncing serialized fields for script: ExpDropper
[22:42:39.937] [info] [SetScriptVars] OK setting fields for: ExpDropper
[22:42:39.937] [info] [MonoDbg] AddEntityToScript - Instantiating and adding script: DespawnTimer to Entity ID: -5
[22:42:39.938] [info] [SetScriptVars] OK setting fields for: DespawnTimer
[22:42:39.938] [info] [MonoDbg] AddEntityToScript - Syncing serialized fields for script: DespawnTimer
[22:42:39.938] [info] [SetScriptVars] OK setting fields for: DespawnTimer
[22:42:39.938] [info] [MonoDbg] AddEntityToScript - Instantiating and adding script: FlashOnDamaged to Entity ID: -5
[22:42:39.938] [info] [SetScriptVars] OK setting fields for: FlashOnDamaged
[22:42:39.938] [info] [MonoDbg] AddEntityToScript - Syncing serialized fields for script: FlashOnDamaged
[22:42:39.939] [info] [SetScriptVars] OK setting fields for: FlashOnDamaged
[22:42:39.939] [info] [MonoDbg] AddEntityToScript - Instantiating and adding script: ShakeSelfOnDamaged to Entity ID: -5
[22:42:39.939] [info] [SetScriptVars] OK setting fields for: ShakeSelfOnDamaged
[22:42:39.939] [info] [MonoDbg] AddEntityToScript - Syncing serialized fields for script: ShakeSelfOnDamaged
[22:42:39.939] [info] [SetScriptVars] OK setting fields for: ShakeSelfOnDamaged
[22:42:39.940] [error] Entity not found for ID: 0
[22:42:39.940] [error] Entity not found for ID: -30
[22:42:39.940] [error] Entity not found for ID: -39
[22:42:39.941] [error] Entity not found for ID: -40
[22:42:39.941] [info] Collision Enter 2D Event Invoked
[22:42:39.941] [info] Collision Enter 2D Event Invoked
[22:42:39.941] [info] Collision Enter 2D Event Invoked
[22:42:39.941] [info] Collision Enter 2D Event Invoked
[22:42:39.942] [info] Collision Enter 2D Event Invoked
[22:42:39.942] [info] Collision Enter 2D Event Invoked
[22:42:39.942] [info] Collision Enter 2D Event Invoked
[22:42:39.942] [info] Collision Enter 2D Event Invoked
[22:42:39.942] [info] Collision Enter 2D Event Invoked
[22:42:39.942] [info] Collision Enter 2D Event Invoked
[22:42:39.942] [info] Collision Enter 2D Event Invoked
[22:42:39.943] [info] Collision Enter 2D Event Invoked
[22:42:39.943] [info] Collision Enter 2D Event Invoked
[22:42:39.943] [info] Collision Enter 2D Event Invoked
[22:42:39.943] [info] Collision Enter 2D Event Invoked
[22:42:39.943] [info] Collision Enter 2D Event Invoked
[22:42:39.943] [info] Collision Enter 2D Event Invoked
[22:42:39.944] [info] Collision Enter 2D Event Invoked
[22:42:39.944] [info] Collision Enter 2D Event Invoked
[22:42:39.944] [info] Collision Enter 2D Event Invoked
[22:42:39.944] [info] Collision Enter 2D Event Invoked
[22:42:39.944] [info] Collision Enter 2D Event Invoked
[22:42:39.944] [info] Collision Enter 2D Event Invoked
[22:42:39.945] [info] Collision Enter 2D Event Invoked
[22:42:39.945] [info] Collision Enter 2D Event Invoked
[22:42:39.958] [error] Entity not found for ID: 0
[22:42:39.959] [error] Entity not found for ID: -30
[22:42:39.959] [error] Entity not found for ID: -39
[22:42:39.959] [error] Entity not found for ID: -40
[22:42:39.960] [info] Collision Enter 2D Event Invoked
[22:42:39.960] [info] Collision Enter 2D Event Invoked
[22:42:39.960] [info] Collision Enter 2D Event Invoked
[22:42:39.960] [info] Collision Enter 2D Event Invoked
[22:42:39.960] [info] Collision Enter 2D Event Invoked
[22:42:39.960] [info] Collision Enter 2D Event Invoked
[22:42:39.961] [info] Collision Enter 2D Event Invoked
[22:42:39.961] [info] Collision Enter 2D Event Invoked
[22:42:39.961] [info] Collision Enter 2D Event Invoked
[22:42:39.961] [info] Collision Enter 2D Event Invoked
[22:42:39.961] [info] Collision Enter 2D Event Invoked
[22:42:39.961] [info] Collision Enter 2D Event Invoked
[22:42:39.961] [info] Collision Enter 2D Event Invoked
[22:42:39.962] [info] Collision Enter 2D Event Invoked
[22:42:39.962] [info] Collision Enter 2D Event Invoked
[22:42:39.962] [info] Collision Enter 2D Event Invoked
[22:42:39.962] [info] Collision Enter 2D Event Invoked
[22:42:39.962] [info] Collision Enter 2D Event Invoked
[22:42:39.962] [info] Collision Enter 2D Event Invoked
[22:42:39.963] [info] Collision Enter 2D Event Invoked
[22:42:39.963] [info] Collision Enter 2D Event Invoked
[22:42:39.963] [info] Collision Enter 2D Event Invoked
[22:42:39.963] [info] Collision Enter 2D Event Invoked
[22:42:39.963] [info] Collision Enter 2D Event Invoked
[22:42:39.963] [info] Collision Enter 2D Event Invoked
[22:42:39.964] [info] Collision Enter 2D Event Invoked
[22:42:39.964] [info] Collision Enter 2D Event Invoked
[22:42:39.964] [info] Collision Enter 2D Event Invoked
[22:42:39.964] [info] Collision Enter 2D Event Invoked
[22:42:39.964] [info] Collision Enter 2D Event Invoked
[22:42:39.964] [info] Collision Enter 2D Event Invoked
[22:42:39.965] [info] Collision Enter 2D Event Invoked
[22:42:39.965] [info] Collision Enter 2D Event Invoked
[22:42:39.965] [info] Collision Enter 2D Event Invoked
[22:42:39.965] [info] Collision Enter 2D Event Invoked
[22:42:39.965] [info] Collision Enter 2D Event Invoked
[22:42:39.965] [info] Collision Enter 2D Event Invoked
[22:42:39.966] [info] Collision Enter 2D Event Invoked
[22:42:39.966] [info] Collision Enter 2D Event Invoked
[22:42:39.966] [info] Collision Enter 2D Event Invoked
[22:42:39.966] [info] Collision Enter 2D Event Invoked
[22:42:39.966] [info] Collision Enter 2D Event Invoked
[22:42:39.966] [info] Collision Enter 2D Event Invoked
[22:42:39.967] [info] Collision Enter 2D Event Invoked
[22:42:39.967] [info] Collision Enter 2D Event Invoked
[22:42:39.967] [info] Collision Enter 2D Event Invoked
[22:42:39.967] [info] Collision Enter 2D Event Invoked
[22:42:39.967] [info] Collision Enter 2D Event Invoked
[22:42:39.967] [info] Collision Enter 2D Event Invoked
[22:42:39.968] [info] Collision Enter 2D Event Invoked
[22:42:39.981] [error] Entity not found for ID: 0
[22:42:39.982] [error] Entity not found for ID: -30
[22:42:39.982] [error] Entity not found for ID: -39
[22:42:39.982] [error] Entity not found for ID: -40
[22:42:39.996] [error] Entity not found for ID: 0
[22:42:39.996] [error] Entity not found for ID: -30
[22:42:39.997] [error] Entity not found for ID: -39
[22:42:39.997] [error] Entity not found for ID: -40
[22:42:40.011] [error] Entity not found for ID: 0
[22:42:40.011] [error] Entity not found for ID: -30
[22:42:40.011] [error] Entity not found for ID: -39
[22:42:40.012] [error] Entity not found for ID: -40
[22:42:40.026] [error] Entity not found for ID: 0
[22:42:40.027] [error] Entity not found for ID: -30
[22:42:40.027] [error] Entity not found for ID: -39
[22:42:40.028] [error] Entity not found for ID: -40
[22:42:40.042] [error] Entity not found for ID: 0
[22:42:40.042] [error] Entity not found for ID: -30
[22:42:40.043] [error] Entity not found for ID: -39
[22:42:40.043] [error] Entity not found for ID: -40
[22:42:40.058] [error] Entity not found for ID: 0
[22:42:40.058] [error] Entity not found for ID: -30
[22:42:40.058] [error] Entity not found for ID: -39
[22:42:40.059] [error] Entity not found for ID: -40
[22:42:40.073] [error] Entity not found for ID: 0
[22:42:40.073] [error] Entity not found for ID: -30
[22:42:40.074] [error] Entity not found for ID: -39
[22:42:40.074] [error] Entity not found for ID: -40
[22:42:40.088] [error] Entity not found for ID: 0
[22:42:40.089] [error] Entity not found for ID: -30
[22:42:40.089] [error] Entity not found for ID: -39
[22:42:40.089] [error] Entity not found for ID: -40
[22:42:40.104] [error] Entity not found for ID: 0
[22:42:40.105] [error] Entity not found for ID: -30
[22:42:40.105] [error] Entity not found for ID: -39
[22:42:40.105] [error] Entity not found for ID: -40
[22:42:40.119] [error] Entity not found for ID: 0
[22:42:40.120] [error] Entity not found for ID: -30
[22:42:40.120] [error] Entity not found for ID: -39
[22:42:40.121] [error] Entity not found for ID: -40
[22:42:40.121] [info] Collision Enter 2D Event Invoked
[22:42:40.121] [info] Collision Enter 2D Event Invoked
[22:42:40.121] [info] Collision Enter 2D Event Invoked
[22:42:40.122] [info] Collision Enter 2D Event Invoked
[22:42:40.122] [info] Collision Enter 2D Event Invoked
[22:42:40.122] [info] Collision Enter 2D Event Invoked
[22:42:40.122] [info] Collision Enter 2D Event Invoked
[22:42:40.122] [info] Collision Enter 2D Event Invoked
[22:42:40.122] [info] Collision Enter 2D Event Invoked
[22:42:40.123] [info] Collision Enter 2D Event Invoked
[22:42:40.123] [info] Collision Enter 2D Event Invoked
[22:42:40.123] [info] Collision Enter 2D Event Invoked
[22:42:40.123] [info] Collision Enter 2D Event Invoked
[22:42:40.123] [info] Collision Enter 2D Event Invoked
[22:42:40.123] [info] Collision Enter 2D Event Invoked
[22:42:40.124] [info] Collision Enter 2D Event Invoked
[22:42:40.124] [info] Collision Enter 2D Event Invoked
[22:42:40.124] [info] Collision Enter 2D Event Invoked
[22:42:40.138] [error] Entity not found for ID: 0
[22:42:40.138] [error] Entity not found for ID: -30
[22:42:40.138] [error] Entity not found for ID: -39
[22:42:40.139] [error] Entity not found for ID: -40
[22:42:40.153] [error] Entity not found for ID: 0
[22:42:40.154] [error] Entity not found for ID: -30
[22:42:40.154] [error] Entity not found for ID: -39
[22:42:40.154] [error] Entity not found for ID: -40
[22:42:40.169] [error] Entity not found for ID: 0
[22:42:40.169] [error] Entity not found for ID: -30
[22:42:40.169] [error] Entity not found for ID: -39
[22:42:40.170] [error] Entity not found for ID: -40
[22:42:40.184] [error] Entity not found for ID: 0
[22:42:40.185] [error] Entity not found for ID: -30
[22:42:40.185] [error] Entity not found for ID: -39
[22:42:40.185] [error] Entity not found for ID: -40
[22:42:40.200] [error] Entity not found for ID: 0
[22:42:40.200] [error] Entity not found for ID: -30
[22:42:40.201] [error] Entity not found for ID: -39
[22:42:40.201] [error] Entity not found for ID: -40
[22:42:40.216] [error] Entity not found for ID: 0
[22:42:40.216] [error] Entity not found for ID: -30
[22:42:40.216] [error] Entity not found for ID: -39
[22:42:40.217] [error] Entity not found for ID: -40
[22:42:40.232] [error] Entity not found for ID: 0
[22:42:40.233] [error] Entity not found for ID: -30
[22:42:40.233] [error] Entity not found for ID: -39
[22:42:40.233] [error] Entity not found for ID: -40
[22:42:40.249] [error] Entity not found for ID: 0
[22:42:40.250] [error] Entity not found for ID: -30
[22:42:40.250] [error] Entity not found for ID: -39
[22:42:40.250] [error] Entity not found for ID: -40
[22:42:40.266] [error] Entity not found for ID: 0
[22:42:40.266] [error] Entity not found for ID: -30
[22:42:40.267] [error] Entity not found for ID: -39
[22:42:40.267] [error] Entity not found for ID: -40
[22:42:40.283] [error] Entity not found for ID: 0
[22:42:40.284] [error] Entity not found for ID: -30
[22:42:40.284] [error] Entity not found for ID: -39
[22:42:40.285] [error] Entity not found for ID: -40
[22:42:40.300] [error] Entity not found for ID: 0
[22:42:40.301] [error] Entity not found for ID: -30
[22:42:40.301] [error] Entity not found for ID: -39
[22:42:40.301] [error] Entity not found for ID: -40
[22:42:40.315] [error] Entity not found for ID: 0
[22:42:40.316] [error] Entity not found for ID: -30
[22:42:40.316] [error] Entity not found for ID: -39
[22:42:40.316] [error] Entity not found for ID: -40
[22:42:40.332] [error] Entity not found for ID: 0
[22:42:40.332] [error] Entity not found for ID: -30
[22:42:40.333] [error] Entity not found for ID: -39
[22:42:40.333] [error] Entity not found for ID: -40
[22:42:40.349] [error] Entity not found for ID: 0
[22:42:40.350] [error] Entity not found for ID: -30
[22:42:40.350] [error] Entity not found for ID: -39
[22:42:40.351] [error] Entity not found for ID: -40
[22:42:40.366] [error] Entity not found for ID: 0
[22:42:40.366] [error] Entity not found for ID: -30
[22:42:40.366] [info] [SOURCE_DETECTOR] C# requested CreateEntity: Prefab = MorayEel
[22:42:40.367] [info] [SOURCE_DETECTOR] Engine creating Entity (Internal)
[22:42:40.367] [info] [CPP ECS] FromJson - Adding component 'Transform' to entity 'MorayEel'
[22:42:40.367] [info] [CPP ECS] FromJson - Adding component 'CircleCollider' to entity 'MorayEel'
[22:42:40.367] [info] [CPP ECS] FromJson - Adding component 'Variables' to entity 'MorayEel'
[22:42:40.367] [info] [CPP ECS] FromJson - Adding component 'Script' to entity 'MorayEel'
[22:42:40.368] [info] [CPP ECS] FromJson - Adding component 'SpriteRenderer' to entity 'MorayEel'
[22:42:40.368] [info] [CPP ECS] FromJson - Adding component 'Rigidbody2D' to entity 'MorayEel'
[22:42:40.368] [info] Script MorayEelSpawnMove found for Entity ID: -30
[22:42:40.368] [info] [SetScriptVars] OK setting fields for: MorayEelSpawnMove
[22:42:40.368] [error] Entity not found for ID: -39
[22:42:40.369] [error] Entity not found for ID: -40
[22:42:40.383] [info] [MonoDbg] AddEntityToScript - Instantiating and adding script: SpriteAnimation to Entity ID: -30
[22:42:40.383] [info] [SetScriptVars] OK setting fields for: SpriteAnimation
[22:42:40.383] [info] [MonoDbg] AddEntityToScript - Syncing serialized fields for script: SpriteAnimation
[22:42:40.383] [info] [SetScriptVars] OK setting fields for: SpriteAnimation
[22:42:40.383] [info] [MonoDbg] AddEntityToScript - Instantiating and adding script: MorayEelSpawnMove to Entity ID: -30
[22:42:40.384] [info] [MonoDbg] AddEntityToScript - Syncing serialized fields for script: MorayEelSpawnMove
[22:42:40.384] [info] [SetScriptVars] OK setting fields for: MorayEelSpawnMove
[22:42:40.384] [info] [MonoDbg] AddEntityToScript - Instantiating and adding script: ChaseController to Entity ID: -30
[22:42:40.384] [info] [SetScriptVars] OK setting fields for: ChaseController
[22:42:40.384] [info] [MonoDbg] AddEntityToScript - Syncing serialized fields for script: ChaseController
[22:42:40.385] [info] [SetScriptVars] OK setting fields for: ChaseController
[22:42:40.385] [info] [MonoDbg] AddEntityToScript - Instantiating and adding script: ChaseAnimation to Entity ID: -30
[22:42:40.385] [info] [SetScriptVars] OK setting fields for: ChaseAnimation
[22:42:40.385] [info] [MonoDbg] AddEntityToScript - Syncing serialized fields for script: ChaseAnimation
[22:42:40.385] [info] [SetScriptVars] OK setting fields for: ChaseAnimation
[22:42:40.385] [info] [MonoDbg] AddEntityToScript - Instantiating and adding script: SmallFryChaseMove to Entity ID: -30
[22:42:40.386] [info] [SetScriptVars] OK setting fields for: SmallFryChaseMove
[22:42:40.386] [info] [MonoDbg] AddEntityToScript - Syncing serialized fields for script: SmallFryChaseMove
[22:42:40.386] [info] [SetScriptVars] OK setting fields for: SmallFryChaseMove
[22:42:40.386] [info] [MonoDbg] AddEntityToScript - Instantiating and adding script: TargetFacingFlip to Entity ID: -30
[22:42:40.386] [info] [SetScriptVars] OK setting fields for: TargetFacingFlip
[22:42:40.387] [info] [MonoDbg] AddEntityToScript - Syncing serialized fields for script: TargetFacingFlip
[22:42:40.387] [info] [SetScriptVars] OK setting fields for: TargetFacingFlip
[22:42:40.387] [info] [MonoDbg] AddEntityToScript - Instantiating and adding script: MorayEel to Entity ID: -30
[22:42:40.387] [info] [SetScriptVars] OK setting fields for: MorayEel
[22:42:40.387] [info] [MonoDbg] AddEntityToScript - Syncing serialized fields for script: MorayEel
[22:42:40.387] [info] [SetScriptVars] OK setting fields for: MorayEel
[22:42:40.388] [info] [MonoDbg] AddEntityToScript - Instantiating and adding script: HP to Entity ID: -30
[22:42:40.388] [info] [SetScriptVars] OK setting fields for: HP
[22:42:40.388] [info] [MonoDbg] AddEntityToScript - Syncing serialized fields for script: HP
[22:42:40.388] [info] [SetScriptVars] OK setting fields for: HP
[22:42:40.388] [info] [MonoDbg] AddEntityToScript - Instantiating and adding script: DespawnTimer to Entity ID: -30
[22:42:40.388] [info] [SetScriptVars] OK setting fields for: DespawnTimer
[22:42:40.389] [info] [MonoDbg] AddEntityToScript - Syncing serialized fields for script: DespawnTimer
[22:42:40.389] [info] [SetScriptVars] OK setting fields for: DespawnTimer
[22:42:40.389] [info] [MonoDbg] AddEntityToScript - Instantiating and adding script: ExpDropper to Entity ID: -30
[22:42:40.389] [info] [SetScriptVars] OK setting fields for: ExpDropper
[22:42:40.389] [info] [MonoDbg] AddEntityToScript - Syncing serialized fields for script: ExpDropper
[22:42:40.389] [info] [SetScriptVars] OK setting fields for: ExpDropper
[22:42:40.390] [info] [MonoDbg] AddEntityToScript - Instantiating and adding script: ParticleOffset to Entity ID: -30
[22:42:40.390] [info] [SetScriptVars] OK setting fields for: ParticleOffset
[22:42:40.390] [info] [MonoDbg] AddEntityToScript - Syncing serialized fields for script: ParticleOffset
[22:42:40.390] [info] [SetScriptVars] OK setting fields for: ParticleOffset
[22:42:40.390] [info] [MonoDbg] AddEntityToScript - Instantiating and adding script: AttackCollision to Entity ID: -30
[22:42:40.391] [info] [SetScriptVars] OK setting fields for: AttackCollision
[22:42:40.391] [info] [MonoDbg] AddEntityToScript - Syncing serialized fields for script: AttackCollision
[22:42:40.391] [info] [SetScriptVars] OK setting fields for: AttackCollision
[22:42:40.391] [info] [MonoDbg] AddEntityToScript - Instantiating and adding script: FlashOnDamaged to Entity ID: -30
[22:42:40.391] [info] [SetScriptVars] OK setting fields for: FlashOnDamaged
[22:42:40.391] [info] [MonoDbg] AddEntityToScript - Syncing serialized fields for script: FlashOnDamaged
[22:42:40.392] [info] [SetScriptVars] OK setting fields for: FlashOnDamaged
[22:42:40.392] [info] [MonoDbg] AddEntityToScript - Instantiating and adding script: ShakeSelfOnDamaged to Entity ID: -30
[22:42:40.392] [info] [SetScriptVars] OK setting fields for: ShakeSelfOnDamaged
[22:42:40.392] [info] [MonoDbg] AddEntityToScript - Syncing serialized fields for script: ShakeSelfOnDamaged
[22:42:40.392] [info] [SetScriptVars] OK setting fields for: ShakeSelfOnDamaged
[22:42:40.393] [error] Entity not found for ID: 0
[22:42:40.393] [error] Entity not found for ID: -39
[22:42:40.394] [error] Entity not found for ID: -40
[22:42:40.408] [error] Entity not found for ID: 0
[22:42:40.409] [error] Entity not found for ID: -39
[22:42:40.409] [error] Entity not found for ID: -40
[22:42:40.410] [info] Collision Exit 2D Event Invoked
[22:42:40.410] [info] Collision Exit 2D Event Invoked
[22:42:40.410] [info] Collision Exit 2D Event Invoked
[22:42:40.410] [info] Collision Exit 2D Event Invoked
[22:42:40.410] [info] Collision Exit 2D Event Invoked
[22:42:40.411] [info] Collision Exit 2D Event Invoked
[22:42:40.411] [info] Collision Exit 2D Event Invoked
[22:42:40.411] [info] Collision Exit 2D Event Invoked
[22:42:40.411] [info] Collision Exit 2D Event Invoked
[22:42:40.411] [info] Collision Exit 2D Event Invoked
[22:42:40.411] [info] Collision Exit 2D Event Invoked
[22:42:40.412] [info] Collision Exit 2D Event Invoked
[22:42:40.412] [info] Collision Exit 2D Event Invoked
[22:42:40.412] [info] Collision Exit 2D Event Invoked
[22:42:40.412] [info] Collision Exit 2D Event Invoked
[22:42:40.412] [info] Collision Exit 2D Event Invoked
[22:42:40.412] [info] Collision Exit 2D Event Invoked
[22:42:40.413] [info] Collision Exit 2D Event Invoked
[22:42:40.426] [error] Entity not found for ID: 0
[22:42:40.427] [error] Entity not found for ID: -39
[22:42:40.427] [error] Entity not found for ID: -40
[22:42:40.441] [error] Entity not found for ID: 0
[22:42:40.442] [error] Entity not found for ID: -39
[22:42:40.442] [error] Entity not found for ID: -40
[22:42:40.456] [error] Entity not found for ID: 0
[22:42:40.456] [error] Entity not found for ID: -39
[22:42:40.456] [error] Entity not found for ID: -40
[22:42:40.470] [error] Entity not found for ID: 0
[22:42:40.471] [error] Entity not found for ID: -39
[22:42:40.471] [error] Entity not found for ID: -40
[22:42:40.486] [error] Entity not found for ID: 0
[22:42:40.487] [error] Entity not found for ID: -39
[22:42:40.487] [error] Entity not found for ID: -40
[22:42:40.501] [error] Entity not found for ID: 0
[22:42:40.501] [error] Entity not found for ID: -39
[22:42:40.502] [error] Entity not found for ID: -40
[22:42:40.502] [info] Collision Exit 2D Event Invoked
[22:42:40.503] [info] Collision Exit 2D Event Invoked
[22:42:40.503] [info] Collision Exit 2D Event Invoked
[22:42:40.503] [info] Collision Exit 2D Event Invoked
[22:42:40.503] [info] Collision Exit 2D Event Invoked
[22:42:40.503] [info] Collision Exit 2D Event Invoked
[22:42:40.503] [info] Collision Exit 2D Event Invoked
[22:42:40.504] [info] Collision Exit 2D Event Invoked
[22:42:40.504] [info] Collision Exit 2D Event Invoked
[22:42:40.504] [info] Collision Exit 2D Event Invoked
[22:42:40.504] [info] Collision Exit 2D Event Invoked
[22:42:40.504] [info] Collision Exit 2D Event Invoked
[22:42:40.504] [info] Collision Exit 2D Event Invoked
[22:42:40.505] [info] Collision Exit 2D Event Invoked
[22:42:40.505] [info] Collision Exit 2D Event Invoked
[22:42:40.505] [info] Collision Exit 2D Event Invoked
[22:42:40.505] [info] Collision Exit 2D Event Invoked
[22:42:40.505] [info] Collision Exit 2D Event Invoked
[22:42:40.518] [error] Entity not found for ID: 0
[22:42:40.519] [error] Entity not found for ID: -39
[22:42:40.519] [error] Entity not found for ID: -40
[22:42:40.532] [error] Entity not found for ID: 0
[22:42:40.533] [error] Entity not found for ID: -39
[22:42:40.533] [error] Entity not found for ID: -40
[22:42:40.549] [error] Entity not found for ID: 0
[22:42:40.550] [error] Entity not found for ID: -39
[22:42:40.550] [error] Entity not found for ID: -40
[22:42:40.566] [error] Entity not found for ID: 0
[22:42:40.567] [error] Entity not found for ID: -39
[22:42:40.567] [error] Entity not found for ID: -40
[22:42:40.583] [error] Entity not found for ID: 0
[22:42:40.583] [error] Entity not found for ID: -39
[22:42:40.583] [error] Entity not found for ID: -40
[22:42:40.599] [error] Entity not found for ID: 0
[22:42:40.599] [error] Entity not found for ID: -39
[22:42:40.600] [error] Entity not found for ID: -40
[22:42:40.600] [info] Collision Enter 2D Event Invoked
[22:42:40.600] [info] Collision Enter 2D Event Invoked
[22:42:40.600] [info] Collision Enter 2D Event Invoked
[22:42:40.600] [info] Collision Enter 2D Event Invoked
[22:42:40.601] [info] Collision Enter 2D Event Invoked
[22:42:40.601] [info] Collision Enter 2D Event Invoked
[22:42:40.601] [info] Collision Enter 2D Event Invoked
[22:42:40.601] [info] Collision Enter 2D Event Invoked
[22:42:40.601] [info] Collision Enter 2D Event Invoked
[22:42:40.601] [info] Collision Enter 2D Event Invoked
[22:42:40.602] [info] Collision Enter 2D Event Invoked
[22:42:40.602] [info] Collision Enter 2D Event Invoked
[22:42:40.602] [info] Collision Enter 2D Event Invoked
[22:42:40.602] [info] Collision Enter 2D Event Invoked
[22:42:40.602] [info] Collision Enter 2D Event Invoked
[22:42:40.602] [info] Collision Enter 2D Event Invoked
[22:42:40.603] [info] Collision Enter 2D Event Invoked
[22:42:40.603] [info] Collision Enter 2D Event Invoked
[22:42:40.616] [error] Entity not found for ID: 0
[22:42:40.617] [error] Entity not found for ID: -39
[22:42:40.617] [error] Entity not found for ID: -40
[22:42:40.632] [error] Entity not found for ID: 0
[22:42:40.632] [error] Entity not found for ID: -39
[22:42:40.632] [error] Entity not found for ID: -40
[22:42:40.650] [error] Entity not found for ID: 0
[22:42:40.650] [error] Entity not found for ID: -39
[22:42:40.650] [error] Entity not found for ID: -40
[22:42:40.666] [error] Entity not found for ID: 0
[22:42:40.667] [error] Entity not found for ID: -39
[22:42:40.667] [error] Entity not found for ID: -40
[22:42:40.682] [error] Entity not found for ID: 0
[22:42:40.683] [error] Entity not found for ID: -39
[22:42:40.683] [error] Entity not found for ID: -40
[22:42:40.699] [error] Entity not found for ID: 0
[22:42:40.700] [error] Entity not found for ID: -39
[22:42:40.700] [error] Entity not found for ID: -40
[22:42:40.715] [error] Entity not found for ID: 0
[22:42:40.716] [error] Entity not found for ID: -39
[22:42:40.716] [error] Entity not found for ID: -40
[22:42:40.732] [error] Entity not found for ID: 0
[22:42:40.733] [error] Entity not found for ID: -39
[22:42:40.733] [error] Entity not found for ID: -40
[22:42:40.749] [error] Entity not found for ID: 0
[22:42:40.750] [error] Entity not found for ID: -39
[22:42:40.750] [error] Entity not found for ID: -40
[22:42:40.766] [error] Entity not found for ID: 0
[22:42:40.767] [error] Entity not found for ID: -39
[22:42:40.767] [error] Entity not found for ID: -40
[22:42:40.768] [info] Collision Enter 2D Event Invoked
[22:42:40.768] [info] Collision Enter 2D Event Invoked
[22:42:40.768] [info] Collision Enter 2D Event Invoked
[22:42:40.768] [info] Collision Enter 2D Event Invoked
[22:42:40.768] [info] Collision Enter 2D Event Invoked
[22:42:40.768] [info] Collision Enter 2D Event Invoked
[22:42:40.769] [info] Collision Enter 2D Event Invoked
[22:42:40.769] [info] Collision Enter 2D Event Invoked
[22:42:40.769] [info] Collision Enter 2D Event Invoked
[22:42:40.769] [info] Collision Enter 2D Event Invoked
[22:42:40.769] [info] Collision Enter 2D Event Invoked
[22:42:40.770] [info] Collision Enter 2D Event Invoked
[22:42:40.770] [info] Collision Enter 2D Event Invoked
[22:42:40.770] [info] Collision Enter 2D Event Invoked
[22:42:40.770] [info] Collision Enter 2D Event Invoked
[22:42:40.770] [info] Collision Enter 2D Event Invoked
[22:42:40.771] [info] Collision Enter 2D Event Invoked
[22:42:40.771] [info] Collision Enter 2D Event Invoked
[22:42:40.785] [error] Entity not found for ID: 0
[22:42:40.786] [error] Entity not found for ID: -39
[22:42:40.786] [error] Entity not found for ID: -40
[22:42:40.802] [error] Entity not found for ID: 0
[22:42:40.803] [error] Entity not found for ID: -39
[22:42:40.803] [error] Entity not found for ID: -40
[22:42:40.817] [error] Entity not found for ID: 0
[22:42:40.818] [error] Entity not found for ID: -39
[22:42:40.818] [error] Entity not found for ID: -40
[22:42:40.833] [error] Entity not found for ID: 0
[22:42:40.833] [error] Entity not found for ID: -39
[22:42:40.834] [error] Entity not found for ID: -40
[22:42:40.850] [error] Entity not found for ID: 0
[22:42:40.851] [error] Entity not found for ID: -39
[22:42:40.851] [error] Entity not found for ID: -40
[22:42:40.866] [error] Entity not found for ID: 0
[22:42:40.867] [error] Entity not found for ID: -39
[22:42:40.867] [error] Entity not found for ID: -40
[22:42:40.883] [error] Entity not found for ID: 0
[22:42:40.884] [error] Entity not found for ID: -39
[22:42:40.884] [error] Entity not found for ID: -40
[22:42:40.885] [info] Collision Enter 2D Event Invoked
[22:42:40.885] [info] Collision Enter 2D Event Invoked
[22:42:40.885] [info] Collision Enter 2D Event Invoked
[22:42:40.885] [info] Collision Enter 2D Event Invoked
[22:42:40.886] [info] Collision Enter 2D Event Invoked
[22:42:40.886] [info] Collision Enter 2D Event Invoked
[22:42:40.886] [info] Collision Enter 2D Event Invoked
[22:42:40.886] [info] Collision Enter 2D Event Invoked
[22:42:40.887] [info] Collision Enter 2D Event Invoked
[22:42:40.887] [info] Collision Enter 2D Event Invoked
[22:42:40.887] [info] Collision Enter 2D Event Invoked
[22:42:40.901] [error] Entity not found for ID: 0
[22:42:40.902] [error] Entity not found for ID: -39
[22:42:40.902] [error] Entity not found for ID: -40
[22:42:40.916] [error] Entity not found for ID: 0
[22:42:40.917] [info] [SOURCE_DETECTOR] C# requested CreateEntity: Prefab = MorayEel
[22:42:40.917] [info] [SOURCE_DETECTOR] Engine creating Entity (Internal)
[22:42:40.917] [info] [CPP ECS] FromJson - Adding component 'Transform' to entity 'MorayEel'
[22:42:40.917] [info] [CPP ECS] FromJson - Adding component 'CircleCollider' to entity 'MorayEel'
[22:42:40.918] [info] [CPP ECS] FromJson - Adding component 'Variables' to entity 'MorayEel'
[22:42:40.918] [info] [CPP ECS] FromJson - Adding component 'Script' to entity 'MorayEel'
[22:42:40.918] [info] [CPP ECS] FromJson - Adding component 'SpriteRenderer' to entity 'MorayEel'
[22:42:40.918] [info] [CPP ECS] FromJson - Adding component 'Rigidbody2D' to entity 'MorayEel'
[22:42:40.919] [error] Entity not found for ID: -39
[22:42:40.919] [error] Entity not found for ID: -40
[22:42:40.919] [info] Collision Enter 2D Event Invoked
[22:42:40.920] [info] Collision Enter 2D Event Invoked
[22:42:40.920] [info] Collision Enter 2D Event Invoked
[22:42:40.920] [info] Collision Enter 2D Event Invoked
[22:42:40.933] [info] [MonoDbg] AddEntityToScript - Instantiating and adding script: SpriteAnimation to Entity ID: -38
[22:42:40.934] [info] [SetScriptVars] OK setting fields for: SpriteAnimation
[22:42:40.934] [info] [MonoDbg] AddEntityToScript - Syncing serialized fields for script: SpriteAnimation
[22:42:40.934] [info] [SetScriptVars] OK setting fields for: SpriteAnimation
[22:42:40.934] [info] [MonoDbg] AddEntityToScript - Instantiating and adding script: MorayEelSpawnMove to Entity ID: -38
[22:42:40.935] [info] [SetScriptVars] OK setting fields for: MorayEelSpawnMove
[22:42:40.935] [info] [MonoDbg] AddEntityToScript - Syncing serialized fields for script: MorayEelSpawnMove
[22:42:40.935] [info] [SetScriptVars] OK setting fields for: MorayEelSpawnMove
[22:42:40.935] [info] [MonoDbg] AddEntityToScript - Instantiating and adding script: ChaseController to Entity ID: -38
[22:42:40.935] [info] [SetScriptVars] OK setting fields for: ChaseController
[22:42:40.935] [info] [MonoDbg] AddEntityToScript - Syncing serialized fields for script: ChaseController
[22:42:40.936] [info] [SetScriptVars] OK setting fields for: ChaseController
[22:42:40.936] [info] [MonoDbg] AddEntityToScript - Instantiating and adding script: ChaseAnimation to Entity ID: -38
[22:42:40.936] [info] [SetScriptVars] OK setting fields for: ChaseAnimation
[22:42:40.936] [info] [MonoDbg] AddEntityToScript - Syncing serialized fields for script: ChaseAnimation
[22:42:40.936] [info] [SetScriptVars] OK setting fields for: ChaseAnimation
[22:42:40.936] [info] [MonoDbg] AddEntityToScript - Instantiating and adding script: SmallFryChaseMove to Entity ID: -38
[22:42:40.937] [info] [SetScriptVars] OK setting fields for: SmallFryChaseMove
[22:42:40.937] [info] [MonoDbg] AddEntityToScript - Syncing serialized fields for script: SmallFryChaseMove
[22:42:40.937] [info] [SetScriptVars] OK setting fields for: SmallFryChaseMove
[22:42:40.937] [info] [MonoDbg] AddEntityToScript - Instantiating and adding script: TargetFacingFlip to Entity ID: -38
[22:42:40.937] [info] [SetScriptVars] OK setting fields for: TargetFacingFlip
[22:42:40.937] [info] [MonoDbg] AddEntityToScript - Syncing serialized fields for script: TargetFacingFlip
[22:42:40.938] [info] [SetScriptVars] OK setting fields for: TargetFacingFlip
[22:42:40.938] [info] [MonoDbg] AddEntityToScript - Instantiating and adding script: MorayEel to Entity ID: -38
[22:42:40.938] [info] [SetScriptVars] OK setting fields for: MorayEel
[22:42:40.938] [info] [MonoDbg] AddEntityToScript - Syncing serialized fields for script: MorayEel
[22:42:40.938] [info] [SetScriptVars] OK setting fields for: MorayEel
[22:42:40.939] [info] [MonoDbg] AddEntityToScript - Instantiating and adding script: HP to Entity ID: -38
[22:42:40.939] [info] [SetScriptVars] OK setting fields for: HP
[22:42:40.939] [info] [MonoDbg] AddEntityToScript - Syncing serialized fields for script: HP
[22:42:40.939] [info] [SetScriptVars] OK setting fields for: HP
[22:42:40.939] [info] [MonoDbg] AddEntityToScript - Instantiating and adding script: DespawnTimer to Entity ID: -38
[22:42:40.939] [info] [SetScriptVars] OK setting fields for: DespawnTimer
[22:42:40.940] [info] [MonoDbg] AddEntityToScript - Syncing serialized fields for script: DespawnTimer
[22:42:40.940] [info] [SetScriptVars] OK setting fields for: DespawnTimer
[22:42:40.940] [info] [MonoDbg] AddEntityToScript - Instantiating and adding script: ExpDropper to Entity ID: -38
[22:42:40.940] [info] [SetScriptVars] OK setting fields for: ExpDropper
[22:42:40.940] [info] [MonoDbg] AddEntityToScript - Syncing serialized fields for script: ExpDropper
[22:42:40.940] [info] [SetScriptVars] OK setting fields for: ExpDropper
[22:42:40.941] [info] [MonoDbg] AddEntityToScript - Instantiating and adding script: ParticleOffset to Entity ID: -38
[22:42:40.941] [info] [SetScriptVars] OK setting fields for: ParticleOffset
[22:42:40.941] [info] [MonoDbg] AddEntityToScript - Syncing serialized fields for script: ParticleOffset
[22:42:40.941] [info] [SetScriptVars] OK setting fields for: ParticleOffset
[22:42:40.941] [info] [MonoDbg] AddEntityToScript - Instantiating and adding script: AttackCollision to Entity ID: -38
[22:42:40.941] [info] [SetScriptVars] OK setting fields for: AttackCollision
[22:42:40.941] [info] [MonoDbg] AddEntityToScript - Syncing serialized fields for script: AttackCollision
[22:42:40.942] [info] [SetScriptVars] OK setting fields for: AttackCollision
[22:42:40.942] [info] [MonoDbg] AddEntityToScript - Instantiating and adding script: FlashOnDamaged to Entity ID: -38
[22:42:40.942] [info] [SetScriptVars] OK setting fields for: FlashOnDamaged
[22:42:40.942] [info] [MonoDbg] AddEntityToScript - Syncing serialized fields for script: FlashOnDamaged
[22:42:40.942] [info] [SetScriptVars] OK setting fields for: FlashOnDamaged
[22:42:40.942] [info] [MonoDbg] AddEntityToScript - Instantiating and adding script: ShakeSelfOnDamaged to Entity ID: -38
[22:42:40.943] [info] [SetScriptVars] OK setting fields for: ShakeSelfOnDamaged
[22:42:40.943] [info] [MonoDbg] AddEntityToScript - Syncing serialized fields for script: ShakeSelfOnDamaged
[22:42:40.943] [info] [SetScriptVars] OK setting fields for: ShakeSelfOnDamaged
[22:42:40.943] [info] [SOURCE_DETECTOR] C# requested CreateEntity: Prefab = enemySwimParticle
[22:42:40.943] [info] [SOURCE_DETECTOR] Engine creating Entity (Internal)
[22:42:40.944] [info] [CPP ECS] FromJson - Adding component 'Transform' to entity 'enemySwimParticle'
[22:42:40.944] [info] [CPP ECS] FromJson - Adding component 'Variables' to entity 'enemySwimParticle'
[22:42:40.944] [info] [CPP ECS] FromJson - Adding component 'ParticleSystem2D' to entity 'enemySwimParticle'
[22:42:40.944] [error] Entity not found for ID: 0
[22:42:40.945] [error] Entity not found for ID: -40
[22:42:40.959] [error] Entity not found for ID: 0
[22:42:40.960] [error] Entity not found for ID: -40
[22:42:40.975] [error] Entity not found for ID: 0
[22:42:40.976] [error] Entity not found for ID: -40
[22:42:40.991] [error] Entity not found for ID: 0
[22:42:40.991] [error] Entity not found for ID: -40
[22:42:41.006] [error] Entity not found for ID: 0
[22:42:41.007] [error] Entity not found for ID: -40
[22:42:41.022] [error] Entity not found for ID: 0
[22:42:41.022] [error] Entity not found for ID: -40
[22:42:41.037] [error] Entity not found for ID: 0
[22:42:41.038] [error] Entity not found for ID: -40
[22:42:41.052] [error] Entity not found for ID: 0
[22:42:41.053] [error] Entity not found for ID: -40
[22:42:41.067] [error] Entity not found for ID: 0
[22:42:41.068] [error] Entity not found for ID: -40
[22:42:41.083] [error] Entity not found for ID: 0
[22:42:41.084] [error] Entity not found for ID: -40
[22:42:41.099] [error] Entity not found for ID: 0
[22:42:41.100] [error] Entity not found for ID: -40
[22:42:41.115] [error] Entity not found for ID: 0
[22:42:41.116] [error] Entity not found for ID: -40
[22:42:41.132] [error] Entity not found for ID: 0
[22:42:41.133] [error] Entity not found for ID: -40
[22:42:41.149] [error] Entity not found for ID: 0
[22:42:41.150] [error] Entity not found for ID: -40
[22:42:41.166] [error] Entity not found for ID: 0
[22:42:41.167] [error] Entity not found for ID: -40
[22:42:41.183] [error] Entity not found for ID: 0
[22:42:41.183] [error] Entity not found for ID: -40
[22:42:41.199] [error] Entity not found for ID: 0
[22:42:41.199] [error] Entity not found for ID: -40
[22:42:41.216] [error] Entity not found for ID: 0
[22:42:41.217] [error] Entity not found for ID: -40
[22:42:41.232] [error] Entity not found for ID: 0
[22:42:41.233] [error] Entity not found for ID: -40
[22:42:41.249] [error] Entity not found for ID: 0
[22:42:41.250] [error] Entity not found for ID: -40
[22:42:41.266] [error] Entity not found for ID: 0
[22:42:41.267] [error] Entity not found for ID: -40
[22:42:41.282] [error] Entity not found for ID: 0
[22:42:41.283] [error] Entity not found for ID: -40
[22:42:41.299] [error] Entity not found for ID: 0
[22:42:41.299] [error] Entity not found for ID: -40
[22:42:41.316] [error] Entity not found for ID: 0
[22:42:41.316] [error] Entity not found for ID: -40
[22:42:41.332] [error] Entity not found for ID: 0
[22:42:41.333] [error] Entity not found for ID: -40
[22:42:41.349] [error] Entity not found for ID: 0
[22:42:41.350] [info] [SOURCE_DETECTOR] C# requested CreateEntity: Prefab = MorayEel
[22:42:41.350] [info] [SOURCE_DETECTOR] Engine creating Entity (Internal)
[22:42:41.350] [info] [CPP ECS] FromJson - Adding component 'Transform' to entity 'MorayEel'
[22:42:41.350] [info] [CPP ECS] FromJson - Adding component 'CircleCollider' to entity 'MorayEel'
[22:42:41.350] [info] [CPP ECS] FromJson - Adding component 'Variables' to entity 'MorayEel'
[22:42:41.351] [info] [CPP ECS] FromJson - Adding component 'Script' to entity 'MorayEel'
[22:42:41.351] [info] [CPP ECS] FromJson - Adding component 'SpriteRenderer' to entity 'MorayEel'
[22:42:41.351] [info] [CPP ECS] FromJson - Adding component 'Rigidbody2D' to entity 'MorayEel'
[22:42:41.351] [info] Script MorayEelSpawnMove found for Entity ID: -40
[22:42:41.351] [info] [SetScriptVars] OK setting fields for: MorayEelSpawnMove
[22:42:41.366] [info] [MonoDbg] AddEntityToScript - Instantiating and adding script: SpriteAnimation to Entity ID: -40
[22:42:41.367] [info] [SetScriptVars] OK setting fields for: SpriteAnimation
[22:42:41.367] [info] [MonoDbg] AddEntityToScript - Syncing serialized fields for script: SpriteAnimation
[22:42:41.367] [info] [SetScriptVars] OK setting fields for: SpriteAnimation
[22:42:41.367] [info] [MonoDbg] AddEntityToScript - Instantiating and adding script: MorayEelSpawnMove to Entity ID: -40
[22:42:41.367] [info] [MonoDbg] AddEntityToScript - Syncing serialized fields for script: MorayEelSpawnMove
[22:42:41.367] [info] [SetScriptVars] OK setting fields for: MorayEelSpawnMove
[22:42:41.367] [info] [MonoDbg] AddEntityToScript - Instantiating and adding script: ChaseController to Entity ID: -40
[22:42:41.368] [info] [SetScriptVars] OK setting fields for: ChaseController
[22:42:41.368] [info] [MonoDbg] AddEntityToScript - Syncing serialized fields for script: ChaseController
[22:42:41.368] [info] [SetScriptVars] OK setting fields for: ChaseController
[22:42:41.368] [info] [MonoDbg] AddEntityToScript - Instantiating and adding script: ChaseAnimation to Entity ID: -40
[22:42:41.368] [info] [SetScriptVars] OK setting fields for: ChaseAnimation
[22:42:41.369] [info] [MonoDbg] AddEntityToScript - Syncing serialized fields for script: ChaseAnimation
[22:42:41.369] [info] [SetScriptVars] OK setting fields for: ChaseAnimation
[22:42:41.369] [info] [MonoDbg] AddEntityToScript - Instantiating and adding script: SmallFryChaseMove to Entity ID: -40
[22:42:41.369] [info] [SetScriptVars] OK setting fields for: SmallFryChaseMove
[22:42:41.369] [info] [MonoDbg] AddEntityToScript - Syncing serialized fields for script: SmallFryChaseMove
[22:42:41.369] [info] [SetScriptVars] OK setting fields for: SmallFryChaseMove
[22:42:41.370] [info] [MonoDbg] AddEntityToScript - Instantiating and adding script: TargetFacingFlip to Entity ID: -40
[22:42:41.370] [info] [SetScriptVars] OK setting fields for: TargetFacingFlip
[22:42:41.370] [info] [MonoDbg] AddEntityToScript - Syncing serialized fields for script: TargetFacingFlip
[22:42:41.370] [info] [SetScriptVars] OK setting fields for: TargetFacingFlip
[22:42:41.370] [info] [MonoDbg] AddEntityToScript - Instantiating and adding script: MorayEel to Entity ID: -40
[22:42:41.370] [info] [SetScriptVars] OK setting fields for: MorayEel
[22:42:41.370] [info] [MonoDbg] AddEntityToScript - Syncing serialized fields for script: MorayEel
[22:42:41.371] [info] [SetScriptVars] OK setting fields for: MorayEel
[22:42:41.371] [info] [MonoDbg] AddEntityToScript - Instantiating and adding script: HP to Entity ID: -40
[22:42:41.371] [info] [SetScriptVars] OK setting fields for: HP
[22:42:41.371] [info] [MonoDbg] AddEntityToScript - Syncing serialized fields for script: HP
[22:42:41.371] [info] [SetScriptVars] OK setting fields for: HP
[22:42:41.372] [info] [MonoDbg] AddEntityToScript - Instantiating and adding script: DespawnTimer to Entity ID: -40
[22:42:41.372] [info] [SetScriptVars] OK setting fields for: DespawnTimer
[22:42:41.372] [info] [MonoDbg] AddEntityToScript - Syncing serialized fields for script: DespawnTimer
[22:42:41.372] [info] [SetScriptVars] OK setting fields for: DespawnTimer
[22:42:41.372] [info] [MonoDbg] AddEntityToScript - Instantiating and adding script: ExpDropper to Entity ID: -40
[22:42:41.372] [info] [SetScriptVars] OK setting fields for: ExpDropper
[22:42:41.373] [info] [MonoDbg] AddEntityToScript - Syncing serialized fields for script: ExpDropper
[22:42:41.373] [info] [SetScriptVars] OK setting fields for: ExpDropper
[22:42:41.373] [info] [MonoDbg] AddEntityToScript - Instantiating and adding script: ParticleOffset to Entity ID: -40
[22:42:41.373] [info] [SetScriptVars] OK setting fields for: ParticleOffset
[22:42:41.373] [info] [MonoDbg] AddEntityToScript - Syncing serialized fields for script: ParticleOffset
[22:42:41.374] [info] [SetScriptVars] OK setting fields for: ParticleOffset
[22:42:41.374] [info] [MonoDbg] AddEntityToScript - Instantiating and adding script: AttackCollision to Entity ID: -40
[22:42:41.374] [info] [SetScriptVars] OK setting fields for: AttackCollision
[22:42:41.374] [info] [MonoDbg] AddEntityToScript - Syncing serialized fields for script: AttackCollision
[22:42:41.374] [info] [SetScriptVars] OK setting fields for: AttackCollision
[22:42:41.374] [info] [MonoDbg] AddEntityToScript - Instantiating and adding script: FlashOnDamaged to Entity ID: -40
[22:42:41.374] [info] [SetScriptVars] OK setting fields for: FlashOnDamaged
[22:42:41.375] [info] [MonoDbg] AddEntityToScript - Syncing serialized fields for script: FlashOnDamaged
[22:42:41.375] [info] [SetScriptVars] OK setting fields for: FlashOnDamaged
[22:42:41.375] [info] [MonoDbg] AddEntityToScript - Instantiating and adding script: ShakeSelfOnDamaged to Entity ID: -40
[22:42:41.375] [info] [SetScriptVars] OK setting fields for: ShakeSelfOnDamaged
[22:42:41.375] [info] [MonoDbg] AddEntityToScript - Syncing serialized fields for script: ShakeSelfOnDamaged
[22:42:41.375] [info] [SetScriptVars] OK setting fields for: ShakeSelfOnDamaged
[22:42:41.376] [error] Entity not found for ID: 0
[22:42:41.376] [info] [SOURCE_DETECTOR] C# requested CreateEntity: Prefab = MorayEel
[22:42:41.377] [info] [SOURCE_DETECTOR] Engine creating Entity (Internal)
[22:42:41.377] [info] [CPP ECS] FromJson - Adding component 'Transform' to entity 'MorayEel'
[22:42:41.377] [info] [CPP ECS] FromJson - Adding component 'CircleCollider' to entity 'MorayEel'
[22:42:41.377] [info] [CPP ECS] FromJson - Adding component 'Variables' to entity 'MorayEel'
[22:42:41.377] [info] [CPP ECS] FromJson - Adding component 'Script' to entity 'MorayEel'
[22:42:41.378] [info] [CPP ECS] FromJson - Adding component 'SpriteRenderer' to entity 'MorayEel'
[22:42:41.378] [info] [CPP ECS] FromJson - Adding component 'Rigidbody2D' to entity 'MorayEel'
[22:42:41.378] [info] Script MorayEelSpawnMove found for Entity ID: -9
[22:42:41.378] [info] [SetScriptVars] OK setting fields for: MorayEelSpawnMove
[22:42:41.379] [info] Collision Enter 2D Event Invoked
[22:42:41.379] [info] Collision Enter 2D Event Invoked
[22:42:41.379] [info] Collision Enter 2D Event Invoked
[22:42:41.379] [info] Collision Enter 2D Event Invoked
[22:42:41.380] [info] Collision Enter 2D Event Invoked
[22:42:41.394] [info] [MonoDbg] AddEntityToScript - Instantiating and adding script: SpriteAnimation to Entity ID: -9
[22:42:41.394] [info] [SetScriptVars] OK setting fields for: SpriteAnimation
[22:42:41.395] [info] [MonoDbg] AddEntityToScript - Syncing serialized fields for script: SpriteAnimation
[22:42:41.395] [info] [SetScriptVars] OK setting fields for: SpriteAnimation
[22:42:41.395] [info] [MonoDbg] AddEntityToScript - Instantiating and adding script: MorayEelSpawnMove to Entity ID: -9
[22:42:41.395] [info] [MonoDbg] AddEntityToScript - Syncing serialized fields for script: MorayEelSpawnMove
[22:42:41.395] [info] [SetScriptVars] OK setting fields for: MorayEelSpawnMove
[22:42:41.395] [info] [MonoDbg] AddEntityToScript - Instantiating and adding script: ChaseController to Entity ID: -9
[22:42:41.395] [info] [SetScriptVars] OK setting fields for: ChaseController
[22:42:41.396] [info] [MonoDbg] AddEntityToScript - Syncing serialized fields for script: ChaseController
[22:42:41.396] [info] [SetScriptVars] OK setting fields for: ChaseController
[22:42:41.396] [info] [MonoDbg] AddEntityToScript - Instantiating and adding script: ChaseAnimation to Entity ID: -9
[22:42:41.396] [info] [SetScriptVars] OK setting fields for: ChaseAnimation
[22:42:41.396] [info] [MonoDbg] AddEntityToScript - Syncing serialized fields for script: ChaseAnimation
[22:42:41.397] [info] [SetScriptVars] OK setting fields for: ChaseAnimation
[22:42:41.397] [info] [MonoDbg] AddEntityToScript - Instantiating and adding script: SmallFryChaseMove to Entity ID: -9
[22:42:41.397] [info] [SetScriptVars] OK setting fields for: SmallFryChaseMove
[22:42:41.397] [info] [MonoDbg] AddEntityToScript - Syncing serialized fields for script: SmallFryChaseMove
[22:42:41.397] [info] [SetScriptVars] OK setting fields for: SmallFryChaseMove
[22:42:41.397] [info] [MonoDbg] AddEntityToScript - Instantiating and adding script: TargetFacingFlip to Entity ID: -9
[22:42:41.398] [info] [SetScriptVars] OK setting fields for: TargetFacingFlip
[22:42:41.398] [info] [MonoDbg] AddEntityToScript - Syncing serialized fields for script: TargetFacingFlip
[22:42:41.398] [info] [SetScriptVars] OK setting fields for: TargetFacingFlip
[22:42:41.398] [info] [MonoDbg] AddEntityToScript - Instantiating and adding script: MorayEel to Entity ID: -9
[22:42:41.398] [info] [SetScriptVars] OK setting fields for: MorayEel
[22:42:41.399] [info] [MonoDbg] AddEntityToScript - Syncing serialized fields for script: MorayEel
[22:42:41.399] [info] [SetScriptVars] OK setting fields for: MorayEel
[22:42:41.399] [info] [MonoDbg] AddEntityToScript - Instantiating and adding script: HP to Entity ID: -9
[22:42:41.399] [info] [SetScriptVars] OK setting fields for: HP
[22:42:41.399] [info] [MonoDbg] AddEntityToScript - Syncing serialized fields for script: HP
[22:42:41.399] [info] [SetScriptVars] OK setting fields for: HP
[22:42:41.399] [info] [MonoDbg] AddEntityToScript - Instantiating and adding script: DespawnTimer to Entity ID: -9
[22:42:41.400] [info] [SetScriptVars] OK setting fields for: DespawnTimer
[22:42:41.400] [info] [MonoDbg] AddEntityToScript - Syncing serialized fields for script: DespawnTimer
[22:42:41.400] [info] [SetScriptVars] OK setting fields for: DespawnTimer
[22:42:41.400] [info] [MonoDbg] AddEntityToScript - Instantiating and adding script: ExpDropper to Entity ID: -9
[22:42:41.400] [info] [SetScriptVars] OK setting fields for: ExpDropper
[22:42:41.401] [info] [MonoDbg] AddEntityToScript - Syncing serialized fields for script: ExpDropper
[22:42:41.401] [info] [SetScriptVars] OK setting fields for: ExpDropper
[22:42:41.401] [info] [MonoDbg] AddEntityToScript - Instantiating and adding script: ParticleOffset to Entity ID: -9
[22:42:41.401] [info] [SetScriptVars] OK setting fields for: ParticleOffset
[22:42:41.401] [info] [MonoDbg] AddEntityToScript - Syncing serialized fields for script: ParticleOffset
[22:42:41.401] [info] [SetScriptVars] OK setting fields for: ParticleOffset
[22:42:41.402] [info] [MonoDbg] AddEntityToScript - Instantiating and adding script: AttackCollision to Entity ID: -9
[22:42:41.402] [info] [SetScriptVars] OK setting fields for: AttackCollision
[22:42:41.402] [info] [MonoDbg] AddEntityToScript - Syncing serialized fields for script: AttackCollision
[22:42:41.402] [info] [SetScriptVars] OK setting fields for: AttackCollision
[22:42:41.402] [info] [MonoDbg] AddEntityToScript - Instantiating and adding script: FlashOnDamaged to Entity ID: -9
[22:42:41.403] [info] [SetScriptVars] OK setting fields for: FlashOnDamaged
[22:42:41.403] [info] [MonoDbg] AddEntityToScript - Syncing serialized fields for script: FlashOnDamaged
[22:42:41.403] [info] [SetScriptVars] OK setting fields for: FlashOnDamaged
[22:42:41.403] [info] [MonoDbg] AddEntityToScript - Instantiating and adding script: ShakeSelfOnDamaged to Entity ID: -9
[22:42:41.403] [info] [SetScriptVars] OK setting fields for: ShakeSelfOnDamaged
[22:42:41.403] [info] [MonoDbg] AddEntityToScript - Syncing serialized fields for script: ShakeSelfOnDamaged
[22:42:41.403] [info] [SetScriptVars] OK setting fields for: ShakeSelfOnDamaged
[22:42:41.404] [info] [SOURCE_DETECTOR] C# requested CreateEntity: Prefab = enemySwimParticle
[22:42:41.404] [info] [SOURCE_DETECTOR] Engine creating Entity (Internal)
[22:42:41.404] [info] [CPP ECS] FromJson - Adding component 'Transform' to entity 'enemySwimParticle'
[22:42:41.404] [info] [CPP ECS] FromJson - Adding component 'Variables' to entity 'enemySwimParticle'
[22:42:41.405] [info] [CPP ECS] FromJson - Adding component 'ParticleSystem2D' to entity 'enemySwimParticle'
[22:42:41.405] [error] Entity not found for ID: 0
[22:42:41.420] [error] Entity not found for ID: 0
[22:42:41.435] [error] Entity not found for ID: 0
[22:42:41.450] [error] Entity not found for ID: 0
[22:42:41.466] [error] Entity not found for ID: 0
[22:42:41.482] [error] Entity not found for ID: 0
[22:42:41.498] [error] Entity not found for ID: 0
[22:42:41.514] [error] Entity not found for ID: 0
[22:42:41.529] [error] Entity not found for ID: 0
[22:42:41.545] [error] Entity not found for ID: 0
[22:42:41.561] [error] Entity not found for ID: 0
[22:42:41.561] [info] Collision Enter 2D Event Invoked
[22:42:41.562] [info] Collision Enter 2D Event Invoked
[22:42:41.562] [info] Collision Enter 2D Event Invoked
[22:42:41.562] [info] Collision Enter 2D Event Invoked
[22:42:41.562] [info] Collision Enter 2D Event Invoked
[22:42:41.562] [info] Collision Enter 2D Event Invoked
[22:42:41.563] [info] Collision Enter 2D Event Invoked
[22:42:41.563] [info] Collision Enter 2D Event Invoked
[22:42:41.563] [info] Collision Enter 2D Event Invoked
[22:42:41.563] [info] Collision Enter 2D Event Invoked
[22:42:41.563] [info] Collision Enter 2D Event Invoked
[22:42:41.563] [info] Collision Enter 2D Event Invoked
[22:42:41.563] [info] Collision Enter 2D Event Invoked
[22:42:41.564] [info] Collision Enter 2D Event Invoked
[22:42:41.564] [info] Collision Enter 2D Event Invoked
[22:42:41.564] [info] Collision Enter 2D Event Invoked
[22:42:41.564] [info] Collision Enter 2D Event Invoked
[22:42:41.564] [info] Collision Enter 2D Event Invoked
[22:42:41.579] [error] Entity not found for ID: 0
[22:42:41.594] [error] Entity not found for ID: 0
[22:42:41.609] [error] Entity not found for ID: 0
[22:42:41.625] [error] Entity not found for ID: 0
[22:42:41.643] [error] Entity not found for ID: 0
[22:42:41.660] [info] [SOURCE_DETECTOR] C# requested CreateEntity: Prefab = playerDashParticle
[22:42:41.660] [info] [SOURCE_DETECTOR] Engine creating Entity (Internal)
[22:42:41.660] [info] [CPP ECS] FromJson - Adding component 'Transform' to entity 'playerDashParticle'
[22:42:41.660] [info] [CPP ECS] FromJson - Adding component 'Variables' to entity 'playerDashParticle'
[22:42:41.660] [info] [CPP ECS] FromJson - Adding component 'ParticleSystem2D' to entity 'playerDashParticle'
[22:42:41.661] [error] Entity not found for ID: 0
[22:42:41.677] [error] Entity not found for ID: 0
[22:42:41.692] [error] Entity not found for ID: 0
[22:42:41.710] [error] Entity not found for ID: 0
[22:42:41.725] [error] Entity not found for ID: 0
[22:42:41.741] [error] Entity not found for ID: 0
[22:42:41.757] [error] Entity not found for ID: 0
[22:42:41.772] [error] Entity not found for ID: 0
[22:42:41.789] [error] Entity not found for ID: 0
[22:42:41.805] [error] Entity not found for ID: 0
[22:42:41.821] [error] Entity not found for ID: 0
[22:42:41.837] [error] Entity not found for ID: 0
[22:42:41.853] [error] Entity not found for ID: 0
[22:42:41.869] [error] Entity not found for ID: 0
[22:42:41.885] [error] Entity not found for ID: 0
[22:42:41.901] [error] Entity not found for ID: 0
[22:42:41.918] [error] Entity not found for ID: 0
[22:42:41.918] [info] [SOURCE_DETECTOR] C# requested CreateEntity: Prefab = MorayEel
[22:42:41.918] [info] [SOURCE_DETECTOR] Engine creating Entity (Internal)
[22:42:41.918] [info] [CPP ECS] FromJson - Adding component 'Transform' to entity 'MorayEel'
[22:42:41.919] [info] [CPP ECS] FromJson - Adding component 'CircleCollider' to entity 'MorayEel'
[22:42:41.919] [info] [CPP ECS] FromJson - Adding component 'Variables' to entity 'MorayEel'
[22:42:41.919] [info] [CPP ECS] FromJson - Adding component 'Script' to entity 'MorayEel'
[22:42:41.919] [info] [CPP ECS] FromJson - Adding component 'SpriteRenderer' to entity 'MorayEel'
[22:42:41.919] [info] [CPP ECS] FromJson - Adding component 'Rigidbody2D' to entity 'MorayEel'
[22:42:41.920] [info] Collision Enter 2D Event Invoked
[22:42:41.921] [info] Collision Enter 2D Event Invoked
[22:42:41.921] [info] Collision Enter 2D Event Invoked
[22:42:41.921] [info] Collision Enter 2D Event Invoked
[22:42:41.936] [info] [MonoDbg] AddEntityToScript - Instantiating and adding script: SpriteAnimation to Entity ID: -32
[22:42:41.936] [info] [SetScriptVars] OK setting fields for: SpriteAnimation
[22:42:41.936] [info] [MonoDbg] AddEntityToScript - Syncing serialized fields for script: SpriteAnimation
[22:42:41.936] [info] [SetScriptVars] OK setting fields for: SpriteAnimation
[22:42:41.936] [info] [MonoDbg] AddEntityToScript - Instantiating and adding script: MorayEelSpawnMove to Entity ID: -32
[22:42:41.937] [info] [SetScriptVars] OK setting fields for: MorayEelSpawnMove
[22:42:41.937] [info] [MonoDbg] AddEntityToScript - Syncing serialized fields for script: MorayEelSpawnMove
[22:42:41.937] [info] [SetScriptVars] OK setting fields for: MorayEelSpawnMove
[22:42:41.937] [info] [MonoDbg] AddEntityToScript - Instantiating and adding script: ChaseController to Entity ID: -32
[22:42:41.938] [info] [SetScriptVars] OK setting fields for: ChaseController
[22:42:41.938] [info] [MonoDbg] AddEntityToScript - Syncing serialized fields for script: ChaseController
[22:42:41.938] [info] [SetScriptVars] OK setting fields for: ChaseController
[22:42:41.938] [info] [MonoDbg] AddEntityToScript - Instantiating and adding script: ChaseAnimation to Entity ID: -32
[22:42:41.938] [info] [SetScriptVars] OK setting fields for: ChaseAnimation
[22:42:41.938] [info] [MonoDbg] AddEntityToScript - Syncing serialized fields for script: ChaseAnimation
[22:42:41.939] [info] [SetScriptVars] OK setting fields for: ChaseAnimation
[22:42:41.939] [info] [MonoDbg] AddEntityToScript - Instantiating and adding script: SmallFryChaseMove to Entity ID: -32
[22:42:41.939] [info] [SetScriptVars] OK setting fields for: SmallFryChaseMove
[22:42:41.939] [info] [MonoDbg] AddEntityToScript - Syncing serialized fields for script: SmallFryChaseMove
[22:42:41.939] [info] [SetScriptVars] OK setting fields for: SmallFryChaseMove
[22:42:41.939] [info] [MonoDbg] AddEntityToScript - Instantiating and adding script: TargetFacingFlip to Entity ID: -32
[22:42:41.940] [info] [SetScriptVars] OK setting fields for: TargetFacingFlip
[22:42:41.940] [info] [MonoDbg] AddEntityToScript - Syncing serialized fields for script: TargetFacingFlip
[22:42:41.940] [info] [SetScriptVars] OK setting fields for: TargetFacingFlip
[22:42:41.940] [info] [MonoDbg] AddEntityToScript - Instantiating and adding script: MorayEel to Entity ID: -32
[22:42:41.940] [info] [SetScriptVars] OK setting fields for: MorayEel
[22:42:41.940] [info] [MonoDbg] AddEntityToScript - Syncing serialized fields for script: MorayEel
[22:42:41.941] [info] [SetScriptVars] OK setting fields for: MorayEel
[22:42:41.941] [info] [MonoDbg] AddEntityToScript - Instantiating and adding script: HP to Entity ID: -32
[22:42:41.941] [info] [SetScriptVars] OK setting fields for: HP
[22:42:41.941] [info] [MonoDbg] AddEntityToScript - Syncing serialized fields for script: HP
[22:42:41.941] [info] [SetScriptVars] OK setting fields for: HP
[22:42:41.942] [info] [MonoDbg] AddEntityToScript - Instantiating and adding script: DespawnTimer to Entity ID: -32
[22:42:41.942] [info] [SetScriptVars] OK setting fields for: DespawnTimer
[22:42:41.942] [info] [MonoDbg] AddEntityToScript - Syncing serialized fields for script: DespawnTimer
[22:42:41.942] [info] [SetScriptVars] OK setting fields for: DespawnTimer
[22:42:41.942] [info] [MonoDbg] AddEntityToScript - Instantiating and adding script: ExpDropper to Entity ID: -32
[22:42:41.942] [info] [SetScriptVars] OK setting fields for: ExpDropper
[22:42:41.942] [info] [MonoDbg] AddEntityToScript - Syncing serialized fields for script: ExpDropper
[22:42:41.943] [info] [SetScriptVars] OK setting fields for: ExpDropper
[22:42:41.943] [info] [MonoDbg] AddEntityToScript - Instantiating and adding script: ParticleOffset to Entity ID: -32
[22:42:41.943] [info] [SetScriptVars] OK setting fields for: ParticleOffset
[22:42:41.943] [info] [MonoDbg] AddEntityToScript - Syncing serialized fields for script: ParticleOffset
[22:42:41.943] [info] [SetScriptVars] OK setting fields for: ParticleOffset
[22:42:41.943] [info] [MonoDbg] AddEntityToScript - Instantiating and adding script: AttackCollision to Entity ID: -32
[22:42:41.944] [info] [SetScriptVars] OK setting fields for: AttackCollision
[22:42:41.944] [info] [MonoDbg] AddEntityToScript - Syncing serialized fields for script: AttackCollision
[22:42:41.944] [info] [SetScriptVars] OK setting fields for: AttackCollision
[22:42:41.944] [info] [MonoDbg] AddEntityToScript - Instantiating and adding script: FlashOnDamaged to Entity ID: -32
[22:42:41.944] [info] [SetScriptVars] OK setting fields for: FlashOnDamaged
[22:42:41.944] [info] [MonoDbg] AddEntityToScript - Syncing serialized fields for script: FlashOnDamaged
[22:42:41.945] [info] [SetScriptVars] OK setting fields for: FlashOnDamaged
[22:42:41.945] [info] [MonoDbg] AddEntityToScript - Instantiating and adding script: ShakeSelfOnDamaged to Entity ID: -32
[22:42:41.945] [info] [SetScriptVars] OK setting fields for: ShakeSelfOnDamaged
[22:42:41.945] [info] [MonoDbg] AddEntityToScript - Syncing serialized fields for script: ShakeSelfOnDamaged
[22:42:41.945] [info] [SetScriptVars] OK setting fields for: ShakeSelfOnDamaged
[22:42:41.946] [info] [SOURCE_DETECTOR] C# requested CreateEntity: Prefab = enemySwimParticle
[22:42:41.946] [info] [SOURCE_DETECTOR] Engine creating Entity (Internal)
[22:42:41.946] [info] [CPP ECS] FromJson - Adding component 'Transform' to entity 'enemySwimParticle'
[22:42:41.946] [info] [CPP ECS] FromJson - Adding component 'Variables' to entity 'enemySwimParticle'
[22:42:41.946] [info] [CPP ECS] FromJson - Adding component 'ParticleSystem2D' to entity 'enemySwimParticle'
[22:42:41.947] [error] Entity not found for ID: 0
[22:42:41.963] [error] Entity not found for ID: 0
[22:42:41.978] [error] Entity not found for ID: 0
[22:42:41.994] [error] Entity not found for ID: 0
[22:42:42.011] [error] Entity not found for ID: 0
[22:42:42.027] [error] Entity not found for ID: 0
[22:42:42.043] [error] Entity not found for ID: 0
[22:42:42.060] [error] Entity not found for ID: 0
[22:42:42.076] [error] Entity not found for ID: 0
[22:42:42.091] [error] Entity not found for ID: 0
[22:42:42.107] [error] Entity not found for ID: 0
[22:42:42.124] [error] Entity not found for ID: 0
[22:42:42.139] [error] Entity not found for ID: 0
[22:42:42.155] [error] Entity not found for ID: 0
[22:42:42.156] [info] Collision Enter 2D Event Invoked
[22:42:42.156] [info] Collision Enter 2D Event Invoked
[22:42:42.156] [info] Collision Enter 2D Event Invoked
[22:42:42.157] [info] Collision Enter 2D Event Invoked
[22:42:42.157] [info] Collision Enter 2D Event Invoked
[22:42:42.157] [info] Collision Enter 2D Event Invoked
[22:42:42.157] [info] Collision Enter 2D Event Invoked
[22:42:42.157] [info] Collision Enter 2D Event Invoked
[22:42:42.157] [info] Collision Enter 2D Event Invoked
[22:42:42.158] [info] Collision Enter 2D Event Invoked
[22:42:42.158] [info] Collision Enter 2D Event Invoked
[22:42:42.158] [info] Collision Enter 2D Event Invoked
[22:42:42.158] [info] Collision Enter 2D Event Invoked
[22:42:42.158] [info] Collision Enter 2D Event Invoked
[22:42:42.158] [info] Collision Enter 2D Event Invoked
[22:42:42.159] [info] [SOURCE_DETECTOR] C# requested CreateEntity: Prefab = PlayerHitEffect
[22:42:42.159] [info] [SOURCE_DETECTOR] Engine creating Entity (Internal)
[22:42:42.159] [info] [CPP ECS] FromJson - Adding component 'Transform' to entity 'PlayerHitEffect'
[22:42:42.159] [info] [CPP ECS] FromJson - Adding component 'Variables' to entity 'PlayerHitEffect'
[22:42:42.159] [info] [SOURCE_DETECTOR] Engine creating Entity (Internal)
[22:42:42.159] [info] [CPP ECS] FromJson - Adding component 'Transform' to entity 'HitEffect1'
[22:42:42.159] [info] [CPP ECS] FromJson - Adding component 'Variables' to entity 'HitEffect1'
[22:42:42.160] [info] [CPP ECS] FromJson - Adding component 'SpriteRenderer' to entity 'HitEffect1'
[22:42:42.160] [info] [CPP ECS] FromJson - Adding component 'Script' to entity 'HitEffect1'
[22:42:42.160] [info] [SOURCE_DETECTOR] Engine creating Entity (Internal)
[22:42:42.160] [info] [CPP ECS] FromJson - Adding component 'Transform' to entity 'HitEffect2'
[22:42:42.160] [info] [CPP ECS] FromJson - Adding component 'Variables' to entity 'HitEffect2'
[22:42:42.160] [info] [CPP ECS] FromJson - Adding component 'SpriteRenderer' to entity 'HitEffect2'
[22:42:42.161] [info] [CPP ECS] FromJson - Adding component 'Script' to entity 'HitEffect2'
[22:42:42.161] [error] Script component not found for Entity ID: -18
[22:42:42.161] [info] [SetScriptVars] no group for scriptName: TimedDestruction  groups: 0
[22:42:42.161] [info] Collision Enter 2D Event Invoked
[22:42:42.161] [info] Collision Enter 2D Event Invoked
[22:42:42.162] [info] Collision Enter 2D Event Invoked
[22:42:42.162] [info] Collision Enter 2D Event Invoked
[22:42:42.162] [info] Collision Enter 2D Event Invoked
[22:42:42.162] [info] Collision Enter 2D Event Invoked
[22:42:42.162] [info] Collision Enter 2D Event Invoked
[22:42:42.162] [info] Collision Enter 2D Event Invoked
[22:42:42.163] [info] Collision Enter 2D Event Invoked
[22:42:42.163] [info] Collision Enter 2D Event Invoked
[22:42:42.163] [info] Collision Enter 2D Event Invoked
[22:42:42.163] [info] Collision Enter 2D Event Invoked
[22:42:42.163] [info] Collision Enter 2D Event Invoked
[22:42:42.163] [info] Collision Enter 2D Event Invoked
[22:42:42.163] [info] Collision Enter 2D Event Invoked
[22:42:42.164] [info] Collision Enter 2D Event Invoked
[22:42:42.164] [info] Collision Enter 2D Event Invoked
[22:42:42.164] [info] Collision Enter 2D Event Invoked
[22:42:42.164] [info] Collision Enter 2D Event Invoked
[22:42:42.164] [info] Collision Enter 2D Event Invoked
[22:42:42.164] [info] Collision Enter 2D Event Invoked
[22:42:42.165] [info] Collision Enter 2D Event Invoked
[22:42:42.165] [info] Collision Enter 2D Event Invoked
[22:42:42.166] [info] Collision Exit 2D Event Invoked
[22:42:42.167] [info] Collision Exit 2D Event Invoked
[22:42:42.167] [info] Collision Exit 2D Event Invoked
[22:42:42.167] [info] Collision Exit 2D Event Invoked
[22:42:42.167] [info] Collision Exit 2D Event Invoked
[22:42:42.167] [info] Collision Exit 2D Event Invoked
[22:42:42.167] [info] Collision Exit 2D Event Invoked
[22:42:42.168] [info] Collision Exit 2D Event Invoked
[22:42:42.168] [info] Collision Exit 2D Event Invoked
[22:42:42.168] [info] Collision Exit 2D Event Invoked
[22:42:42.168] [info] Collision Exit 2D Event Invoked
[22:42:42.168] [info] Collision Exit 2D Event Invoked
[22:42:42.168] [info] Collision Exit 2D Event Invoked
[22:42:42.169] [info] Collision Exit 2D Event Invoked
[22:42:42.169] [info] Collision Exit 2D Event Invoked
[22:42:42.169] [info] Collision Exit 2D Event Invoked
[22:42:42.169] [info] Collision Exit 2D Event Invoked
[22:42:42.169] [info] Collision Exit 2D Event Invoked
[22:42:42.182] [info] [MonoDbg] AddEntityToScript - Instantiating and adding script: TransformTween to Entity ID: -6
[22:42:42.182] [info] [SetScriptVars] OK setting fields for: TransformTween
[22:42:42.182] [info] [MonoDbg] AddEntityToScript - Syncing serialized fields for script: TransformTween
[22:42:42.182] [info] [SetScriptVars] OK setting fields for: TransformTween
[22:42:42.183] [info] [MonoDbg] AddEntityToScript - Instantiating and adding script: TransformTween to Entity ID: -42
[22:42:42.183] [info] [SetScriptVars] OK setting fields for: TransformTween
[22:42:42.183] [info] [MonoDbg] AddEntityToScript - Syncing serialized fields for script: TransformTween
[22:42:42.183] [info] [SetScriptVars] OK setting fields for: TransformTween
[22:42:42.183] [error] Entity not found for ID: 0
[22:42:42.199] [error] Entity not found for ID: 0
[22:42:42.200] [info] Collision Enter 2D Event Invoked
[22:42:42.200] [info] Collision Enter 2D Event Invoked
[22:42:42.200] [info] Collision Enter 2D Event Invoked
[22:42:42.200] [info] Collision Enter 2D Event Invoked
[22:42:42.200] [info] Collision Enter 2D Event Invoked
[22:42:42.201] [info] Collision Enter 2D Event Invoked
[22:42:42.201] [info] Collision Enter 2D Event Invoked
[22:42:42.201] [info] Collision Enter 2D Event Invoked
[22:42:42.201] [info] Collision Enter 2D Event Invoked
[22:42:42.201] [info] Collision Enter 2D Event Invoked
[22:42:42.201] [info] Collision Enter 2D Event Invoked
[22:42:42.202] [info] Collision Enter 2D Event Invoked
[22:42:42.202] [info] Collision Enter 2D Event Invoked
[22:42:42.202] [info] Collision Enter 2D Event Invoked
[22:42:42.202] [info] Collision Enter 2D Event Invoked
[22:42:42.202] [info] Collision Enter 2D Event Invoked
[22:42:42.202] [info] Collision Enter 2D Event Invoked
[22:42:42.203] [info] Collision Enter 2D Event Invoked
[22:42:42.205] [info] Collision Exit 2D Event Invoked
[22:42:42.205] [info] Collision Exit 2D Event Invoked
[22:42:42.205] [info] Collision Exit 2D Event Invoked
[22:42:42.205] [info] Collision Exit 2D Event Invoked
[22:42:42.205] [info] Collision Exit 2D Event Invoked
[22:42:42.205] [info] Collision Exit 2D Event Invoked
[22:42:42.206] [info] Collision Exit 2D Event Invoked
[22:42:42.206] [info] Collision Exit 2D Event Invoked
[22:42:42.206] [info] Collision Exit 2D Event Invoked
[22:42:42.206] [info] Collision Exit 2D Event Invoked
[22:42:42.206] [info] Collision Exit 2D Event Invoked
[22:42:42.206] [info] Collision Exit 2D Event Invoked
[22:42:42.207] [info] Collision Exit 2D Event Invoked
[22:42:42.207] [info] Collision Exit 2D Event Invoked
[22:42:42.207] [info] Collision Exit 2D Event Invoked
[22:42:42.207] [info] Collision Exit 2D Event Invoked
[22:42:42.207] [info] Collision Exit 2D Event Invoked
[22:42:42.207] [info] Collision Exit 2D Event Invoked
[22:42:42.208] [info] Collision Exit 2D Event Invoked
[22:42:42.208] [info] Collision Exit 2D Event Invoked
[22:42:42.208] [info] Collision Exit 2D Event Invoked
[22:42:42.208] [info] Collision Exit 2D Event Invoked
[22:42:42.208] [info] Collision Exit 2D Event Invoked
[22:42:42.208] [info] Collision Exit 2D Event Invoked
[22:42:42.209] [info] Collision Exit 2D Event Invoked
[22:42:42.209] [info] Collision Exit 2D Event Invoked
[22:42:42.209] [info] Collision Exit 2D Event Invoked
[22:42:42.209] [info] Collision Exit 2D Event Invoked
[22:42:42.209] [info] Collision Exit 2D Event Invoked
[22:42:42.209] [info] Collision Exit 2D Event Invoked
[22:42:42.210] [info] Collision Exit 2D Event Invoked
[22:42:42.210] [info] Collision Exit 2D Event Invoked
[22:42:42.210] [info] Collision Exit 2D Event Invoked
[22:42:42.210] [info] Collision Exit 2D Event Invoked
[22:42:42.210] [info] Collision Exit 2D Event Invoked
[22:42:42.210] [info] Collision Exit 2D Event Invoked
[22:42:42.211] [info] Collision Exit 2D Event Invoked
[22:42:42.211] [info] Collision Exit 2D Event Invoked
[22:42:42.224] [error] Entity not found for ID: 0
[22:42:42.239] [error] Entity not found for ID: 0
[22:42:42.255] [info] [SOURCE_DETECTOR] C# requested CreateEntity: Prefab = playerDashParticle
[22:42:42.255] [info] [SOURCE_DETECTOR] Engine creating Entity (Internal)
[22:42:42.256] [info] [CPP ECS] FromJson - Adding component 'Transform' to entity 'playerDashParticle'
[22:42:42.256] [info] [CPP ECS] FromJson - Adding component 'Variables' to entity 'playerDashParticle'
[22:42:42.256] [info] [CPP ECS] FromJson - Adding component 'ParticleSystem2D' to entity 'playerDashParticle'
[22:42:42.257] [error] Entity not found for ID: 0
[22:42:42.272] [error] Entity not found for ID: 0
[22:42:42.288] [error] Entity not found for ID: 0
[22:42:42.304] [error] Entity not found for ID: 0
[22:42:42.320] [error] Entity not found for ID: 0
[22:42:42.336] [error] Entity not found for ID: 0
[22:42:42.352] [error] Entity not found for ID: 0
[22:42:42.368] [error] Entity not found for ID: 0
[22:42:42.384] [error] Entity not found for ID: 0
[22:42:42.400] [error] Entity not found for ID: 0
[22:42:42.416] [error] Entity not found for ID: 0
[22:42:42.432] [error] Entity not found for ID: 0
[22:42:42.448] [error] Entity not found for ID: 0
[22:42:42.464] [error] Entity not found for ID: 0
[22:42:42.481] [error] Entity not found for ID: 0
[22:42:42.496] [error] Entity not found for ID: 0
[22:42:42.512] [error] Entity not found for ID: 0
[22:42:42.529] [error] Entity not found for ID: 0
[22:42:42.530] [error] Entity not found for ID: -42
[22:42:42.531] [error] Entity not found for ID: -6
[22:42:42.547] [error] Entity not found for ID: 0
[22:42:42.548] [error] Entity not found for ID: -42
[22:42:42.548] [error] Entity not found for ID: -6
[22:42:42.564] [error] Entity not found for ID: 0
[22:42:42.565] [error] Entity not found for ID: -42
[22:42:42.565] [error] Entity not found for ID: -6
[22:42:42.582] [error] Entity not found for ID: 0
[22:42:42.583] [error] Entity not found for ID: -42
[22:42:42.583] [error] Entity not found for ID: -6
[22:42:42.599] [error] Entity not found for ID: 0
[22:42:42.600] [error] Entity not found for ID: -42
[22:42:42.601] [error] Entity not found for ID: -6
[22:42:42.617] [error] Entity not found for ID: 0
[22:42:42.618] [error] Entity not found for ID: -42
[22:42:42.618] [error] Entity not found for ID: -6
[22:42:42.635] [error] Entity not found for ID: 0
[22:42:42.636] [error] Entity not found for ID: -42
[22:42:42.636] [error] Entity not found for ID: -6
[22:42:42.655] [error] Entity not found for ID: 0
[22:42:42.656] [error] Entity not found for ID: -42
[22:42:42.657] [error] Entity not found for ID: -6
[22:42:42.674] [error] Entity not found for ID: 0
[22:42:42.675] [error] Entity not found for ID: -42
[22:42:42.675] [error] Entity not found for ID: -6
[22:42:42.694] [error] Entity not found for ID: 0
[22:42:42.695] [error] Entity not found for ID: -42
[22:42:42.695] [error] Entity not found for ID: -6
[22:42:42.711] [error] Entity not found for ID: 0
[22:42:42.712] [error] Entity not found for ID: -42
[22:42:42.712] [error] Entity not found for ID: -6
[22:42:42.730] [error] Entity not found for ID: 0
[22:42:42.731] [error] Entity not found for ID: -42
[22:42:42.731] [error] Entity not found for ID: -6
[22:42:42.747] [error] Entity not found for ID: 0
[22:42:42.748] [error] Entity not found for ID: -42
[22:42:42.748] [error] Entity not found for ID: -6
[22:42:42.749] [info] Collision Enter 2D Event Invoked
[22:42:42.749] [info] Collision Enter 2D Event Invoked
[22:42:42.750] [info] Collision Enter 2D Event Invoked
[22:42:42.750] [info] Collision Enter 2D Event Invoked
[22:42:42.750] [info] Collision Enter 2D Event Invoked
[22:42:42.750] [info] Collision Enter 2D Event Invoked
[22:42:42.750] [info] Collision Enter 2D Event Invoked
[22:42:42.751] [info] Collision Enter 2D Event Invoked
[22:42:42.751] [info] Collision Enter 2D Event Invoked
[22:42:42.751] [info] Collision Enter 2D Event Invoked
[22:42:42.751] [info] Collision Enter 2D Event Invoked
[22:42:42.751] [info] Collision Enter 2D Event Invoked
[22:42:42.752] [info] Collision Enter 2D Event Invoked
[22:42:42.752] [info] Collision Enter 2D Event Invoked
[22:42:42.752] [info] Collision Enter 2D Event Invoked
[22:42:42.752] [info] [SOURCE_DETECTOR] C# requested CreateEntity: Prefab = PlayerHitEffect
[22:42:42.753] [info] [SOURCE_DETECTOR] Engine creating Entity (Internal)
[22:42:42.753] [info] [CPP ECS] FromJson - Adding component 'Transform' to entity 'PlayerHitEffect'
[22:42:42.753] [info] [CPP ECS] FromJson - Adding component 'Variables' to entity 'PlayerHitEffect'
[22:42:42.753] [info] [SOURCE_DETECTOR] Engine creating Entity (Internal)
[22:42:42.753] [info] [CPP ECS] FromJson - Adding component 'Transform' to entity 'HitEffect1'
[22:42:42.754] [info] [CPP ECS] FromJson - Adding component 'Variables' to entity 'HitEffect1'
[22:42:42.754] [info] [CPP ECS] FromJson - Adding component 'SpriteRenderer' to entity 'HitEffect1'
[22:42:42.754] [info] [CPP ECS] FromJson - Adding component 'Script' to entity 'HitEffect1'
[22:42:42.754] [info] [SOURCE_DETECTOR] Engine creating Entity (Internal)
[22:42:42.755] [info] [CPP ECS] FromJson - Adding component 'Transform' to entity 'HitEffect2'
[22:42:42.755] [info] [CPP ECS] FromJson - Adding component 'Variables' to entity 'HitEffect2'
[22:42:42.755] [info] [CPP ECS] FromJson - Adding component 'SpriteRenderer' to entity 'HitEffect2'
[22:42:42.755] [info] [CPP ECS] FromJson - Adding component 'Script' to entity 'HitEffect2'
[22:42:42.756] [error] Script component not found for Entity ID: -18
[22:42:42.756] [info] [SetScriptVars] no group for scriptName: TimedDestruction  groups: 0
[22:42:42.756] [info] Collision Enter 2D Event Invoked
[22:42:42.757] [info] Collision Enter 2D Event Invoked
[22:42:42.757] [info] Collision Enter 2D Event Invoked
[22:42:42.757] [info] Collision Enter 2D Event Invoked
[22:42:42.757] [info] Collision Enter 2D Event Invoked
[22:42:42.757] [info] Collision Enter 2D Event Invoked
[22:42:42.758] [info] Collision Enter 2D Event Invoked
[22:42:42.758] [info] Collision Enter 2D Event Invoked
[22:42:42.758] [info] Collision Enter 2D Event Invoked
[22:42:42.758] [info] Collision Enter 2D Event Invoked
[22:42:42.759] [info] Collision Enter 2D Event Invoked
[22:42:42.759] [info] Collision Enter 2D Event Invoked
[22:42:42.759] [info] Collision Enter 2D Event Invoked
[22:42:42.759] [info] Collision Enter 2D Event Invoked
[22:42:42.759] [info] Collision Enter 2D Event Invoked
[22:42:42.760] [info] Collision Enter 2D Event Invoked
[22:42:42.760] [info] Collision Enter 2D Event Invoked
[22:42:42.760] [info] Collision Enter 2D Event Invoked
[22:42:42.760] [info] Collision Enter 2D Event Invoked
[22:42:42.761] [info] Collision Enter 2D Event Invoked
[22:42:42.761] [info] Collision Enter 2D Event Invoked
[22:42:42.761] [info] Collision Enter 2D Event Invoked
[22:42:42.761] [info] Collision Enter 2D Event Invoked
[22:42:42.777] [info] [MonoDbg] AddEntityToScript - Instantiating and adding script: TransformTween to Entity ID: -6
[22:42:42.778] [info] [MonoDbg] AddEntityToScript - Syncing serialized fields for script: TransformTween
[22:42:42.778] [info] [SetScriptVars] OK setting fields for: TransformTween
[22:42:42.778] [info] [MonoDbg] AddEntityToScript - Instantiating and adding script: TransformTween to Entity ID: -42
[22:42:42.778] [info] [MonoDbg] AddEntityToScript - Syncing serialized fields for script: TransformTween
[22:42:42.779] [info] [SetScriptVars] OK setting fields for: TransformTween
[22:42:42.779] [error] Entity not found for ID: 0
[22:42:42.780] [error] Entity not found for ID: 0
[22:42:42.780] [error] Entity not found for ID: 0
[22:42:42.780] [info] [SOURCE_DETECTOR] C# requested CreateEntity: Prefab = ExpOrbMedium
[22:42:42.781] [info] [SOURCE_DETECTOR] Engine creating Entity (Internal)
[22:42:42.781] [info] [CPP ECS] FromJson - Adding component 'Transform' to entity 'ExpOrbMedium'
[22:42:42.781] [info] [CPP ECS] FromJson - Adding component 'CircleCollider' to entity 'ExpOrbMedium'
[22:42:42.781] [info] [CPP ECS] FromJson - Adding component 'Variables' to entity 'ExpOrbMedium'
[22:42:42.781] [info] [CPP ECS] FromJson - Adding component 'SpriteRenderer' to entity 'ExpOrbMedium'
[22:42:42.782] [info] [CPP ECS] FromJson - Adding component 'Script' to entity 'ExpOrbMedium'
[22:42:42.782] [info] [SOURCE_DETECTOR] C# requested CreateEntity: Prefab = ExpOrbSmall
[22:42:42.782] [info] [SOURCE_DETECTOR] Engine creating Entity (Internal)
[22:42:42.782] [info] [CPP ECS] FromJson - Adding component 'Transform' to entity 'ExpOrbSmall'
[22:42:42.783] [info] [CPP ECS] FromJson - Adding component 'CircleCollider' to entity 'ExpOrbSmall'
[22:42:42.783] [info] [CPP ECS] FromJson - Adding component 'Variables' to entity 'ExpOrbSmall'
[22:42:42.783] [info] [CPP ECS] FromJson - Adding component 'SpriteRenderer' to entity 'ExpOrbSmall'
[22:42:42.783] [info] [CPP ECS] FromJson - Adding component 'Script' to entity 'ExpOrbSmall'
[22:42:42.784] [info] [SOURCE_DETECTOR] C# requested CreateEntity: Prefab = ExpOrbSmall
[22:42:42.784] [info] [SOURCE_DETECTOR] Engine creating Entity (Internal)
[22:42:42.784] [info] [CPP ECS] FromJson - Adding component 'Transform' to entity 'ExpOrbSmall'
[22:42:42.784] [info] [CPP ECS] FromJson - Adding component 'CircleCollider' to entity 'ExpOrbSmall'
[22:42:42.784] [info] [CPP ECS] FromJson - Adding component 'Variables' to entity 'ExpOrbSmall'
[22:42:42.785] [info] [CPP ECS] FromJson - Adding component 'SpriteRenderer' to entity 'ExpOrbSmall'
[22:42:42.785] [info] [CPP ECS] FromJson - Adding component 'Script' to entity 'ExpOrbSmall'
[22:42:42.786] [info] Collision Enter 2D Event Invoked
[22:42:42.786] [info] Collision Enter 2D Event Invoked
[22:42:42.787] [info] Collision Enter 2D Event Invoked
[22:42:42.807] [info] [MonoDbg] AddEntityToScript - Instantiating and adding script: ExperiencePoint to Entity ID: -13
[22:42:42.807] [info] [SetScriptVars] OK setting fields for: ExperiencePoint
[22:42:42.807] [info] [MonoDbg] AddEntityToScript - Syncing serialized fields for script: ExperiencePoint
[22:42:42.807] [info] [SetScriptVars] OK setting fields for: ExperiencePoint
[22:42:42.808] [info] [MonoDbg] AddEntityToScript - Instantiating and adding script: ExperiencePoint to Entity ID: -45
[22:42:42.808] [info] [SetScriptVars] OK setting fields for: ExperiencePoint
[22:42:42.808] [info] [MonoDbg] AddEntityToScript - Syncing serialized fields for script: ExperiencePoint
[22:42:42.809] [info] [SetScriptVars] OK setting fields for: ExperiencePoint
[22:42:42.809] [info] [MonoDbg] AddEntityToScript - Instantiating and adding script: ExperiencePoint to Entity ID: -46
[22:42:42.809] [info] [SetScriptVars] OK setting fields for: ExperiencePoint
[22:42:42.809] [info] [MonoDbg] AddEntityToScript - Syncing serialized fields for script: ExperiencePoint
[22:42:42.809] [info] [SetScriptVars] OK setting fields for: ExperiencePoint
[22:42:42.810] [error] Entity not found for ID: 0
[22:42:42.830] [error] Entity not found for ID: 0
[22:42:42.849] [error] Entity not found for ID: 0
[22:42:42.865] [error] Entity not found for ID: 0
[22:42:42.882] [error] Entity not found for ID: 0
[22:42:42.886] [info] Collision Exit 2D Event Invoked
[22:42:42.886] [info] Collision Exit 2D Event Invoked
[22:42:42.886] [info] Collision Exit 2D Event Invoked
[22:42:42.887] [info] Collision Exit 2D Event Invoked
[22:42:42.887] [info] Collision Exit 2D Event Invoked
[22:42:42.887] [info] Collision Exit 2D Event Invoked
[22:42:42.887] [info] Collision Exit 2D Event Invoked
[22:42:42.888] [info] Collision Exit 2D Event Invoked
[22:42:42.888] [info] Collision Exit 2D Event Invoked
[22:42:42.888] [info] Collision Exit 2D Event Invoked
[22:42:42.888] [info] Collision Exit 2D Event Invoked
[22:42:42.888] [info] Collision Exit 2D Event Invoked
[22:42:42.889] [info] Collision Exit 2D Event Invoked
[22:42:42.889] [info] Collision Exit 2D Event Invoked
[22:42:42.889] [info] Collision Exit 2D Event Invoked
[22:42:42.889] [info] Collision Exit 2D Event Invoked
[22:42:42.889] [info] Collision Exit 2D Event Invoked
[22:42:42.890] [info] Collision Exit 2D Event Invoked
[22:42:42.904] [error] Entity not found for ID: 0
[22:42:42.922] [error] Entity not found for ID: 0
[22:42:42.940] [error] Entity not found for ID: 0
[22:42:42.956] [error] Entity not found for ID: 0
[22:42:42.972] [error] Entity not found for ID: 0
[22:42:42.989] [error] Entity not found for ID: 0
[22:42:42.990] [info] Collision Enter 2D Event Invoked
[22:42:42.990] [info] Collision Enter 2D Event Invoked
[22:42:42.990] [info] Collision Enter 2D Event Invoked
[22:42:42.990] [info] Collision Enter 2D Event Invoked
[22:42:42.991] [info] Collision Enter 2D Event Invoked
[22:42:42.991] [info] Collision Enter 2D Event Invoked
[22:42:42.991] [info] Collision Enter 2D Event Invoked
[22:42:42.991] [info] Collision Enter 2D Event Invoked
[22:42:42.991] [info] Collision Enter 2D Event Invoked
[22:42:42.992] [info] Collision Enter 2D Event Invoked
[22:42:42.992] [info] Collision Enter 2D Event Invoked
[22:42:42.992] [info] Collision Enter 2D Event Invoked
[22:42:42.992] [info] Collision Enter 2D Event Invoked
[22:42:42.992] [info] Collision Enter 2D Event Invoked
[22:42:42.993] [info] Collision Enter 2D Event Invoked
[22:42:42.993] [info] Collision Enter 2D Event Invoked
[22:42:42.993] [info] Collision Enter 2D Event Invoked
[22:42:42.993] [info] Collision Enter 2D Event Invoked
[22:42:43.008] [error] Entity not found for ID: 0
[22:42:43.025] [error] Entity not found for ID: 0
[22:42:43.041] [error] Entity not found for ID: 0
[22:42:43.057] [error] Entity not found for ID: 0
[22:42:43.058] [info] [SOURCE_DETECTOR] C# requested CreateEntity: Prefab = MorayEel
[22:42:43.058] [info] [SOURCE_DETECTOR] Engine creating Entity (Internal)
[22:42:43.058] [info] [CPP ECS] FromJson - Adding component 'Transform' to entity 'MorayEel'
[22:42:43.058] [info] [CPP ECS] FromJson - Adding component 'CircleCollider' to entity 'MorayEel'
[22:42:43.058] [info] [CPP ECS] FromJson - Adding component 'Variables' to entity 'MorayEel'
[22:42:43.059] [info] [CPP ECS] FromJson - Adding component 'Script' to entity 'MorayEel'
[22:42:43.059] [info] [CPP ECS] FromJson - Adding component 'SpriteRenderer' to entity 'MorayEel'
[22:42:43.059] [info] [CPP ECS] FromJson - Adding component 'Rigidbody2D' to entity 'MorayEel'
[22:42:43.060] [info] Collision Enter 2D Event Invoked
[22:42:43.061] [info] Collision Enter 2D Event Invoked
[22:42:43.061] [info] Collision Enter 2D Event Invoked
[22:42:43.061] [info] Collision Enter 2D Event Invoked
[22:42:43.075] [info] [MonoDbg] AddEntityToScript - Instantiating and adding script: SpriteAnimation to Entity ID: -12
[22:42:43.076] [info] [SetScriptVars] OK setting fields for: SpriteAnimation
[22:42:43.076] [info] [MonoDbg] AddEntityToScript - Syncing serialized fields for script: SpriteAnimation
[22:42:43.076] [info] [SetScriptVars] OK setting fields for: SpriteAnimation
[22:42:43.076] [info] [MonoDbg] AddEntityToScript - Instantiating and adding script: MorayEelSpawnMove to Entity ID: -12
[22:42:43.076] [info] [SetScriptVars] OK setting fields for: MorayEelSpawnMove
[22:42:43.076] [info] [MonoDbg] AddEntityToScript - Syncing serialized fields for script: MorayEelSpawnMove
[22:42:43.077] [info] [SetScriptVars] OK setting fields for: MorayEelSpawnMove
[22:42:43.077] [info] [MonoDbg] AddEntityToScript - Instantiating and adding script: ChaseController to Entity ID: -12
[22:42:43.077] [info] [SetScriptVars] OK setting fields for: ChaseController
[22:42:43.077] [info] [MonoDbg] AddEntityToScript - Syncing serialized fields for script: ChaseController
[22:42:43.077] [info] [SetScriptVars] OK setting fields for: ChaseController
[22:42:43.078] [info] [MonoDbg] AddEntityToScript - Instantiating and adding script: ChaseAnimation to Entity ID: -12
[22:42:43.078] [info] [SetScriptVars] OK setting fields for: ChaseAnimation
[22:42:43.078] [info] [MonoDbg] AddEntityToScript - Syncing serialized fields for script: ChaseAnimation
[22:42:43.078] [info] [SetScriptVars] OK setting fields for: ChaseAnimation
[22:42:43.078] [info] [MonoDbg] AddEntityToScript - Instantiating and adding script: SmallFryChaseMove to Entity ID: -12
[22:42:43.079] [info] [SetScriptVars] OK setting fields for: SmallFryChaseMove
[22:42:43.079] [info] [MonoDbg] AddEntityToScript - Syncing serialized fields for script: SmallFryChaseMove
[22:42:43.079] [info] [SetScriptVars] OK setting fields for: SmallFryChaseMove
[22:42:43.079] [info] [MonoDbg] AddEntityToScript - Instantiating and adding script: TargetFacingFlip to Entity ID: -12
[22:42:43.079] [info] [SetScriptVars] OK setting fields for: TargetFacingFlip
[22:42:43.080] [info] [MonoDbg] AddEntityToScript - Syncing serialized fields for script: TargetFacingFlip
[22:42:43.080] [info] [SetScriptVars] OK setting fields for: TargetFacingFlip
[22:42:43.080] [info] [MonoDbg] AddEntityToScript - Instantiating and adding script: MorayEel to Entity ID: -12
[22:42:43.080] [info] [SetScriptVars] OK setting fields for: MorayEel
[22:42:43.080] [info] [MonoDbg] AddEntityToScript - Syncing serialized fields for script: MorayEel
[22:42:43.080] [info] [SetScriptVars] OK setting fields for: MorayEel
[22:42:43.081] [info] [MonoDbg] AddEntityToScript - Instantiating and adding script: HP to Entity ID: -12
[22:42:43.081] [info] [SetScriptVars] OK setting fields for: HP
[22:42:43.081] [info] [MonoDbg] AddEntityToScript - Syncing serialized fields for script: HP
[22:42:43.081] [info] [SetScriptVars] OK setting fields for: HP
[22:42:43.081] [info] [MonoDbg] AddEntityToScript - Instantiating and adding script: DespawnTimer to Entity ID: -12
[22:42:43.082] [info] [SetScriptVars] OK setting fields for: DespawnTimer
[22:42:43.082] [info] [MonoDbg] AddEntityToScript - Syncing serialized fields for script: DespawnTimer
[22:42:43.082] [info] [SetScriptVars] OK setting fields for: DespawnTimer
[22:42:43.082] [info] [MonoDbg] AddEntityToScript - Instantiating and adding script: ExpDropper to Entity ID: -12
[22:42:43.082] [info] [SetScriptVars] OK setting fields for: ExpDropper
[22:42:43.082] [info] [MonoDbg] AddEntityToScript - Syncing serialized fields for script: ExpDropper
[22:42:43.083] [info] [SetScriptVars] OK setting fields for: ExpDropper
[22:42:43.083] [info] [MonoDbg] AddEntityToScript - Instantiating and adding script: ParticleOffset to Entity ID: -12
[22:42:43.083] [info] [SetScriptVars] OK setting fields for: ParticleOffset
[22:42:43.083] [info] [MonoDbg] AddEntityToScript - Syncing serialized fields for script: ParticleOffset
[22:42:43.083] [info] [SetScriptVars] OK setting fields for: ParticleOffset
[22:42:43.083] [info] [MonoDbg] AddEntityToScript - Instantiating and adding script: AttackCollision to Entity ID: -12
[22:42:43.084] [info] [SetScriptVars] OK setting fields for: AttackCollision
[22:42:43.084] [info] [MonoDbg] AddEntityToScript - Syncing serialized fields for script: AttackCollision
[22:42:43.084] [info] [SetScriptVars] OK setting fields for: AttackCollision
[22:42:43.084] [info] [MonoDbg] AddEntityToScript - Instantiating and adding script: FlashOnDamaged to Entity ID: -12
[22:42:43.084] [info] [SetScriptVars] OK setting fields for: FlashOnDamaged
[22:42:43.085] [info] [MonoDbg] AddEntityToScript - Syncing serialized fields for script: FlashOnDamaged
[22:42:43.085] [info] [SetScriptVars] OK setting fields for: FlashOnDamaged
[22:42:43.085] [info] [MonoDbg] AddEntityToScript - Instantiating and adding script: ShakeSelfOnDamaged to Entity ID: -12
[22:42:43.085] [info] [SetScriptVars] OK setting fields for: ShakeSelfOnDamaged
[22:42:43.085] [info] [MonoDbg] AddEntityToScript - Syncing serialized fields for script: ShakeSelfOnDamaged
[22:42:43.086] [info] [SetScriptVars] OK setting fields for: ShakeSelfOnDamaged
[22:42:43.086] [info] [SOURCE_DETECTOR] C# requested CreateEntity: Prefab = enemySwimParticle
[22:42:43.086] [info] [SOURCE_DETECTOR] Engine creating Entity (Internal)
[22:42:43.086] [info] [CPP ECS] FromJson - Adding component 'Transform' to entity 'enemySwimParticle'
[22:42:43.087] [info] [CPP ECS] FromJson - Adding component 'Variables' to entity 'enemySwimParticle'
[22:42:43.087] [info] [CPP ECS] FromJson - Adding component 'ParticleSystem2D' to entity 'enemySwimParticle'
[22:42:43.087] [error] Entity not found for ID: 0
[22:42:43.105] [error] Entity not found for ID: 0
[22:42:43.121] [error] Entity not found for ID: 0
[22:42:43.137] [error] Entity not found for ID: 0
[22:42:43.138] [error] Entity not found for ID: -42
[22:42:43.139] [error] Entity not found for ID: -6
[22:42:43.154] [error] Entity not found for ID: 0
[22:42:43.154] [error] Entity not found for ID: -42
[22:42:43.155] [error] Entity not found for ID: -6
[22:42:43.170] [error] Entity not found for ID: 0
[22:42:43.171] [error] Entity not found for ID: -42
[22:42:43.171] [error] Entity not found for ID: -6
[22:42:43.186] [error] Entity not found for ID: 0
[22:42:43.187] [error] Entity not found for ID: -42
[22:42:43.187] [error] Entity not found for ID: -6
[22:42:43.203] [error] Entity not found for ID: 0
[22:42:43.203] [error] Entity not found for ID: -42
[22:42:43.204] [error] Entity not found for ID: -6
[22:42:43.219] [error] Entity not found for ID: 0
[22:42:43.219] [error] Entity not found for ID: -42
[22:42:43.219] [error] Entity not found for ID: -6
[22:42:43.236] [error] Entity not found for ID: 0
[22:42:43.237] [error] Entity not found for ID: -42
[22:42:43.237] [error] Entity not found for ID: -6
[22:42:43.252] [error] Entity not found for ID: 0
[22:42:43.252] [error] Entity not found for ID: -42
[22:42:43.253] [error] Entity not found for ID: -6
[22:42:43.269] [error] Entity not found for ID: 0
[22:42:43.269] [error] Entity not found for ID: -42
[22:42:43.270] [error] Entity not found for ID: -6
[22:42:43.287] [info] [SOURCE_DETECTOR] C# requested CreateEntity: Prefab = playerDashParticle
[22:42:43.287] [info] [SOURCE_DETECTOR] Engine creating Entity (Internal)
[22:42:43.287] [info] [CPP ECS] FromJson - Adding component 'Transform' to entity 'playerDashParticle'
[22:42:43.287] [info] [CPP ECS] FromJson - Adding component 'Variables' to entity 'playerDashParticle'
[22:42:43.288] [info] [CPP ECS] FromJson - Adding component 'ParticleSystem2D' to entity 'playerDashParticle'
[22:42:43.288] [error] Entity not found for ID: 0
[22:42:43.289] [error] Entity not found for ID: -42
[22:42:43.289] [error] Entity not found for ID: -6
[22:42:43.306] [error] Entity not found for ID: 0
[22:42:43.306] [error] Entity not found for ID: -42
[22:42:43.306] [error] Entity not found for ID: -6
[22:42:43.322] [error] Entity not found for ID: 0
[22:42:43.323] [error] Entity not found for ID: -42
[22:42:43.323] [error] Entity not found for ID: -6
[22:42:43.339] [error] Entity not found for ID: 0
[22:42:43.340] [error] Entity not found for ID: -42
[22:42:43.340] [error] Entity not found for ID: -6
[22:42:43.355] [error] Entity not found for ID: 0
[22:42:43.356] [error] Entity not found for ID: -42
[22:42:43.356] [error] Entity not found for ID: -6
[22:42:43.374] [error] Entity not found for ID: 0
[22:42:43.375] [error] Entity not found for ID: -42
[22:42:43.375] [error] Entity not found for ID: -6
[22:42:43.393] [error] Entity not found for ID: 0
[22:42:43.394] [error] Entity not found for ID: -42
[22:42:43.394] [error] Entity not found for ID: -6
[22:42:43.394] [info] Collision Enter 2D Event Invoked
[22:42:43.395] [info] Collision Enter 2D Event Invoked
[22:42:43.395] [info] Collision Enter 2D Event Invoked
[22:42:43.395] [info] Collision Enter 2D Event Invoked
[22:42:43.395] [info] Collision Enter 2D Event Invoked
[22:42:43.395] [info] Collision Enter 2D Event Invoked
[22:42:43.396] [info] Collision Enter 2D Event Invoked
[22:42:43.396] [info] Collision Enter 2D Event Invoked
[22:42:43.396] [info] Collision Enter 2D Event Invoked
[22:42:43.396] [info] Collision Enter 2D Event Invoked
[22:42:43.396] [info] Collision Enter 2D Event Invoked
[22:42:43.397] [info] Collision Enter 2D Event Invoked
[22:42:43.397] [info] Collision Enter 2D Event Invoked
[22:42:43.397] [info] Collision Enter 2D Event Invoked
[22:42:43.397] [info] Collision Enter 2D Event Invoked
[22:42:43.397] [info] Collision Enter 2D Event Invoked
[22:42:43.398] [info] Collision Enter 2D Event Invoked
[22:42:43.398] [info] Collision Enter 2D Event Invoked
[22:42:43.398] [info] Collision Enter 2D Event Invoked
[22:42:43.398] [info] Collision Enter 2D Event Invoked
[22:42:43.398] [info] Collision Enter 2D Event Invoked
[22:42:43.398] [info] Collision Enter 2D Event Invoked
[22:42:43.399] [info] Collision Enter 2D Event Invoked
[22:42:43.399] [info] Collision Enter 2D Event Invoked
[22:42:43.399] [info] Collision Enter 2D Event Invoked
[22:42:43.417] [error] Entity not found for ID: 0
[22:42:43.418] [error] Entity not found for ID: -42
[22:42:43.418] [error] Entity not found for ID: -6
[22:42:43.433] [error] Entity not found for ID: 0
[22:42:43.434] [error] Entity not found for ID: -42
[22:42:43.434] [error] Entity not found for ID: -6
[22:42:43.435] [info] Collision Enter 2D Event Invoked
[22:42:43.435] [info] Collision Enter 2D Event Invoked
[22:42:43.435] [info] Collision Enter 2D Event Invoked
[22:42:43.435] [info] Collision Enter 2D Event Invoked
[22:42:43.435] [info] Collision Enter 2D Event Invoked
[22:42:43.436] [info] Collision Enter 2D Event Invoked
[22:42:43.436] [info] Collision Enter 2D Event Invoked
[22:42:43.436] [info] Collision Enter 2D Event Invoked
[22:42:43.436] [info] Collision Enter 2D Event Invoked
[22:42:43.436] [info] Collision Enter 2D Event Invoked
[22:42:43.436] [info] Collision Enter 2D Event Invoked
[22:42:43.437] [info] Collision Enter 2D Event Invoked
[22:42:43.437] [info] Collision Enter 2D Event Invoked
[22:42:43.437] [info] Collision Enter 2D Event Invoked
[22:42:43.437] [info] Collision Enter 2D Event Invoked
[22:42:43.437] [info] Collision Enter 2D Event Invoked
[22:42:43.438] [info] Collision Enter 2D Event Invoked
[22:42:43.438] [info] Collision Enter 2D Event Invoked
[22:42:43.438] [info] Collision Enter 2D Event Invoked
[22:42:43.438] [info] Collision Enter 2D Event Invoked
[22:42:43.438] [info] Collision Enter 2D Event Invoked
[22:42:43.438] [info] Collision Enter 2D Event Invoked
[22:42:43.439] [info] Collision Enter 2D Event Invoked
[22:42:43.439] [info] Collision Enter 2D Event Invoked
[22:42:43.439] [info] Collision Enter 2D Event Invoked
[22:42:43.439] [info] Collision Enter 2D Event Invoked
[22:42:43.439] [info] Collision Enter 2D Event Invoked
[22:42:43.440] [info] Collision Enter 2D Event Invoked
[22:42:43.440] [info] Collision Enter 2D Event Invoked
[22:42:43.440] [info] Collision Enter 2D Event Invoked
[22:42:43.440] [info] Collision Enter 2D Event Invoked
[22:42:43.440] [info] Collision Enter 2D Event Invoked
[22:42:43.441] [info] Collision Enter 2D Event Invoked
[22:42:43.441] [info] Collision Enter 2D Event Invoked
[22:42:43.441] [info] Collision Enter 2D Event Invoked
[22:42:43.441] [info] Collision Enter 2D Event Invoked
[22:42:43.441] [info] Collision Enter 2D Event Invoked
[22:42:43.441] [info] Collision Enter 2D Event Invoked
[22:42:43.442] [info] Collision Enter 2D Event Invoked
[22:42:43.442] [info] Collision Enter 2D Event Invoked
[22:42:43.442] [info] Collision Enter 2D Event Invoked
[22:42:43.442] [info] Collision Enter 2D Event Invoked
[22:42:43.442] [info] Collision Enter 2D Event Invoked
[22:42:43.443] [info] Collision Enter 2D Event Invoked
[22:42:43.443] [info] Collision Enter 2D Event Invoked
[22:42:43.443] [info] Collision Enter 2D Event Invoked
[22:42:43.443] [info] Collision Enter 2D Event Invoked
[22:42:43.443] [info] Collision Enter 2D Event Invoked
[22:42:43.443] [info] Collision Enter 2D Event Invoked
[22:42:43.444] [info] Collision Enter 2D Event Invoked
[22:42:43.459] [error] Entity not found for ID: 0
[22:42:43.460] [error] Entity not found for ID: -42
[22:42:43.460] [error] Entity not found for ID: -6
[22:42:43.475] [error] Entity not found for ID: 0
[22:42:43.476] [error] Entity not found for ID: -42
[22:42:43.476] [error] Entity not found for ID: -6
[22:42:43.491] [error] Entity not found for ID: 0
[22:42:43.492] [error] Entity not found for ID: -42
[22:42:43.492] [error] Entity not found for ID: -6
[22:42:43.508] [error] Entity not found for ID: 0
[22:42:43.509] [info] [SOURCE_DETECTOR] C# requested CreateEntity: Prefab = MorayEel
[22:42:43.509] [info] [SOURCE_DETECTOR] Engine creating Entity (Internal)
[22:42:43.510] [info] [CPP ECS] FromJson - Adding component 'Transform' to entity 'MorayEel'
[22:42:43.510] [info] [CPP ECS] FromJson - Adding component 'CircleCollider' to entity 'MorayEel'
[22:42:43.510] [info] [CPP ECS] FromJson - Adding component 'Variables' to entity 'MorayEel'
[22:42:43.510] [info] [CPP ECS] FromJson - Adding component 'Script' to entity 'MorayEel'
[22:42:43.511] [info] [CPP ECS] FromJson - Adding component 'SpriteRenderer' to entity 'MorayEel'
[22:42:43.511] [info] [CPP ECS] FromJson - Adding component 'Rigidbody2D' to entity 'MorayEel'
[22:42:43.511] [info] Script MorayEelSpawnMove found for Entity ID: -6
[22:42:43.511] [info] [SetScriptVars] OK setting fields for: MorayEelSpawnMove
[22:42:43.512] [error] Entity not found for ID: -42
[22:42:43.527] [info] [MonoDbg] AddEntityToScript - Instantiating and adding script: SpriteAnimation to Entity ID: -6
[22:42:43.528] [info] [SetScriptVars] OK setting fields for: SpriteAnimation
[22:42:43.528] [info] [MonoDbg] AddEntityToScript - Syncing serialized fields for script: SpriteAnimation
[22:42:43.528] [info] [SetScriptVars] OK setting fields for: SpriteAnimation
[22:42:43.528] [info] [MonoDbg] AddEntityToScript - Instantiating and adding script: MorayEelSpawnMove to Entity ID: -6
[22:42:43.528] [info] [MonoDbg] AddEntityToScript - Syncing serialized fields for script: MorayEelSpawnMove
[22:42:43.529] [info] [SetScriptVars] OK setting fields for: MorayEelSpawnMove
[22:42:43.529] [info] [MonoDbg] AddEntityToScript - Instantiating and adding script: ChaseController to Entity ID: -6
[22:42:43.529] [info] [SetScriptVars] OK setting fields for: ChaseController
[22:42:43.529] [info] [MonoDbg] AddEntityToScript - Syncing serialized fields for script: ChaseController
[22:42:43.529] [info] [SetScriptVars] OK setting fields for: ChaseController
[22:42:43.530] [info] [MonoDbg] AddEntityToScript - Instantiating and adding script: ChaseAnimation to Entity ID: -6
[22:42:43.530] [info] [SetScriptVars] OK setting fields for: ChaseAnimation
[22:42:43.530] [info] [MonoDbg] AddEntityToScript - Syncing serialized fields for script: ChaseAnimation
[22:42:43.530] [info] [SetScriptVars] OK setting fields for: ChaseAnimation
[22:42:43.530] [info] [MonoDbg] AddEntityToScript - Instantiating and adding script: SmallFryChaseMove to Entity ID: -6
[22:42:43.530] [info] [SetScriptVars] OK setting fields for: SmallFryChaseMove
[22:42:43.531] [info] [MonoDbg] AddEntityToScript - Syncing serialized fields for script: SmallFryChaseMove
[22:42:43.531] [info] [SetScriptVars] OK setting fields for: SmallFryChaseMove
[22:42:43.531] [info] [MonoDbg] AddEntityToScript - Instantiating and adding script: TargetFacingFlip to Entity ID: -6
[22:42:43.531] [info] [SetScriptVars] OK setting fields for: TargetFacingFlip
[22:42:43.531] [info] [MonoDbg] AddEntityToScript - Syncing serialized fields for script: TargetFacingFlip
[22:42:43.531] [info] [SetScriptVars] OK setting fields for: TargetFacingFlip
[22:42:43.532] [info] [MonoDbg] AddEntityToScript - Instantiating and adding script: MorayEel to Entity ID: -6
[22:42:43.532] [info] [SetScriptVars] OK setting fields for: MorayEel
[22:42:43.532] [info] [MonoDbg] AddEntityToScript - Syncing serialized fields for script: MorayEel
[22:42:43.532] [info] [SetScriptVars] OK setting fields for: MorayEel
[22:42:43.532] [info] [MonoDbg] AddEntityToScript - Instantiating and adding script: HP to Entity ID: -6
[22:42:43.532] [info] [SetScriptVars] OK setting fields for: HP
[22:42:43.533] [info] [MonoDbg] AddEntityToScript - Syncing serialized fields for script: HP
[22:42:43.533] [info] [SetScriptVars] OK setting fields for: HP
[22:42:43.533] [info] [MonoDbg] AddEntityToScript - Instantiating and adding script: DespawnTimer to Entity ID: -6
[22:42:43.533] [info] [SetScriptVars] OK setting fields for: DespawnTimer
[22:42:43.533] [info] [MonoDbg] AddEntityToScript - Syncing serialized fields for script: DespawnTimer
[22:42:43.534] [info] [SetScriptVars] OK setting fields for: DespawnTimer
[22:42:43.534] [info] [MonoDbg] AddEntityToScript - Instantiating and adding script: ExpDropper to Entity ID: -6
[22:42:43.534] [info] [SetScriptVars] OK setting fields for: ExpDropper
[22:42:43.534] [info] [MonoDbg] AddEntityToScript - Syncing serialized fields for script: ExpDropper
[22:42:43.534] [info] [SetScriptVars] OK setting fields for: ExpDropper
[22:42:43.534] [info] [MonoDbg] AddEntityToScript - Instantiating and adding script: ParticleOffset to Entity ID: -6
[22:42:43.535] [info] [SetScriptVars] OK setting fields for: ParticleOffset
[22:42:43.535] [info] [MonoDbg] AddEntityToScript - Syncing serialized fields for script: ParticleOffset
[22:42:43.535] [info] [SetScriptVars] OK setting fields for: ParticleOffset
[22:42:43.535] [info] [MonoDbg] AddEntityToScript - Instantiating and adding script: AttackCollision to Entity ID: -6
[22:42:43.535] [info] [SetScriptVars] OK setting fields for: AttackCollision
[22:42:43.535] [info] [MonoDbg] AddEntityToScript - Syncing serialized fields for script: AttackCollision
[22:42:43.536] [info] [SetScriptVars] OK setting fields for: AttackCollision
[22:42:43.536] [info] [MonoDbg] AddEntityToScript - Instantiating and adding script: FlashOnDamaged to Entity ID: -6
[22:42:43.536] [info] [SetScriptVars] OK setting fields for: FlashOnDamaged
[22:42:43.536] [info] [MonoDbg] AddEntityToScript - Syncing serialized fields for script: FlashOnDamaged
[22:42:43.536] [info] [SetScriptVars] OK setting fields for: FlashOnDamaged
[22:42:43.537] [info] [MonoDbg] AddEntityToScript - Instantiating and adding script: ShakeSelfOnDamaged to Entity ID: -6
[22:42:43.537] [info] [SetScriptVars] OK setting fields for: ShakeSelfOnDamaged
[22:42:43.537] [info] [MonoDbg] AddEntityToScript - Syncing serialized fields for script: ShakeSelfOnDamaged
[22:42:43.537] [info] [SetScriptVars] OK setting fields for: ShakeSelfOnDamaged
[22:42:43.537] [error] Entity not found for ID: 0
[22:42:43.538] [error] Entity not found for ID: -42
[22:42:43.554] [error] Entity not found for ID: 0
[22:42:43.554] [error] Entity not found for ID: -42
[22:42:43.569] [error] Entity not found for ID: 0
[22:42:43.569] [error] Entity not found for ID: -42
[22:42:43.584] [error] Entity not found for ID: 0
[22:42:43.585] [error] Entity not found for ID: -42
[22:42:43.600] [error] Entity not found for ID: 0
[22:42:43.601] [error] Entity not found for ID: -42
[22:42:43.616] [error] Entity not found for ID: 0
[22:42:43.617] [error] Entity not found for ID: -42
[22:42:43.634] [error] Entity not found for ID: 0
[22:42:43.634] [error] Entity not found for ID: -42
[22:42:43.651] [error] Entity not found for ID: 0
[22:42:43.651] [error] Entity not found for ID: -42
[22:42:43.667] [error] Entity not found for ID: 0
[22:42:43.668] [error] Entity not found for ID: -42
[22:42:43.684] [error] Entity not found for ID: 0
[22:42:43.684] [error] Entity not found for ID: -42
[22:42:43.701] [error] Entity not found for ID: 0
[22:42:43.702] [error] Entity not found for ID: -42
[22:42:43.717] [error] Entity not found for ID: 0
[22:42:43.718] [error] Entity not found for ID: -42
[22:42:43.733] [error] Entity not found for ID: 0
[22:42:43.734] [error] Entity not found for ID: -42
[22:42:43.750] [error] Entity not found for ID: 0
[22:42:43.751] [error] Entity not found for ID: -42
[22:42:43.767] [error] Entity not found for ID: 0
[22:42:43.767] [error] Entity not found for ID: -42
[22:42:43.783] [error] Entity not found for ID: 0
[22:42:43.784] [error] Entity not found for ID: -42
[22:42:43.801] [error] Entity not found for ID: 0
[22:42:43.801] [error] Entity not found for ID: -42
[22:42:43.817] [error] Entity not found for ID: 0
[22:42:43.818] [error] Entity not found for ID: -42
[22:42:43.833] [error] Entity not found for ID: 0
[22:42:43.834] [error] Entity not found for ID: -42
[22:42:43.850] [error] Entity not found for ID: 0
[22:42:43.851] [error] Entity not found for ID: -42
[22:42:43.868] [error] Entity not found for ID: 0
[22:42:43.869] [error] Entity not found for ID: -42
[22:42:43.885] [error] Entity not found for ID: 0
[22:42:43.886] [error] Entity not found for ID: -42
[22:42:43.902] [error] Entity not found for ID: 0
[22:42:43.903] [error] Entity not found for ID: -42
[22:42:43.918] [error] Entity not found for ID: 0
[22:42:43.919] [error] Entity not found for ID: -42
[22:42:43.936] [error] Entity not found for ID: 0
[22:42:43.937] [error] Entity not found for ID: -42
[22:42:43.953] [error] Entity not found for ID: 0
[22:42:43.954] [error] Entity not found for ID: -42
[22:42:43.970] [error] Entity not found for ID: 0
[22:42:43.970] [error] Entity not found for ID: -42
[22:42:43.986] [error] Entity not found for ID: 0
[22:42:43.987] [error] Entity not found for ID: -42
[22:42:44.004] [error] Entity not found for ID: 0
[22:42:44.004] [error] Entity not found for ID: -42
[22:42:44.020] [error] Entity not found for ID: 0
[22:42:44.021] [error] Entity not found for ID: -42
[22:42:44.037] [error] Entity not found for ID: 0
[22:42:44.038] [error] Entity not found for ID: -42
[22:42:44.054] [error] Entity not found for ID: 0
[22:42:44.055] [info] [SOURCE_DETECTOR] C# requested CreateEntity: Prefab = SpikeFish
[22:42:44.055] [info] [SOURCE_DETECTOR] Engine creating Entity (Internal)
[22:42:44.056] [info] [CPP ECS] FromJson - Adding component 'Transform' to entity 'SpikeFish'
[22:42:44.056] [info] [CPP ECS] FromJson - Adding component 'CircleCollider' to entity 'SpikeFish'
[22:42:44.056] [info] [CPP ECS] FromJson - Adding component 'Variables' to entity 'SpikeFish'
[22:42:44.056] [info] [CPP ECS] FromJson - Adding component 'Script' to entity 'SpikeFish'
[22:42:44.056] [info] [CPP ECS] FromJson - Adding component 'SpriteRenderer' to entity 'SpikeFish'
[22:42:44.057] [info] [CPP ECS] FromJson - Adding component 'Rigidbody2D' to entity 'SpikeFish'
[22:42:44.057] [info] [SOURCE_DETECTOR] Engine creating Entity (Internal)
[22:42:44.057] [info] [CPP ECS] FromJson - Adding component 'Transform' to entity 'SpikeFishAroundNeedle'
[22:42:44.057] [info] [CPP ECS] FromJson - Adding component 'Variables' to entity 'SpikeFishAroundNeedle'
[22:42:44.057] [info] [CPP ECS] FromJson - Adding component 'Script' to entity 'SpikeFishAroundNeedle'
[22:42:44.058] [info] [CPP ECS] FromJson - Adding component 'SpriteRenderer' to entity 'SpikeFishAroundNeedle'
[22:42:44.060] [info] Collision Exit 2D Event Invoked
[22:42:44.060] [info] Collision Exit 2D Event Invoked
[22:42:44.060] [info] Collision Exit 2D Event Invoked
[22:42:44.060] [info] Collision Exit 2D Event Invoked
[22:42:44.060] [info] Collision Exit 2D Event Invoked
[22:42:44.060] [info] Collision Exit 2D Event Invoked
[22:42:44.061] [info] Collision Exit 2D Event Invoked
[22:42:44.061] [info] Collision Exit 2D Event Invoked
[22:42:44.061] [info] Collision Exit 2D Event Invoked
[22:42:44.061] [info] Collision Exit 2D Event Invoked
[22:42:44.061] [info] Collision Exit 2D Event Invoked
[22:42:44.062] [info] Collision Exit 2D Event Invoked
[22:42:44.062] [info] Collision Exit 2D Event Invoked
[22:42:44.062] [info] Collision Exit 2D Event Invoked
[22:42:44.062] [info] Collision Exit 2D Event Invoked
[22:42:44.062] [info] Collision Exit 2D Event Invoked
[22:42:44.062] [info] Collision Exit 2D Event Invoked
[22:42:44.062] [info] Collision Exit 2D Event Invoked
[22:42:44.077] [info] [MonoDbg] AddEntityToScript - Instantiating and adding script: SmallFryChaseMove to Entity ID: -42
[22:42:44.077] [info] [SetScriptVars] OK setting fields for: SmallFryChaseMove
[22:42:44.077] [info] [MonoDbg] AddEntityToScript - Syncing serialized fields for script: SmallFryChaseMove
[22:42:44.077] [info] [SetScriptVars] OK setting fields for: SmallFryChaseMove
[22:42:44.077] [info] [MonoDbg] AddEntityToScript - Instantiating and adding script: ChaseController to Entity ID: -42
[22:42:44.077] [info] [SetScriptVars] OK setting fields for: ChaseController
[22:42:44.078] [info] [MonoDbg] AddEntityToScript - Syncing serialized fields for script: ChaseController
[22:42:44.078] [info] [SetScriptVars] OK setting fields for: ChaseController
[22:42:44.078] [info] [MonoDbg] AddEntityToScript - Instantiating and adding script: TargetRangeDetector to Entity ID: -42
[22:42:44.078] [info] [SetScriptVars] OK setting fields for: TargetRangeDetector
[22:42:44.078] [info] [MonoDbg] AddEntityToScript - Syncing serialized fields for script: TargetRangeDetector
[22:42:44.078] [info] [SetScriptVars] OK setting fields for: TargetRangeDetector
[22:42:44.079] [info] [MonoDbg] AddEntityToScript - Instantiating and adding script: SpikeFishAttack to Entity ID: -42
[22:42:44.079] [info] [SetScriptVars] OK setting fields for: SpikeFishAttack
[22:42:44.079] [info] [MonoDbg] AddEntityToScript - Syncing serialized fields for script: SpikeFishAttack
[22:42:44.079] [info] [SetScriptVars] OK setting fields for: SpikeFishAttack
[22:42:44.079] [info] [MonoDbg] AddEntityToScript - Instantiating and adding script: SpriteAnimation to Entity ID: -42
[22:42:44.080] [info] [SetScriptVars] OK setting fields for: SpriteAnimation
[22:42:44.080] [info] [MonoDbg] AddEntityToScript - Syncing serialized fields for script: SpriteAnimation
[22:42:44.080] [info] [SetScriptVars] OK setting fields for: SpriteAnimation
[22:42:44.080] [info] [MonoDbg] AddEntityToScript - Instantiating and adding script: SpikeFish to Entity ID: -42
[22:42:44.080] [info] [SetScriptVars] OK setting fields for: SpikeFish
[22:42:44.080] [info] [MonoDbg] AddEntityToScript - Syncing serialized fields for script: SpikeFish
[22:42:44.080] [info] [SetScriptVars] OK setting fields for: SpikeFish
[22:42:44.081] [info] [MonoDbg] AddEntityToScript - Instantiating and adding script: AttackCollision to Entity ID: -42
[22:42:44.081] [info] [SetScriptVars] OK setting fields for: AttackCollision
[22:42:44.081] [info] [MonoDbg] AddEntityToScript - Syncing serialized fields for script: AttackCollision
[22:42:44.081] [info] [SetScriptVars] OK setting fields for: AttackCollision
[22:42:44.081] [info] [MonoDbg] AddEntityToScript - Instantiating and adding script: HP to Entity ID: -42
[22:42:44.082] [info] [SetScriptVars] OK setting fields for: HP
[22:42:44.082] [info] [MonoDbg] AddEntityToScript - Syncing serialized fields for script: HP
[22:42:44.082] [info] [SetScriptVars] OK setting fields for: HP
[22:42:44.082] [info] [MonoDbg] AddEntityToScript - Instantiating and adding script: ExpDropper to Entity ID: -42
[22:42:44.082] [info] [SetScriptVars] OK setting fields for: ExpDropper
[22:42:44.082] [info] [MonoDbg] AddEntityToScript - Syncing serialized fields for script: ExpDropper
[22:42:44.082] [info] [SetScriptVars] OK setting fields for: ExpDropper
[22:42:44.083] [info] [MonoDbg] AddEntityToScript - Instantiating and adding script: DespawnTimer to Entity ID: -42
[22:42:44.083] [info] [SetScriptVars] OK setting fields for: DespawnTimer
[22:42:44.083] [info] [MonoDbg] AddEntityToScript - Syncing serialized fields for script: DespawnTimer
[22:42:44.083] [info] [SetScriptVars] OK setting fields for: DespawnTimer
[22:42:44.083] [info] [MonoDbg] AddEntityToScript - Instantiating and adding script: FlashOnDamaged to Entity ID: -42
[22:42:44.083] [info] [SetScriptVars] OK setting fields for: FlashOnDamaged
[22:42:44.084] [info] [MonoDbg] AddEntityToScript - Syncing serialized fields for script: FlashOnDamaged
[22:42:44.084] [info] [SetScriptVars] OK setting fields for: FlashOnDamaged
[22:42:44.084] [info] [MonoDbg] AddEntityToScript - Instantiating and adding script: ShakeSelfOnDamaged to Entity ID: -42
[22:42:44.084] [info] [SetScriptVars] OK setting fields for: ShakeSelfOnDamaged
[22:42:44.084] [info] [MonoDbg] AddEntityToScript - Syncing serialized fields for script: ShakeSelfOnDamaged
[22:42:44.085] [info] [SetScriptVars] OK setting fields for: ShakeSelfOnDamaged
[22:42:44.085] [info] [MonoDbg] AddEntityToScript - Instantiating and adding script: SpikeFishAroundNeedle to Entity ID: -13
[22:42:44.085] [info] [SetScriptVars] OK setting fields for: SpikeFishAroundNeedle
[22:42:44.085] [info] [MonoDbg] AddEntityToScript - Syncing serialized fields for script: SpikeFishAroundNeedle
[22:42:44.085] [info] [SetScriptVars] OK setting fields for: SpikeFishAroundNeedle
[22:42:44.086] [error] Entity not found for ID: 0
[22:42:44.101] [error] Entity not found for ID: 0
[22:42:44.117] [error] Entity not found for ID: 0
[22:42:44.134] [error] Entity not found for ID: 0
[22:42:44.150] [error] Entity not found for ID: 0
[22:42:44.167] [error] Entity not found for ID: 0
[22:42:44.168] [info] Collision Enter 2D Event Invoked
[22:42:44.168] [info] Collision Enter 2D Event Invoked
[22:42:44.169] [info] Collision Enter 2D Event Invoked
[22:42:44.169] [info] Collision Enter 2D Event Invoked
[22:42:44.169] [info] Collision Enter 2D Event Invoked
[22:42:44.169] [info] Collision Enter 2D Event Invoked
[22:42:44.169] [info] Collision Enter 2D Event Invoked
[22:42:44.169] [info] Collision Enter 2D Event Invoked
[22:42:44.170] [info] Collision Enter 2D Event Invoked
[22:42:44.170] [info] Collision Enter 2D Event Invoked
[22:42:44.170] [info] Collision Enter 2D Event Invoked
[22:42:44.170] [info] Collision Enter 2D Event Invoked
[22:42:44.170] [info] Collision Enter 2D Event Invoked
[22:42:44.171] [info] Collision Enter 2D Event Invoked
[22:42:44.171] [info] Collision Enter 2D Event Invoked
[22:42:44.171] [info] Collision Enter 2D Event Invoked
[22:42:44.171] [info] Collision Enter 2D Event Invoked
[22:42:44.171] [info] Collision Enter 2D Event Invoked
[22:42:44.187] [error] Entity not found for ID: 0
[22:42:44.203] [error] Entity not found for ID: 0
[22:42:44.221] [error] Entity not found for ID: 0
[22:42:44.239] [error] Entity not found for ID: 0
[22:42:44.257] [error] Entity not found for ID: 0
[22:42:44.273] [error] Entity not found for ID: 0
[22:42:44.290] [error] Entity not found for ID: 0
[22:42:44.306] [error] Entity not found for ID: 0
[22:42:44.323] [error] Entity not found for ID: 0
[22:42:44.340] [error] Entity not found for ID: 0
[22:42:44.357] [error] Entity not found for ID: 0
[22:42:44.359] [info] Collision Enter 2D Event Invoked
[22:42:44.359] [info] Collision Enter 2D Event Invoked
[22:42:44.359] [info] Collision Enter 2D Event Invoked
[22:42:44.359] [info] Collision Enter 2D Event Invoked
[22:42:44.359] [info] Collision Enter 2D Event Invoked
[22:42:44.359] [info] Collision Enter 2D Event Invoked
[22:42:44.360] [info] Collision Enter 2D Event Invoked
[22:42:44.360] [info] Collision Enter 2D Event Invoked
[22:42:44.360] [info] Collision Enter 2D Event Invoked
[22:42:44.360] [info] Collision Enter 2D Event Invoked
[22:42:44.360] [info] Collision Enter 2D Event Invoked
[22:42:44.360] [info] Collision Enter 2D Event Invoked
[22:42:44.361] [info] Collision Enter 2D Event Invoked
[22:42:44.361] [info] Collision Enter 2D Event Invoked
[22:42:44.361] [info] Collision Enter 2D Event Invoked
[22:42:44.361] [info] Collision Enter 2D Event Invoked
[22:42:44.361] [info] Collision Enter 2D Event Invoked
[22:42:44.362] [info] Collision Enter 2D Event Invoked
[22:42:44.362] [info] Collision Enter 2D Event Invoked
[22:42:44.362] [info] Collision Enter 2D Event Invoked
[22:42:44.362] [info] Collision Enter 2D Event Invoked
[22:42:44.362] [info] Collision Enter 2D Event Invoked
[22:42:44.362] [info] Collision Enter 2D Event Invoked
[22:42:44.363] [info] Collision Enter 2D Event Invoked
[22:42:44.363] [info] Collision Enter 2D Event Invoked
[22:42:44.363] [info] Collision Enter 2D Event Invoked
[22:42:44.363] [info] Collision Enter 2D Event Invoked
[22:42:44.364] [info] Collision Enter 2D Event Invoked
[22:42:44.364] [info] Collision Enter 2D Event Invoked
[22:42:44.381] [error] Entity not found for ID: 0
[22:42:44.398] [error] Entity not found for ID: 0
[22:42:44.414] [error] Entity not found for ID: 0
[22:42:44.417] [info] Collision Exit 2D Event Invoked
[22:42:44.417] [info] Collision Exit 2D Event Invoked
[22:42:44.418] [info] Collision Exit 2D Event Invoked
[22:42:44.418] [info] Collision Exit 2D Event Invoked
[22:42:44.418] [info] Collision Exit 2D Event Invoked
[22:42:44.418] [info] Collision Exit 2D Event Invoked
[22:42:44.418] [info] Collision Exit 2D Event Invoked
[22:42:44.419] [info] Collision Exit 2D Event Invoked
[22:42:44.419] [info] Collision Exit 2D Event Invoked
[22:42:44.419] [info] Collision Exit 2D Event Invoked
[22:42:44.419] [info] Collision Exit 2D Event Invoked
[22:42:44.419] [info] Collision Exit 2D Event Invoked
[22:42:44.419] [info] Collision Exit 2D Event Invoked
[22:42:44.420] [info] Collision Exit 2D Event Invoked
[22:42:44.420] [info] Collision Exit 2D Event Invoked
[22:42:44.420] [info] Collision Exit 2D Event Invoked
[22:42:44.420] [info] Collision Exit 2D Event Invoked
[22:42:44.420] [info] Collision Exit 2D Event Invoked
[22:42:44.434] [error] Entity not found for ID: 0
[22:42:44.451] [error] Entity not found for ID: 0
[22:42:44.469] [error] Entity not found for ID: 0
[22:42:44.486] [error] Entity not found for ID: 0
[22:42:44.486] [info] [SOURCE_DETECTOR] C# requested CreateEntity: Prefab = MorayEel
[22:42:44.486] [info] [SOURCE_DETECTOR] Engine creating Entity (Internal)
[22:42:44.487] [info] [CPP ECS] FromJson - Adding component 'Transform' to entity 'MorayEel'
[22:42:44.487] [info] [CPP ECS] FromJson - Adding component 'CircleCollider' to entity 'MorayEel'
[22:42:44.487] [info] [CPP ECS] FromJson - Adding component 'Variables' to entity 'MorayEel'
[22:42:44.487] [info] [CPP ECS] FromJson - Adding component 'Script' to entity 'MorayEel'
[22:42:44.487] [info] [CPP ECS] FromJson - Adding component 'SpriteRenderer' to entity 'MorayEel'
[22:42:44.488] [info] [CPP ECS] FromJson - Adding component 'Rigidbody2D' to entity 'MorayEel'
[22:42:44.488] [info] Script MorayEelSpawnMove found for Entity ID: -45
[22:42:44.488] [info] [SetScriptVars] OK setting fields for: MorayEelSpawnMove
[22:42:44.490] [info] Collision Exit 2D Event Invoked
[22:42:44.491] [info] Collision Exit 2D Event Invoked
[22:42:44.491] [info] Collision Exit 2D Event Invoked
[22:42:44.491] [info] Collision Exit 2D Event Invoked
[22:42:44.491] [info] Collision Exit 2D Event Invoked
[22:42:44.491] [info] Collision Exit 2D Event Invoked
[22:42:44.491] [info] Collision Exit 2D Event Invoked
[22:42:44.492] [info] Collision Exit 2D Event Invoked
[22:42:44.492] [info] Collision Exit 2D Event Invoked
[22:42:44.492] [info] Collision Exit 2D Event Invoked
[22:42:44.492] [info] Collision Exit 2D Event Invoked
[22:42:44.492] [info] Collision Exit 2D Event Invoked
[22:42:44.492] [info] Collision Exit 2D Event Invoked
[22:42:44.493] [info] Collision Exit 2D Event Invoked
[22:42:44.493] [info] Collision Exit 2D Event Invoked
[22:42:44.493] [info] Collision Exit 2D Event Invoked
[22:42:44.493] [info] Collision Exit 2D Event Invoked
[22:42:44.493] [info] Collision Exit 2D Event Invoked
[22:42:44.508] [info] [MonoDbg] AddEntityToScript - Instantiating and adding script: SpriteAnimation to Entity ID: -45
[22:42:44.508] [info] [SetScriptVars] OK setting fields for: SpriteAnimation
[22:42:44.508] [info] [MonoDbg] AddEntityToScript - Syncing serialized fields for script: SpriteAnimation
[22:42:44.508] [info] [SetScriptVars] OK setting fields for: SpriteAnimation
[22:42:44.508] [info] [MonoDbg] AddEntityToScript - Instantiating and adding script: MorayEelSpawnMove to Entity ID: -45
[22:42:44.509] [info] [MonoDbg] AddEntityToScript - Syncing serialized fields for script: MorayEelSpawnMove
[22:42:44.509] [info] [SetScriptVars] OK setting fields for: MorayEelSpawnMove
[22:42:44.509] [info] [MonoDbg] AddEntityToScript - Instantiating and adding script: ChaseController to Entity ID: -45
[22:42:44.509] [info] [SetScriptVars] OK setting fields for: ChaseController
[22:42:44.509] [info] [MonoDbg] AddEntityToScript - Syncing serialized fields for script: ChaseController
[22:42:44.510] [info] [SetScriptVars] OK setting fields for: ChaseController
[22:42:44.510] [info] [MonoDbg] AddEntityToScript - Instantiating and adding script: ChaseAnimation to Entity ID: -45
[22:42:44.510] [info] [SetScriptVars] OK setting fields for: ChaseAnimation
[22:42:44.510] [info] [MonoDbg] AddEntityToScript - Syncing serialized fields for script: ChaseAnimation
[22:42:44.510] [info] [SetScriptVars] OK setting fields for: ChaseAnimation
[22:42:44.510] [info] [MonoDbg] AddEntityToScript - Instantiating and adding script: SmallFryChaseMove to Entity ID: -45
[22:42:44.511] [info] [SetScriptVars] OK setting fields for: SmallFryChaseMove
[22:42:44.511] [info] [MonoDbg] AddEntityToScript - Syncing serialized fields for script: SmallFryChaseMove
[22:42:44.511] [info] [SetScriptVars] OK setting fields for: SmallFryChaseMove
[22:42:44.511] [info] [MonoDbg] AddEntityToScript - Instantiating and adding script: TargetFacingFlip to Entity ID: -45
[22:42:44.511] [info] [SetScriptVars] OK setting fields for: TargetFacingFlip
[22:42:44.511] [info] [MonoDbg] AddEntityToScript - Syncing serialized fields for script: TargetFacingFlip
[22:42:44.512] [info] [SetScriptVars] OK setting fields for: TargetFacingFlip
[22:42:44.512] [info] [MonoDbg] AddEntityToScript - Instantiating and adding script: MorayEel to Entity ID: -45
[22:42:44.512] [info] [SetScriptVars] OK setting fields for: MorayEel
[22:42:44.512] [info] [MonoDbg] AddEntityToScript - Syncing serialized fields for script: MorayEel
[22:42:44.512] [info] [SetScriptVars] OK setting fields for: MorayEel
[22:42:44.512] [info] [MonoDbg] AddEntityToScript - Instantiating and adding script: HP to Entity ID: -45
[22:42:44.513] [info] [SetScriptVars] OK setting fields for: HP
[22:42:44.513] [info] [MonoDbg] AddEntityToScript - Syncing serialized fields for script: HP
[22:42:44.513] [info] [SetScriptVars] OK setting fields for: HP
[22:42:44.513] [info] [MonoDbg] AddEntityToScript - Instantiating and adding script: DespawnTimer to Entity ID: -45
[22:42:44.513] [info] [SetScriptVars] OK setting fields for: DespawnTimer
[22:42:44.514] [info] [MonoDbg] AddEntityToScript - Syncing serialized fields for script: DespawnTimer
[22:42:44.514] [info] [SetScriptVars] OK setting fields for: DespawnTimer
[22:42:44.514] [info] [MonoDbg] AddEntityToScript - Instantiating and adding script: ExpDropper to Entity ID: -45
[22:42:44.514] [info] [SetScriptVars] OK setting fields for: ExpDropper
[22:42:44.514] [info] [MonoDbg] AddEntityToScript - Syncing serialized fields for script: ExpDropper
[22:42:44.514] [info] [SetScriptVars] OK setting fields for: ExpDropper
[22:42:44.514] [info] [MonoDbg] AddEntityToScript - Instantiating and adding script: ParticleOffset to Entity ID: -45
[22:42:44.515] [info] [SetScriptVars] OK setting fields for: ParticleOffset
[22:42:44.515] [info] [MonoDbg] AddEntityToScript - Syncing serialized fields for script: ParticleOffset
[22:42:44.515] [info] [SetScriptVars] OK setting fields for: ParticleOffset
[22:42:44.515] [info] [MonoDbg] AddEntityToScript - Instantiating and adding script: AttackCollision to Entity ID: -45
[22:42:44.515] [info] [SetScriptVars] OK setting fields for: AttackCollision
[22:42:44.516] [info] [MonoDbg] AddEntityToScript - Syncing serialized fields for script: AttackCollision
[22:42:44.516] [info] [SetScriptVars] OK setting fields for: AttackCollision
[22:42:44.516] [info] [MonoDbg] AddEntityToScript - Instantiating and adding script: FlashOnDamaged to Entity ID: -45
[22:42:44.516] [info] [SetScriptVars] OK setting fields for: FlashOnDamaged
[22:42:44.516] [info] [MonoDbg] AddEntityToScript - Syncing serialized fields for script: FlashOnDamaged
[22:42:44.516] [info] [SetScriptVars] OK setting fields for: FlashOnDamaged
[22:42:44.517] [info] [MonoDbg] AddEntityToScript - Instantiating and adding script: ShakeSelfOnDamaged to Entity ID: -45
[22:42:44.517] [info] [SetScriptVars] OK setting fields for: ShakeSelfOnDamaged
[22:42:44.517] [info] [MonoDbg] AddEntityToScript - Syncing serialized fields for script: ShakeSelfOnDamaged
[22:42:44.517] [info] [SetScriptVars] OK setting fields for: ShakeSelfOnDamaged
[22:42:44.517] [info] [SOURCE_DETECTOR] C# requested CreateEntity: Prefab = enemySwimParticle
[22:42:44.518] [info] [SOURCE_DETECTOR] Engine creating Entity (Internal)
[22:42:44.518] [info] [CPP ECS] FromJson - Adding component 'Transform' to entity 'enemySwimParticle'
[22:42:44.518] [info] [CPP ECS] FromJson - Adding component 'Variables' to entity 'enemySwimParticle'
[22:42:44.518] [info] [CPP ECS] FromJson - Adding component 'ParticleSystem2D' to entity 'enemySwimParticle'
[22:42:44.519] [error] Entity not found for ID: 0
[22:42:44.520] [info] [SOURCE_DETECTOR] C# requested CreateEntity: Prefab = MorayEel
[22:42:44.520] [info] [SOURCE_DETECTOR] Engine creating Entity (Internal)
[22:42:44.520] [info] [CPP ECS] FromJson - Adding component 'Transform' to entity 'MorayEel'
[22:42:44.520] [info] [CPP ECS] FromJson - Adding component 'CircleCollider' to entity 'MorayEel'
[22:42:44.520] [info] [CPP ECS] FromJson - Adding component 'Variables' to entity 'MorayEel'
[22:42:44.521] [info] [CPP ECS] FromJson - Adding component 'Script' to entity 'MorayEel'
[22:42:44.521] [info] [CPP ECS] FromJson - Adding component 'SpriteRenderer' to entity 'MorayEel'
[22:42:44.521] [info] [CPP ECS] FromJson - Adding component 'Rigidbody2D' to entity 'MorayEel'
[22:42:44.521] [info] Script MorayEelSpawnMove found for Entity ID: -17
[22:42:44.521] [info] [SetScriptVars] OK setting fields for: MorayEelSpawnMove
[22:42:44.522] [info] Collision Enter 2D Event Invoked
[22:42:44.523] [info] Collision Enter 2D Event Invoked
[22:42:44.523] [info] Collision Enter 2D Event Invoked
[22:42:44.523] [info] Collision Enter 2D Event Invoked
[22:42:44.523] [info] Collision Enter 2D Event Invoked
[22:42:44.523] [info] Collision Enter 2D Event Invoked
[22:42:44.524] [info] Collision Enter 2D Event Invoked
[22:42:44.524] [info] Collision Enter 2D Event Invoked
[22:42:44.524] [info] Collision Enter 2D Event Invoked
[22:42:44.524] [info] Collision Enter 2D Event Invoked
[22:42:44.540] [info] [MonoDbg] AddEntityToScript - Instantiating and adding script: SpriteAnimation to Entity ID: -17
[22:42:44.540] [info] [SetScriptVars] OK setting fields for: SpriteAnimation
[22:42:44.540] [info] [MonoDbg] AddEntityToScript - Syncing serialized fields for script: SpriteAnimation
[22:42:44.540] [info] [SetScriptVars] OK setting fields for: SpriteAnimation
[22:42:44.540] [info] [MonoDbg] AddEntityToScript - Instantiating and adding script: MorayEelSpawnMove to Entity ID: -17
[22:42:44.541] [info] [MonoDbg] AddEntityToScript - Syncing serialized fields for script: MorayEelSpawnMove
[22:42:44.541] [info] [SetScriptVars] OK setting fields for: MorayEelSpawnMove
[22:42:44.541] [info] [MonoDbg] AddEntityToScript - Instantiating and adding script: ChaseController to Entity ID: -17
[22:42:44.541] [info] [SetScriptVars] OK setting fields for: ChaseController
[22:42:44.541] [info] [MonoDbg] AddEntityToScript - Syncing serialized fields for script: ChaseController
[22:42:44.541] [info] [SetScriptVars] OK setting fields for: ChaseController
[22:42:44.542] [info] [MonoDbg] AddEntityToScript - Instantiating and adding script: ChaseAnimation to Entity ID: -17
[22:42:44.542] [info] [SetScriptVars] OK setting fields for: ChaseAnimation
[22:42:44.542] [info] [MonoDbg] AddEntityToScript - Syncing serialized fields for script: ChaseAnimation
[22:42:44.542] [info] [SetScriptVars] OK setting fields for: ChaseAnimation
[22:42:44.542] [info] [MonoDbg] AddEntityToScript - Instantiating and adding script: SmallFryChaseMove to Entity ID: -17
[22:42:44.543] [info] [SetScriptVars] OK setting fields for: SmallFryChaseMove
[22:42:44.543] [info] [MonoDbg] AddEntityToScript - Syncing serialized fields for script: SmallFryChaseMove
[22:42:44.543] [info] [SetScriptVars] OK setting fields for: SmallFryChaseMove
[22:42:44.543] [info] [MonoDbg] AddEntityToScript - Instantiating and adding script: TargetFacingFlip to Entity ID: -17
[22:42:44.543] [info] [SetScriptVars] OK setting fields for: TargetFacingFlip
[22:42:44.543] [info] [MonoDbg] AddEntityToScript - Syncing serialized fields for script: TargetFacingFlip
[22:42:44.544] [info] [SetScriptVars] OK setting fields for: TargetFacingFlip
[22:42:44.544] [info] [MonoDbg] AddEntityToScript - Instantiating and adding script: MorayEel to Entity ID: -17
[22:42:44.544] [info] [SetScriptVars] OK setting fields for: MorayEel
[22:42:44.544] [info] [MonoDbg] AddEntityToScript - Syncing serialized fields for script: MorayEel
[22:42:44.544] [info] [SetScriptVars] OK setting fields for: MorayEel
[22:42:44.545] [info] [MonoDbg] AddEntityToScript - Instantiating and adding script: HP to Entity ID: -17
[22:42:44.545] [info] [SetScriptVars] OK setting fields for: HP
[22:42:44.545] [info] [MonoDbg] AddEntityToScript - Syncing serialized fields for script: HP
[22:42:44.545] [info] [SetScriptVars] OK setting fields for: HP
[22:42:44.545] [info] [MonoDbg] AddEntityToScript - Instantiating and adding script: DespawnTimer to Entity ID: -17
[22:42:44.545] [info] [SetScriptVars] OK setting fields for: DespawnTimer
[22:42:44.546] [info] [MonoDbg] AddEntityToScript - Syncing serialized fields for script: DespawnTimer
[22:42:44.546] [info] [SetScriptVars] OK setting fields for: DespawnTimer
[22:42:44.546] [info] [MonoDbg] AddEntityToScript - Instantiating and adding script: ExpDropper to Entity ID: -17
[22:42:44.546] [info] [SetScriptVars] OK setting fields for: ExpDropper
[22:42:44.546] [info] [MonoDbg] AddEntityToScript - Syncing serialized fields for script: ExpDropper
[22:42:44.546] [info] [SetScriptVars] OK setting fields for: ExpDropper
[22:42:44.547] [info] [MonoDbg] AddEntityToScript - Instantiating and adding script: ParticleOffset to Entity ID: -17
[22:42:44.547] [info] [SetScriptVars] OK setting fields for: ParticleOffset
[22:42:44.547] [info] [MonoDbg] AddEntityToScript - Syncing serialized fields for script: ParticleOffset
[22:42:44.547] [info] [SetScriptVars] OK setting fields for: ParticleOffset
[22:42:44.547] [info] [MonoDbg] AddEntityToScript - Instantiating and adding script: AttackCollision to Entity ID: -17
[22:42:44.548] [info] [SetScriptVars] OK setting fields for: AttackCollision
[22:42:44.548] [info] [MonoDbg] AddEntityToScript - Syncing serialized fields for script: AttackCollision
[22:42:44.548] [info] [SetScriptVars] OK setting fields for: AttackCollision
[22:42:44.548] [info] [MonoDbg] AddEntityToScript - Instantiating and adding script: FlashOnDamaged to Entity ID: -17
[22:42:44.548] [info] [SetScriptVars] OK setting fields for: FlashOnDamaged
[22:42:44.548] [info] [MonoDbg] AddEntityToScript - Syncing serialized fields for script: FlashOnDamaged
[22:42:44.549] [info] [SetScriptVars] OK setting fields for: FlashOnDamaged
[22:42:44.549] [info] [MonoDbg] AddEntityToScript - Instantiating and adding script: ShakeSelfOnDamaged to Entity ID: -17
[22:42:44.549] [info] [SetScriptVars] OK setting fields for: ShakeSelfOnDamaged
[22:42:44.549] [info] [MonoDbg] AddEntityToScript - Syncing serialized fields for script: ShakeSelfOnDamaged
[22:42:44.549] [info] [SetScriptVars] OK setting fields for: ShakeSelfOnDamaged
[22:42:44.550] [info] [SOURCE_DETECTOR] C# requested CreateEntity: Prefab = enemySwimParticle
[22:42:44.550] [info] [SOURCE_DETECTOR] Engine creating Entity (Internal)
[22:42:44.550] [info] [CPP ECS] FromJson - Adding component 'Transform' to entity 'enemySwimParticle'
[22:42:44.550] [info] [CPP ECS] FromJson - Adding component 'Variables' to entity 'enemySwimParticle'
[22:42:44.550] [info] [CPP ECS] FromJson - Adding component 'ParticleSystem2D' to entity 'enemySwimParticle'
[22:42:44.551] [error] Entity not found for ID: 0
[22:42:44.570] [error] Entity not found for ID: 0
[22:42:44.586] [error] Entity not found for ID: 0
[22:42:44.603] [error] Entity not found for ID: 0
[22:42:44.620] [error] Entity not found for ID: 0
[22:42:44.637] [error] Entity not found for ID: 0
[22:42:44.654] [error] Entity not found for ID: 0
[22:42:44.673] [error] Entity not found for ID: 0
[22:42:44.676] [info] Collision Exit 2D Event Invoked
[22:42:44.676] [info] Collision Exit 2D Event Invoked
[22:42:44.676] [info] Collision Exit 2D Event Invoked
[22:42:44.676] [info] Collision Exit 2D Event Invoked
[22:42:44.677] [info] Collision Exit 2D Event Invoked
[22:42:44.677] [info] Collision Exit 2D Event Invoked
[22:42:44.677] [info] Collision Exit 2D Event Invoked
[22:42:44.677] [info] Collision Exit 2D Event Invoked
[22:42:44.677] [info] Collision Exit 2D Event Invoked
[22:42:44.677] [info] Collision Exit 2D Event Invoked
[22:42:44.678] [info] Collision Exit 2D Event Invoked
[22:42:44.678] [info] Collision Exit 2D Event Invoked
[22:42:44.678] [info] Collision Exit 2D Event Invoked
[22:42:44.678] [info] Collision Exit 2D Event Invoked
[22:42:44.678] [info] Collision Exit 2D Event Invoked
[22:42:44.678] [info] Collision Exit 2D Event Invoked
[22:42:44.679] [info] Collision Exit 2D Event Invoked
[22:42:44.679] [info] Collision Exit 2D Event Invoked
[22:42:44.694] [error] Entity not found for ID: 0
[22:42:44.695] [info] Collision Enter 2D Event Invoked
[22:42:44.695] [info] Collision Enter 2D Event Invoked
[22:42:44.695] [info] Collision Enter 2D Event Invoked
[22:42:44.695] [info] Collision Enter 2D Event Invoked
[22:42:44.695] [info] Collision Enter 2D Event Invoked
[22:42:44.695] [info] Collision Enter 2D Event Invoked
[22:42:44.696] [info] Collision Enter 2D Event Invoked
[22:42:44.696] [info] Collision Enter 2D Event Invoked
[22:42:44.696] [info] Collision Enter 2D Event Invoked
[22:42:44.696] [info] Collision Enter 2D Event Invoked
[22:42:44.696] [info] Collision Enter 2D Event Invoked
[22:42:44.696] [info] Collision Enter 2D Event Invoked
[22:42:44.697] [info] Collision Enter 2D Event Invoked
[22:42:44.697] [info] Collision Enter 2D Event Invoked
[22:42:44.697] [info] Collision Enter 2D Event Invoked
[22:42:44.697] [info] Collision Enter 2D Event Invoked
[22:42:44.697] [info] Collision Enter 2D Event Invoked
[22:42:44.697] [info] Collision Enter 2D Event Invoked
[22:42:44.714] [error] Entity not found for ID: 0
[22:42:44.730] [error] Entity not found for ID: 0
[22:42:44.747] [error] Entity not found for ID: 0
[22:42:44.764] [error] Entity not found for ID: 0
[22:42:44.781] [error] Entity not found for ID: 0
[22:42:44.799] [error] Entity not found for ID: 0
[22:42:44.817] [error] Entity not found for ID: 0
[22:42:44.835] [error] Entity not found for ID: 0
[22:42:44.852] [error] Entity not found for ID: 0
[22:42:44.869] [error] Entity not found for ID: 0
[22:42:44.888] [error] Entity not found for ID: 0
[22:42:44.907] [error] Entity not found for ID: 0
[22:42:44.909] [info] Collision Enter 2D Event Invoked
[22:42:44.909] [info] Collision Enter 2D Event Invoked
[22:42:44.909] [info] Collision Enter 2D Event Invoked
[22:42:44.909] [info] Collision Enter 2D Event Invoked
[22:42:44.909] [info] Collision Enter 2D Event Invoked
[22:42:44.909] [info] Collision Enter 2D Event Invoked
[22:42:44.910] [info] Collision Enter 2D Event Invoked
[22:42:44.910] [info] Collision Enter 2D Event Invoked
[22:42:44.910] [info] Collision Enter 2D Event Invoked
[22:42:44.910] [info] Collision Enter 2D Event Invoked
[22:42:44.910] [info] Collision Enter 2D Event Invoked
[22:42:44.910] [info] Collision Enter 2D Event Invoked
[22:42:44.911] [info] Collision Enter 2D Event Invoked
[22:42:44.911] [info] Collision Enter 2D Event Invoked
[22:42:44.911] [info] Collision Enter 2D Event Invoked
[22:42:44.911] [info] [SOURCE_DETECTOR] C# requested CreateEntity: Prefab = PlayerHitEffect
[22:42:44.911] [info] [SOURCE_DETECTOR] Engine creating Entity (Internal)
[22:42:44.912] [info] [CPP ECS] FromJson - Adding component 'Transform' to entity 'PlayerHitEffect'
[22:42:44.912] [info] [CPP ECS] FromJson - Adding component 'Variables' to entity 'PlayerHitEffect'
[22:42:44.912] [info] [SOURCE_DETECTOR] Engine creating Entity (Internal)
[22:42:44.912] [info] [CPP ECS] FromJson - Adding component 'Transform' to entity 'HitEffect1'
[22:42:44.912] [info] [CPP ECS] FromJson - Adding component 'Variables' to entity 'HitEffect1'
[22:42:44.912] [info] [CPP ECS] FromJson - Adding component 'SpriteRenderer' to entity 'HitEffect1'
[22:42:44.913] [info] [CPP ECS] FromJson - Adding component 'Script' to entity 'HitEffect1'
[22:42:44.913] [info] [SOURCE_DETECTOR] Engine creating Entity (Internal)
[22:42:44.913] [info] [CPP ECS] FromJson - Adding component 'Transform' to entity 'HitEffect2'
[22:42:44.913] [info] [CPP ECS] FromJson - Adding component 'Variables' to entity 'HitEffect2'
[22:42:44.913] [info] [CPP ECS] FromJson - Adding component 'SpriteRenderer' to entity 'HitEffect2'
[22:42:44.913] [info] [CPP ECS] FromJson - Adding component 'Script' to entity 'HitEffect2'
[22:42:44.914] [error] Script component not found for Entity ID: -48
[22:42:44.914] [info] [SetScriptVars] no group for scriptName: TimedDestruction  groups: 0
[22:42:44.914] [info] Collision Enter 2D Event Invoked
[22:42:44.914] [info] Collision Enter 2D Event Invoked
[22:42:44.914] [info] Collision Enter 2D Event Invoked
[22:42:44.915] [info] Collision Enter 2D Event Invoked
[22:42:44.915] [info] Collision Enter 2D Event Invoked
[22:42:44.915] [info] Collision Enter 2D Event Invoked
[22:42:44.915] [info] Collision Enter 2D Event Invoked
[22:42:44.915] [info] Collision Enter 2D Event Invoked
[22:42:44.916] [info] Collision Enter 2D Event Invoked
[22:42:44.916] [info] Collision Enter 2D Event Invoked
[22:42:44.916] [info] Collision Enter 2D Event Invoked
[22:42:44.916] [info] Collision Enter 2D Event Invoked
[22:42:44.916] [info] Collision Enter 2D Event Invoked
[22:42:44.916] [info] Collision Enter 2D Event Invoked
[22:42:44.916] [info] Collision Enter 2D Event Invoked
[22:42:44.917] [info] Collision Enter 2D Event Invoked
[22:42:44.917] [info] Collision Enter 2D Event Invoked
[22:42:44.917] [info] Collision Enter 2D Event Invoked
[22:42:44.917] [info] Collision Enter 2D Event Invoked
[22:42:44.917] [info] Collision Enter 2D Event Invoked
[22:42:44.918] [info] Collision Enter 2D Event Invoked
[22:42:44.918] [info] Collision Enter 2D Event Invoked
[22:42:44.918] [info] Collision Enter 2D Event Invoked
[22:42:44.918] [info] Collision Enter 2D Event Invoked
[22:42:44.918] [info] Collision Enter 2D Event Invoked
[22:42:44.918] [info] Collision Enter 2D Event Invoked
[22:42:44.919] [info] Collision Enter 2D Event Invoked
[22:42:44.919] [info] Collision Enter 2D Event Invoked
[22:42:44.919] [info] Collision Enter 2D Event Invoked
[22:42:44.919] [info] Collision Enter 2D Event Invoked
[22:42:44.919] [info] Collision Enter 2D Event Invoked
[22:42:44.919] [info] Collision Enter 2D Event Invoked
[22:42:44.920] [info] Collision Enter 2D Event Invoked
[22:42:44.920] [info] Collision Enter 2D Event Invoked
[22:42:44.920] [info] Collision Enter 2D Event Invoked
[22:42:44.920] [info] Collision Enter 2D Event Invoked
[22:42:44.920] [info] Collision Enter 2D Event Invoked
[22:42:44.920] [info] Collision Enter 2D Event Invoked
[22:42:44.921] [info] Collision Enter 2D Event Invoked
[22:42:44.921] [info] Collision Enter 2D Event Invoked
[22:42:44.921] [info] Collision Enter 2D Event Invoked
[22:42:44.939] [info] [MonoDbg] AddEntityToScript - Instantiating and adding script: TransformTween to Entity ID: -49
[22:42:44.939] [info] [SetScriptVars] OK setting fields for: TransformTween
[22:42:44.939] [info] [MonoDbg] AddEntityToScript - Syncing serialized fields for script: TransformTween
[22:42:44.939] [info] [SetScriptVars] OK setting fields for: TransformTween
[22:42:44.940] [info] [MonoDbg] AddEntityToScript - Instantiating and adding script: TransformTween to Entity ID: -50
[22:42:44.940] [info] [SetScriptVars] OK setting fields for: TransformTween
[22:42:44.940] [info] [MonoDbg] AddEntityToScript - Syncing serialized fields for script: TransformTween
[22:42:44.940] [info] [SetScriptVars] OK setting fields for: TransformTween
[22:42:44.941] [error] Entity not found for ID: 0
[22:42:44.941] [error] Entity not found for ID: 0
[22:42:44.941] [error] Entity not found for ID: 0
[22:42:44.942] [info] [SOURCE_DETECTOR] C# requested CreateEntity: Prefab = ExpOrbMedium
[22:42:44.942] [info] [SOURCE_DETECTOR] Engine creating Entity (Internal)
[22:42:44.942] [info] [CPP ECS] FromJson - Adding component 'Transform' to entity 'ExpOrbMedium'
[22:42:44.942] [info] [CPP ECS] FromJson - Adding component 'CircleCollider' to entity 'ExpOrbMedium'
[22:42:44.942] [info] [CPP ECS] FromJson - Adding component 'Variables' to entity 'ExpOrbMedium'
[22:42:44.942] [info] [CPP ECS] FromJson - Adding component 'SpriteRenderer' to entity 'ExpOrbMedium'
[22:42:44.943] [info] [CPP ECS] FromJson - Adding component 'Script' to entity 'ExpOrbMedium'
[22:42:44.943] [info] [SOURCE_DETECTOR] C# requested CreateEntity: Prefab = ExpOrbSmall
[22:42:44.943] [info] [SOURCE_DETECTOR] Engine creating Entity (Internal)
[22:42:44.943] [info] [CPP ECS] FromJson - Adding component 'Transform' to entity 'ExpOrbSmall'
[22:42:44.943] [info] [CPP ECS] FromJson - Adding component 'CircleCollider' to entity 'ExpOrbSmall'
[22:42:44.944] [info] [CPP ECS] FromJson - Adding component 'Variables' to entity 'ExpOrbSmall'
[22:42:44.944] [info] [CPP ECS] FromJson - Adding component 'SpriteRenderer' to entity 'ExpOrbSmall'
[22:42:44.944] [info] [CPP ECS] FromJson - Adding component 'Script' to entity 'ExpOrbSmall'
[22:42:44.944] [info] [SOURCE_DETECTOR] C# requested CreateEntity: Prefab = ExpOrbSmall
[22:42:44.944] [info] [SOURCE_DETECTOR] Engine creating Entity (Internal)
[22:42:44.945] [info] [CPP ECS] FromJson - Adding component 'Transform' to entity 'ExpOrbSmall'
[22:42:44.945] [info] [CPP ECS] FromJson - Adding component 'CircleCollider' to entity 'ExpOrbSmall'
[22:42:44.945] [info] [CPP ECS] FromJson - Adding component 'Variables' to entity 'ExpOrbSmall'
[22:42:44.945] [info] [CPP ECS] FromJson - Adding component 'SpriteRenderer' to entity 'ExpOrbSmall'
[22:42:44.946] [info] [CPP ECS] FromJson - Adding component 'Script' to entity 'ExpOrbSmall'
[22:42:44.947] [info] Collision Enter 2D Event Invoked
[22:42:44.947] [info] Collision Enter 2D Event Invoked
[22:42:44.947] [info] Collision Enter 2D Event Invoked
[22:42:44.949] [info] Collision Exit 2D Event Invoked
[22:42:44.949] [info] Collision Exit 2D Event Invoked
[22:42:44.949] [info] Collision Exit 2D Event Invoked
[22:42:44.949] [info] Collision Exit 2D Event Invoked
[22:42:44.949] [info] Collision Exit 2D Event Invoked
[22:42:44.950] [info] Collision Exit 2D Event Invoked
[22:42:44.950] [info] Collision Exit 2D Event Invoked
[22:42:44.950] [info] Collision Exit 2D Event Invoked
[22:42:44.950] [info] Collision Exit 2D Event Invoked
[22:42:44.950] [info] Collision Exit 2D Event Invoked
[22:42:44.951] [info] Collision Exit 2D Event Invoked
[22:42:44.951] [info] Collision Exit 2D Event Invoked
[22:42:44.951] [info] Collision Exit 2D Event Invoked
[22:42:44.951] [info] Collision Exit 2D Event Invoked
[22:42:44.951] [info] Collision Exit 2D Event Invoked
[22:42:44.952] [info] Collision Exit 2D Event Invoked
[22:42:44.952] [info] Collision Exit 2D Event Invoked
[22:42:44.952] [info] Collision Exit 2D Event Invoked
[22:42:44.969] [info] [MonoDbg] AddEntityToScript - Instantiating and adding script: ExperiencePoint to Entity ID: -47
[22:42:44.969] [info] [SetScriptVars] OK setting fields for: ExperiencePoint
[22:42:44.970] [info] [MonoDbg] AddEntityToScript - Syncing serialized fields for script: ExperiencePoint
[22:42:44.970] [info] [SetScriptVars] OK setting fields for: ExperiencePoint
[22:42:44.970] [info] [MonoDbg] AddEntityToScript - Instantiating and adding script: ExperiencePoint to Entity ID: -51
[22:42:44.970] [info] [SetScriptVars] OK setting fields for: ExperiencePoint
[22:42:44.971] [info] [MonoDbg] AddEntityToScript - Syncing serialized fields for script: ExperiencePoint
[22:42:44.971] [info] [SetScriptVars] OK setting fields for: ExperiencePoint
[22:42:44.971] [info] [MonoDbg] AddEntityToScript - Instantiating and adding script: ExperiencePoint to Entity ID: -52
[22:42:44.971] [info] [SetScriptVars] OK setting fields for: ExperiencePoint
[22:42:44.971] [info] [MonoDbg] AddEntityToScript - Syncing serialized fields for script: ExperiencePoint
[22:42:44.971] [info] [SetScriptVars] OK setting fields for: ExperiencePoint
[22:42:44.972] [error] Entity not found for ID: 0
[22:42:44.973] [info] Collision Enter 2D Event Invoked
[22:42:44.973] [info] Collision Enter 2D Event Invoked
[22:42:44.973] [info] Collision Enter 2D Event Invoked
[22:42:44.974] [info] Collision Enter 2D Event Invoked
[22:42:44.974] [info] Collision Enter 2D Event Invoked
[22:42:44.974] [info] Collision Enter 2D Event Invoked
[22:42:44.974] [info] Collision Enter 2D Event Invoked
[22:42:44.974] [info] Collision Enter 2D Event Invoked
[22:42:44.974] [info] Collision Enter 2D Event Invoked
[22:42:44.975] [info] Collision Enter 2D Event Invoked
[22:42:44.975] [info] Collision Enter 2D Event Invoked
[22:42:44.975] [info] Collision Enter 2D Event Invoked
[22:42:44.975] [info] Collision Enter 2D Event Invoked
[22:42:44.975] [info] Collision Enter 2D Event Invoked
[22:42:44.976] [info] Collision Enter 2D Event Invoked
[22:42:44.976] [info] Collision Enter 2D Event Invoked
[22:42:44.976] [info] Collision Enter 2D Event Invoked
[22:42:44.976] [info] Collision Enter 2D Event Invoked
[22:42:44.991] [error] Entity not found for ID: 0
[22:42:44.994] [info] Collision Exit 2D Event Invoked
[22:42:44.994] [info] Collision Exit 2D Event Invoked
[22:42:44.994] [info] Collision Exit 2D Event Invoked
[22:42:44.994] [info] Collision Exit 2D Event Invoked
[22:42:44.994] [info] Collision Exit 2D Event Invoked
[22:42:44.995] [info] Collision Exit 2D Event Invoked
[22:42:44.995] [info] Collision Exit 2D Event Invoked
[22:42:44.995] [info] Collision Exit 2D Event Invoked
[22:42:44.995] [info] Collision Exit 2D Event Invoked
[22:42:44.995] [info] Collision Exit 2D Event Invoked
[22:42:44.995] [info] Collision Exit 2D Event Invoked
[22:42:44.996] [info] Collision Exit 2D Event Invoked
[22:42:44.996] [info] Collision Exit 2D Event Invoked
[22:42:44.996] [info] Collision Exit 2D Event Invoked
[22:42:44.996] [info] Collision Exit 2D Event Invoked
[22:42:44.996] [info] Collision Exit 2D Event Invoked
[22:42:44.997] [info] Collision Exit 2D Event Invoked
[22:42:44.997] [info] Collision Exit 2D Event Invoked
[22:42:45.011] [error] Entity not found for ID: 0
[22:42:45.027] [error] Entity not found for ID: 0
[22:42:45.043] [error] Entity not found for ID: 0
[22:42:45.061] [error] Entity not found for ID: 0
[22:42:45.078] [error] Entity not found for ID: 0
[22:42:45.079] [info] Collision Enter 2D Event Invoked
[22:42:45.079] [info] Collision Enter 2D Event Invoked
[22:42:45.080] [info] Collision Enter 2D Event Invoked
[22:42:45.080] [info] Collision Enter 2D Event Invoked
[22:42:45.080] [info] Collision Enter 2D Event Invoked
[22:42:45.080] [info] Collision Enter 2D Event Invoked
[22:42:45.080] [info] Collision Enter 2D Event Invoked
[22:42:45.080] [info] Collision Enter 2D Event Invoked
[22:42:45.081] [info] Collision Enter 2D Event Invoked
[22:42:45.081] [info] Collision Enter 2D Event Invoked
[22:42:45.081] [info] Collision Enter 2D Event Invoked
[22:42:45.081] [info] Collision Enter 2D Event Invoked
[22:42:45.081] [info] Collision Enter 2D Event Invoked
[22:42:45.081] [info] Collision Enter 2D Event Invoked
[22:42:45.082] [info] Collision Enter 2D Event Invoked
[22:42:45.082] [info] Collision Enter 2D Event Invoked
[22:42:45.099] [error] Entity not found for ID: 0
[22:42:45.099] [error] Entity not found for ID: 0
[22:42:45.102] [info] Collision Exit 2D Event Invoked
[22:42:45.102] [info] Collision Exit 2D Event Invoked
[22:42:45.102] [info] Collision Exit 2D Event Invoked
[22:42:45.102] [info] Collision Exit 2D Event Invoked
[22:42:45.102] [info] Collision Exit 2D Event Invoked
[22:42:45.103] [info] Collision Exit 2D Event Invoked
[22:42:45.103] [info] Collision Exit 2D Event Invoked
[22:42:45.103] [info] Collision Exit 2D Event Invoked
[22:42:45.103] [info] Collision Exit 2D Event Invoked
[22:42:45.103] [info] Collision Exit 2D Event Invoked
[22:42:45.103] [info] Collision Exit 2D Event Invoked
[22:42:45.104] [info] Collision Exit 2D Event Invoked
[22:42:45.104] [info] Collision Exit 2D Event Invoked
[22:42:45.104] [info] Collision Exit 2D Event Invoked
[22:42:45.104] [info] Collision Exit 2D Event Invoked
[22:42:45.104] [info] Collision Exit 2D Event Invoked
[22:42:45.104] [info] Collision Exit 2D Event Invoked
[22:42:45.105] [info] Collision Exit 2D Event Invoked
[22:42:45.118] [error] Entity not found for ID: 0
[22:42:45.119] [error] Entity not found for ID: 0
[22:42:45.121] [info] Collision Exit 2D Event Invoked
[22:42:45.121] [info] Collision Exit 2D Event Invoked
[22:42:45.121] [info] Collision Exit 2D Event Invoked
[22:42:45.122] [info] Collision Exit 2D Event Invoked
[22:42:45.122] [info] Collision Exit 2D Event Invoked
[22:42:45.122] [info] Collision Exit 2D Event Invoked
[22:42:45.122] [info] Collision Exit 2D Event Invoked
[22:42:45.122] [info] Collision Exit 2D Event Invoked
[22:42:45.122] [info] Collision Exit 2D Event Invoked
[22:42:45.123] [info] Collision Exit 2D Event Invoked
[22:42:45.123] [info] Collision Exit 2D Event Invoked
[22:42:45.123] [info] Collision Exit 2D Event Invoked
[22:42:45.123] [info] Collision Exit 2D Event Invoked
[22:42:45.123] [info] Collision Exit 2D Event Invoked
[22:42:45.123] [info] Collision Exit 2D Event Invoked
[22:42:45.124] [info] Collision Exit 2D Event Invoked
[22:42:45.124] [info] Collision Exit 2D Event Invoked
[22:42:45.124] [info] Collision Exit 2D Event Invoked
[22:42:45.138] [error] Entity not found for ID: 0
[22:42:45.138] [error] Entity not found for ID: 0
[22:42:45.138] [info] [SOURCE_DETECTOR] C# requested CreateEntity: Prefab = SeaCow
[22:42:45.138] [info] [SOURCE_DETECTOR] Engine creating Entity (Internal)
[22:42:45.139] [info] [CPP ECS] FromJson - Adding component 'Transform' to entity 'SeaCow'
[22:42:45.139] [info] [CPP ECS] FromJson - Adding component 'CircleCollider' to entity 'SeaCow'
[22:42:45.139] [info] [CPP ECS] FromJson - Adding component 'Variables' to entity 'SeaCow'
[22:42:45.139] [info] [CPP ECS] FromJson - Adding component 'Script' to entity 'SeaCow'
[22:42:45.139] [info] [CPP ECS] FromJson - Adding component 'SpriteRenderer' to entity 'SeaCow'
[22:42:45.140] [info] [CPP ECS] FromJson - Adding component 'Rigidbody2D' to entity 'SeaCow'
[22:42:45.141] [info] Collision Enter 2D Event Invoked
[22:42:45.141] [info] Collision Enter 2D Event Invoked
[22:42:45.141] [info] Collision Enter 2D Event Invoked
[22:42:45.141] [info] Collision Enter 2D Event Invoked
[22:42:45.141] [info] Collision Enter 2D Event Invoked
[22:42:45.142] [info] Collision Enter 2D Event Invoked
[22:42:45.142] [info] Collision Enter 2D Event Invoked
[22:42:45.142] [info] Collision Enter 2D Event Invoked
[22:42:45.142] [info] Collision Enter 2D Event Invoked
[22:42:45.142] [info] Collision Enter 2D Event Invoked
[22:42:45.142] [info] Collision Enter 2D Event Invoked
[22:42:45.143] [info] Collision Enter 2D Event Invoked
[22:42:45.143] [info] Collision Enter 2D Event Invoked
[22:42:45.143] [info] Collision Enter 2D Event Invoked
[22:42:45.143] [info] Collision Enter 2D Event Invoked
[22:42:45.143] [info] Collision Enter 2D Event Invoked
[22:42:45.143] [info] Collision Enter 2D Event Invoked
[22:42:45.144] [info] Collision Enter 2D Event Invoked
[22:42:45.144] [info] Collision Enter 2D Event Invoked
[22:42:45.144] [info] Collision Enter 2D Event Invoked
[22:42:45.144] [info] Collision Enter 2D Event Invoked
[22:42:45.144] [info] Collision Enter 2D Event Invoked
[22:42:45.159] [info] [MonoDbg] AddEntityToScript - Instantiating and adding script: SpriteAnimation to Entity ID: -17
[22:42:45.159] [info] [SetScriptVars] OK setting fields for: SpriteAnimation
[22:42:45.159] [info] [MonoDbg] AddEntityToScript - Syncing serialized fields for script: SpriteAnimation
[22:42:45.160] [info] [SetScriptVars] OK setting fields for: SpriteAnimation
[22:42:45.160] [info] [MonoDbg] AddEntityToScript - Instantiating and adding script: ChaseController to Entity ID: -17
[22:42:45.160] [info] [SetScriptVars] OK setting fields for: ChaseController
[22:42:45.160] [info] [MonoDbg] AddEntityToScript - Syncing serialized fields for script: ChaseController
[22:42:45.160] [info] [SetScriptVars] OK setting fields for: ChaseController
[22:42:45.160] [info] [MonoDbg] AddEntityToScript - Instantiating and adding script: TargetFacingFlip to Entity ID: -17
[22:42:45.161] [info] [SetScriptVars] OK setting fields for: TargetFacingFlip
[22:42:45.161] [info] [MonoDbg] AddEntityToScript - Syncing serialized fields for script: TargetFacingFlip
[22:42:45.161] [info] [SetScriptVars] OK setting fields for: TargetFacingFlip
[22:42:45.161] [info] [MonoDbg] AddEntityToScript - Instantiating and adding script: SeaCow to Entity ID: -17
[22:42:45.161] [info] [SetScriptVars] OK setting fields for: SeaCow
[22:42:45.162] [info] [MonoDbg] AddEntityToScript - Syncing serialized fields for script: SeaCow
[22:42:45.162] [info] [SetScriptVars] OK setting fields for: SeaCow
[22:42:45.162] [info] [MonoDbg] AddEntityToScript - Instantiating and adding script: HP to Entity ID: -17
[22:42:45.162] [info] [SetScriptVars] OK setting fields for: HP
[22:42:45.162] [info] [MonoDbg] AddEntityToScript - Syncing serialized fields for script: HP
[22:42:45.162] [info] [SetScriptVars] OK setting fields for: HP
[22:42:45.163] [info] [MonoDbg] AddEntityToScript - Instantiating and adding script: ParticleOffset to Entity ID: -17
[22:42:45.163] [info] [SetScriptVars] no group for scriptName: ParticleOffset  groups: 10
[22:42:45.163] [info] [MonoDbg] AddEntityToScript - Syncing serialized fields for script: ParticleOffset
[22:42:45.163] [info] [SetScriptVars] no group for scriptName: ParticleOffset  groups: 10
[22:42:45.163] [info] [MonoDbg] AddEntityToScript - Instantiating and adding script: AttackCollision to Entity ID: -17
[22:42:45.163] [info] [SetScriptVars] OK setting fields for: AttackCollision
[22:42:45.164] [info] [MonoDbg] AddEntityToScript - Syncing serialized fields for script: AttackCollision
[22:42:45.164] [info] [SetScriptVars] OK setting fields for: AttackCollision
[22:42:45.164] [info] [MonoDbg] AddEntityToScript - Instantiating and adding script: ExpDropper to Entity ID: -17
[22:42:45.164] [info] [SetScriptVars] OK setting fields for: ExpDropper
[22:42:45.164] [info] [MonoDbg] AddEntityToScript - Syncing serialized fields for script: ExpDropper
[22:42:45.164] [info] [SetScriptVars] OK setting fields for: ExpDropper
[22:42:45.165] [info] [MonoDbg] AddEntityToScript - Instantiating and adding script: DespawnTimer to Entity ID: -17
[22:42:45.165] [info] [SetScriptVars] OK setting fields for: DespawnTimer
[22:42:45.165] [info] [MonoDbg] AddEntityToScript - Syncing serialized fields for script: DespawnTimer
[22:42:45.165] [info] [SetScriptVars] OK setting fields for: DespawnTimer
[22:42:45.165] [info] [MonoDbg] AddEntityToScript - Instantiating and adding script: FlashOnDamaged to Entity ID: -17
[22:42:45.166] [info] [SetScriptVars] OK setting fields for: FlashOnDamaged
[22:42:45.166] [info] [MonoDbg] AddEntityToScript - Syncing serialized fields for script: FlashOnDamaged
[22:42:45.166] [info] [SetScriptVars] OK setting fields for: FlashOnDamaged
[22:42:45.166] [info] [MonoDbg] AddEntityToScript - Instantiating and adding script: ShakeSelfOnDamaged to Entity ID: -17
[22:42:45.166] [info] [SetScriptVars] OK setting fields for: ShakeSelfOnDamaged
[22:42:45.167] [info] [MonoDbg] AddEntityToScript - Syncing serialized fields for script: ShakeSelfOnDamaged
[22:42:45.167] [info] [SetScriptVars] OK setting fields for: ShakeSelfOnDamaged
[22:42:45.167] [info] [SOURCE_DETECTOR] C# requested CreateEntity: Prefab = enemySwimParticle
[22:42:45.167] [info] [SOURCE_DETECTOR] Engine creating Entity (Internal)
[22:42:45.167] [info] [CPP ECS] FromJson - Adding component 'Transform' to entity 'enemySwimParticle'
[22:42:45.168] [info] [CPP ECS] FromJson - Adding component 'Variables' to entity 'enemySwimParticle'
[22:42:45.168] [info] [CPP ECS] FromJson - Adding component 'ParticleSystem2D' to entity 'enemySwimParticle'
[22:42:45.168] [error] Entity not found for ID: 0
[22:42:45.169] [error] Entity not found for ID: 0
[22:42:45.170] [info] Collision Enter 2D Event Invoked
[22:42:45.170] [info] Collision Enter 2D Event Invoked
[22:42:45.170] [info] Collision Enter 2D Event Invoked
[22:42:45.170] [info] Collision Enter 2D Event Invoked
[22:42:45.170] [info] Collision Enter 2D Event Invoked
[22:42:45.171] [info] Collision Enter 2D Event Invoked
[22:42:45.171] [info] Collision Enter 2D Event Invoked
[22:42:45.171] [info] Collision Enter 2D Event Invoked
[22:42:45.171] [info] Collision Enter 2D Event Invoked
[22:42:45.171] [info] Collision Enter 2D Event Invoked
[22:42:45.172] [info] Collision Enter 2D Event Invoked
[22:42:45.172] [info] Collision Enter 2D Event Invoked
[22:42:45.172] [info] Collision Enter 2D Event Invoked
[22:42:45.172] [info] Collision Enter 2D Event Invoked
[22:42:45.172] [info] Collision Enter 2D Event Invoked
[22:42:45.173] [info] Collision Enter 2D Event Invoked
[22:42:45.173] [info] Collision Enter 2D Event Invoked
[22:42:45.173] [info] Collision Enter 2D Event Invoked
[22:42:45.175] [info] Collision Exit 2D Event Invoked
[22:42:45.175] [info] Collision Exit 2D Event Invoked
[22:42:45.175] [info] Collision Exit 2D Event Invoked
[22:42:45.175] [info] Collision Exit 2D Event Invoked
[22:42:45.175] [info] Collision Exit 2D Event Invoked
[22:42:45.176] [info] Collision Exit 2D Event Invoked
[22:42:45.176] [info] Collision Exit 2D Event Invoked
[22:42:45.176] [info] Collision Exit 2D Event Invoked
[22:42:45.176] [info] Collision Exit 2D Event Invoked
[22:42:45.176] [info] Collision Exit 2D Event Invoked
[22:42:45.177] [info] Collision Exit 2D Event Invoked
[22:42:45.177] [info] Collision Exit 2D Event Invoked
[22:42:45.177] [info] Collision Exit 2D Event Invoked
[22:42:45.177] [info] Collision Exit 2D Event Invoked
[22:42:45.177] [info] Collision Exit 2D Event Invoked
[22:42:45.177] [info] Collision Exit 2D Event Invoked
[22:42:45.178] [info] Collision Exit 2D Event Invoked
[22:42:45.178] [info] Collision Exit 2D Event Invoked
[22:42:45.191] [error] Entity not found for ID: 0
[22:42:45.191] [error] Entity not found for ID: 0
[22:42:45.193] [info] Collision Enter 2D Event Invoked
[22:42:45.193] [info] Collision Enter 2D Event Invoked
[22:42:45.193] [info] Collision Enter 2D Event Invoked
[22:42:45.193] [info] Collision Enter 2D Event Invoked
[22:42:45.193] [info] Collision Enter 2D Event Invoked
[22:42:45.193] [info] Collision Enter 2D Event Invoked
[22:42:45.194] [info] Collision Enter 2D Event Invoked
[22:42:45.194] [info] Collision Enter 2D Event Invoked
[22:42:45.194] [info] Collision Enter 2D Event Invoked
[22:42:45.194] [info] Collision Enter 2D Event Invoked
[22:42:45.194] [info] Collision Enter 2D Event Invoked
[22:42:45.194] [info] Collision Enter 2D Event Invoked
[22:42:45.195] [info] Collision Enter 2D Event Invoked
[22:42:45.195] [info] Collision Enter 2D Event Invoked
[22:42:45.195] [info] Collision Enter 2D Event Invoked
[22:42:45.195] [info] Collision Enter 2D Event Invoked
[22:42:45.195] [info] Collision Enter 2D Event Invoked
[22:42:45.196] [info] Collision Enter 2D Event Invoked
[22:42:45.211] [error] Entity not found for ID: 0
[22:42:45.211] [error] Entity not found for ID: 0
[22:42:45.213] [info] Collision Exit 2D Event Invoked
[22:42:45.214] [info] Collision Exit 2D Event Invoked
[22:42:45.214] [info] Collision Exit 2D Event Invoked
[22:42:45.214] [info] Collision Exit 2D Event Invoked
[22:42:45.214] [info] Collision Exit 2D Event Invoked
[22:42:45.214] [info] Collision Exit 2D Event Invoked
[22:42:45.215] [info] Collision Exit 2D Event Invoked
[22:42:45.215] [info] Collision Exit 2D Event Invoked
[22:42:45.215] [info] Collision Exit 2D Event Invoked
[22:42:45.215] [info] Collision Exit 2D Event Invoked
[22:42:45.215] [info] Collision Exit 2D Event Invoked
[22:42:45.216] [info] Collision Exit 2D Event Invoked
[22:42:45.216] [info] Collision Exit 2D Event Invoked
[22:42:45.216] [info] Collision Exit 2D Event Invoked
[22:42:45.216] [info] Collision Exit 2D Event Invoked
[22:42:45.216] [info] Collision Exit 2D Event Invoked
[22:42:45.216] [info] Collision Exit 2D Event Invoked
[22:42:45.217] [info] Collision Exit 2D Event Invoked
[22:42:45.217] [info] Collision Exit 2D Event Invoked
[22:42:45.217] [info] Collision Exit 2D Event Invoked
[22:42:45.217] [info] Collision Exit 2D Event Invoked
[22:42:45.217] [info] Collision Exit 2D Event Invoked
[22:42:45.217] [info] Collision Exit 2D Event Invoked
[22:42:45.218] [info] Collision Exit 2D Event Invoked
[22:42:45.218] [info] Collision Exit 2D Event Invoked
[22:42:45.218] [info] Collision Exit 2D Event Invoked
[22:42:45.218] [info] Collision Exit 2D Event Invoked
[22:42:45.218] [info] Collision Exit 2D Event Invoked
[22:42:45.218] [info] Collision Exit 2D Event Invoked
[22:42:45.219] [info] Collision Exit 2D Event Invoked
[22:42:45.219] [info] Collision Exit 2D Event Invoked
[22:42:45.219] [info] Collision Exit 2D Event Invoked
[22:42:45.219] [info] Collision Exit 2D Event Invoked
[22:42:45.219] [info] Collision Exit 2D Event Invoked
[22:42:45.219] [info] Collision Exit 2D Event Invoked
[22:42:45.220] [info] Collision Exit 2D Event Invoked
[22:42:45.220] [info] Collision Exit 2D Event Invoked
[22:42:45.220] [info] Collision Exit 2D Event Invoked
[22:42:45.220] [info] Collision Exit 2D Event Invoked
[22:42:45.220] [info] Collision Exit 2D Event Invoked
[22:42:45.220] [info] Collision Exit 2D Event Invoked
[22:42:45.221] [info] Collision Exit 2D Event Invoked
[22:42:45.221] [info] Collision Exit 2D Event Invoked
[22:42:45.221] [info] Collision Exit 2D Event Invoked
[22:42:45.221] [info] Collision Exit 2D Event Invoked
[22:42:45.221] [info] Collision Exit 2D Event Invoked
[22:42:45.222] [info] Collision Exit 2D Event Invoked
[22:42:45.235] [error] Entity not found for ID: 0
[22:42:45.235] [error] Entity not found for ID: 0
[22:42:45.236] [info] Collision Enter 2D Event Invoked
[22:42:45.237] [info] Collision Enter 2D Event Invoked
[22:42:45.237] [info] Collision Enter 2D Event Invoked
[22:42:45.237] [info] Collision Enter 2D Event Invoked
[22:42:45.237] [info] Collision Enter 2D Event Invoked
[22:42:45.237] [info] Collision Enter 2D Event Invoked
[22:42:45.238] [info] Collision Enter 2D Event Invoked
[22:42:45.238] [info] Collision Enter 2D Event Invoked
[22:42:45.238] [info] Collision Enter 2D Event Invoked
[22:42:45.238] [info] Collision Enter 2D Event Invoked
[22:42:45.238] [info] Collision Enter 2D Event Invoked
[22:42:45.239] [info] Collision Enter 2D Event Invoked
[22:42:45.239] [info] Collision Enter 2D Event Invoked
[22:42:45.239] [info] Collision Enter 2D Event Invoked
[22:42:45.239] [info] Collision Enter 2D Event Invoked
[22:42:45.239] [info] Collision Enter 2D Event Invoked
[22:42:45.240] [info] Collision Enter 2D Event Invoked
[22:42:45.240] [info] Collision Enter 2D Event Invoked
[22:42:45.241] [info] Collision Exit 2D Event Invoked
[22:42:45.241] [info] Collision Exit 2D Event Invoked
[22:42:45.242] [info] Collision Exit 2D Event Invoked
[22:42:45.242] [info] Collision Exit 2D Event Invoked
[22:42:45.242] [info] Collision Exit 2D Event Invoked
[22:42:45.242] [info] Collision Exit 2D Event Invoked
[22:42:45.242] [info] Collision Exit 2D Event Invoked
[22:42:45.242] [info] Collision Exit 2D Event Invoked
[22:42:45.243] [info] Collision Exit 2D Event Invoked
[22:42:45.243] [info] Collision Exit 2D Event Invoked
[22:42:45.243] [info] Collision Exit 2D Event Invoked
[22:42:45.243] [info] Collision Exit 2D Event Invoked
[22:42:45.243] [info] Collision Exit 2D Event Invoked
[22:42:45.243] [info] Collision Exit 2D Event Invoked
[22:42:45.244] [info] Collision Exit 2D Event Invoked
[22:42:45.244] [info] Collision Exit 2D Event Invoked
[22:42:45.244] [info] Collision Exit 2D Event Invoked
[22:42:45.244] [info] Collision Exit 2D Event Invoked
[22:42:45.257] [error] Entity not found for ID: 0
[22:42:45.258] [error] Entity not found for ID: 0
[22:42:45.259] [info] Collision Enter 2D Event Invoked
[22:42:45.259] [info] Collision Enter 2D Event Invoked
[22:42:45.259] [info] Collision Enter 2D Event Invoked
[22:42:45.259] [info] Collision Enter 2D Event Invoked
[22:42:45.260] [info] Collision Enter 2D Event Invoked
[22:42:45.260] [info] Collision Enter 2D Event Invoked
[22:42:45.260] [info] Collision Enter 2D Event Invoked
[22:42:45.260] [info] Collision Enter 2D Event Invoked
[22:42:45.260] [info] Collision Enter 2D Event Invoked
[22:42:45.260] [info] Collision Enter 2D Event Invoked
[22:42:45.261] [info] Collision Enter 2D Event Invoked
[22:42:45.261] [info] Collision Enter 2D Event Invoked
[22:42:45.261] [info] Collision Enter 2D Event Invoked
[22:42:45.261] [info] Collision Enter 2D Event Invoked
[22:42:45.261] [info] Collision Enter 2D Event Invoked
[22:42:45.262] [info] Collision Enter 2D Event Invoked
[22:42:45.262] [info] Collision Enter 2D Event Invoked
[22:42:45.262] [info] Collision Enter 2D Event Invoked
[22:42:45.262] [info] Collision Enter 2D Event Invoked
[22:42:45.262] [info] Collision Enter 2D Event Invoked
[22:42:45.262] [info] Collision Enter 2D Event Invoked
[22:42:45.263] [info] Collision Enter 2D Event Invoked
[22:42:45.263] [info] Collision Enter 2D Event Invoked
[22:42:45.263] [info] Collision Enter 2D Event Invoked
[22:42:45.263] [info] Collision Enter 2D Event Invoked
[22:42:45.263] [info] Collision Enter 2D Event Invoked
[22:42:45.263] [info] Collision Enter 2D Event Invoked
[22:42:45.264] [info] Collision Enter 2D Event Invoked
[22:42:45.264] [info] Collision Enter 2D Event Invoked
[22:42:45.264] [info] Collision Enter 2D Event Invoked
[22:42:45.264] [info] Collision Enter 2D Event Invoked
[22:42:45.264] [info] Collision Enter 2D Event Invoked
[22:42:45.264] [info] Collision Enter 2D Event Invoked
[22:42:45.265] [info] Collision Enter 2D Event Invoked
[22:42:45.265] [info] Collision Enter 2D Event Invoked
[22:42:45.265] [info] Collision Enter 2D Event Invoked
[22:42:45.265] [info] Collision Enter 2D Event Invoked
[22:42:45.265] [info] Collision Enter 2D Event Invoked
[22:42:45.266] [info] Collision Enter 2D Event Invoked
[22:42:45.266] [info] Collision Enter 2D Event Invoked
[22:42:45.266] [info] Collision Enter 2D Event Invoked
[22:42:45.266] [info] Collision Enter 2D Event Invoked
[22:42:45.266] [info] Collision Enter 2D Event Invoked
[22:42:45.266] [info] Collision Enter 2D Event Invoked
[22:42:45.267] [info] Collision Enter 2D Event Invoked
[22:42:45.267] [info] Collision Enter 2D Event Invoked
[22:42:45.267] [info] Collision Enter 2D Event Invoked
[22:42:45.282] [error] Entity not found for ID: 0
[22:42:45.282] [error] Entity not found for ID: 0
[22:42:45.285] [info] Collision Exit 2D Event Invoked
[22:42:45.285] [info] Collision Exit 2D Event Invoked
[22:42:45.285] [info] Collision Exit 2D Event Invoked
[22:42:45.285] [info] Collision Exit 2D Event Invoked
[22:42:45.285] [info] Collision Exit 2D Event Invoked
[22:42:45.286] [info] Collision Exit 2D Event Invoked
[22:42:45.286] [info] Collision Exit 2D Event Invoked
[22:42:45.286] [info] Collision Exit 2D Event Invoked
[22:42:45.286] [info] Collision Exit 2D Event Invoked
[22:42:45.286] [info] Collision Exit 2D Event Invoked
[22:42:45.286] [info] Collision Exit 2D Event Invoked
[22:42:45.287] [info] Collision Exit 2D Event Invoked
[22:42:45.287] [info] Collision Exit 2D Event Invoked
[22:42:45.287] [info] Collision Exit 2D Event Invoked
[22:42:45.287] [info] Collision Exit 2D Event Invoked
[22:42:45.287] [info] Collision Exit 2D Event Invoked
[22:42:45.287] [info] Collision Exit 2D Event Invoked
[22:42:45.288] [info] Collision Exit 2D Event Invoked
[22:42:45.288] [info] Collision Exit 2D Event Invoked
[22:42:45.288] [info] Collision Exit 2D Event Invoked
[22:42:45.288] [info] Collision Exit 2D Event Invoked
[22:42:45.288] [info] Collision Exit 2D Event Invoked
[22:42:45.288] [info] Collision Exit 2D Event Invoked
[22:42:45.289] [info] Collision Exit 2D Event Invoked
[22:42:45.289] [info] Collision Exit 2D Event Invoked
[22:42:45.289] [info] Collision Exit 2D Event Invoked
[22:42:45.289] [info] Collision Exit 2D Event Invoked
[22:42:45.289] [info] Collision Exit 2D Event Invoked
[22:42:45.289] [info] Collision Exit 2D Event Invoked
[22:42:45.290] [info] Collision Exit 2D Event Invoked
[22:42:45.290] [info] Collision Exit 2D Event Invoked
[22:42:45.290] [info] Collision Exit 2D Event Invoked
[22:42:45.290] [info] Collision Exit 2D Event Invoked
[22:42:45.290] [info] Collision Exit 2D Event Invoked
[22:42:45.290] [info] Collision Exit 2D Event Invoked
[22:42:45.291] [info] Collision Exit 2D Event Invoked
[22:42:45.305] [error] Entity not found for ID: 0
[22:42:45.305] [error] Entity not found for ID: 0
[22:42:45.306] [error] Entity not found for ID: -49
[22:42:45.306] [error] Entity not found for ID: -50
[22:42:45.307] [info] Collision Enter 2D Event Invoked
[22:42:45.307] [info] Collision Enter 2D Event Invoked
[22:42:45.307] [info] Collision Enter 2D Event Invoked
[22:42:45.308] [info] Collision Enter 2D Event Invoked
[22:42:45.308] [info] Collision Enter 2D Event Invoked
[22:42:45.308] [info] Collision Enter 2D Event Invoked
[22:42:45.308] [info] Collision Enter 2D Event Invoked
[22:42:45.308] [info] Collision Enter 2D Event Invoked
[22:42:45.309] [info] Collision Enter 2D Event Invoked
[22:42:45.309] [info] Collision Enter 2D Event Invoked
[22:42:45.309] [info] Collision Enter 2D Event Invoked
[22:42:45.309] [info] Collision Enter 2D Event Invoked
[22:42:45.309] [info] Collision Enter 2D Event Invoked
[22:42:45.309] [info] Collision Enter 2D Event Invoked
[22:42:45.310] [info] Collision Enter 2D Event Invoked
[22:42:45.310] [info] Collision Enter 2D Event Invoked
[22:42:45.310] [info] Collision Enter 2D Event Invoked
[22:42:45.310] [info] Collision Enter 2D Event Invoked
[22:42:45.310] [info] Collision Enter 2D Event Invoked
[22:42:45.311] [info] Collision Enter 2D Event Invoked
[22:42:45.311] [info] Collision Enter 2D Event Invoked
[22:42:45.311] [info] Collision Enter 2D Event Invoked
[22:42:45.311] [info] Collision Enter 2D Event Invoked
[22:42:45.311] [info] Collision Enter 2D Event Invoked
[22:42:45.312] [info] Collision Enter 2D Event Invoked
[22:42:45.312] [info] Collision Enter 2D Event Invoked
[22:42:45.312] [info] Collision Enter 2D Event Invoked
[22:42:45.312] [info] Collision Enter 2D Event Invoked
[22:42:45.312] [info] Collision Enter 2D Event Invoked
[22:42:45.313] [info] Collision Enter 2D Event Invoked
[22:42:45.313] [info] Collision Enter 2D Event Invoked
[22:42:45.313] [info] Collision Enter 2D Event Invoked
[22:42:45.313] [info] Collision Enter 2D Event Invoked
[22:42:45.313] [info] Collision Enter 2D Event Invoked
[22:42:45.314] [info] Collision Enter 2D Event Invoked
[22:42:45.314] [info] Collision Enter 2D Event Invoked
[22:42:45.332] [error] Entity not found for ID: 0
[22:42:45.332] [error] Entity not found for ID: 0
[22:42:45.333] [error] Entity not found for ID: -49
[22:42:45.333] [error] Entity not found for ID: -50
[22:42:45.336] [info] Collision Exit 2D Event Invoked
[22:42:45.336] [info] Collision Exit 2D Event Invoked
[22:42:45.336] [info] Collision Exit 2D Event Invoked
[22:42:45.336] [info] Collision Exit 2D Event Invoked
[22:42:45.336] [info] Collision Exit 2D Event Invoked
[22:42:45.337] [info] Collision Exit 2D Event Invoked
[22:42:45.337] [info] Collision Exit 2D Event Invoked
[22:42:45.337] [info] Collision Exit 2D Event Invoked
[22:42:45.337] [info] Collision Exit 2D Event Invoked
[22:42:45.337] [info] Collision Exit 2D Event Invoked
[22:42:45.338] [info] Collision Exit 2D Event Invoked
[22:42:45.338] [info] Collision Exit 2D Event Invoked
[22:42:45.338] [info] Collision Exit 2D Event Invoked
[22:42:45.338] [info] Collision Exit 2D Event Invoked
[22:42:45.338] [info] Collision Exit 2D Event Invoked
[22:42:45.339] [info] Collision Exit 2D Event Invoked
[22:42:45.339] [info] Collision Exit 2D Event Invoked
[22:42:45.339] [info] Collision Exit 2D Event Invoked
[22:42:45.353] [error] Entity not found for ID: 0
[22:42:45.353] [error] Entity not found for ID: 0
[22:42:45.354] [error] Entity not found for ID: -49
[22:42:45.354] [error] Entity not found for ID: -50
[22:42:45.355] [info] Collision Enter 2D Event Invoked
[22:42:45.355] [info] Collision Enter 2D Event Invoked
[22:42:45.355] [info] Collision Enter 2D Event Invoked
[22:42:45.355] [info] Collision Enter 2D Event Invoked
[22:42:45.356] [info] Collision Enter 2D Event Invoked
[22:42:45.356] [info] Collision Enter 2D Event Invoked
[22:42:45.356] [info] Collision Enter 2D Event Invoked
[22:42:45.356] [info] Collision Enter 2D Event Invoked
[22:42:45.356] [info] Collision Enter 2D Event Invoked
[22:42:45.357] [info] Collision Enter 2D Event Invoked
[22:42:45.357] [info] Collision Enter 2D Event Invoked
[22:42:45.357] [info] Collision Enter 2D Event Invoked
[22:42:45.357] [info] Collision Enter 2D Event Invoked
[22:42:45.357] [info] Collision Enter 2D Event Invoked
[22:42:45.358] [info] Collision Enter 2D Event Invoked
[22:42:45.358] [info] Collision Enter 2D Event Invoked
[22:42:45.358] [info] Collision Enter 2D Event Invoked
[22:42:45.358] [info] Collision Enter 2D Event Invoked
[22:42:45.374] [error] Entity not found for ID: 0
[22:42:45.374] [error] Entity not found for ID: 0
[22:42:45.375] [error] Entity not found for ID: -49
[22:42:45.375] [error] Entity not found for ID: -50
[22:42:45.390] [error] Entity not found for ID: 0
[22:42:45.390] [error] Entity not found for ID: 0
[22:42:45.391] [error] Entity not found for ID: -49
[22:42:45.392] [error] Entity not found for ID: -50
[22:42:45.394] [info] Collision Exit 2D Event Invoked
[22:42:45.394] [info] Collision Exit 2D Event Invoked
[22:42:45.394] [info] Collision Exit 2D Event Invoked
[22:42:45.394] [info] Collision Exit 2D Event Invoked
[22:42:45.395] [info] Collision Exit 2D Event Invoked
[22:42:45.395] [info] Collision Exit 2D Event Invoked
[22:42:45.395] [info] Collision Exit 2D Event Invoked
[22:42:45.395] [info] Collision Exit 2D Event Invoked
[22:42:45.395] [info] Collision Exit 2D Event Invoked
[22:42:45.395] [info] Collision Exit 2D Event Invoked
[22:42:45.396] [info] Collision Exit 2D Event Invoked
[22:42:45.396] [info] Collision Exit 2D Event Invoked
[22:42:45.396] [info] Collision Exit 2D Event Invoked
[22:42:45.396] [info] Collision Exit 2D Event Invoked
[22:42:45.396] [info] Collision Exit 2D Event Invoked
[22:42:45.397] [info] Collision Exit 2D Event Invoked
[22:42:45.397] [info] Collision Exit 2D Event Invoked
[22:42:45.397] [info] Collision Exit 2D Event Invoked
[22:42:45.411] [error] Entity not found for ID: 0
[22:42:45.411] [error] Entity not found for ID: 0
[22:42:45.412] [error] Entity not found for ID: -49
[22:42:45.412] [error] Entity not found for ID: -50
[22:42:45.413] [info] Collision Enter 2D Event Invoked
[22:42:45.413] [info] Collision Enter 2D Event Invoked
[22:42:45.413] [info] Collision Enter 2D Event Invoked
[22:42:45.413] [info] Collision Enter 2D Event Invoked
[22:42:45.413] [info] Collision Enter 2D Event Invoked
[22:42:45.414] [info] Collision Enter 2D Event Invoked
[22:42:45.414] [info] Collision Enter 2D Event Invoked
[22:42:45.414] [info] Collision Enter 2D Event Invoked
[22:42:45.414] [info] Collision Enter 2D Event Invoked
[22:42:45.414] [info] Collision Enter 2D Event Invoked
[22:42:45.414] [info] Collision Enter 2D Event Invoked
[22:42:45.415] [info] Collision Enter 2D Event Invoked
[22:42:45.415] [info] Collision Enter 2D Event Invoked
[22:42:45.415] [info] Collision Enter 2D Event Invoked
[22:42:45.415] [info] Collision Enter 2D Event Invoked
[22:42:45.415] [info] Collision Enter 2D Event Invoked
[22:42:45.415] [info] Collision Enter 2D Event Invoked
[22:42:45.416] [info] Collision Enter 2D Event Invoked
[22:42:45.417] [info] Collision Exit 2D Event Invoked
[22:42:45.417] [info] Collision Exit 2D Event Invoked
[22:42:45.418] [info] Collision Exit 2D Event Invoked
[22:42:45.418] [info] Collision Exit 2D Event Invoked
[22:42:45.418] [info] Collision Exit 2D Event Invoked
[22:42:45.418] [info] Collision Exit 2D Event Invoked
[22:42:45.418] [info] Collision Exit 2D Event Invoked
[22:42:45.419] [info] Collision Exit 2D Event Invoked
[22:42:45.419] [info] Collision Exit 2D Event Invoked
[22:42:45.419] [info] Collision Exit 2D Event Invoked
[22:42:45.419] [info] Collision Exit 2D Event Invoked
[22:42:45.419] [info] Collision Exit 2D Event Invoked
[22:42:45.419] [info] Collision Exit 2D Event Invoked
[22:42:45.420] [info] Collision Exit 2D Event Invoked
[22:42:45.420] [info] Collision Exit 2D Event Invoked
[22:42:45.420] [info] Collision Exit 2D Event Invoked
[22:42:45.420] [info] Collision Exit 2D Event Invoked
[22:42:45.420] [info] Collision Exit 2D Event Invoked
[22:42:45.435] [error] Entity not found for ID: 0
[22:42:45.435] [error] Entity not found for ID: 0
[22:42:45.436] [error] Entity not found for ID: -49
[22:42:45.436] [error] Entity not found for ID: -50
[22:42:45.438] [info] Collision Exit 2D Event Invoked
[22:42:45.438] [info] Collision Exit 2D Event Invoked
[22:42:45.438] [info] Collision Exit 2D Event Invoked
[22:42:45.439] [info] Collision Exit 2D Event Invoked
[22:42:45.439] [info] Collision Exit 2D Event Invoked
[22:42:45.439] [info] Collision Exit 2D Event Invoked
[22:42:45.439] [info] Collision Exit 2D Event Invoked
[22:42:45.439] [info] Collision Exit 2D Event Invoked
[22:42:45.439] [info] Collision Exit 2D Event Invoked
[22:42:45.440] [info] Collision Exit 2D Event Invoked
[22:42:45.440] [info] Collision Exit 2D Event Invoked
[22:42:45.440] [info] Collision Exit 2D Event Invoked
[22:42:45.440] [info] Collision Exit 2D Event Invoked
[22:42:45.440] [info] Collision Exit 2D Event Invoked
[22:42:45.440] [info] Collision Exit 2D Event Invoked
[22:42:45.440] [info] Collision Exit 2D Event Invoked
[22:42:45.441] [info] Collision Exit 2D Event Invoked
[22:42:45.441] [info] Collision Exit 2D Event Invoked
[22:42:45.454] [error] Entity not found for ID: 0
[22:42:45.454] [error] Entity not found for ID: 0
[22:42:45.455] [error] Entity not found for ID: -49
[22:42:45.455] [error] Entity not found for ID: -50
[22:42:45.456] [info] Collision Enter 2D Event Invoked
[22:42:45.456] [info] Collision Enter 2D Event Invoked
[22:42:45.456] [info] Collision Enter 2D Event Invoked
[22:42:45.456] [info] Collision Enter 2D Event Invoked
[22:42:45.456] [info] Collision Enter 2D Event Invoked
[22:42:45.457] [info] Collision Enter 2D Event Invoked
[22:42:45.457] [info] Collision Enter 2D Event Invoked
[22:42:45.457] [info] Collision Enter 2D Event Invoked
[22:42:45.457] [info] Collision Enter 2D Event Invoked
[22:42:45.457] [info] Collision Enter 2D Event Invoked
[22:42:45.458] [info] Collision Enter 2D Event Invoked
[22:42:45.458] [info] Collision Enter 2D Event Invoked
[22:42:45.458] [info] Collision Enter 2D Event Invoked
[22:42:45.458] [info] Collision Enter 2D Event Invoked
[22:42:45.458] [info] Collision Enter 2D Event Invoked
[22:42:45.458] [info] Collision Enter 2D Event Invoked
[22:42:45.459] [info] Collision Enter 2D Event Invoked
[22:42:45.459] [info] Collision Enter 2D Event Invoked
[22:42:45.474] [error] Entity not found for ID: 0
[22:42:45.474] [error] Entity not found for ID: 0
[22:42:45.475] [error] Entity not found for ID: -49
[22:42:45.475] [error] Entity not found for ID: -50
[22:42:45.475] [info] Collision Enter 2D Event Invoked
[22:42:45.476] [info] Collision Enter 2D Event Invoked
[22:42:45.476] [info] Collision Enter 2D Event Invoked
[22:42:45.476] [info] Collision Enter 2D Event Invoked
[22:42:45.476] [info] Collision Enter 2D Event Invoked
[22:42:45.476] [info] Collision Enter 2D Event Invoked
[22:42:45.477] [info] Collision Enter 2D Event Invoked
[22:42:45.477] [info] Collision Enter 2D Event Invoked
[22:42:45.477] [info] Collision Enter 2D Event Invoked
[22:42:45.477] [info] Collision Enter 2D Event Invoked
[22:42:45.477] [info] Collision Enter 2D Event Invoked
[22:42:45.477] [info] Collision Enter 2D Event Invoked
[22:42:45.478] [info] Collision Enter 2D Event Invoked
[22:42:45.478] [info] Collision Enter 2D Event Invoked
[22:42:45.478] [info] Collision Enter 2D Event Invoked
[22:42:45.478] [info] Collision Enter 2D Event Invoked
[22:42:45.478] [info] Collision Enter 2D Event Invoked
[22:42:45.478] [info] Collision Enter 2D Event Invoked
[22:42:45.494] [error] Entity not found for ID: 0
[22:42:45.495] [error] Entity not found for ID: 0
[22:42:45.496] [error] Entity not found for ID: -49
[22:42:45.496] [error] Entity not found for ID: -50
[22:42:45.498] [info] Collision Exit 2D Event Invoked
[22:42:45.498] [info] Collision Exit 2D Event Invoked
[22:42:45.498] [info] Collision Exit 2D Event Invoked
[22:42:45.499] [info] Collision Exit 2D Event Invoked
[22:42:45.499] [info] Collision Exit 2D Event Invoked
[22:42:45.499] [info] Collision Exit 2D Event Invoked
[22:42:45.499] [info] Collision Exit 2D Event Invoked
[22:42:45.499] [info] Collision Exit 2D Event Invoked
[22:42:45.500] [info] Collision Exit 2D Event Invoked
[22:42:45.500] [info] Collision Exit 2D Event Invoked
[22:42:45.500] [info] Collision Exit 2D Event Invoked
[22:42:45.500] [info] Collision Exit 2D Event Invoked
[22:42:45.500] [info] Collision Exit 2D Event Invoked
[22:42:45.501] [info] Collision Exit 2D Event Invoked
[22:42:45.501] [info] Collision Exit 2D Event Invoked
[22:42:45.501] [info] Collision Exit 2D Event Invoked
[22:42:45.501] [info] Collision Exit 2D Event Invoked
[22:42:45.501] [info] Collision Exit 2D Event Invoked
[22:42:45.501] [info] Collision Exit 2D Event Invoked
[22:42:45.502] [info] Collision Exit 2D Event Invoked
[22:42:45.502] [info] Collision Exit 2D Event Invoked
[22:42:45.502] [info] Collision Exit 2D Event Invoked
[22:42:45.502] [info] Collision Exit 2D Event Invoked
[22:42:45.502] [info] Collision Exit 2D Event Invoked
[22:42:45.503] [info] Collision Exit 2D Event Invoked
[22:42:45.503] [info] Collision Exit 2D Event Invoked
[22:42:45.503] [info] Collision Exit 2D Event Invoked
[22:42:45.503] [info] Collision Exit 2D Event Invoked
[22:42:45.503] [info] Collision Exit 2D Event Invoked
[22:42:45.504] [info] Collision Exit 2D Event Invoked
[22:42:45.504] [info] Collision Exit 2D Event Invoked
[22:42:45.504] [info] Collision Exit 2D Event Invoked
[22:42:45.504] [info] Collision Exit 2D Event Invoked
[22:42:45.504] [info] Collision Exit 2D Event Invoked
[22:42:45.505] [info] Collision Exit 2D Event Invoked
[22:42:45.505] [info] Collision Exit 2D Event Invoked
[22:42:45.519] [error] Entity not found for ID: 0
[22:42:45.519] [error] Entity not found for ID: 0
[22:42:45.520] [error] Entity not found for ID: -49
[22:42:45.520] [error] Entity not found for ID: -50
[22:42:45.535] [error] Entity not found for ID: 0
[22:42:45.535] [error] Entity not found for ID: 0
[22:42:45.536] [error] Entity not found for ID: -49
[22:42:45.536] [error] Entity not found for ID: -50
[22:42:45.537] [info] Collision Enter 2D Event Invoked
[22:42:45.537] [info] Collision Enter 2D Event Invoked
[22:42:45.537] [info] Collision Enter 2D Event Invoked
[22:42:45.538] [info] Collision Enter 2D Event Invoked
[22:42:45.538] [info] Collision Enter 2D Event Invoked
[22:42:45.538] [info] Collision Enter 2D Event Invoked
[22:42:45.538] [info] Collision Enter 2D Event Invoked
[22:42:45.538] [info] Collision Enter 2D Event Invoked
[22:42:45.539] [info] Collision Enter 2D Event Invoked
[22:42:45.539] [info] Collision Enter 2D Event Invoked
[22:42:45.539] [info] Collision Enter 2D Event Invoked
[22:42:45.539] [info] Collision Enter 2D Event Invoked
[22:42:45.539] [info] Collision Enter 2D Event Invoked
[22:42:45.540] [info] Collision Enter 2D Event Invoked
[22:42:45.540] [info] Collision Enter 2D Event Invoked
[22:42:45.540] [info] Collision Enter 2D Event Invoked
[22:42:45.540] [info] Collision Enter 2D Event Invoked
[22:42:45.540] [info] Collision Enter 2D Event Invoked
[22:42:45.540] [info] Collision Enter 2D Event Invoked
[22:42:45.541] [info] Collision Enter 2D Event Invoked
[22:42:45.541] [info] Collision Enter 2D Event Invoked
[22:42:45.541] [info] Collision Enter 2D Event Invoked
[22:42:45.541] [info] Collision Enter 2D Event Invoked
[22:42:45.541] [info] Collision Enter 2D Event Invoked
[22:42:45.542] [info] Collision Enter 2D Event Invoked
[22:42:45.542] [info] Collision Enter 2D Event Invoked
[22:42:45.542] [info] Collision Enter 2D Event Invoked
[22:42:45.542] [info] Collision Enter 2D Event Invoked
[22:42:45.542] [info] Collision Enter 2D Event Invoked
[22:42:45.542] [info] Collision Enter 2D Event Invoked
[22:42:45.543] [info] Collision Enter 2D Event Invoked
[22:42:45.543] [info] Collision Enter 2D Event Invoked
[22:42:45.543] [info] Collision Enter 2D Event Invoked
[22:42:45.543] [info] Collision Enter 2D Event Invoked
[22:42:45.543] [info] Collision Enter 2D Event Invoked
[22:42:45.543] [info] Collision Enter 2D Event Invoked
[22:42:45.545] [info] Collision Exit 2D Event Invoked
[22:42:45.545] [info] Collision Exit 2D Event Invoked
[22:42:45.545] [info] Collision Exit 2D Event Invoked
[22:42:45.546] [info] Collision Exit 2D Event Invoked
[22:42:45.546] [info] Collision Exit 2D Event Invoked
[22:42:45.546] [info] Collision Exit 2D Event Invoked
[22:42:45.546] [info] Collision Exit 2D Event Invoked
[22:42:45.546] [info] Collision Exit 2D Event Invoked
[22:42:45.546] [info] Collision Exit 2D Event Invoked
[22:42:45.547] [info] Collision Exit 2D Event Invoked
[22:42:45.547] [info] Collision Exit 2D Event Invoked
[22:42:45.547] [info] Collision Exit 2D Event Invoked
[22:42:45.547] [info] Collision Exit 2D Event Invoked
[22:42:45.547] [info] Collision Exit 2D Event Invoked
[22:42:45.547] [info] Collision Exit 2D Event Invoked
[22:42:45.548] [info] Collision Exit 2D Event Invoked
[22:42:45.548] [info] Collision Exit 2D Event Invoked
[22:42:45.548] [info] Collision Exit 2D Event Invoked
[22:42:45.563] [error] Entity not found for ID: 0
[22:42:45.563] [error] Entity not found for ID: 0
[22:42:45.564] [error] Entity not found for ID: -49
[22:42:45.565] [error] Entity not found for ID: -50
[22:42:45.565] [info] Collision Enter 2D Event Invoked
[22:42:45.565] [info] Collision Enter 2D Event Invoked
[22:42:45.566] [info] Collision Enter 2D Event Invoked
[22:42:45.566] [info] Collision Enter 2D Event Invoked
[22:42:45.566] [info] Collision Enter 2D Event Invoked
[22:42:45.566] [info] Collision Enter 2D Event Invoked
[22:42:45.566] [info] Collision Enter 2D Event Invoked
[22:42:45.566] [info] Collision Enter 2D Event Invoked
[22:42:45.567] [info] Collision Enter 2D Event Invoked
[22:42:45.567] [info] Collision Enter 2D Event Invoked
[22:42:45.567] [info] Collision Enter 2D Event Invoked
[22:42:45.567] [info] Collision Enter 2D Event Invoked
[22:42:45.567] [info] Collision Enter 2D Event Invoked
[22:42:45.567] [info] Collision Enter 2D Event Invoked
[22:42:45.568] [info] Collision Enter 2D Event Invoked
[22:42:45.568] [info] Collision Enter 2D Event Invoked
[22:42:45.568] [info] Collision Enter 2D Event Invoked
[22:42:45.568] [info] Collision Enter 2D Event Invoked
[22:42:45.570] [info] Collision Exit 2D Event Invoked
[22:42:45.570] [info] Collision Exit 2D Event Invoked
[22:42:45.570] [info] Collision Exit 2D Event Invoked
[22:42:45.570] [info] Collision Exit 2D Event Invoked
[22:42:45.570] [info] Collision Exit 2D Event Invoked
[22:42:45.571] [info] Collision Exit 2D Event Invoked
[22:42:45.571] [info] Collision Exit 2D Event Invoked
[22:42:45.571] [info] Collision Exit 2D Event Invoked
[22:42:45.571] [info] Collision Exit 2D Event Invoked
[22:42:45.571] [info] Collision Exit 2D Event Invoked
[22:42:45.572] [info] Collision Exit 2D Event Invoked
[22:42:45.572] [info] Collision Exit 2D Event Invoked
[22:42:45.572] [info] Collision Exit 2D Event Invoked
[22:42:45.572] [info] Collision Exit 2D Event Invoked
[22:42:45.572] [info] Collision Exit 2D Event Invoked
[22:42:45.572] [info] Collision Exit 2D Event Invoked
[22:42:45.573] [info] Collision Exit 2D Event Invoked
[22:42:45.573] [info] Collision Exit 2D Event Invoked
[22:42:45.573] [info] Collision Exit 2D Event Invoked
[22:42:45.573] [info] Collision Exit 2D Event Invoked
[22:42:45.573] [info] Collision Exit 2D Event Invoked
[22:42:45.574] [info] Collision Exit 2D Event Invoked
[22:42:45.574] [info] Collision Exit 2D Event Invoked
[22:42:45.574] [info] Collision Exit 2D Event Invoked
[22:42:45.574] [info] Collision Exit 2D Event Invoked
[22:42:45.574] [info] Collision Exit 2D Event Invoked
[22:42:45.574] [info] Collision Exit 2D Event Invoked
[22:42:45.575] [info] Collision Exit 2D Event Invoked
[22:42:45.575] [info] Collision Exit 2D Event Invoked
[22:42:45.575] [info] Collision Exit 2D Event Invoked
[22:42:45.575] [info] Collision Exit 2D Event Invoked
[22:42:45.575] [info] Collision Exit 2D Event Invoked
[22:42:45.576] [info] Collision Exit 2D Event Invoked
[22:42:45.576] [info] Collision Exit 2D Event Invoked
[22:42:45.576] [info] Collision Exit 2D Event Invoked
[22:42:45.576] [info] Collision Exit 2D Event Invoked
[22:42:45.590] [error] Entity not found for ID: 0
[22:42:45.590] [error] Entity not found for ID: 0
[22:42:45.591] [error] Entity not found for ID: -49
[22:42:45.591] [error] Entity not found for ID: -50
[22:42:45.592] [info] Collision Enter 2D Event Invoked
[22:42:45.592] [info] Collision Enter 2D Event Invoked
[22:42:45.592] [info] Collision Enter 2D Event Invoked
[22:42:45.592] [info] Collision Enter 2D Event Invoked
[22:42:45.593] [info] Collision Enter 2D Event Invoked
[22:42:45.593] [info] Collision Enter 2D Event Invoked
[22:42:45.593] [info] Collision Enter 2D Event Invoked
[22:42:45.593] [info] Collision Enter 2D Event Invoked
[22:42:45.593] [info] Collision Enter 2D Event Invoked
[22:42:45.594] [info] Collision Enter 2D Event Invoked
[22:42:45.594] [info] Collision Enter 2D Event Invoked
[22:42:45.594] [info] Collision Enter 2D Event Invoked
[22:42:45.594] [info] Collision Enter 2D Event Invoked
[22:42:45.594] [info] Collision Enter 2D Event Invoked
[22:42:45.595] [info] Collision Enter 2D Event Invoked
[22:42:45.595] [info] Collision Enter 2D Event Invoked
[22:42:45.595] [info] Collision Enter 2D Event Invoked
[22:42:45.595] [info] Collision Enter 2D Event Invoked
[22:42:45.610] [error] Entity not found for ID: 0
[22:42:45.610] [error] Entity not found for ID: 0
[22:42:45.611] [error] Entity not found for ID: -49
[22:42:45.611] [error] Entity not found for ID: -50
[22:42:45.612] [info] Collision Enter 2D Event Invoked
[22:42:45.612] [info] Collision Enter 2D Event Invoked
[22:42:45.612] [info] Collision Enter 2D Event Invoked
[22:42:45.612] [info] Collision Enter 2D Event Invoked
[22:42:45.612] [info] Collision Enter 2D Event Invoked
[22:42:45.613] [info] Collision Enter 2D Event Invoked
[22:42:45.613] [info] Collision Enter 2D Event Invoked
[22:42:45.613] [info] Collision Enter 2D Event Invoked
[22:42:45.613] [info] Collision Enter 2D Event Invoked
[22:42:45.613] [info] Collision Enter 2D Event Invoked
[22:42:45.614] [info] Collision Enter 2D Event Invoked
[22:42:45.614] [info] Collision Enter 2D Event Invoked
[22:42:45.614] [info] Collision Enter 2D Event Invoked
[22:42:45.614] [info] Collision Enter 2D Event Invoked
[22:42:45.614] [info] Collision Enter 2D Event Invoked
[22:42:45.614] [info] Collision Enter 2D Event Invoked
[22:42:45.615] [info] Collision Enter 2D Event Invoked
[22:42:45.615] [info] Collision Enter 2D Event Invoked
[22:42:45.631] [error] Entity not found for ID: 0
[22:42:45.631] [error] Entity not found for ID: 0
[22:42:45.632] [error] Entity not found for ID: -49
[22:42:45.632] [error] Entity not found for ID: -50
[22:42:45.635] [info] Collision Exit 2D Event Invoked
[22:42:45.635] [info] Collision Exit 2D Event Invoked
[22:42:45.635] [info] Collision Exit 2D Event Invoked
[22:42:45.635] [info] Collision Exit 2D Event Invoked
[22:42:45.635] [info] Collision Exit 2D Event Invoked
[22:42:45.636] [info] Collision Exit 2D Event Invoked
[22:42:45.636] [info] Collision Exit 2D Event Invoked
[22:42:45.636] [info] Collision Exit 2D Event Invoked
[22:42:45.636] [info] Collision Exit 2D Event Invoked
[22:42:45.636] [info] Collision Exit 2D Event Invoked
[22:42:45.636] [info] Collision Exit 2D Event Invoked
[22:42:45.637] [info] Collision Exit 2D Event Invoked
[22:42:45.637] [info] Collision Exit 2D Event Invoked
[22:42:45.637] [info] Collision Exit 2D Event Invoked
[22:42:45.637] [info] Collision Exit 2D Event Invoked
[22:42:45.638] [info] Collision Exit 2D Event Invoked
[22:42:45.652] [error] Entity not found for ID: 0
[22:42:45.652] [error] Entity not found for ID: 0
[22:42:45.653] [error] Entity not found for ID: -49
[22:42:45.653] [error] Entity not found for ID: -50
[22:42:45.668] [error] Entity not found for ID: 0
[22:42:45.669] [error] Entity not found for ID: 0
[22:42:45.669] [error] Entity not found for ID: -49
[22:42:45.670] [error] Entity not found for ID: -50
[22:42:45.672] [info] Collision Exit 2D Event Invoked
[22:42:45.672] [info] Collision Exit 2D Event Invoked
[22:42:45.672] [info] Collision Exit 2D Event Invoked
[22:42:45.672] [info] Collision Exit 2D Event Invoked
[22:42:45.673] [info] Collision Exit 2D Event Invoked
[22:42:45.673] [info] Collision Exit 2D Event Invoked
[22:42:45.673] [info] Collision Exit 2D Event Invoked
[22:42:45.673] [info] Collision Exit 2D Event Invoked
[22:42:45.673] [info] Collision Exit 2D Event Invoked
[22:42:45.673] [info] Collision Exit 2D Event Invoked
[22:42:45.674] [info] Collision Exit 2D Event Invoked
[22:42:45.674] [info] Collision Exit 2D Event Invoked
[22:42:45.674] [info] Collision Exit 2D Event Invoked
[22:42:45.674] [info] Collision Exit 2D Event Invoked
[22:42:45.674] [info] Collision Exit 2D Event Invoked
[22:42:45.674] [info] Collision Exit 2D Event Invoked
[22:42:45.674] [info] Collision Exit 2D Event Invoked
[22:42:45.675] [info] Collision Exit 2D Event Invoked
[22:42:45.675] [info] Collision Exit 2D Event Invoked
[22:42:45.675] [info] Collision Exit 2D Event Invoked
[22:42:45.675] [info] Collision Exit 2D Event Invoked
[22:42:45.675] [info] Collision Exit 2D Event Invoked
[22:42:45.675] [info] Collision Exit 2D Event Invoked
[22:42:45.676] [info] Collision Exit 2D Event Invoked
[22:42:45.676] [info] Collision Exit 2D Event Invoked
[22:42:45.676] [info] Collision Exit 2D Event Invoked
[22:42:45.676] [info] Collision Exit 2D Event Invoked
[22:42:45.676] [info] Collision Exit 2D Event Invoked
[22:42:45.677] [info] Collision Exit 2D Event Invoked
[22:42:45.677] [info] Collision Exit 2D Event Invoked
[22:42:45.677] [info] Collision Exit 2D Event Invoked
[22:42:45.677] [info] Collision Exit 2D Event Invoked
[22:42:45.677] [info] Collision Exit 2D Event Invoked
[22:42:45.677] [info] Collision Exit 2D Event Invoked
[22:42:45.678] [info] Collision Exit 2D Event Invoked
[22:42:45.678] [info] Collision Exit 2D Event Invoked
[22:42:45.692] [error] Entity not found for ID: 0
[22:42:45.692] [error] Entity not found for ID: 0
[22:42:45.693] [error] Entity not found for ID: -49
[22:42:45.693] [error] Entity not found for ID: -50
[22:42:45.694] [info] Collision Enter 2D Event Invoked
[22:42:45.694] [info] Collision Enter 2D Event Invoked
[22:42:45.694] [info] Collision Enter 2D Event Invoked
[22:42:45.694] [info] Collision Enter 2D Event Invoked
[22:42:45.695] [info] Collision Enter 2D Event Invoked
[22:42:45.695] [info] Collision Enter 2D Event Invoked
[22:42:45.695] [info] Collision Enter 2D Event Invoked
[22:42:45.695] [info] Collision Enter 2D Event Invoked
[22:42:45.695] [info] Collision Enter 2D Event Invoked
[22:42:45.696] [info] Collision Enter 2D Event Invoked
[22:42:45.696] [info] Collision Enter 2D Event Invoked
[22:42:45.696] [info] Collision Enter 2D Event Invoked
[22:42:45.696] [info] Collision Enter 2D Event Invoked
[22:42:45.696] [info] Collision Enter 2D Event Invoked
[22:42:45.696] [info] Collision Enter 2D Event Invoked
[22:42:45.697] [info] Collision Enter 2D Event Invoked
[22:42:45.697] [info] Collision Enter 2D Event Invoked
[22:42:45.697] [info] Collision Enter 2D Event Invoked
[22:42:45.697] [info] Collision Enter 2D Event Invoked
[22:42:45.697] [info] Collision Enter 2D Event Invoked
[22:42:45.698] [info] Collision Enter 2D Event Invoked
[22:42:45.698] [info] Collision Enter 2D Event Invoked
[22:42:45.698] [info] Collision Enter 2D Event Invoked
[22:42:45.698] [info] Collision Enter 2D Event Invoked
[22:42:45.698] [info] Collision Enter 2D Event Invoked
[22:42:45.698] [info] Collision Enter 2D Event Invoked
[22:42:45.699] [info] Collision Enter 2D Event Invoked
[22:42:45.699] [info] Collision Enter 2D Event Invoked
[22:42:45.699] [info] Collision Enter 2D Event Invoked
[22:42:45.699] [info] Collision Enter 2D Event Invoked
[22:42:45.699] [info] Collision Enter 2D Event Invoked
[22:42:45.699] [info] Collision Enter 2D Event Invoked
[22:42:45.700] [info] Collision Enter 2D Event Invoked
[22:42:45.700] [info] Collision Enter 2D Event Invoked
[22:42:45.700] [info] Collision Enter 2D Event Invoked
[22:42:45.700] [info] Collision Enter 2D Event Invoked
[22:42:45.717] [error] Entity not found for ID: 0
[22:42:45.717] [error] Entity not found for ID: 0
[22:42:45.718] [error] Entity not found for ID: -49
[22:42:45.718] [error] Entity not found for ID: -50
[22:42:45.735] [error] Entity not found for ID: 0
[22:42:45.735] [error] Entity not found for ID: 0
[22:42:45.735] [error] Entity not found for ID: -49
[22:42:45.736] [error] Entity not found for ID: -50
[22:42:45.738] [info] Collision Exit 2D Event Invoked
[22:42:45.738] [info] Collision Exit 2D Event Invoked
[22:42:45.738] [info] Collision Exit 2D Event Invoked
[22:42:45.738] [info] Collision Exit 2D Event Invoked
[22:42:45.738] [info] Collision Exit 2D Event Invoked
[22:42:45.738] [info] Collision Exit 2D Event Invoked
[22:42:45.739] [info] Collision Exit 2D Event Invoked
[22:42:45.739] [info] Collision Exit 2D Event Invoked
[22:42:45.739] [info] Collision Exit 2D Event Invoked
[22:42:45.739] [info] Collision Exit 2D Event Invoked
[22:42:45.739] [info] Collision Exit 2D Event Invoked
[22:42:45.739] [info] Collision Exit 2D Event Invoked
[22:42:45.740] [info] Collision Exit 2D Event Invoked
[22:42:45.740] [info] Collision Exit 2D Event Invoked
[22:42:45.740] [info] Collision Exit 2D Event Invoked
[22:42:45.740] [info] Collision Exit 2D Event Invoked
[22:42:45.740] [info] Collision Exit 2D Event Invoked
[22:42:45.741] [info] Collision Exit 2D Event Invoked
[22:42:45.755] [error] Entity not found for ID: 0
[22:42:45.755] [error] Entity not found for ID: 0
[22:42:45.756] [error] Entity not found for ID: -49
[22:42:45.756] [error] Entity not found for ID: -50
[22:42:45.756] [info] Collision Enter 2D Event Invoked
[22:42:45.757] [info] Collision Enter 2D Event Invoked
[22:42:45.757] [info] Collision Enter 2D Event Invoked
[22:42:45.757] [info] Collision Enter 2D Event Invoked
[22:42:45.757] [info] Collision Enter 2D Event Invoked
[22:42:45.757] [info] Collision Enter 2D Event Invoked
[22:42:45.757] [info] Collision Enter 2D Event Invoked
[22:42:45.758] [info] Collision Enter 2D Event Invoked
[22:42:45.758] [info] Collision Enter 2D Event Invoked
[22:42:45.758] [info] Collision Enter 2D Event Invoked
[22:42:45.758] [info] Collision Enter 2D Event Invoked
[22:42:45.758] [info] Collision Enter 2D Event Invoked
[22:42:45.759] [info] Collision Enter 2D Event Invoked
[22:42:45.759] [info] Collision Enter 2D Event Invoked
[22:42:45.759] [info] Collision Enter 2D Event Invoked
[22:42:45.759] [info] Collision Enter 2D Event Invoked
[22:42:45.759] [info] Collision Enter 2D Event Invoked
[22:42:45.759] [info] Collision Enter 2D Event Invoked
[22:42:45.775] [error] Entity not found for ID: 0
[22:42:45.775] [error] Entity not found for ID: 0
[22:42:45.776] [error] Entity not found for ID: -49
[22:42:45.776] [error] Entity not found for ID: -50
[22:42:45.779] [info] Collision Exit 2D Event Invoked
[22:42:45.779] [info] Collision Exit 2D Event Invoked
[22:42:45.779] [info] Collision Exit 2D Event Invoked
[22:42:45.779] [info] Collision Exit 2D Event Invoked
[22:42:45.779] [info] Collision Exit 2D Event Invoked
[22:42:45.780] [info] Collision Exit 2D Event Invoked
[22:42:45.780] [info] Collision Exit 2D Event Invoked
[22:42:45.780] [info] Collision Exit 2D Event Invoked
[22:42:45.780] [info] Collision Exit 2D Event Invoked
[22:42:45.780] [info] Collision Exit 2D Event Invoked
[22:42:45.780] [info] Collision Exit 2D Event Invoked
[22:42:45.781] [info] Collision Exit 2D Event Invoked
[22:42:45.781] [info] Collision Exit 2D Event Invoked
[22:42:45.781] [info] Collision Exit 2D Event Invoked
[22:42:45.781] [info] Collision Exit 2D Event Invoked
[22:42:45.781] [info] Collision Exit 2D Event Invoked
[22:42:45.781] [info] Collision Exit 2D Event Invoked
[22:42:45.782] [info] Collision Exit 2D Event Invoked
[22:42:45.797] [error] Entity not found for ID: 0
[22:42:45.797] [error] Entity not found for ID: 0
[22:42:45.797] [error] Entity not found for ID: -49
[22:42:45.798] [error] Entity not found for ID: -50
[22:42:45.798] [info] Collision Enter 2D Event Invoked
[22:42:45.798] [info] Collision Enter 2D Event Invoked
[22:42:45.799] [info] Collision Enter 2D Event Invoked
[22:42:45.799] [info] Collision Enter 2D Event Invoked
[22:42:45.799] [info] Collision Enter 2D Event Invoked
[22:42:45.799] [info] Collision Enter 2D Event Invoked
[22:42:45.799] [info] Collision Enter 2D Event Invoked
[22:42:45.800] [info] Collision Enter 2D Event Invoked
[22:42:45.800] [info] Collision Enter 2D Event Invoked
[22:42:45.800] [info] Collision Enter 2D Event Invoked
[22:42:45.800] [info] Collision Enter 2D Event Invoked
[22:42:45.800] [info] Collision Enter 2D Event Invoked
[22:42:45.800] [info] Collision Enter 2D Event Invoked
[22:42:45.801] [info] Collision Enter 2D Event Invoked
[22:42:45.801] [info] Collision Enter 2D Event Invoked
[22:42:45.801] [info] Collision Enter 2D Event Invoked
[22:42:45.801] [info] Collision Enter 2D Event Invoked
[22:42:45.801] [info] Collision Enter 2D Event Invoked
[22:42:45.816] [error] Entity not found for ID: 0
[22:42:45.817] [error] Entity not found for ID: 0
[22:42:45.817] [error] Entity not found for ID: -49
[22:42:45.817] [error] Entity not found for ID: -50
[22:42:45.833] [error] Entity not found for ID: 0
[22:42:45.834] [error] Entity not found for ID: 0
[22:42:45.834] [error] Entity not found for ID: -49
[22:42:45.835] [error] Entity not found for ID: -50
[22:42:45.837] [info] Collision Exit 2D Event Invoked
[22:42:45.837] [info] Collision Exit 2D Event Invoked
[22:42:45.837] [info] Collision Exit 2D Event Invoked
[22:42:45.837] [info] Collision Exit 2D Event Invoked
[22:42:45.837] [info] Collision Exit 2D Event Invoked
[22:42:45.838] [info] Collision Exit 2D Event Invoked
[22:42:45.838] [info] Collision Exit 2D Event Invoked
[22:42:45.838] [info] Collision Exit 2D Event Invoked
[22:42:45.838] [info] Collision Exit 2D Event Invoked
[22:42:45.838] [info] Collision Exit 2D Event Invoked
[22:42:45.839] [info] Collision Exit 2D Event Invoked
[22:42:45.839] [info] Collision Exit 2D Event Invoked
[22:42:45.839] [info] Collision Exit 2D Event Invoked
[22:42:45.839] [info] Collision Exit 2D Event Invoked
[22:42:45.839] [info] Collision Exit 2D Event Invoked
[22:42:45.839] [info] Collision Exit 2D Event Invoked
[22:42:45.840] [info] Collision Exit 2D Event Invoked
[22:42:45.840] [info] Collision Exit 2D Event Invoked
[22:42:45.854] [error] Entity not found for ID: 0
[22:42:45.854] [error] Entity not found for ID: 0
[22:42:45.855] [error] Entity not found for ID: -49
[22:42:45.855] [error] Entity not found for ID: -50
[22:42:45.856] [info] Collision Enter 2D Event Invoked
[22:42:45.856] [info] Collision Enter 2D Event Invoked
[22:42:45.856] [info] Collision Enter 2D Event Invoked
[22:42:45.856] [info] Collision Enter 2D Event Invoked
[22:42:45.856] [info] Collision Enter 2D Event Invoked
[22:42:45.857] [info] Collision Enter 2D Event Invoked
[22:42:45.857] [info] Collision Enter 2D Event Invoked
[22:42:45.857] [info] Collision Enter 2D Event Invoked
[22:42:45.857] [info] Collision Enter 2D Event Invoked
[22:42:45.857] [info] Collision Enter 2D Event Invoked
[22:42:45.857] [info] Collision Enter 2D Event Invoked
[22:42:45.858] [info] Collision Enter 2D Event Invoked
[22:42:45.858] [info] Collision Enter 2D Event Invoked
[22:42:45.858] [info] Collision Enter 2D Event Invoked
[22:42:45.858] [info] Collision Enter 2D Event Invoked
[22:42:45.858] [info] Collision Enter 2D Event Invoked
[22:42:45.858] [info] Collision Enter 2D Event Invoked
[22:42:45.859] [info] Collision Enter 2D Event Invoked
[22:42:45.874] [error] Entity not found for ID: 0
[22:42:45.875] [error] Entity not found for ID: 0
[22:42:45.875] [error] Entity not found for ID: -49
[22:42:45.875] [error] Entity not found for ID: -50
[22:42:45.876] [info] Collision Enter 2D Event Invoked
[22:42:45.876] [info] Collision Enter 2D Event Invoked
[22:42:45.876] [info] Collision Enter 2D Event Invoked
[22:42:45.877] [info] Collision Enter 2D Event Invoked
[22:42:45.877] [info] Collision Enter 2D Event Invoked
[22:42:45.877] [info] Collision Enter 2D Event Invoked
[22:42:45.877] [info] Collision Enter 2D Event Invoked
[22:42:45.877] [info] Collision Enter 2D Event Invoked
[22:42:45.877] [info] Collision Enter 2D Event Invoked
[22:42:45.878] [info] Collision Enter 2D Event Invoked
[22:42:45.878] [info] Collision Enter 2D Event Invoked
[22:42:45.878] [info] Collision Enter 2D Event Invoked
[22:42:45.878] [info] Collision Enter 2D Event Invoked
[22:42:45.878] [info] Collision Enter 2D Event Invoked
[22:42:45.879] [info] Collision Enter 2D Event Invoked
[22:42:45.879] [info] Collision Enter 2D Event Invoked
[22:42:45.879] [info] Collision Enter 2D Event Invoked
[22:42:45.895] [error] Entity not found for ID: 0
[22:42:45.895] [error] Entity not found for ID: 0
[22:42:45.896] [error] Entity not found for ID: -49
[22:42:45.896] [error] Entity not found for ID: -50
[22:42:45.898] [info] Collision Exit 2D Event Invoked
[22:42:45.898] [info] Collision Exit 2D Event Invoked
[22:42:45.899] [info] Collision Exit 2D Event Invoked
[22:42:45.899] [info] Collision Exit 2D Event Invoked
[22:42:45.899] [info] Collision Exit 2D Event Invoked
[22:42:45.899] [info] Collision Exit 2D Event Invoked
[22:42:45.899] [info] Collision Exit 2D Event Invoked
[22:42:45.900] [info] Collision Exit 2D Event Invoked
[22:42:45.900] [info] Collision Exit 2D Event Invoked
[22:42:45.900] [info] Collision Exit 2D Event Invoked
[22:42:45.900] [info] Collision Exit 2D Event Invoked
[22:42:45.900] [info] Collision Exit 2D Event Invoked
[22:42:45.900] [info] Collision Exit 2D Event Invoked
[22:42:45.901] [info] Collision Exit 2D Event Invoked
[22:42:45.901] [info] Collision Exit 2D Event Invoked
[22:42:45.901] [info] Collision Exit 2D Event Invoked
[22:42:45.901] [info] Collision Exit 2D Event Invoked
[22:42:45.916] [error] Entity not found for ID: 0
[22:42:45.916] [error] Entity not found for ID: 0
[22:42:45.917] [error] Entity not found for ID: -49
[22:42:45.917] [error] Entity not found for ID: -50
[22:42:45.933] [error] Entity not found for ID: 0
[22:42:45.933] [error] Entity not found for ID: 0
[22:42:45.934] [error] Entity not found for ID: -49
[22:42:45.934] [error] Entity not found for ID: -50
[22:42:45.951] [error] Entity not found for ID: 0
[22:42:45.951] [error] Entity not found for ID: 0
[22:42:45.952] [error] Entity not found for ID: -49
[22:42:45.952] [error] Entity not found for ID: -50
[22:42:45.970] [error] Entity not found for ID: 0
[22:42:45.970] [error] Entity not found for ID: 0
[22:42:45.971] [error] Entity not found for ID: -49
[22:42:45.971] [error] Entity not found for ID: -50
[22:42:45.988] [error] Entity not found for ID: 0
[22:42:45.988] [error] Entity not found for ID: 0
[22:42:45.989] [error] Entity not found for ID: -49
[22:42:45.989] [error] Entity not found for ID: -50
[22:42:46.005] [error] Entity not found for ID: 0
[22:42:46.005] [error] Entity not found for ID: 0
[22:42:46.006] [error] Entity not found for ID: -49
[22:42:46.006] [error] Entity not found for ID: -50
[22:42:46.022] [error] Entity not found for ID: 0
[22:42:46.023] [error] Entity not found for ID: 0
[22:42:46.023] [error] Entity not found for ID: -49
[22:42:46.024] [error] Entity not found for ID: -50
[22:42:46.041] [error] Entity not found for ID: 0
[22:42:46.041] [error] Entity not found for ID: 0
[22:42:46.042] [error] Entity not found for ID: -49
[22:42:46.042] [error] Entity not found for ID: -50
[22:42:46.057] [error] Entity not found for ID: 0
[22:42:46.057] [error] Entity not found for ID: 0
[22:42:46.058] [error] Entity not found for ID: -49
[22:42:46.058] [error] Entity not found for ID: -50
[22:42:46.074] [error] Entity not found for ID: 0
[22:42:46.074] [error] Entity not found for ID: 0
[22:42:46.075] [error] Entity not found for ID: -49
[22:42:46.075] [error] Entity not found for ID: -50
[22:42:46.091] [error] Entity not found for ID: 0
[22:42:46.091] [error] Entity not found for ID: 0
[22:42:46.091] [error] Entity not found for ID: -49
[22:42:46.091] [error] Entity not found for ID: -50
[22:42:46.108] [error] Entity not found for ID: 0
[22:42:46.108] [error] Entity not found for ID: 0
[22:42:46.109] [error] Entity not found for ID: -49
[22:42:46.109] [error] Entity not found for ID: -50
[22:42:46.126] [error] Entity not found for ID: 0
[22:42:46.126] [error] Entity not found for ID: 0
[22:42:46.127] [error] Entity not found for ID: -49
[22:42:46.127] [error] Entity not found for ID: -50
[22:42:46.143] [error] Entity not found for ID: 0
[22:42:46.143] [error] Entity not found for ID: 0
[22:42:46.144] [info] [SOURCE_DETECTOR] C# requested CreateEntity: Prefab = SeaCow
[22:42:46.144] [info] [SOURCE_DETECTOR] Engine creating Entity (Internal)
[22:42:46.144] [info] [CPP ECS] FromJson - Adding component 'Transform' to entity 'SeaCow'
[22:42:46.144] [info] [CPP ECS] FromJson - Adding component 'CircleCollider' to entity 'SeaCow'
[22:42:46.144] [info] [CPP ECS] FromJson - Adding component 'Variables' to entity 'SeaCow'
[22:42:46.145] [info] [CPP ECS] FromJson - Adding component 'Script' to entity 'SeaCow'
[22:42:46.145] [info] [CPP ECS] FromJson - Adding component 'SpriteRenderer' to entity 'SeaCow'
[22:42:46.145] [info] [CPP ECS] FromJson - Adding component 'Rigidbody2D' to entity 'SeaCow'
[22:42:46.146] [error] Entity not found for ID: -49
[22:42:46.146] [error] Entity not found for ID: -50
[22:42:46.146] [info] Collision Enter 2D Event Invoked
[22:42:46.147] [info] Collision Enter 2D Event Invoked
[22:42:46.147] [info] Collision Enter 2D Event Invoked
[22:42:46.147] [info] Collision Enter 2D Event Invoked
[22:42:46.162] [info] [MonoDbg] AddEntityToScript - Instantiating and adding script: SpriteAnimation to Entity ID: -48
[22:42:46.163] [info] [SetScriptVars] OK setting fields for: SpriteAnimation
[22:42:46.163] [info] [MonoDbg] AddEntityToScript - Syncing serialized fields for script: SpriteAnimation
[22:42:46.163] [info] [SetScriptVars] OK setting fields for: SpriteAnimation
[22:42:46.163] [info] [MonoDbg] AddEntityToScript - Instantiating and adding script: ChaseController to Entity ID: -48
[22:42:46.163] [info] [SetScriptVars] OK setting fields for: ChaseController
[22:42:46.163] [info] [MonoDbg] AddEntityToScript - Syncing serialized fields for script: ChaseController
[22:42:46.164] [info] [SetScriptVars] OK setting fields for: ChaseController
[22:42:46.164] [info] [MonoDbg] AddEntityToScript - Instantiating and adding script: TargetFacingFlip to Entity ID: -48
[22:42:46.164] [info] [SetScriptVars] OK setting fields for: TargetFacingFlip
[22:42:46.164] [info] [MonoDbg] AddEntityToScript - Syncing serialized fields for script: TargetFacingFlip
[22:42:46.164] [info] [SetScriptVars] OK setting fields for: TargetFacingFlip
[22:42:46.164] [info] [MonoDbg] AddEntityToScript - Instantiating and adding script: SeaCow to Entity ID: -48
[22:42:46.165] [info] [SetScriptVars] OK setting fields for: SeaCow
[22:42:46.165] [info] [MonoDbg] AddEntityToScript - Syncing serialized fields for script: SeaCow
[22:42:46.165] [info] [SetScriptVars] OK setting fields for: SeaCow
[22:42:46.165] [info] [MonoDbg] AddEntityToScript - Instantiating and adding script: HP to Entity ID: -48
[22:42:46.165] [info] [SetScriptVars] OK setting fields for: HP
[22:42:46.165] [info] [MonoDbg] AddEntityToScript - Syncing serialized fields for script: HP
[22:42:46.166] [info] [SetScriptVars] OK setting fields for: HP
[22:42:46.166] [info] [MonoDbg] AddEntityToScript - Instantiating and adding script: ParticleOffset to Entity ID: -48
[22:42:46.166] [info] [SetScriptVars] no group for scriptName: ParticleOffset  groups: 10
[22:42:46.166] [info] [MonoDbg] AddEntityToScript - Syncing serialized fields for script: ParticleOffset
[22:42:46.166] [info] [SetScriptVars] no group for scriptName: ParticleOffset  groups: 10
[22:42:46.166] [info] [MonoDbg] AddEntityToScript - Instantiating and adding script: AttackCollision to Entity ID: -48
[22:42:46.167] [info] [SetScriptVars] OK setting fields for: AttackCollision
[22:42:46.167] [info] [MonoDbg] AddEntityToScript - Syncing serialized fields for script: AttackCollision
[22:42:46.167] [info] [SetScriptVars] OK setting fields for: AttackCollision
[22:42:46.167] [info] [MonoDbg] AddEntityToScript - Instantiating and adding script: ExpDropper to Entity ID: -48
[22:42:46.167] [info] [SetScriptVars] OK setting fields for: ExpDropper
[22:42:46.167] [info] [MonoDbg] AddEntityToScript - Syncing serialized fields for script: ExpDropper
[22:42:46.167] [info] [SetScriptVars] OK setting fields for: ExpDropper
[22:42:46.168] [info] [MonoDbg] AddEntityToScript - Instantiating and adding script: DespawnTimer to Entity ID: -48
[22:42:46.168] [info] [SetScriptVars] OK setting fields for: DespawnTimer
[22:42:46.168] [info] [MonoDbg] AddEntityToScript - Syncing serialized fields for script: DespawnTimer
[22:42:46.168] [info] [SetScriptVars] OK setting fields for: DespawnTimer
[22:42:46.168] [info] [MonoDbg] AddEntityToScript - Instantiating and adding script: FlashOnDamaged to Entity ID: -48
[22:42:46.168] [info] [SetScriptVars] OK setting fields for: FlashOnDamaged
[22:42:46.169] [info] [MonoDbg] AddEntityToScript - Syncing serialized fields for script: FlashOnDamaged
[22:42:46.169] [info] [SetScriptVars] OK setting fields for: FlashOnDamaged
[22:42:46.169] [info] [MonoDbg] AddEntityToScript - Instantiating and adding script: ShakeSelfOnDamaged to Entity ID: -48
[22:42:46.169] [info] [SetScriptVars] OK setting fields for: ShakeSelfOnDamaged
[22:42:46.169] [info] [MonoDbg] AddEntityToScript - Syncing serialized fields for script: ShakeSelfOnDamaged
[22:42:46.170] [info] [SetScriptVars] OK setting fields for: ShakeSelfOnDamaged
[22:42:46.170] [info] [SOURCE_DETECTOR] C# requested CreateEntity: Prefab = enemySwimParticle
[22:42:46.170] [info] [SOURCE_DETECTOR] Engine creating Entity (Internal)
[22:42:46.170] [info] [CPP ECS] FromJson - Adding component 'Transform' to entity 'enemySwimParticle'
[22:42:46.170] [info] [CPP ECS] FromJson - Adding component 'Variables' to entity 'enemySwimParticle'
[22:42:46.171] [info] [CPP ECS] FromJson - Adding component 'ParticleSystem2D' to entity 'enemySwimParticle'
[22:42:46.171] [error] Entity not found for ID: 0
[22:42:46.171] [error] Entity not found for ID: 0
[22:42:46.172] [error] Entity not found for ID: -50
[22:42:46.173] [info] Collision Enter 2D Event Invoked
[22:42:46.173] [info] Collision Enter 2D Event Invoked
[22:42:46.173] [info] Collision Enter 2D Event Invoked
[22:42:46.173] [info] Collision Enter 2D Event Invoked
[22:42:46.173] [info] Collision Enter 2D Event Invoked
[22:42:46.174] [info] Collision Enter 2D Event Invoked
[22:42:46.174] [info] Collision Enter 2D Event Invoked
[22:42:46.174] [info] Collision Enter 2D Event Invoked
[22:42:46.174] [info] Collision Enter 2D Event Invoked
[22:42:46.174] [info] Collision Enter 2D Event Invoked
[22:42:46.175] [info] Collision Enter 2D Event Invoked
[22:42:46.175] [info] Collision Enter 2D Event Invoked
[22:42:46.175] [info] Collision Enter 2D Event Invoked
[22:42:46.175] [info] Collision Enter 2D Event Invoked
[22:42:46.175] [info] Collision Enter 2D Event Invoked
[22:42:46.176] [info] [SOURCE_DETECTOR] C# requested CreateEntity: Prefab = PlayerHitEffect
[22:42:46.176] [info] [SOURCE_DETECTOR] Engine creating Entity (Internal)
[22:42:46.176] [info] [CPP ECS] FromJson - Adding component 'Transform' to entity 'PlayerHitEffect'
[22:42:46.176] [info] [CPP ECS] FromJson - Adding component 'Variables' to entity 'PlayerHitEffect'
[22:42:46.176] [info] [SOURCE_DETECTOR] Engine creating Entity (Internal)
[22:42:46.176] [info] [CPP ECS] FromJson - Adding component 'Transform' to entity 'HitEffect1'
[22:42:46.177] [info] [CPP ECS] FromJson - Adding component 'Variables' to entity 'HitEffect1'
[22:42:46.177] [info] [CPP ECS] FromJson - Adding component 'SpriteRenderer' to entity 'HitEffect1'
[22:42:46.177] [info] [CPP ECS] FromJson - Adding component 'Script' to entity 'HitEffect1'
[22:42:46.177] [info] [SOURCE_DETECTOR] Engine creating Entity (Internal)
[22:42:46.177] [info] [CPP ECS] FromJson - Adding component 'Transform' to entity 'HitEffect2'
[22:42:46.177] [info] [CPP ECS] FromJson - Adding component 'Variables' to entity 'HitEffect2'
[22:42:46.178] [info] [CPP ECS] FromJson - Adding component 'SpriteRenderer' to entity 'HitEffect2'
[22:42:46.178] [info] [CPP ECS] FromJson - Adding component 'Script' to entity 'HitEffect2'
[22:42:46.178] [error] Script component not found for Entity ID: -50
[22:42:46.178] [info] [SetScriptVars] no group for scriptName: TimedDestruction  groups: 0
[22:42:46.178] [info] Collision Enter 2D Event Invoked
[22:42:46.179] [info] Collision Enter 2D Event Invoked
[22:42:46.179] [info] Collision Enter 2D Event Invoked
[22:42:46.179] [info] Collision Enter 2D Event Invoked
[22:42:46.179] [info] Collision Enter 2D Event Invoked
[22:42:46.179] [info] Collision Enter 2D Event Invoked
[22:42:46.179] [info] Collision Enter 2D Event Invoked
[22:42:46.180] [info] Collision Enter 2D Event Invoked
[22:42:46.180] [info] Collision Enter 2D Event Invoked
[22:42:46.180] [info] Collision Enter 2D Event Invoked
[22:42:46.180] [info] Collision Enter 2D Event Invoked
[22:42:46.180] [info] Collision Enter 2D Event Invoked
[22:42:46.180] [info] Collision Enter 2D Event Invoked
[22:42:46.181] [info] Collision Enter 2D Event Invoked
[22:42:46.181] [info] Collision Enter 2D Event Invoked
[22:42:46.181] [info] Collision Enter 2D Event Invoked
[22:42:46.181] [info] Collision Enter 2D Event Invoked
[22:42:46.181] [info] Collision Enter 2D Event Invoked
[22:42:46.181] [info] Collision Enter 2D Event Invoked
[22:42:46.182] [info] Collision Enter 2D Event Invoked
[22:42:46.182] [info] Collision Enter 2D Event Invoked
[22:42:46.182] [info] Collision Enter 2D Event Invoked
[22:42:46.182] [info] Collision Enter 2D Event Invoked
[22:42:46.197] [info] [MonoDbg] AddEntityToScript - Instantiating and adding script: TransformTween to Entity ID: -15
[22:42:46.197] [info] [SetScriptVars] OK setting fields for: TransformTween
[22:42:46.197] [info] [MonoDbg] AddEntityToScript - Syncing serialized fields for script: TransformTween
[22:42:46.198] [info] [SetScriptVars] OK setting fields for: TransformTween
[22:42:46.198] [info] [MonoDbg] AddEntityToScript - Instantiating and adding script: TransformTween to Entity ID: -11
[22:42:46.198] [info] [SetScriptVars] OK setting fields for: TransformTween
[22:42:46.198] [info] [MonoDbg] AddEntityToScript - Syncing serialized fields for script: TransformTween
[22:42:46.198] [info] [SetScriptVars] OK setting fields for: TransformTween
[22:42:46.199] [error] Entity not found for ID: 0
[22:42:46.199] [error] Entity not found for ID: 0
[22:42:46.202] [info] Collision Exit 2D Event Invoked
[22:42:46.202] [info] Collision Exit 2D Event Invoked
[22:42:46.202] [info] Collision Exit 2D Event Invoked
[22:42:46.203] [info] Collision Exit 2D Event Invoked
[22:42:46.203] [info] Collision Exit 2D Event Invoked
[22:42:46.203] [info] Collision Exit 2D Event Invoked
[22:42:46.203] [info] Collision Exit 2D Event Invoked
[22:42:46.203] [info] Collision Exit 2D Event Invoked
[22:42:46.204] [info] Collision Exit 2D Event Invoked
[22:42:46.204] [info] Collision Exit 2D Event Invoked
[22:42:46.204] [info] Collision Exit 2D Event Invoked
[22:42:46.204] [info] Collision Exit 2D Event Invoked
[22:42:46.204] [info] Collision Exit 2D Event Invoked
[22:42:46.205] [info] Collision Exit 2D Event Invoked
[22:42:46.205] [info] Collision Exit 2D Event Invoked
[22:42:46.205] [info] Collision Exit 2D Event Invoked
[22:42:46.205] [info] Collision Exit 2D Event Invoked
[22:42:46.205] [info] Collision Exit 2D Event Invoked
[22:42:46.206] [info] Collision Exit 2D Event Invoked
[22:42:46.206] [info] Collision Exit 2D Event Invoked
[22:42:46.206] [info] Collision Exit 2D Event Invoked
[22:42:46.206] [info] Collision Exit 2D Event Invoked
[22:42:46.206] [info] Collision Exit 2D Event Invoked
[22:42:46.206] [info] Collision Exit 2D Event Invoked
[22:42:46.207] [info] Collision Exit 2D Event Invoked
[22:42:46.207] [info] Collision Exit 2D Event Invoked
[22:42:46.207] [info] Collision Exit 2D Event Invoked
[22:42:46.207] [info] Collision Exit 2D Event Invoked
[22:42:46.207] [info] Collision Exit 2D Event Invoked
[22:42:46.208] [info] Collision Exit 2D Event Invoked
[22:42:46.208] [info] Collision Exit 2D Event Invoked
[22:42:46.208] [info] Collision Exit 2D Event Invoked
[22:42:46.208] [info] Collision Exit 2D Event Invoked
[22:42:46.208] [info] Collision Exit 2D Event Invoked
[22:42:46.208] [info] Collision Exit 2D Event Invoked
[22:42:46.209] [info] Collision Exit 2D Event Invoked
[22:42:46.209] [info] Collision Exit 2D Event Invoked
[22:42:46.209] [info] Collision Exit 2D Event Invoked
[22:42:46.222] [error] Entity not found for ID: 0
[22:42:46.222] [error] Entity not found for ID: 0
[22:42:46.239] [error] Entity not found for ID: 0
[22:42:46.239] [error] Entity not found for ID: 0
[22:42:46.240] [info] Collision Enter 2D Event Invoked
[22:42:46.240] [info] Collision Enter 2D Event Invoked
[22:42:46.241] [info] Collision Enter 2D Event Invoked
[22:42:46.241] [info] Collision Enter 2D Event Invoked
[22:42:46.241] [info] Collision Enter 2D Event Invoked
[22:42:46.241] [info] Collision Enter 2D Event Invoked
[22:42:46.241] [info] Collision Enter 2D Event Invoked
[22:42:46.241] [info] Collision Enter 2D Event Invoked
[22:42:46.242] [info] Collision Enter 2D Event Invoked
[22:42:46.242] [info] Collision Enter 2D Event Invoked
[22:42:46.242] [info] Collision Enter 2D Event Invoked
[22:42:46.242] [info] Collision Enter 2D Event Invoked
[22:42:46.242] [info] Collision Enter 2D Event Invoked
[22:42:46.242] [info] Collision Enter 2D Event Invoked
[22:42:46.243] [info] Collision Enter 2D Event Invoked
[22:42:46.243] [info] [SOURCE_DETECTOR] C# requested CreateEntity: Prefab = PlayerHitEffect
[22:42:46.243] [info] [SOURCE_DETECTOR] Engine creating Entity (Internal)
[22:42:46.243] [info] [CPP ECS] FromJson - Adding component 'Transform' to entity 'PlayerHitEffect'
[22:42:46.243] [info] [CPP ECS] FromJson - Adding component 'Variables' to entity 'PlayerHitEffect'
[22:42:46.243] [info] [SOURCE_DETECTOR] Engine creating Entity (Internal)
[22:42:46.244] [info] [CPP ECS] FromJson - Adding component 'Transform' to entity 'HitEffect1'
[22:42:46.244] [info] [CPP ECS] FromJson - Adding component 'Variables' to entity 'HitEffect1'
[22:42:46.244] [info] [CPP ECS] FromJson - Adding component 'SpriteRenderer' to entity 'HitEffect1'
[22:42:46.244] [info] [CPP ECS] FromJson - Adding component 'Script' to entity 'HitEffect1'
[22:42:46.244] [info] [SOURCE_DETECTOR] Engine creating Entity (Internal)
[22:42:46.244] [info] [CPP ECS] FromJson - Adding component 'Transform' to entity 'HitEffect2'
[22:42:46.245] [info] [CPP ECS] FromJson - Adding component 'Variables' to entity 'HitEffect2'
[22:42:46.245] [info] [CPP ECS] FromJson - Adding component 'SpriteRenderer' to entity 'HitEffect2'
[22:42:46.245] [info] [CPP ECS] FromJson - Adding component 'Script' to entity 'HitEffect2'
[22:42:46.245] [error] Script component not found for Entity ID: -18
[22:42:46.245] [info] [SetScriptVars] no group for scriptName: TimedDestruction  groups: 0
[22:42:46.245] [info] Collision Enter 2D Event Invoked
[22:42:46.246] [info] Collision Enter 2D Event Invoked
[22:42:46.246] [info] Collision Enter 2D Event Invoked
[22:42:46.246] [info] Collision Enter 2D Event Invoked
[22:42:46.246] [info] Collision Enter 2D Event Invoked
[22:42:46.246] [info] Collision Enter 2D Event Invoked
[22:42:46.246] [info] Collision Enter 2D Event Invoked
[22:42:46.247] [info] Collision Enter 2D Event Invoked
[22:42:46.247] [info] Collision Enter 2D Event Invoked
[22:42:46.247] [info] Collision Enter 2D Event Invoked
[22:42:46.247] [info] Collision Enter 2D Event Invoked
[22:42:46.247] [info] Collision Enter 2D Event Invoked
[22:42:46.247] [info] Collision Enter 2D Event Invoked
[22:42:46.248] [info] Collision Enter 2D Event Invoked
[22:42:46.248] [info] Collision Enter 2D Event Invoked
[22:42:46.248] [info] Collision Enter 2D Event Invoked
[22:42:46.248] [info] Collision Enter 2D Event Invoked
[22:42:46.248] [info] Collision Enter 2D Event Invoked
[22:42:46.248] [info] Collision Enter 2D Event Invoked
[22:42:46.249] [info] Collision Enter 2D Event Invoked
[22:42:46.249] [info] Collision Enter 2D Event Invoked
[22:42:46.249] [info] Collision Enter 2D Event Invoked
[22:42:46.249] [info] Collision Enter 2D Event Invoked
[22:42:46.264] [info] [MonoDbg] AddEntityToScript - Instantiating and adding script: TransformTween to Entity ID: -53
[22:42:46.264] [info] [SetScriptVars] OK setting fields for: TransformTween
[22:42:46.265] [info] [MonoDbg] AddEntityToScript - Syncing serialized fields for script: TransformTween
[22:42:46.265] [info] [SetScriptVars] OK setting fields for: TransformTween
[22:42:46.265] [info] [MonoDbg] AddEntityToScript - Instantiating and adding script: TransformTween to Entity ID: -54
[22:42:46.265] [info] [SetScriptVars] OK setting fields for: TransformTween
[22:42:46.265] [info] [MonoDbg] AddEntityToScript - Syncing serialized fields for script: TransformTween
[22:42:46.266] [info] [SetScriptVars] OK setting fields for: TransformTween
[22:42:46.266] [error] Entity not found for ID: 0
[22:42:46.266] [error] Entity not found for ID: 0
[22:42:46.267] [error] Entity not found for ID: 0
[22:42:46.268] [error] Entity not found for ID: 0
[22:42:46.268] [info] [SOURCE_DETECTOR] C# requested CreateEntity: Prefab = ExpOrbMedium
[22:42:46.268] [info] [SOURCE_DETECTOR] Engine creating Entity (Internal)
[22:42:46.268] [info] [CPP ECS] FromJson - Adding component 'Transform' to entity 'ExpOrbMedium'
[22:42:46.268] [info] [CPP ECS] FromJson - Adding component 'CircleCollider' to entity 'ExpOrbMedium'
[22:42:46.268] [info] [CPP ECS] FromJson - Adding component 'Variables' to entity 'ExpOrbMedium'
[22:42:46.269] [info] [CPP ECS] FromJson - Adding component 'SpriteRenderer' to entity 'ExpOrbMedium'
[22:42:46.269] [info] [CPP ECS] FromJson - Adding component 'Script' to entity 'ExpOrbMedium'
[22:42:46.269] [info] [SOURCE_DETECTOR] C# requested CreateEntity: Prefab = ExpOrbSmall
[22:42:46.269] [info] [SOURCE_DETECTOR] Engine creating Entity (Internal)
[22:42:46.269] [info] [CPP ECS] FromJson - Adding component 'Transform' to entity 'ExpOrbSmall'
[22:42:46.269] [info] [CPP ECS] FromJson - Adding component 'CircleCollider' to entity 'ExpOrbSmall'
[22:42:46.270] [info] [CPP ECS] FromJson - Adding component 'Variables' to entity 'ExpOrbSmall'
[22:42:46.270] [info] [CPP ECS] FromJson - Adding component 'SpriteRenderer' to entity 'ExpOrbSmall'
[22:42:46.270] [info] [CPP ECS] FromJson - Adding component 'Script' to entity 'ExpOrbSmall'
[22:42:46.270] [info] [SOURCE_DETECTOR] C# requested CreateEntity: Prefab = ExpOrbSmall
[22:42:46.271] [info] [SOURCE_DETECTOR] Engine creating Entity (Internal)
[22:42:46.271] [info] [CPP ECS] FromJson - Adding component 'Transform' to entity 'ExpOrbSmall'
[22:42:46.271] [info] [CPP ECS] FromJson - Adding component 'CircleCollider' to entity 'ExpOrbSmall'
[22:42:46.271] [info] [CPP ECS] FromJson - Adding component 'Variables' to entity 'ExpOrbSmall'
[22:42:46.271] [info] [CPP ECS] FromJson - Adding component 'SpriteRenderer' to entity 'ExpOrbSmall'
[22:42:46.271] [info] [CPP ECS] FromJson - Adding component 'Script' to entity 'ExpOrbSmall'
[22:42:46.272] [info] Collision Enter 2D Event Invoked
[22:42:46.272] [info] Collision Enter 2D Event Invoked
[22:42:46.273] [info] Collision Enter 2D Event Invoked
[22:42:46.287] [info] [MonoDbg] AddEntityToScript - Instantiating and adding script: ExperiencePoint to Entity ID: -26
[22:42:46.288] [info] [SetScriptVars] OK setting fields for: ExperiencePoint
[22:42:46.288] [info] [MonoDbg] AddEntityToScript - Syncing serialized fields for script: ExperiencePoint
[22:42:46.288] [info] [SetScriptVars] OK setting fields for: ExperiencePoint
[22:42:46.288] [info] [MonoDbg] AddEntityToScript - Instantiating and adding script: ExperiencePoint to Entity ID: -55
[22:42:46.288] [info] [SetScriptVars] OK setting fields for: ExperiencePoint
[22:42:46.289] [info] [MonoDbg] AddEntityToScript - Syncing serialized fields for script: ExperiencePoint
[22:42:46.289] [info] [SetScriptVars] OK setting fields for: ExperiencePoint
[22:42:46.289] [info] [MonoDbg] AddEntityToScript - Instantiating and adding script: ExperiencePoint to Entity ID: -56
[22:42:46.289] [info] [SetScriptVars] OK setting fields for: ExperiencePoint
[22:42:46.289] [info] [MonoDbg] AddEntityToScript - Syncing serialized fields for script: ExperiencePoint
[22:42:46.289] [info] [SetScriptVars] OK setting fields for: ExperiencePoint
[22:42:46.290] [error] Entity not found for ID: 0
[22:42:46.290] [error] Entity not found for ID: 0
[22:42:46.307] [error] Entity not found for ID: 0
[22:42:46.307] [error] Entity not found for ID: 0
[22:42:46.324] [error] Entity not found for ID: 0
[22:42:46.324] [error] Entity not found for ID: 0
[22:42:46.341] [error] Entity not found for ID: 0
[22:42:46.341] [error] Entity not found for ID: 0
[22:42:46.357] [error] Entity not found for ID: 0
[22:42:46.358] [error] Entity not found for ID: 0
[22:42:46.375] [error] Entity not found for ID: 0
[22:42:46.375] [error] Entity not found for ID: 0
[22:42:46.393] [error] Entity not found for ID: 0
[22:42:46.393] [error] Entity not found for ID: 0
[22:42:46.410] [error] Entity not found for ID: 0
[22:42:46.410] [error] Entity not found for ID: 0
[22:42:46.427] [error] Entity not found for ID: 0
[22:42:46.427] [error] Entity not found for ID: 0
[22:42:46.444] [error] Entity not found for ID: 0
[22:42:46.444] [error] Entity not found for ID: 0
[22:42:46.462] [error] Entity not found for ID: 0
[22:42:46.462] [error] Entity not found for ID: 0
[22:42:46.479] [error] Entity not found for ID: 0
[22:42:46.479] [error] Entity not found for ID: 0
[22:42:46.496] [error] Entity not found for ID: 0
[22:42:46.496] [error] Entity not found for ID: 0
[22:42:46.512] [error] Entity not found for ID: 0
[22:42:46.513] [error] Entity not found for ID: 0
[22:42:46.529] [error] Entity not found for ID: 0
[22:42:46.529] [error] Entity not found for ID: 0
[22:42:46.546] [error] Entity not found for ID: 0
[22:42:46.547] [error] Entity not found for ID: 0
[22:42:46.565] [error] Entity not found for ID: 0
[22:42:46.565] [error] Entity not found for ID: 0
[22:42:46.582] [error] Entity not found for ID: 0
[22:42:46.582] [error] Entity not found for ID: 0
[22:42:46.583] [info] Collision Enter 2D Event Invoked
[22:42:46.584] [info] Collision Enter 2D Event Invoked
[22:42:46.584] [info] Collision Enter 2D Event Invoked
[22:42:46.584] [info] Collision Enter 2D Event Invoked
[22:42:46.584] [info] Collision Enter 2D Event Invoked
[22:42:46.584] [info] Collision Enter 2D Event Invoked
[22:42:46.584] [info] Collision Enter 2D Event Invoked
[22:42:46.585] [info] Collision Enter 2D Event Invoked
[22:42:46.585] [info] Collision Enter 2D Event Invoked
[22:42:46.585] [info] Collision Enter 2D Event Invoked
[22:42:46.585] [info] Collision Enter 2D Event Invoked
[22:42:46.585] [info] Collision Enter 2D Event Invoked
[22:42:46.585] [info] Collision Enter 2D Event Invoked
[22:42:46.585] [info] Collision Enter 2D Event Invoked
[22:42:46.586] [info] Collision Enter 2D Event Invoked
[22:42:46.586] [info] Collision Enter 2D Event Invoked
[22:42:46.602] [error] Entity not found for ID: 0
[22:42:46.602] [error] Entity not found for ID: 0
[22:42:46.602] [error] Entity not found for ID: 0
[22:42:46.603] [error] Entity not found for ID: -15
[22:42:46.603] [error] Entity not found for ID: -11
[22:42:46.603] [error] Entity not found for ID: -53
[22:42:46.603] [error] Entity not found for ID: -54
[22:42:46.605] [info] Collision Exit 2D Event Invoked
[22:42:46.605] [info] Collision Exit 2D Event Invoked
[22:42:46.606] [info] Collision Exit 2D Event Invoked
[22:42:46.606] [info] Collision Exit 2D Event Invoked
[22:42:46.606] [info] Collision Exit 2D Event Invoked
[22:42:46.606] [info] Collision Exit 2D Event Invoked
[22:42:46.606] [info] Collision Exit 2D Event Invoked
[22:42:46.607] [info] Collision Exit 2D Event Invoked
[22:42:46.607] [info] Collision Exit 2D Event Invoked
[22:42:46.607] [info] Collision Exit 2D Event Invoked
[22:42:46.607] [info] Collision Exit 2D Event Invoked
[22:42:46.607] [info] Collision Exit 2D Event Invoked
[22:42:46.607] [info] Collision Exit 2D Event Invoked
[22:42:46.608] [info] Collision Exit 2D Event Invoked
[22:42:46.608] [info] Collision Exit 2D Event Invoked
[22:42:46.608] [info] Collision Exit 2D Event Invoked
[22:42:46.608] [info] Collision Exit 2D Event Invoked
[22:42:46.608] [info] Collision Exit 2D Event Invoked
[22:42:46.608] [info] Collision Exit 2D Event Invoked
[22:42:46.609] [info] Collision Exit 2D Event Invoked
[22:42:46.609] [info] Collision Exit 2D Event Invoked
[22:42:46.609] [info] Collision Exit 2D Event Invoked
[22:42:46.609] [info] Collision Exit 2D Event Invoked
[22:42:46.609] [info] Collision Exit 2D Event Invoked
[22:42:46.610] [info] Collision Exit 2D Event Invoked
[22:42:46.610] [info] Collision Exit 2D Event Invoked
[22:42:46.610] [info] Collision Exit 2D Event Invoked
[22:42:46.610] [info] Collision Exit 2D Event Invoked
[22:42:46.610] [info] Collision Exit 2D Event Invoked
[22:42:46.624] [error] Entity not found for ID: 0
[22:42:46.625] [error] Entity not found for ID: 0
[22:42:46.625] [error] Entity not found for ID: 0
[22:42:46.625] [error] Entity not found for ID: -15
[22:42:46.626] [error] Entity not found for ID: -11
[22:42:46.626] [error] Entity not found for ID: -53
[22:42:46.626] [error] Entity not found for ID: -54
[22:42:46.627] [info] Collision Enter 2D Event Invoked
[22:42:46.627] [info] Collision Enter 2D Event Invoked
[22:42:46.627] [info] Collision Enter 2D Event Invoked
[22:42:46.627] [info] Collision Enter 2D Event Invoked
[22:42:46.627] [info] Collision Enter 2D Event Invoked
[22:42:46.628] [info] Collision Enter 2D Event Invoked
[22:42:46.628] [info] Collision Enter 2D Event Invoked
[22:42:46.628] [info] Collision Enter 2D Event Invoked
[22:42:46.628] [info] Collision Enter 2D Event Invoked
[22:42:46.628] [info] Collision Enter 2D Event Invoked
[22:42:46.629] [info] Collision Enter 2D Event Invoked
[22:42:46.629] [info] Collision Enter 2D Event Invoked
[22:42:46.629] [info] Collision Enter 2D Event Invoked
[22:42:46.629] [info] Collision Enter 2D Event Invoked
[22:42:46.629] [info] Collision Enter 2D Event Invoked
[22:42:46.629] [info] Collision Enter 2D Event Invoked
[22:42:46.629] [info] Collision Enter 2D Event Invoked
[22:42:46.630] [info] Collision Enter 2D Event Invoked
[22:42:46.630] [info] Collision Enter 2D Event Invoked
[22:42:46.630] [info] Collision Enter 2D Event Invoked
[22:42:46.630] [info] Collision Enter 2D Event Invoked
[22:42:46.630] [info] Collision Enter 2D Event Invoked
[22:42:46.630] [info] Collision Enter 2D Event Invoked
[22:42:46.631] [info] Collision Enter 2D Event Invoked
[22:42:46.631] [info] Collision Enter 2D Event Invoked
[22:42:46.631] [info] Collision Enter 2D Event Invoked
[22:42:46.631] [info] Collision Enter 2D Event Invoked
[22:42:46.631] [info] Collision Enter 2D Event Invoked
[22:42:46.631] [info] Collision Enter 2D Event Invoked
[22:42:46.633] [info] Collision Exit 2D Event Invoked
[22:42:46.633] [info] Collision Exit 2D Event Invoked
[22:42:46.633] [info] Collision Exit 2D Event Invoked
[22:42:46.633] [info] Collision Exit 2D Event Invoked
[22:42:46.633] [info] Collision Exit 2D Event Invoked
[22:42:46.634] [info] Collision Exit 2D Event Invoked
[22:42:46.634] [info] Collision Exit 2D Event Invoked
[22:42:46.634] [info] Collision Exit 2D Event Invoked
[22:42:46.634] [info] Collision Exit 2D Event Invoked
[22:42:46.634] [info] Collision Exit 2D Event Invoked
[22:42:46.634] [info] Collision Exit 2D Event Invoked
[22:42:46.635] [info] Collision Exit 2D Event Invoked
[22:42:46.635] [info] Collision Exit 2D Event Invoked
[22:42:46.635] [info] Collision Exit 2D Event Invoked
[22:42:46.635] [info] Collision Exit 2D Event Invoked
[22:42:46.635] [info] Collision Exit 2D Event Invoked
[22:42:46.635] [info] Collision Exit 2D Event Invoked
[22:42:46.636] [info] Collision Exit 2D Event Invoked
[22:42:46.650] [error] Entity not found for ID: 0
[22:42:46.650] [error] Entity not found for ID: 0
[22:42:46.650] [error] Entity not found for ID: 0
[22:42:46.651] [error] Entity not found for ID: -15
[22:42:46.651] [error] Entity not found for ID: -11
[22:42:46.651] [error] Entity not found for ID: -53
[22:42:46.651] [error] Entity not found for ID: -54
[22:42:46.652] [info] Collision Enter 2D Event Invoked
[22:42:46.652] [info] Collision Enter 2D Event Invoked
[22:42:46.652] [info] Collision Enter 2D Event Invoked
[22:42:46.653] [info] Collision Enter 2D Event Invoked
[22:42:46.653] [info] Collision Enter 2D Event Invoked
[22:42:46.653] [info] Collision Enter 2D Event Invoked
[22:42:46.653] [info] Collision Enter 2D Event Invoked
[22:42:46.653] [info] Collision Enter 2D Event Invoked
[22:42:46.653] [info] Collision Enter 2D Event Invoked
[22:42:46.654] [info] Collision Enter 2D Event Invoked
[22:42:46.654] [info] Collision Enter 2D Event Invoked
[22:42:46.654] [info] Collision Enter 2D Event Invoked
[22:42:46.654] [info] Collision Enter 2D Event Invoked
[22:42:46.654] [info] Collision Enter 2D Event Invoked
[22:42:46.655] [info] Collision Enter 2D Event Invoked
[22:42:46.655] [info] Collision Enter 2D Event Invoked
[22:42:46.655] [info] Collision Enter 2D Event Invoked
[22:42:46.655] [info] Collision Enter 2D Event Invoked
[22:42:46.657] [info] Collision Exit 2D Event Invoked
[22:42:46.657] [info] Collision Exit 2D Event Invoked
[22:42:46.657] [info] Collision Exit 2D Event Invoked
[22:42:46.657] [info] Collision Exit 2D Event Invoked
[22:42:46.657] [info] Collision Exit 2D Event Invoked
[22:42:46.657] [info] Collision Exit 2D Event Invoked
[22:42:46.657] [info] Collision Exit 2D Event Invoked
[22:42:46.658] [info] Collision Exit 2D Event Invoked
[22:42:46.658] [info] Collision Exit 2D Event Invoked
[22:42:46.658] [info] Collision Exit 2D Event Invoked
[22:42:46.658] [info] Collision Exit 2D Event Invoked
[22:42:46.658] [info] Collision Exit 2D Event Invoked
[22:42:46.658] [info] Collision Exit 2D Event Invoked
[22:42:46.659] [info] Collision Exit 2D Event Invoked
[22:42:46.659] [info] Collision Exit 2D Event Invoked
[22:42:46.659] [info] Collision Exit 2D Event Invoked
[22:42:46.659] [info] Collision Exit 2D Event Invoked
[22:42:46.660] [info] Collision Exit 2D Event Invoked
[22:42:46.660] [info] Collision Exit 2D Event Invoked
[22:42:46.660] [info] Collision Exit 2D Event Invoked
[22:42:46.660] [info] Collision Exit 2D Event Invoked
[22:42:46.660] [info] Collision Exit 2D Event Invoked
[22:42:46.661] [info] Collision Exit 2D Event Invoked
[22:42:46.661] [info] Collision Exit 2D Event Invoked
[22:42:46.661] [info] Collision Exit 2D Event Invoked
[22:42:46.661] [info] Collision Exit 2D Event Invoked
[22:42:46.661] [info] Collision Exit 2D Event Invoked
[22:42:46.661] [info] Collision Exit 2D Event Invoked
[22:42:46.662] [info] Collision Exit 2D Event Invoked
[22:42:46.676] [error] Entity not found for ID: 0
[22:42:46.676] [error] Entity not found for ID: 0
[22:42:46.676] [error] Entity not found for ID: 0
[22:42:46.677] [error] Entity not found for ID: -15
[22:42:46.677] [error] Entity not found for ID: -11
[22:42:46.677] [error] Entity not found for ID: -53
[22:42:46.678] [error] Entity not found for ID: -54
[22:42:46.679] [info] Collision Exit 2D Event Invoked
[22:42:46.680] [info] Collision Exit 2D Event Invoked
[22:42:46.680] [info] Collision Exit 2D Event Invoked
[22:42:46.680] [info] Collision Exit 2D Event Invoked
[22:42:46.680] [info] Collision Exit 2D Event Invoked
[22:42:46.680] [info] Collision Exit 2D Event Invoked
[22:42:46.680] [info] Collision Exit 2D Event Invoked
[22:42:46.680] [info] Collision Exit 2D Event Invoked
[22:42:46.681] [info] Collision Exit 2D Event Invoked
[22:42:46.681] [info] Collision Exit 2D Event Invoked
[22:42:46.681] [info] Collision Exit 2D Event Invoked
[22:42:46.681] [info] Collision Exit 2D Event Invoked
[22:42:46.681] [info] Collision Exit 2D Event Invoked
[22:42:46.682] [info] Collision Exit 2D Event Invoked
[22:42:46.682] [info] Collision Exit 2D Event Invoked
[22:42:46.682] [info] Collision Exit 2D Event Invoked
[22:42:46.682] [info] Collision Exit 2D Event Invoked
[22:42:46.682] [info] Collision Exit 2D Event Invoked
[22:42:46.695] [error] Entity not found for ID: 0
[22:42:46.695] [error] Entity not found for ID: 0
[22:42:46.696] [error] Entity not found for ID: 0
[22:42:46.696] [error] Entity not found for ID: -15
[22:42:46.696] [error] Entity not found for ID: -11
[22:42:46.697] [error] Entity not found for ID: -53
[22:42:46.697] [error] Entity not found for ID: -54
[22:42:46.698] [info] Collision Enter 2D Event Invoked
[22:42:46.698] [info] Collision Enter 2D Event Invoked
[22:42:46.698] [info] Collision Enter 2D Event Invoked
[22:42:46.698] [info] Collision Enter 2D Event Invoked
[22:42:46.698] [info] Collision Enter 2D Event Invoked
[22:42:46.699] [info] Collision Enter 2D Event Invoked
[22:42:46.699] [info] Collision Enter 2D Event Invoked
[22:42:46.699] [info] Collision Enter 2D Event Invoked
[22:42:46.699] [info] Collision Enter 2D Event Invoked
[22:42:46.699] [info] Collision Enter 2D Event Invoked
[22:42:46.700] [info] Collision Enter 2D Event Invoked
[22:42:46.700] [info] Collision Enter 2D Event Invoked
[22:42:46.700] [info] Collision Enter 2D Event Invoked
[22:42:46.700] [info] Collision Enter 2D Event Invoked
[22:42:46.700] [info] Collision Enter 2D Event Invoked
[22:42:46.700] [info] Collision Enter 2D Event Invoked
[22:42:46.701] [info] Collision Enter 2D Event Invoked
[22:42:46.701] [info] Collision Enter 2D Event Invoked
[22:42:46.701] [info] Collision Enter 2D Event Invoked
[22:42:46.701] [info] Collision Enter 2D Event Invoked
[22:42:46.701] [info] Collision Enter 2D Event Invoked
[22:42:46.702] [info] Collision Enter 2D Event Invoked
[22:42:46.702] [info] Collision Enter 2D Event Invoked
[22:42:46.702] [info] Collision Enter 2D Event Invoked
[22:42:46.702] [info] Collision Enter 2D Event Invoked
[22:42:46.702] [info] Collision Enter 2D Event Invoked
[22:42:46.703] [info] Collision Enter 2D Event Invoked
[22:42:46.703] [info] Collision Enter 2D Event Invoked
[22:42:46.703] [info] Collision Enter 2D Event Invoked
[22:42:46.703] [info] Collision Enter 2D Event Invoked
[22:42:46.703] [info] Collision Enter 2D Event Invoked
[22:42:46.703] [info] Collision Enter 2D Event Invoked
[22:42:46.704] [info] Collision Enter 2D Event Invoked
[22:42:46.704] [info] Collision Enter 2D Event Invoked
[22:42:46.704] [info] Collision Enter 2D Event Invoked
[22:42:46.704] [info] Collision Enter 2D Event Invoked
[22:42:46.704] [info] Collision Enter 2D Event Invoked
[22:42:46.705] [info] Collision Enter 2D Event Invoked
[22:42:46.705] [info] Collision Enter 2D Event Invoked
[22:42:46.705] [info] Collision Enter 2D Event Invoked
[22:42:46.705] [info] Collision Enter 2D Event Invoked
[22:42:46.706] [info] Collision Enter 2D Event Invoked
[22:42:46.706] [info] Collision Enter 2D Event Invoked
[22:42:46.706] [info] Collision Enter 2D Event Invoked
[22:42:46.706] [info] Collision Enter 2D Event Invoked
[22:42:46.706] [info] Collision Enter 2D Event Invoked
[22:42:46.706] [info] Collision Enter 2D Event Invoked
[22:42:46.724] [error] Entity not found for ID: 0
[22:42:46.724] [error] Entity not found for ID: 0
[22:42:46.724] [error] Entity not found for ID: 0
[22:42:46.725] [error] Entity not found for ID: -15
[22:42:46.725] [error] Entity not found for ID: -11
[22:42:46.725] [error] Entity not found for ID: -53
[22:42:46.725] [error] Entity not found for ID: -54
[22:42:46.726] [info] Collision Enter 2D Event Invoked
[22:42:46.726] [info] Collision Enter 2D Event Invoked
[22:42:46.726] [info] Collision Enter 2D Event Invoked
[22:42:46.727] [info] Collision Enter 2D Event Invoked
[22:42:46.727] [info] Collision Enter 2D Event Invoked
[22:42:46.727] [info] Collision Enter 2D Event Invoked
[22:42:46.727] [info] Collision Enter 2D Event Invoked
[22:42:46.727] [info] Collision Enter 2D Event Invoked
[22:42:46.727] [info] Collision Enter 2D Event Invoked
[22:42:46.728] [info] Collision Enter 2D Event Invoked
[22:42:46.728] [info] Collision Enter 2D Event Invoked
[22:42:46.728] [info] Collision Enter 2D Event Invoked
[22:42:46.728] [info] Collision Enter 2D Event Invoked
[22:42:46.728] [info] Collision Enter 2D Event Invoked
[22:42:46.729] [info] Collision Enter 2D Event Invoked
[22:42:46.729] [info] Collision Enter 2D Event Invoked
[22:42:46.729] [info] Collision Enter 2D Event Invoked
[22:42:46.731] [info] Collision Exit 2D Event Invoked
[22:42:46.731] [info] Collision Exit 2D Event Invoked
[22:42:46.731] [info] Collision Exit 2D Event Invoked
[22:42:46.731] [info] Collision Exit 2D Event Invoked
[22:42:46.731] [info] Collision Exit 2D Event Invoked
[22:42:46.731] [info] Collision Exit 2D Event Invoked
[22:42:46.732] [info] Collision Exit 2D Event Invoked
[22:42:46.732] [info] Collision Exit 2D Event Invoked
[22:42:46.732] [info] Collision Exit 2D Event Invoked
[22:42:46.732] [info] Collision Exit 2D Event Invoked
[22:42:46.732] [info] Collision Exit 2D Event Invoked
[22:42:46.733] [info] Collision Exit 2D Event Invoked
[22:42:46.733] [info] Collision Exit 2D Event Invoked
[22:42:46.733] [info] Collision Exit 2D Event Invoked
[22:42:46.733] [info] Collision Exit 2D Event Invoked
[22:42:46.733] [info] Collision Exit 2D Event Invoked
[22:42:46.734] [info] Collision Exit 2D Event Invoked
[22:42:46.734] [info] Collision Exit 2D Event Invoked
[22:42:46.734] [info] Collision Exit 2D Event Invoked
[22:42:46.734] [info] Collision Exit 2D Event Invoked
[22:42:46.734] [info] Collision Exit 2D Event Invoked
[22:42:46.734] [info] Collision Exit 2D Event Invoked
[22:42:46.735] [info] Collision Exit 2D Event Invoked
[22:42:46.735] [info] Collision Exit 2D Event Invoked
[22:42:46.735] [info] Collision Exit 2D Event Invoked
[22:42:46.735] [info] Collision Exit 2D Event Invoked
[22:42:46.735] [info] Collision Exit 2D Event Invoked
[22:42:46.735] [info] Collision Exit 2D Event Invoked
[22:42:46.736] [info] Collision Exit 2D Event Invoked
[22:42:46.750] [error] Entity not found for ID: 0
[22:42:46.750] [error] Entity not found for ID: 0
[22:42:46.750] [error] Entity not found for ID: 0
[22:42:46.751] [error] Entity not found for ID: -15
[22:42:46.751] [error] Entity not found for ID: -11
[22:42:46.751] [error] Entity not found for ID: -53
[22:42:46.751] [error] Entity not found for ID: -54
[22:42:46.753] [info] Collision Exit 2D Event Invoked
[22:42:46.753] [info] Collision Exit 2D Event Invoked
[22:42:46.754] [info] Collision Exit 2D Event Invoked
[22:42:46.754] [info] Collision Exit 2D Event Invoked
[22:42:46.754] [info] Collision Exit 2D Event Invoked
[22:42:46.754] [info] Collision Exit 2D Event Invoked
[22:42:46.754] [info] Collision Exit 2D Event Invoked
[22:42:46.755] [info] Collision Exit 2D Event Invoked
[22:42:46.755] [info] Collision Exit 2D Event Invoked
[22:42:46.755] [info] Collision Exit 2D Event Invoked
[22:42:46.755] [info] Collision Exit 2D Event Invoked
[22:42:46.755] [info] Collision Exit 2D Event Invoked
[22:42:46.755] [info] Collision Exit 2D Event Invoked
[22:42:46.756] [info] Collision Exit 2D Event Invoked
[22:42:46.756] [info] Collision Exit 2D Event Invoked
[22:42:46.756] [info] Collision Exit 2D Event Invoked
[22:42:46.756] [info] Collision Exit 2D Event Invoked
[22:42:46.756] [info] Collision Exit 2D Event Invoked
[22:42:46.770] [error] Entity not found for ID: 0
[22:42:46.770] [error] Entity not found for ID: 0
[22:42:46.770] [error] Entity not found for ID: 0
[22:42:46.771] [error] Entity not found for ID: -15
[22:42:46.771] [error] Entity not found for ID: -11
[22:42:46.771] [error] Entity not found for ID: -53
[22:42:46.771] [error] Entity not found for ID: -54
[22:42:46.772] [info] Collision Enter 2D Event Invoked
[22:42:46.772] [info] Collision Enter 2D Event Invoked
[22:42:46.773] [info] Collision Enter 2D Event Invoked
[22:42:46.773] [info] Collision Enter 2D Event Invoked
[22:42:46.773] [info] Collision Enter 2D Event Invoked
[22:42:46.773] [info] Collision Enter 2D Event Invoked
[22:42:46.773] [info] Collision Enter 2D Event Invoked
[22:42:46.774] [info] Collision Enter 2D Event Invoked
[22:42:46.774] [info] Collision Enter 2D Event Invoked
[22:42:46.774] [info] Collision Enter 2D Event Invoked
[22:42:46.774] [info] Collision Enter 2D Event Invoked
[22:42:46.774] [info] Collision Enter 2D Event Invoked
[22:42:46.775] [info] Collision Enter 2D Event Invoked
[22:42:46.775] [info] Collision Enter 2D Event Invoked
[22:42:46.775] [info] Collision Enter 2D Event Invoked
[22:42:46.775] [info] Collision Enter 2D Event Invoked
[22:42:46.775] [info] Collision Enter 2D Event Invoked
[22:42:46.776] [info] Collision Enter 2D Event Invoked
[22:42:46.776] [info] Collision Enter 2D Event Invoked
[22:42:46.776] [info] Collision Enter 2D Event Invoked
[22:42:46.776] [info] Collision Enter 2D Event Invoked
[22:42:46.776] [info] Collision Enter 2D Event Invoked
[22:42:46.777] [info] Collision Enter 2D Event Invoked
[22:42:46.777] [info] Collision Enter 2D Event Invoked
[22:42:46.777] [info] Collision Enter 2D Event Invoked
[22:42:46.777] [info] Collision Enter 2D Event Invoked
[22:42:46.777] [info] Collision Enter 2D Event Invoked
[22:42:46.778] [info] Collision Enter 2D Event Invoked
[22:42:46.778] [info] Collision Enter 2D Event Invoked
[22:42:46.778] [info] Collision Enter 2D Event Invoked
[22:42:46.778] [info] Collision Enter 2D Event Invoked
[22:42:46.778] [info] Collision Enter 2D Event Invoked
[22:42:46.778] [info] Collision Enter 2D Event Invoked
[22:42:46.779] [info] Collision Enter 2D Event Invoked
[22:42:46.779] [info] Collision Enter 2D Event Invoked
[22:42:46.779] [info] Collision Enter 2D Event Invoked
[22:42:46.779] [info] Collision Enter 2D Event Invoked
[22:42:46.779] [info] Collision Enter 2D Event Invoked
[22:42:46.780] [info] Collision Enter 2D Event Invoked
[22:42:46.780] [info] Collision Enter 2D Event Invoked
[22:42:46.780] [info] Collision Enter 2D Event Invoked
[22:42:46.780] [info] Collision Enter 2D Event Invoked
[22:42:46.780] [info] Collision Enter 2D Event Invoked
[22:42:46.781] [info] Collision Enter 2D Event Invoked
[22:42:46.781] [info] Collision Enter 2D Event Invoked
[22:42:46.781] [info] Collision Enter 2D Event Invoked
[22:42:46.781] [info] Collision Enter 2D Event Invoked
[22:42:46.797] [error] Entity not found for ID: 0
[22:42:46.797] [error] Entity not found for ID: 0
[22:42:46.797] [error] Entity not found for ID: 0
[22:42:46.798] [error] Entity not found for ID: -15
[22:42:46.798] [error] Entity not found for ID: -11
[22:42:46.799] [error] Entity not found for ID: -53
[22:42:46.799] [error] Entity not found for ID: -54
[22:42:46.801] [info] Collision Exit 2D Event Invoked
[22:42:46.801] [info] Collision Exit 2D Event Invoked
[22:42:46.802] [info] Collision Exit 2D Event Invoked
[22:42:46.802] [info] Collision Exit 2D Event Invoked
[22:42:46.802] [info] Collision Exit 2D Event Invoked
[22:42:46.802] [info] Collision Exit 2D Event Invoked
[22:42:46.802] [info] Collision Exit 2D Event Invoked
[22:42:46.803] [info] Collision Exit 2D Event Invoked
[22:42:46.803] [info] Collision Exit 2D Event Invoked
[22:42:46.803] [info] Collision Exit 2D Event Invoked
[22:42:46.803] [info] Collision Exit 2D Event Invoked
[22:42:46.803] [info] Collision Exit 2D Event Invoked
[22:42:46.804] [info] Collision Exit 2D Event Invoked
[22:42:46.804] [info] Collision Exit 2D Event Invoked
[22:42:46.804] [info] Collision Exit 2D Event Invoked
[22:42:46.804] [info] Collision Exit 2D Event Invoked
[22:42:46.805] [info] Collision Exit 2D Event Invoked
[22:42:46.805] [info] Collision Exit 2D Event Invoked
[22:42:46.805] [info] Collision Exit 2D Event Invoked
[22:42:46.805] [info] Collision Exit 2D Event Invoked
[22:42:46.805] [info] Collision Exit 2D Event Invoked
[22:42:46.806] [info] Collision Exit 2D Event Invoked
[22:42:46.806] [info] Collision Exit 2D Event Invoked
[22:42:46.806] [info] Collision Exit 2D Event Invoked
[22:42:46.806] [info] Collision Exit 2D Event Invoked
[22:42:46.806] [info] Collision Exit 2D Event Invoked
[22:42:46.807] [info] Collision Exit 2D Event Invoked
[22:42:46.807] [info] Collision Exit 2D Event Invoked
[22:42:46.807] [info] Collision Exit 2D Event Invoked
[22:42:46.807] [info] Collision Exit 2D Event Invoked
[22:42:46.807] [info] Collision Exit 2D Event Invoked
[22:42:46.808] [info] Collision Exit 2D Event Invoked
[22:42:46.808] [info] Collision Exit 2D Event Invoked
[22:42:46.808] [info] Collision Exit 2D Event Invoked
[22:42:46.822] [error] Entity not found for ID: 0
[22:42:46.822] [error] Entity not found for ID: 0
[22:42:46.822] [error] Entity not found for ID: 0
[22:42:46.823] [error] Entity not found for ID: -15
[22:42:46.823] [error] Entity not found for ID: -11
[22:42:46.823] [error] Entity not found for ID: -53
[22:42:46.824] [error] Entity not found for ID: -54
[22:42:46.826] [info] Collision Exit 2D Event Invoked
[22:42:46.826] [info] Collision Exit 2D Event Invoked
[22:42:46.826] [info] Collision Exit 2D Event Invoked
[22:42:46.826] [info] Collision Exit 2D Event Invoked
[22:42:46.826] [info] Collision Exit 2D Event Invoked
[22:42:46.827] [info] Collision Exit 2D Event Invoked
[22:42:46.827] [info] Collision Exit 2D Event Invoked
[22:42:46.827] [info] Collision Exit 2D Event Invoked
[22:42:46.827] [info] Collision Exit 2D Event Invoked
[22:42:46.827] [info] Collision Exit 2D Event Invoked
[22:42:46.827] [info] Collision Exit 2D Event Invoked
[22:42:46.842] [error] Entity not found for ID: 0
[22:42:46.842] [error] Entity not found for ID: 0
[22:42:46.842] [error] Entity not found for ID: 0
[22:42:46.843] [error] Entity not found for ID: -15
[22:42:46.843] [error] Entity not found for ID: -11
[22:42:46.843] [error] Entity not found for ID: -53
[22:42:46.843] [error] Entity not found for ID: -54
[22:42:46.844] [info] Collision Enter 2D Event Invoked
[22:42:46.844] [info] Collision Enter 2D Event Invoked
[22:42:46.844] [info] Collision Enter 2D Event Invoked
[22:42:46.845] [info] Collision Enter 2D Event Invoked
[22:42:46.845] [info] Collision Enter 2D Event Invoked
[22:42:46.845] [info] Collision Enter 2D Event Invoked
[22:42:46.845] [info] Collision Enter 2D Event Invoked
[22:42:46.845] [info] Collision Enter 2D Event Invoked
[22:42:46.846] [info] Collision Enter 2D Event Invoked
[22:42:46.846] [info] Collision Enter 2D Event Invoked
[22:42:46.846] [info] Collision Enter 2D Event Invoked
[22:42:46.846] [info] Collision Enter 2D Event Invoked
[22:42:46.846] [info] Collision Enter 2D Event Invoked
[22:42:46.847] [info] Collision Enter 2D Event Invoked
[22:42:46.847] [info] Collision Enter 2D Event Invoked
[22:42:46.847] [info] Collision Enter 2D Event Invoked
[22:42:46.847] [info] Collision Enter 2D Event Invoked
[22:42:46.847] [info] Collision Enter 2D Event Invoked
[22:42:46.848] [info] Collision Enter 2D Event Invoked
[22:42:46.848] [info] Collision Enter 2D Event Invoked
[22:42:46.848] [info] Collision Enter 2D Event Invoked
[22:42:46.848] [info] Collision Enter 2D Event Invoked
[22:42:46.848] [info] Collision Enter 2D Event Invoked
[22:42:46.849] [info] Collision Enter 2D Event Invoked
[22:42:46.849] [info] Collision Enter 2D Event Invoked
[22:42:46.849] [info] Collision Enter 2D Event Invoked
[22:42:46.849] [info] Collision Enter 2D Event Invoked
[22:42:46.849] [info] Collision Enter 2D Event Invoked
[22:42:46.849] [info] Collision Enter 2D Event Invoked
[22:42:46.851] [info] Collision Exit 2D Event Invoked
[22:42:46.851] [info] Collision Exit 2D Event Invoked
[22:42:46.851] [info] Collision Exit 2D Event Invoked
[22:42:46.851] [info] Collision Exit 2D Event Invoked
[22:42:46.852] [info] Collision Exit 2D Event Invoked
[22:42:46.852] [info] Collision Exit 2D Event Invoked
[22:42:46.852] [info] Collision Exit 2D Event Invoked
[22:42:46.852] [info] Collision Exit 2D Event Invoked
[22:42:46.852] [info] Collision Exit 2D Event Invoked
[22:42:46.853] [info] Collision Exit 2D Event Invoked
[22:42:46.853] [info] Collision Exit 2D Event Invoked
[22:42:46.853] [info] Collision Exit 2D Event Invoked
[22:42:46.853] [info] Collision Exit 2D Event Invoked
[22:42:46.853] [info] Collision Exit 2D Event Invoked
[22:42:46.853] [info] Collision Exit 2D Event Invoked
[22:42:46.854] [info] Collision Exit 2D Event Invoked
[22:42:46.854] [info] Collision Exit 2D Event Invoked
[22:42:46.854] [info] Collision Exit 2D Event Invoked
[22:42:46.868] [error] Entity not found for ID: 0
[22:42:46.868] [error] Entity not found for ID: 0
[22:42:46.869] [error] Entity not found for ID: 0
[22:42:46.869] [error] Entity not found for ID: -15
[22:42:46.869] [error] Entity not found for ID: -11
[22:42:46.870] [error] Entity not found for ID: -53
[22:42:46.870] [error] Entity not found for ID: -54
[22:42:46.870] [info] Collision Enter 2D Event Invoked
[22:42:46.871] [info] Collision Enter 2D Event Invoked
[22:42:46.871] [info] Collision Enter 2D Event Invoked
[22:42:46.871] [info] Collision Enter 2D Event Invoked
[22:42:46.871] [info] Collision Enter 2D Event Invoked
[22:42:46.871] [info] Collision Enter 2D Event Invoked
[22:42:46.871] [info] Collision Enter 2D Event Invoked
[22:42:46.872] [info] Collision Enter 2D Event Invoked
[22:42:46.872] [info] Collision Enter 2D Event Invoked
[22:42:46.872] [info] Collision Enter 2D Event Invoked
[22:42:46.872] [info] Collision Enter 2D Event Invoked
[22:42:46.872] [info] Collision Enter 2D Event Invoked
[22:42:46.873] [info] Collision Enter 2D Event Invoked
[22:42:46.873] [info] Collision Enter 2D Event Invoked
[22:42:46.873] [info] Collision Enter 2D Event Invoked
[22:42:46.873] [info] Collision Enter 2D Event Invoked
[22:42:46.873] [info] Collision Enter 2D Event Invoked
[22:42:46.873] [info] Collision Enter 2D Event Invoked
[22:42:46.874] [info] Collision Enter 2D Event Invoked
[22:42:46.874] [info] Collision Enter 2D Event Invoked
[22:42:46.874] [info] Collision Enter 2D Event Invoked
[22:42:46.874] [info] Collision Enter 2D Event Invoked
[22:42:46.874] [info] Collision Enter 2D Event Invoked
[22:42:46.875] [info] Collision Enter 2D Event Invoked
[22:42:46.875] [info] Collision Enter 2D Event Invoked
[22:42:46.875] [info] Collision Enter 2D Event Invoked
[22:42:46.875] [info] Collision Enter 2D Event Invoked
[22:42:46.875] [info] Collision Enter 2D Event Invoked
[22:42:46.875] [info] Collision Enter 2D Event Invoked
[22:42:46.876] [info] Collision Enter 2D Event Invoked
[22:42:46.877] [info] Collision Exit 2D Event Invoked
[22:42:46.877] [info] Collision Exit 2D Event Invoked
[22:42:46.878] [info] Collision Exit 2D Event Invoked
[22:42:46.878] [info] Collision Exit 2D Event Invoked
[22:42:46.878] [info] Collision Exit 2D Event Invoked
[22:42:46.878] [info] Collision Exit 2D Event Invoked
[22:42:46.878] [info] Collision Exit 2D Event Invoked
[22:42:46.878] [info] Collision Exit 2D Event Invoked
[22:42:46.879] [info] Collision Exit 2D Event Invoked
[22:42:46.879] [info] Collision Exit 2D Event Invoked
[22:42:46.879] [info] Collision Exit 2D Event Invoked
[22:42:46.879] [info] Collision Exit 2D Event Invoked
[22:42:46.879] [info] Collision Exit 2D Event Invoked
[22:42:46.879] [info] Collision Exit 2D Event Invoked
[22:42:46.880] [info] Collision Exit 2D Event Invoked
[22:42:46.880] [info] Collision Exit 2D Event Invoked
[22:42:46.880] [info] Collision Exit 2D Event Invoked
[22:42:46.880] [info] Collision Exit 2D Event Invoked
[22:42:46.880] [info] Collision Exit 2D Event Invoked
[22:42:46.881] [info] Collision Exit 2D Event Invoked
[22:42:46.881] [info] Collision Exit 2D Event Invoked
[22:42:46.881] [info] Collision Exit 2D Event Invoked
[22:42:46.881] [info] Collision Exit 2D Event Invoked
[22:42:46.881] [info] Collision Exit 2D Event Invoked
[22:42:46.881] [info] Collision Exit 2D Event Invoked
[22:42:46.882] [info] Collision Exit 2D Event Invoked
[22:42:46.882] [info] Collision Exit 2D Event Invoked
[22:42:46.882] [info] Collision Exit 2D Event Invoked
[22:42:46.882] [info] Collision Exit 2D Event Invoked
[22:42:46.896] [error] Entity not found for ID: 0
[22:42:46.897] [error] Entity not found for ID: 0
[22:42:46.897] [error] Entity not found for ID: 0
[22:42:46.897] [error] Entity not found for ID: -15
[22:42:46.898] [error] Entity not found for ID: -11
[22:42:46.898] [error] Entity not found for ID: -53
[22:42:46.898] [error] Entity not found for ID: -54
[22:42:46.899] [info] Collision Enter 2D Event Invoked
[22:42:46.899] [info] Collision Enter 2D Event Invoked
[22:42:46.899] [info] Collision Enter 2D Event Invoked
[22:42:46.899] [info] Collision Enter 2D Event Invoked
[22:42:46.900] [info] Collision Enter 2D Event Invoked
[22:42:46.900] [info] Collision Enter 2D Event Invoked
[22:42:46.900] [info] Collision Enter 2D Event Invoked
[22:42:46.900] [info] Collision Enter 2D Event Invoked
[22:42:46.900] [info] Collision Enter 2D Event Invoked
[22:42:46.900] [info] Collision Enter 2D Event Invoked
[22:42:46.901] [info] Collision Enter 2D Event Invoked
[22:42:46.901] [info] Collision Enter 2D Event Invoked
[22:42:46.901] [info] Collision Enter 2D Event Invoked
[22:42:46.901] [info] Collision Enter 2D Event Invoked
[22:42:46.901] [info] Collision Enter 2D Event Invoked
[22:42:46.901] [info] Collision Enter 2D Event Invoked
[22:42:46.902] [info] Collision Enter 2D Event Invoked
[22:42:46.902] [info] Collision Enter 2D Event Invoked
[22:42:46.902] [info] Collision Enter 2D Event Invoked
[22:42:46.902] [info] Collision Enter 2D Event Invoked
[22:42:46.902] [info] Collision Enter 2D Event Invoked
[22:42:46.903] [info] Collision Enter 2D Event Invoked
[22:42:46.903] [info] Collision Enter 2D Event Invoked
[22:42:46.903] [info] Collision Enter 2D Event Invoked
[22:42:46.903] [info] Collision Enter 2D Event Invoked
[22:42:46.903] [info] Collision Enter 2D Event Invoked
[22:42:46.904] [info] Collision Enter 2D Event Invoked
[22:42:46.904] [info] Collision Enter 2D Event Invoked
[22:42:46.904] [info] Collision Enter 2D Event Invoked
[22:42:46.904] [info] Collision Enter 2D Event Invoked
[22:42:46.904] [info] Collision Enter 2D Event Invoked
[22:42:46.905] [info] Collision Enter 2D Event Invoked
[22:42:46.905] [info] Collision Enter 2D Event Invoked
[22:42:46.905] [info] Collision Enter 2D Event Invoked
[22:42:46.905] [info] Collision Enter 2D Event Invoked
[22:42:46.905] [info] Collision Enter 2D Event Invoked
[22:42:46.905] [info] Collision Enter 2D Event Invoked
[22:42:46.906] [info] Collision Enter 2D Event Invoked
[22:42:46.906] [info] Collision Enter 2D Event Invoked
[22:42:46.906] [info] Collision Enter 2D Event Invoked
[22:42:46.906] [info] Collision Enter 2D Event Invoked
[22:42:46.906] [info] Collision Enter 2D Event Invoked
[22:42:46.907] [info] Collision Enter 2D Event Invoked
[22:42:46.907] [info] Collision Enter 2D Event Invoked
[22:42:46.907] [info] Collision Enter 2D Event Invoked
[22:42:46.907] [info] Collision Enter 2D Event Invoked
[22:42:46.907] [info] Collision Enter 2D Event Invoked
[22:42:46.909] [info] Collision Exit 2D Event Invoked
[22:42:46.909] [info] Collision Exit 2D Event Invoked
[22:42:46.909] [info] Collision Exit 2D Event Invoked
[22:42:46.910] [info] Collision Exit 2D Event Invoked
[22:42:46.910] [info] Collision Exit 2D Event Invoked
[22:42:46.910] [info] Collision Exit 2D Event Invoked
[22:42:46.910] [info] Collision Exit 2D Event Invoked
[22:42:46.910] [info] Collision Exit 2D Event Invoked
[22:42:46.911] [info] Collision Exit 2D Event Invoked
[22:42:46.911] [info] Collision Exit 2D Event Invoked
[22:42:46.911] [info] Collision Exit 2D Event Invoked
[22:42:46.911] [info] Collision Exit 2D Event Invoked
[22:42:46.911] [info] Collision Exit 2D Event Invoked
[22:42:46.912] [info] Collision Exit 2D Event Invoked
[22:42:46.912] [info] Collision Exit 2D Event Invoked
[22:42:46.912] [info] Collision Exit 2D Event Invoked
[22:42:46.912] [info] Collision Exit 2D Event Invoked
[22:42:46.912] [info] Collision Exit 2D Event Invoked
[22:42:46.912] [info] Collision Exit 2D Event Invoked
[22:42:46.913] [info] Collision Exit 2D Event Invoked
[22:42:46.913] [info] Collision Exit 2D Event Invoked
[22:42:46.913] [info] Collision Exit 2D Event Invoked
[22:42:46.913] [info] Collision Exit 2D Event Invoked
[22:42:46.914] [info] Collision Exit 2D Event Invoked
[22:42:46.914] [info] Collision Exit 2D Event Invoked
[22:42:46.914] [info] Collision Exit 2D Event Invoked
[22:42:46.914] [info] Collision Exit 2D Event Invoked
[22:42:46.914] [info] Collision Exit 2D Event Invoked
[22:42:46.914] [info] Collision Exit 2D Event Invoked
[22:42:46.915] [info] Collision Exit 2D Event Invoked
[22:42:46.928] [error] Entity not found for ID: 0
[22:42:46.928] [error] Entity not found for ID: 0
[22:42:46.929] [error] Entity not found for ID: 0
[22:42:46.929] [error] Entity not found for ID: -15
[22:42:46.929] [error] Entity not found for ID: -11
[22:42:46.930] [error] Entity not found for ID: -53
[22:42:46.930] [error] Entity not found for ID: -54
[22:42:46.946] [error] Entity not found for ID: 0
[22:42:46.946] [error] Entity not found for ID: 0
[22:42:46.946] [error] Entity not found for ID: 0
[22:42:46.947] [error] Entity not found for ID: -15
[22:42:46.947] [error] Entity not found for ID: -11
[22:42:46.947] [error] Entity not found for ID: -53
[22:42:46.947] [error] Entity not found for ID: -54
[22:42:46.964] [error] Entity not found for ID: 0
[22:42:46.964] [error] Entity not found for ID: 0
[22:42:46.965] [error] Entity not found for ID: 0
[22:42:46.965] [error] Entity not found for ID: -15
[22:42:46.965] [error] Entity not found for ID: -11
[22:42:46.966] [error] Entity not found for ID: -53
[22:42:46.966] [error] Entity not found for ID: -54
[22:42:46.969] [info] Collision Exit 2D Event Invoked
[22:42:46.969] [info] Collision Exit 2D Event Invoked
[22:42:46.969] [info] Collision Exit 2D Event Invoked
[22:42:46.970] [info] Collision Exit 2D Event Invoked
[22:42:46.970] [info] Collision Exit 2D Event Invoked
[22:42:46.970] [info] Collision Exit 2D Event Invoked
[22:42:46.970] [info] Collision Exit 2D Event Invoked
[22:42:46.970] [info] Collision Exit 2D Event Invoked
[22:42:46.971] [info] Collision Exit 2D Event Invoked
[22:42:46.971] [info] Collision Exit 2D Event Invoked
[22:42:46.971] [info] Collision Exit 2D Event Invoked
[22:42:46.971] [info] Collision Exit 2D Event Invoked
[22:42:46.971] [info] Collision Exit 2D Event Invoked
[22:42:46.972] [info] Collision Exit 2D Event Invoked
[22:42:46.972] [info] Collision Exit 2D Event Invoked
[22:42:46.972] [info] Collision Exit 2D Event Invoked
[22:42:46.972] [info] Collision Exit 2D Event Invoked
[22:42:46.972] [info] Collision Exit 2D Event Invoked
[22:42:46.988] [error] Entity not found for ID: 0
[22:42:46.988] [error] Entity not found for ID: 0
[22:42:46.988] [error] Entity not found for ID: 0
[22:42:46.989] [error] Entity not found for ID: -15
[22:42:46.989] [error] Entity not found for ID: -11
[22:42:46.989] [error] Entity not found for ID: -53
[22:42:46.989] [error] Entity not found for ID: -54
[22:42:46.990] [info] Collision Enter 2D Event Invoked
[22:42:46.990] [info] Collision Enter 2D Event Invoked
[22:42:46.990] [info] Collision Enter 2D Event Invoked
[22:42:46.990] [info] Collision Enter 2D Event Invoked
[22:42:46.991] [info] Collision Enter 2D Event Invoked
[22:42:46.991] [info] Collision Enter 2D Event Invoked
[22:42:46.991] [info] Collision Enter 2D Event Invoked
[22:42:46.991] [info] Collision Enter 2D Event Invoked
[22:42:46.991] [info] Collision Enter 2D Event Invoked
[22:42:46.992] [info] Collision Enter 2D Event Invoked
[22:42:46.992] [info] Collision Enter 2D Event Invoked
[22:42:46.992] [info] Collision Enter 2D Event Invoked
[22:42:46.992] [info] Collision Enter 2D Event Invoked
[22:42:46.992] [info] Collision Enter 2D Event Invoked
[22:42:46.992] [info] Collision Enter 2D Event Invoked
[22:42:46.993] [info] Collision Enter 2D Event Invoked
[22:42:46.993] [info] Collision Enter 2D Event Invoked
[22:42:46.993] [info] Collision Enter 2D Event Invoked
[22:42:46.993] [info] Collision Enter 2D Event Invoked
[22:42:46.993] [info] Collision Enter 2D Event Invoked
[22:42:46.994] [info] Collision Enter 2D Event Invoked
[22:42:46.994] [info] Collision Enter 2D Event Invoked
[22:42:46.994] [info] Collision Enter 2D Event Invoked
[22:42:46.994] [info] Collision Enter 2D Event Invoked
[22:42:46.994] [info] Collision Enter 2D Event Invoked
[22:42:46.994] [info] Collision Enter 2D Event Invoked
[22:42:46.995] [info] Collision Enter 2D Event Invoked
[22:42:46.995] [info] Collision Enter 2D Event Invoked
[22:42:46.995] [info] Collision Enter 2D Event Invoked
[22:42:46.995] [info] Collision Enter 2D Event Invoked
[22:42:46.995] [info] Collision Enter 2D Event Invoked
[22:42:46.995] [info] Collision Enter 2D Event Invoked
[22:42:46.996] [info] Collision Enter 2D Event Invoked
[22:42:46.996] [info] Collision Enter 2D Event Invoked
[22:42:47.011] [error] Entity not found for ID: 0
[22:42:47.011] [error] Entity not found for ID: 0
[22:42:47.011] [error] Entity not found for ID: 0
[22:42:47.012] [error] Entity not found for ID: -15
[22:42:47.012] [error] Entity not found for ID: -11
[22:42:47.013] [error] Entity not found for ID: -53
[22:42:47.013] [error] Entity not found for ID: -54
[22:42:47.015] [info] Collision Exit 2D Event Invoked
[22:42:47.015] [info] Collision Exit 2D Event Invoked
[22:42:47.016] [info] Collision Exit 2D Event Invoked
[22:42:47.016] [info] Collision Exit 2D Event Invoked
[22:42:47.016] [info] Collision Exit 2D Event Invoked
[22:42:47.016] [info] Collision Exit 2D Event Invoked
[22:42:47.016] [info] Collision Exit 2D Event Invoked
[22:42:47.016] [info] Collision Exit 2D Event Invoked
[22:42:47.017] [info] Collision Exit 2D Event Invoked
[22:42:47.017] [info] Collision Exit 2D Event Invoked
[22:42:47.017] [info] Collision Exit 2D Event Invoked
[22:42:47.030] [error] Entity not found for ID: 0
[22:42:47.030] [error] Entity not found for ID: 0
[22:42:47.030] [error] Entity not found for ID: 0
[22:42:47.031] [error] Entity not found for ID: -15
[22:42:47.031] [error] Entity not found for ID: -11
[22:42:47.032] [error] Entity not found for ID: -53
[22:42:47.032] [error] Entity not found for ID: -54
[22:42:47.032] [info] Collision Enter 2D Event Invoked
[22:42:47.032] [info] Collision Enter 2D Event Invoked
[22:42:47.033] [info] Collision Enter 2D Event Invoked
[22:42:47.033] [info] Collision Enter 2D Event Invoked
[22:42:47.033] [info] Collision Enter 2D Event Invoked
[22:42:47.033] [info] Collision Enter 2D Event Invoked
[22:42:47.033] [info] Collision Enter 2D Event Invoked
[22:42:47.033] [info] Collision Enter 2D Event Invoked
[22:42:47.034] [info] Collision Enter 2D Event Invoked
[22:42:47.034] [info] Collision Enter 2D Event Invoked
[22:42:47.034] [info] Collision Enter 2D Event Invoked
[22:42:47.052] [error] Entity not found for ID: 0
[22:42:47.052] [error] Entity not found for ID: 0
[22:42:47.052] [error] Entity not found for ID: 0
[22:42:47.053] [error] Entity not found for ID: -15
[22:42:47.053] [error] Entity not found for ID: -11
[22:42:47.053] [error] Entity not found for ID: -53
[22:42:47.053] [error] Entity not found for ID: -54
[22:42:47.056] [info] Collision Exit 2D Event Invoked
[22:42:47.056] [info] Collision Exit 2D Event Invoked
[22:42:47.056] [info] Collision Exit 2D Event Invoked
[22:42:47.056] [info] Collision Exit 2D Event Invoked
[22:42:47.056] [info] Collision Exit 2D Event Invoked
[22:42:47.057] [info] Collision Exit 2D Event Invoked
[22:42:47.057] [info] Collision Exit 2D Event Invoked
[22:42:47.057] [info] Collision Exit 2D Event Invoked
[22:42:47.057] [info] Collision Exit 2D Event Invoked
[22:42:47.057] [info] Collision Exit 2D Event Invoked
[22:42:47.058] [info] Collision Exit 2D Event Invoked
[22:42:47.058] [info] Collision Exit 2D Event Invoked
[22:42:47.058] [info] Collision Exit 2D Event Invoked
[22:42:47.058] [info] Collision Exit 2D Event Invoked
[22:42:47.058] [info] Collision Exit 2D Event Invoked
[22:42:47.059] [info] Collision Exit 2D Event Invoked
[22:42:47.073] [error] Entity not found for ID: 0
[22:42:47.073] [error] Entity not found for ID: 0
[22:42:47.073] [error] Entity not found for ID: 0
[22:42:47.074] [error] Entity not found for ID: -15
[22:42:47.074] [error] Entity not found for ID: -11
[22:42:47.074] [error] Entity not found for ID: -53
[22:42:47.075] [error] Entity not found for ID: -54
[22:42:47.077] [info] Collision Exit 2D Event Invoked
[22:42:47.077] [info] Collision Exit 2D Event Invoked
[22:42:47.077] [info] Collision Exit 2D Event Invoked
[22:42:47.077] [info] Collision Exit 2D Event Invoked
[22:42:47.077] [info] Collision Exit 2D Event Invoked
[22:42:47.078] [info] Collision Exit 2D Event Invoked
[22:42:47.078] [info] Collision Exit 2D Event Invoked
[22:42:47.078] [info] Collision Exit 2D Event Invoked
[22:42:47.078] [info] Collision Exit 2D Event Invoked
[22:42:47.078] [info] Collision Exit 2D Event Invoked
[22:42:47.079] [info] Collision Exit 2D Event Invoked
[22:42:47.079] [info] Collision Exit 2D Event Invoked
[22:42:47.079] [info] Collision Exit 2D Event Invoked
[22:42:47.079] [info] Collision Exit 2D Event Invoked
[22:42:47.079] [info] Collision Exit 2D Event Invoked
[22:42:47.079] [info] Collision Exit 2D Event Invoked
[22:42:47.080] [info] Collision Exit 2D Event Invoked
[22:42:47.080] [info] Collision Exit 2D Event Invoked
[22:42:47.093] [error] Entity not found for ID: 0
[22:42:47.093] [error] Entity not found for ID: 0
[22:42:47.093] [error] Entity not found for ID: 0
[22:42:47.094] [error] Entity not found for ID: -15
[22:42:47.094] [error] Entity not found for ID: -11
[22:42:47.094] [error] Entity not found for ID: -53
[22:42:47.095] [error] Entity not found for ID: -54
[22:42:47.095] [info] Collision Enter 2D Event Invoked
[22:42:47.095] [info] Collision Enter 2D Event Invoked
[22:42:47.096] [info] Collision Enter 2D Event Invoked
[22:42:47.096] [info] Collision Enter 2D Event Invoked
[22:42:47.096] [info] Collision Enter 2D Event Invoked
[22:42:47.096] [info] Collision Enter 2D Event Invoked
[22:42:47.096] [info] Collision Enter 2D Event Invoked
[22:42:47.097] [info] Collision Enter 2D Event Invoked
[22:42:47.097] [info] Collision Enter 2D Event Invoked
[22:42:47.097] [info] Collision Enter 2D Event Invoked
[22:42:47.097] [info] Collision Enter 2D Event Invoked
[22:42:47.097] [info] Collision Enter 2D Event Invoked
[22:42:47.097] [info] Collision Enter 2D Event Invoked
[22:42:47.098] [info] Collision Enter 2D Event Invoked
[22:42:47.098] [info] Collision Enter 2D Event Invoked
[22:42:47.098] [info] Collision Enter 2D Event Invoked
[22:42:47.098] [info] Collision Enter 2D Event Invoked
[22:42:47.098] [info] Collision Enter 2D Event Invoked
[22:42:47.114] [error] Entity not found for ID: 0
[22:42:47.115] [error] Entity not found for ID: 0
[22:42:47.115] [error] Entity not found for ID: 0
[22:42:47.115] [error] Entity not found for ID: -15
[22:42:47.116] [error] Entity not found for ID: -11
[22:42:47.116] [error] Entity not found for ID: -53
[22:42:47.116] [error] Entity not found for ID: -54
[22:42:47.118] [info] Collision Exit 2D Event Invoked
[22:42:47.118] [info] Collision Exit 2D Event Invoked
[22:42:47.118] [info] Collision Exit 2D Event Invoked
[22:42:47.119] [info] Collision Exit 2D Event Invoked
[22:42:47.119] [info] Collision Exit 2D Event Invoked
[22:42:47.119] [info] Collision Exit 2D Event Invoked
[22:42:47.119] [info] Collision Exit 2D Event Invoked
[22:42:47.119] [info] Collision Exit 2D Event Invoked
[22:42:47.119] [info] Collision Exit 2D Event Invoked
[22:42:47.120] [info] Collision Exit 2D Event Invoked
[22:42:47.120] [info] Collision Exit 2D Event Invoked
[22:42:47.120] [info] Collision Exit 2D Event Invoked
[22:42:47.120] [info] Collision Exit 2D Event Invoked
[22:42:47.120] [info] Collision Exit 2D Event Invoked
[22:42:47.120] [info] Collision Exit 2D Event Invoked
[22:42:47.121] [info] Collision Exit 2D Event Invoked
[22:42:47.121] [info] Collision Exit 2D Event Invoked
[22:42:47.121] [info] Collision Exit 2D Event Invoked
[22:42:47.121] [info] Collision Exit 2D Event Invoked
[22:42:47.121] [info] Collision Exit 2D Event Invoked
[22:42:47.121] [info] Collision Exit 2D Event Invoked
[22:42:47.122] [info] Collision Exit 2D Event Invoked
[22:42:47.122] [info] Collision Exit 2D Event Invoked
[22:42:47.122] [info] Collision Exit 2D Event Invoked
[22:42:47.122] [info] Collision Exit 2D Event Invoked
[22:42:47.122] [info] Collision Exit 2D Event Invoked
[22:42:47.122] [info] Collision Exit 2D Event Invoked
[22:42:47.123] [info] Collision Exit 2D Event Invoked
[22:42:47.123] [info] Collision Exit 2D Event Invoked
[22:42:47.136] [error] Entity not found for ID: 0
[22:42:47.136] [error] Entity not found for ID: 0
[22:42:47.137] [error] Entity not found for ID: 0
[22:42:47.137] [error] Entity not found for ID: -15
[22:42:47.137] [error] Entity not found for ID: -11
[22:42:47.138] [error] Entity not found for ID: -53
[22:42:47.138] [error] Entity not found for ID: -54
[22:42:47.138] [info] Collision Enter 2D Event Invoked
[22:42:47.138] [info] Collision Enter 2D Event Invoked
[22:42:47.139] [info] Collision Enter 2D Event Invoked
[22:42:47.139] [info] Collision Enter 2D Event Invoked
[22:42:47.139] [info] Collision Enter 2D Event Invoked
[22:42:47.139] [info] Collision Enter 2D Event Invoked
[22:42:47.139] [info] Collision Enter 2D Event Invoked
[22:42:47.139] [info] Collision Enter 2D Event Invoked
[22:42:47.140] [info] Collision Enter 2D Event Invoked
[22:42:47.140] [info] Collision Enter 2D Event Invoked
[22:42:47.140] [info] Collision Enter 2D Event Invoked
[22:42:47.140] [info] Collision Enter 2D Event Invoked
[22:42:47.140] [info] Collision Enter 2D Event Invoked
[22:42:47.140] [info] Collision Enter 2D Event Invoked
[22:42:47.141] [info] Collision Enter 2D Event Invoked
[22:42:47.141] [info] Collision Enter 2D Event Invoked
[22:42:47.141] [info] Collision Enter 2D Event Invoked
[22:42:47.141] [info] Collision Enter 2D Event Invoked
[22:42:47.141] [info] Collision Enter 2D Event Invoked
[22:42:47.142] [info] Collision Enter 2D Event Invoked
[22:42:47.142] [info] Collision Enter 2D Event Invoked
[22:42:47.142] [info] Collision Enter 2D Event Invoked
[22:42:47.142] [info] Collision Enter 2D Event Invoked
[22:42:47.142] [info] Collision Enter 2D Event Invoked
[22:42:47.142] [info] Collision Enter 2D Event Invoked
[22:42:47.143] [info] Collision Enter 2D Event Invoked
[22:42:47.143] [info] Collision Enter 2D Event Invoked
[22:42:47.143] [info] Collision Enter 2D Event Invoked
[22:42:47.143] [info] Collision Enter 2D Event Invoked
[22:42:47.145] [info] Collision Exit 2D Event Invoked
[22:42:47.145] [info] Collision Exit 2D Event Invoked
[22:42:47.145] [info] Collision Exit 2D Event Invoked
[22:42:47.146] [info] Collision Exit 2D Event Invoked
[22:42:47.146] [info] Collision Exit 2D Event Invoked
[22:42:47.146] [info] Collision Exit 2D Event Invoked
[22:42:47.146] [info] Collision Exit 2D Event Invoked
[22:42:47.146] [info] Collision Exit 2D Event Invoked
[22:42:47.146] [info] Collision Exit 2D Event Invoked
[22:42:47.147] [info] Collision Exit 2D Event Invoked
[22:42:47.147] [info] Collision Exit 2D Event Invoked
[22:42:47.147] [info] Collision Exit 2D Event Invoked
[22:42:47.147] [info] Collision Exit 2D Event Invoked
[22:42:47.147] [info] Collision Exit 2D Event Invoked
[22:42:47.148] [info] Collision Exit 2D Event Invoked
[22:42:47.148] [info] Collision Exit 2D Event Invoked
[22:42:47.148] [info] Collision Exit 2D Event Invoked
[22:42:47.148] [info] Collision Exit 2D Event Invoked
[22:42:47.163] [error] Entity not found for ID: 0
[22:42:47.163] [error] Entity not found for ID: 0
[22:42:47.163] [error] Entity not found for ID: 0
[22:42:47.164] [error] Entity not found for ID: -15
[22:42:47.164] [error] Entity not found for ID: -11
[22:42:47.164] [error] Entity not found for ID: -53
[22:42:47.164] [error] Entity not found for ID: -54
[22:42:47.165] [info] Collision Enter 2D Event Invoked
[22:42:47.165] [info] Collision Enter 2D Event Invoked
[22:42:47.165] [info] Collision Enter 2D Event Invoked
[22:42:47.165] [info] Collision Enter 2D Event Invoked
[22:42:47.166] [info] Collision Enter 2D Event Invoked
[22:42:47.166] [info] Collision Enter 2D Event Invoked
[22:42:47.166] [info] Collision Enter 2D Event Invoked
[22:42:47.166] [info] Collision Enter 2D Event Invoked
[22:42:47.166] [info] Collision Enter 2D Event Invoked
[22:42:47.167] [info] Collision Enter 2D Event Invoked
[22:42:47.167] [info] Collision Enter 2D Event Invoked
[22:42:47.167] [info] Collision Enter 2D Event Invoked
[22:42:47.167] [info] Collision Enter 2D Event Invoked
[22:42:47.167] [info] Collision Enter 2D Event Invoked
[22:42:47.167] [info] Collision Enter 2D Event Invoked
[22:42:47.168] [info] Collision Enter 2D Event Invoked
[22:42:47.168] [info] Collision Enter 2D Event Invoked
[22:42:47.168] [info] Collision Enter 2D Event Invoked
[22:42:47.168] [info] Collision Enter 2D Event Invoked
[22:42:47.168] [info] Collision Enter 2D Event Invoked
[22:42:47.169] [info] Collision Enter 2D Event Invoked
[22:42:47.169] [info] Collision Enter 2D Event Invoked
[22:42:47.169] [info] Collision Enter 2D Event Invoked
[22:42:47.169] [info] Collision Enter 2D Event Invoked
[22:42:47.169] [info] Collision Enter 2D Event Invoked
[22:42:47.169] [info] Collision Enter 2D Event Invoked
[22:42:47.170] [info] Collision Enter 2D Event Invoked
[22:42:47.170] [info] Collision Enter 2D Event Invoked
[22:42:47.170] [info] Collision Enter 2D Event Invoked
[22:42:47.170] [info] Collision Enter 2D Event Invoked
[22:42:47.170] [info] Collision Enter 2D Event Invoked
[22:42:47.171] [info] Collision Enter 2D Event Invoked
[22:42:47.171] [info] Collision Enter 2D Event Invoked
[22:42:47.171] [info] Collision Enter 2D Event Invoked
[22:42:47.187] [error] Entity not found for ID: 0
[22:42:47.188] [error] Entity not found for ID: 0
[22:42:47.188] [error] Entity not found for ID: 0
[22:42:47.188] [error] Entity not found for ID: -15
[22:42:47.189] [error] Entity not found for ID: -11
[22:42:47.189] [error] Entity not found for ID: -53
[22:42:47.189] [error] Entity not found for ID: -54
[22:42:47.192] [info] Collision Exit 2D Event Invoked
[22:42:47.192] [info] Collision Exit 2D Event Invoked
[22:42:47.192] [info] Collision Exit 2D Event Invoked
[22:42:47.192] [info] Collision Exit 2D Event Invoked
[22:42:47.192] [info] Collision Exit 2D Event Invoked
[22:42:47.193] [info] Collision Exit 2D Event Invoked
[22:42:47.193] [info] Collision Exit 2D Event Invoked
[22:42:47.194] [info] Collision Exit 2D Event Invoked
[22:42:47.194] [info] Collision Exit 2D Event Invoked
[22:42:47.194] [info] Collision Exit 2D Event Invoked
[22:42:47.194] [info] Collision Exit 2D Event Invoked
[22:42:47.194] [info] Collision Exit 2D Event Invoked
[22:42:47.194] [info] Collision Exit 2D Event Invoked
[22:42:47.195] [info] Collision Exit 2D Event Invoked
[22:42:47.195] [info] Collision Exit 2D Event Invoked
[22:42:47.195] [info] Collision Exit 2D Event Invoked
[22:42:47.208] [error] Entity not found for ID: 0
[22:42:47.209] [error] Entity not found for ID: 0
[22:42:47.209] [error] Entity not found for ID: 0
[22:42:47.209] [error] Entity not found for ID: -15
[22:42:47.210] [error] Entity not found for ID: -11
[22:42:47.210] [error] Entity not found for ID: -53
[22:42:47.210] [error] Entity not found for ID: -54
[22:42:47.212] [info] Collision Exit 2D Event Invoked
[22:42:47.212] [info] Collision Exit 2D Event Invoked
[22:42:47.213] [info] Collision Exit 2D Event Invoked
[22:42:47.213] [info] Collision Exit 2D Event Invoked
[22:42:47.213] [info] Collision Exit 2D Event Invoked
[22:42:47.213] [info] Collision Exit 2D Event Invoked
[22:42:47.213] [info] Collision Exit 2D Event Invoked
[22:42:47.214] [info] Collision Exit 2D Event Invoked
[22:42:47.214] [info] Collision Exit 2D Event Invoked
[22:42:47.214] [info] Collision Exit 2D Event Invoked
[22:42:47.214] [info] Collision Exit 2D Event Invoked
[22:42:47.214] [info] Collision Exit 2D Event Invoked
[22:42:47.215] [info] Collision Exit 2D Event Invoked
[22:42:47.215] [info] Collision Exit 2D Event Invoked
[22:42:47.215] [info] Collision Exit 2D Event Invoked
[22:42:47.215] [info] Collision Exit 2D Event Invoked
[22:42:47.215] [info] Collision Exit 2D Event Invoked
[22:42:47.216] [info] Collision Exit 2D Event Invoked
[22:42:47.216] [info] Collision Exit 2D Event Invoked
[22:42:47.216] [info] Collision Exit 2D Event Invoked
[22:42:47.216] [info] Collision Exit 2D Event Invoked
[22:42:47.216] [info] Collision Exit 2D Event Invoked
[22:42:47.217] [info] Collision Exit 2D Event Invoked
[22:42:47.217] [info] Collision Exit 2D Event Invoked
[22:42:47.217] [info] Collision Exit 2D Event Invoked
[22:42:47.217] [info] Collision Exit 2D Event Invoked
[22:42:47.217] [info] Collision Exit 2D Event Invoked
[22:42:47.217] [info] Collision Exit 2D Event Invoked
[22:42:47.218] [info] Collision Exit 2D Event Invoked
[22:42:47.218] [info] Collision Exit 2D Event Invoked
[22:42:47.218] [info] Collision Exit 2D Event Invoked
[22:42:47.218] [info] Collision Exit 2D Event Invoked
[22:42:47.218] [info] Collision Exit 2D Event Invoked
[22:42:47.219] [info] Collision Exit 2D Event Invoked
[22:42:47.219] [info] Collision Exit 2D Event Invoked
[22:42:47.233] [error] Entity not found for ID: 0
[22:42:47.233] [error] Entity not found for ID: 0
[22:42:47.233] [error] Entity not found for ID: 0
[22:42:47.234] [error] Entity not found for ID: -15
[22:42:47.234] [error] Entity not found for ID: -11
[22:42:47.234] [error] Entity not found for ID: -53
[22:42:47.235] [error] Entity not found for ID: -54
[22:42:47.235] [info] Collision Enter 2D Event Invoked
[22:42:47.235] [info] Collision Enter 2D Event Invoked
[22:42:47.236] [info] Collision Enter 2D Event Invoked
[22:42:47.236] [info] Collision Enter 2D Event Invoked
[22:42:47.236] [info] Collision Enter 2D Event Invoked
[22:42:47.236] [info] Collision Enter 2D Event Invoked
[22:42:47.236] [info] Collision Enter 2D Event Invoked
[22:42:47.237] [info] Collision Enter 2D Event Invoked
[22:42:47.237] [info] Collision Enter 2D Event Invoked
[22:42:47.237] [info] Collision Enter 2D Event Invoked
[22:42:47.237] [info] Collision Enter 2D Event Invoked
[22:42:47.238] [info] Collision Enter 2D Event Invoked
[22:42:47.238] [info] Collision Enter 2D Event Invoked
[22:42:47.238] [info] Collision Enter 2D Event Invoked
[22:42:47.238] [info] Collision Enter 2D Event Invoked
[22:42:47.238] [info] Collision Enter 2D Event Invoked
[22:42:47.239] [info] Collision Enter 2D Event Invoked
[22:42:47.239] [info] Collision Enter 2D Event Invoked
[22:42:47.256] [error] Entity not found for ID: 0
[22:42:47.257] [error] Entity not found for ID: 0
[22:42:47.257] [error] Entity not found for ID: 0
[22:42:47.257] [info] [SOURCE_DETECTOR] C# requested CreateEntity: Prefab = SeaCow
[22:42:47.257] [info] [SOURCE_DETECTOR] Engine creating Entity (Internal)
[22:42:47.257] [info] [CPP ECS] FromJson - Adding component 'Transform' to entity 'SeaCow'
[22:42:47.258] [info] [CPP ECS] FromJson - Adding component 'CircleCollider' to entity 'SeaCow'
[22:42:47.258] [info] [CPP ECS] FromJson - Adding component 'Variables' to entity 'SeaCow'
[22:42:47.258] [info] [CPP ECS] FromJson - Adding component 'Script' to entity 'SeaCow'
[22:42:47.258] [info] [CPP ECS] FromJson - Adding component 'SpriteRenderer' to entity 'SeaCow'
[22:42:47.258] [info] [CPP ECS] FromJson - Adding component 'Rigidbody2D' to entity 'SeaCow'
[22:42:47.259] [error] Entity not found for ID: -15
[22:42:47.259] [error] Entity not found for ID: -11
[22:42:47.259] [error] Entity not found for ID: -53
[22:42:47.260] [error] Entity not found for ID: -54
[22:42:47.260] [info] Collision Enter 2D Event Invoked
[22:42:47.261] [info] Collision Enter 2D Event Invoked
[22:42:47.261] [info] Collision Enter 2D Event Invoked
[22:42:47.261] [info] Collision Enter 2D Event Invoked
[22:42:47.263] [info] Collision Exit 2D Event Invoked
[22:42:47.263] [info] Collision Exit 2D Event Invoked
[22:42:47.263] [info] Collision Exit 2D Event Invoked
[22:42:47.263] [info] Collision Exit 2D Event Invoked
[22:42:47.263] [info] Collision Exit 2D Event Invoked
[22:42:47.264] [info] Collision Exit 2D Event Invoked
[22:42:47.264] [info] Collision Exit 2D Event Invoked
[22:42:47.264] [info] Collision Exit 2D Event Invoked
[22:42:47.264] [info] Collision Exit 2D Event Invoked
[22:42:47.264] [info] Collision Exit 2D Event Invoked
[22:42:47.264] [info] Collision Exit 2D Event Invoked
[22:42:47.278] [info] [MonoDbg] AddEntityToScript - Instantiating and adding script: SpriteAnimation to Entity ID: -25
[22:42:47.278] [info] [SetScriptVars] OK setting fields for: SpriteAnimation
[22:42:47.279] [info] [MonoDbg] AddEntityToScript - Syncing serialized fields for script: SpriteAnimation
[22:42:47.279] [info] [SetScriptVars] OK setting fields for: SpriteAnimation
[22:42:47.279] [info] [MonoDbg] AddEntityToScript - Instantiating and adding script: ChaseController to Entity ID: -25
[22:42:47.279] [info] [SetScriptVars] OK setting fields for: ChaseController
[22:42:47.279] [info] [MonoDbg] AddEntityToScript - Syncing serialized fields for script: ChaseController
[22:42:47.280] [info] [SetScriptVars] OK setting fields for: ChaseController
[22:42:47.280] [info] [MonoDbg] AddEntityToScript - Instantiating and adding script: TargetFacingFlip to Entity ID: -25
[22:42:47.280] [info] [SetScriptVars] OK setting fields for: TargetFacingFlip
[22:42:47.280] [info] [MonoDbg] AddEntityToScript - Syncing serialized fields for script: TargetFacingFlip
[22:42:47.280] [info] [SetScriptVars] OK setting fields for: TargetFacingFlip
[22:42:47.280] [info] [MonoDbg] AddEntityToScript - Instantiating and adding script: SeaCow to Entity ID: -25
[22:42:47.281] [info] [SetScriptVars] OK setting fields for: SeaCow
[22:42:47.281] [info] [MonoDbg] AddEntityToScript - Syncing serialized fields for script: SeaCow
[22:42:47.281] [info] [SetScriptVars] OK setting fields for: SeaCow
[22:42:47.281] [info] [MonoDbg] AddEntityToScript - Instantiating and adding script: HP to Entity ID: -25
[22:42:47.281] [info] [SetScriptVars] OK setting fields for: HP
[22:42:47.282] [info] [MonoDbg] AddEntityToScript - Syncing serialized fields for script: HP
[22:42:47.282] [info] [SetScriptVars] OK setting fields for: HP
[22:42:47.282] [info] [MonoDbg] AddEntityToScript - Instantiating and adding script: ParticleOffset to Entity ID: -25
[22:42:47.282] [info] [SetScriptVars] no group for scriptName: ParticleOffset  groups: 10
[22:42:47.282] [info] [MonoDbg] AddEntityToScript - Syncing serialized fields for script: ParticleOffset
[22:42:47.283] [info] [SetScriptVars] no group for scriptName: ParticleOffset  groups: 10
[22:42:47.283] [info] [MonoDbg] AddEntityToScript - Instantiating and adding script: AttackCollision to Entity ID: -25
[22:42:47.283] [info] [SetScriptVars] OK setting fields for: AttackCollision
[22:42:47.283] [info] [MonoDbg] AddEntityToScript - Syncing serialized fields for script: AttackCollision
[22:42:47.283] [info] [SetScriptVars] OK setting fields for: AttackCollision
[22:42:47.284] [info] [MonoDbg] AddEntityToScript - Instantiating and adding script: ExpDropper to Entity ID: -25
[22:42:47.284] [info] [SetScriptVars] OK setting fields for: ExpDropper
[22:42:47.284] [info] [MonoDbg] AddEntityToScript - Syncing serialized fields for script: ExpDropper
[22:42:47.284] [info] [SetScriptVars] OK setting fields for: ExpDropper
[22:42:47.284] [info] [MonoDbg] AddEntityToScript - Instantiating and adding script: DespawnTimer to Entity ID: -25
[22:42:47.285] [info] [SetScriptVars] OK setting fields for: DespawnTimer
[22:42:47.285] [info] [MonoDbg] AddEntityToScript - Syncing serialized fields for script: DespawnTimer
[22:42:47.285] [info] [SetScriptVars] OK setting fields for: DespawnTimer
[22:42:47.285] [info] [MonoDbg] AddEntityToScript - Instantiating and adding script: FlashOnDamaged to Entity ID: -25
[22:42:47.285] [info] [SetScriptVars] OK setting fields for: FlashOnDamaged
[22:42:47.286] [info] [MonoDbg] AddEntityToScript - Syncing serialized fields for script: FlashOnDamaged
[22:42:47.286] [info] [SetScriptVars] OK setting fields for: FlashOnDamaged
[22:42:47.286] [info] [MonoDbg] AddEntityToScript - Instantiating and adding script: ShakeSelfOnDamaged to Entity ID: -25
[22:42:47.286] [info] [SetScriptVars] OK setting fields for: ShakeSelfOnDamaged
[22:42:47.286] [info] [MonoDbg] AddEntityToScript - Syncing serialized fields for script: ShakeSelfOnDamaged
[22:42:47.287] [info] [SetScriptVars] OK setting fields for: ShakeSelfOnDamaged
[22:42:47.287] [info] [SOURCE_DETECTOR] C# requested CreateEntity: Prefab = enemySwimParticle
[22:42:47.287] [info] [SOURCE_DETECTOR] Engine creating Entity (Internal)
[22:42:47.287] [info] [CPP ECS] FromJson - Adding component 'Transform' to entity 'enemySwimParticle'
[22:42:47.287] [info] [CPP ECS] FromJson - Adding component 'Variables' to entity 'enemySwimParticle'
[22:42:47.288] [info] [CPP ECS] FromJson - Adding component 'ParticleSystem2D' to entity 'enemySwimParticle'
[22:42:47.288] [error] Entity not found for ID: 0
[22:42:47.289] [error] Entity not found for ID: 0
[22:42:47.289] [error] Entity not found for ID: 0
[22:42:47.289] [error] Entity not found for ID: -15
[22:42:47.289] [error] Entity not found for ID: -11
[22:42:47.290] [error] Entity not found for ID: -53
[22:42:47.290] [error] Entity not found for ID: -54
[22:42:47.290] [info] Collision Enter 2D Event Invoked
[22:42:47.291] [info] Collision Enter 2D Event Invoked
[22:42:47.291] [info] Collision Enter 2D Event Invoked
[22:42:47.291] [info] Collision Enter 2D Event Invoked
[22:42:47.291] [info] Collision Enter 2D Event Invoked
[22:42:47.291] [info] Collision Enter 2D Event Invoked
[22:42:47.292] [info] Collision Enter 2D Event Invoked
[22:42:47.292] [info] Collision Enter 2D Event Invoked
[22:42:47.292] [info] Collision Enter 2D Event Invoked
[22:42:47.292] [info] Collision Enter 2D Event Invoked
[22:42:47.292] [info] Collision Enter 2D Event Invoked
[22:42:47.309] [error] Entity not found for ID: 0
[22:42:47.309] [error] Entity not found for ID: 0
[22:42:47.309] [error] Entity not found for ID: 0
[22:42:47.309] [error] Entity not found for ID: -15
[22:42:47.310] [error] Entity not found for ID: -11
[22:42:47.310] [error] Entity not found for ID: -53
[22:42:47.310] [error] Entity not found for ID: -54
[22:42:47.311] [info] Collision Enter 2D Event Invoked
[22:42:47.311] [info] Collision Enter 2D Event Invoked
[22:42:47.311] [info] Collision Enter 2D Event Invoked
[22:42:47.311] [info] Collision Enter 2D Event Invoked
[22:42:47.311] [info] Collision Enter 2D Event Invoked
[22:42:47.312] [info] Collision Enter 2D Event Invoked
[22:42:47.312] [info] Collision Enter 2D Event Invoked
[22:42:47.312] [info] Collision Enter 2D Event Invoked
[22:42:47.312] [info] Collision Enter 2D Event Invoked
[22:42:47.312] [info] Collision Enter 2D Event Invoked
[22:42:47.313] [info] Collision Enter 2D Event Invoked
[22:42:47.313] [info] Collision Enter 2D Event Invoked
[22:42:47.313] [info] Collision Enter 2D Event Invoked
[22:42:47.313] [info] Collision Enter 2D Event Invoked
[22:42:47.313] [info] Collision Enter 2D Event Invoked
[22:42:47.314] [info] Collision Enter 2D Event Invoked
[22:42:47.314] [info] Collision Enter 2D Event Invoked
[22:42:47.314] [info] Collision Enter 2D Event Invoked
[22:42:47.314] [info] Collision Enter 2D Event Invoked
[22:42:47.314] [info] Collision Enter 2D Event Invoked
[22:42:47.315] [info] Collision Enter 2D Event Invoked
[22:42:47.315] [info] Collision Enter 2D Event Invoked
[22:42:47.315] [info] Collision Enter 2D Event Invoked
[22:42:47.315] [info] Collision Enter 2D Event Invoked
[22:42:47.315] [info] Collision Enter 2D Event Invoked
[22:42:47.316] [info] Collision Enter 2D Event Invoked
[22:42:47.316] [info] Collision Enter 2D Event Invoked
[22:42:47.316] [info] Collision Enter 2D Event Invoked
[22:42:47.316] [info] Collision Enter 2D Event Invoked
[22:42:47.316] [info] Collision Enter 2D Event Invoked
[22:42:47.317] [info] Collision Enter 2D Event Invoked
[22:42:47.317] [info] Collision Enter 2D Event Invoked
[22:42:47.317] [info] Collision Enter 2D Event Invoked
[22:42:47.317] [info] Collision Enter 2D Event Invoked
[22:42:47.317] [info] Collision Enter 2D Event Invoked
[22:42:47.318] [info] Collision Enter 2D Event Invoked
[22:42:47.318] [info] Collision Enter 2D Event Invoked
[22:42:47.318] [info] Collision Enter 2D Event Invoked
[22:42:47.318] [info] Collision Enter 2D Event Invoked
[22:42:47.318] [info] Collision Enter 2D Event Invoked
[22:42:47.319] [info] Collision Enter 2D Event Invoked
[22:42:47.319] [info] Collision Enter 2D Event Invoked
[22:42:47.319] [info] Collision Enter 2D Event Invoked
[22:42:47.319] [info] Collision Enter 2D Event Invoked
[22:42:47.319] [info] Collision Enter 2D Event Invoked
[22:42:47.320] [info] Collision Enter 2D Event Invoked
[22:42:47.320] [info] Collision Enter 2D Event Invoked
[22:42:47.320] [info] Collision Enter 2D Event Invoked
[22:42:47.320] [info] Collision Enter 2D Event Invoked
[22:42:47.320] [info] Collision Enter 2D Event Invoked
[22:42:47.321] [info] Collision Enter 2D Event Invoked
[22:42:47.321] [info] Collision Enter 2D Event Invoked
[22:42:47.321] [info] Collision Enter 2D Event Invoked
[22:42:47.321] [info] Collision Enter 2D Event Invoked
[22:42:47.321] [info] Collision Enter 2D Event Invoked
[22:42:47.321] [info] Collision Enter 2D Event Invoked
[22:42:47.322] [info] Collision Enter 2D Event Invoked
[22:42:47.322] [info] Collision Enter 2D Event Invoked
[22:42:47.338] [error] Entity not found for ID: 0
[22:42:47.338] [error] Entity not found for ID: 0
[22:42:47.338] [error] Entity not found for ID: 0
[22:42:47.339] [error] Entity not found for ID: -15
[22:42:47.339] [error] Entity not found for ID: -11
[22:42:47.339] [error] Entity not found for ID: -53
[22:42:47.339] [error] Entity not found for ID: -54
[22:42:47.340] [info] Collision Enter 2D Event Invoked
[22:42:47.340] [info] Collision Enter 2D Event Invoked
[22:42:47.340] [info] Collision Enter 2D Event Invoked
[22:42:47.341] [info] Collision Enter 2D Event Invoked
[22:42:47.341] [info] Collision Enter 2D Event Invoked
[22:42:47.341] [info] Collision Enter 2D Event Invoked
[22:42:47.341] [info] Collision Enter 2D Event Invoked
[22:42:47.341] [info] Collision Enter 2D Event Invoked
[22:42:47.342] [info] Collision Enter 2D Event Invoked
[22:42:47.342] [info] Collision Enter 2D Event Invoked
[22:42:47.342] [info] Collision Enter 2D Event Invoked
[22:42:47.342] [info] Collision Enter 2D Event Invoked
[22:42:47.342] [info] Collision Enter 2D Event Invoked
[22:42:47.343] [info] Collision Enter 2D Event Invoked
[22:42:47.343] [info] Collision Enter 2D Event Invoked
[22:42:47.343] [info] Collision Enter 2D Event Invoked
[22:42:47.343] [info] Collision Enter 2D Event Invoked
[22:42:47.343] [info] Collision Enter 2D Event Invoked
[22:42:47.344] [info] Collision Enter 2D Event Invoked
[22:42:47.344] [info] Collision Enter 2D Event Invoked
[22:42:47.344] [info] Collision Enter 2D Event Invoked
[22:42:47.344] [info] Collision Enter 2D Event Invoked
[22:42:47.344] [info] Collision Enter 2D Event Invoked
[22:42:47.345] [info] Collision Enter 2D Event Invoked
[22:42:47.345] [info] Collision Enter 2D Event Invoked
[22:42:47.345] [info] Collision Enter 2D Event Invoked
[22:42:47.345] [info] Collision Enter 2D Event Invoked
[22:42:47.345] [info] Collision Enter 2D Event Invoked
[22:42:47.345] [info] Collision Enter 2D Event Invoked
[22:42:47.346] [info] Collision Enter 2D Event Invoked
[22:42:47.346] [info] Collision Enter 2D Event Invoked
[22:42:47.346] [info] Collision Enter 2D Event Invoked
[22:42:47.346] [info] Collision Enter 2D Event Invoked
[22:42:47.346] [info] Collision Enter 2D Event Invoked
[22:42:47.346] [info] Collision Enter 2D Event Invoked
[22:42:47.347] [info] Collision Enter 2D Event Invoked
[22:42:47.347] [info] Collision Enter 2D Event Invoked
[22:42:47.347] [info] Collision Enter 2D Event Invoked
[22:42:47.347] [info] Collision Enter 2D Event Invoked
[22:42:47.348] [info] Collision Enter 2D Event Invoked
[22:42:47.348] [info] Collision Enter 2D Event Invoked
[22:42:47.348] [info] Collision Enter 2D Event Invoked
[22:42:47.348] [info] Collision Enter 2D Event Invoked
[22:42:47.348] [info] Collision Enter 2D Event Invoked
[22:42:47.349] [info] Collision Enter 2D Event Invoked
[22:42:47.349] [info] Collision Enter 2D Event Invoked
[22:42:47.349] [info] Collision Enter 2D Event Invoked
[22:42:47.349] [info] Collision Enter 2D Event Invoked
[22:42:47.349] [info] Collision Enter 2D Event Invoked
[22:42:47.350] [info] Collision Enter 2D Event Invoked
[22:42:47.352] [info] Collision Exit 2D Event Invoked
[22:42:47.352] [info] Collision Exit 2D Event Invoked
[22:42:47.352] [info] Collision Exit 2D Event Invoked
[22:42:47.352] [info] Collision Exit 2D Event Invoked
[22:42:47.353] [info] Collision Exit 2D Event Invoked
[22:42:47.353] [info] Collision Exit 2D Event Invoked
[22:42:47.353] [info] Collision Exit 2D Event Invoked
[22:42:47.353] [info] Collision Exit 2D Event Invoked
[22:42:47.353] [info] Collision Exit 2D Event Invoked
[22:42:47.354] [info] Collision Exit 2D Event Invoked
[22:42:47.354] [info] Collision Exit 2D Event Invoked
[22:42:47.354] [info] Collision Exit 2D Event Invoked
[22:42:47.354] [info] Collision Exit 2D Event Invoked
[22:42:47.354] [info] Collision Exit 2D Event Invoked
[22:42:47.355] [info] Collision Exit 2D Event Invoked
[22:42:47.355] [info] Collision Exit 2D Event Invoked
[22:42:47.355] [info] Collision Exit 2D Event Invoked
[22:42:47.355] [info] Collision Exit 2D Event Invoked
[22:42:47.370] [error] Entity not found for ID: 0
[22:42:47.370] [error] Entity not found for ID: 0
[22:42:47.370] [error] Entity not found for ID: 0
[22:42:47.370] [error] Entity not found for ID: -15
[22:42:47.371] [error] Entity not found for ID: -11
[22:42:47.371] [error] Entity not found for ID: -53
[22:42:47.371] [error] Entity not found for ID: -54
[22:42:47.372] [info] Collision Enter 2D Event Invoked
[22:42:47.372] [info] Collision Enter 2D Event Invoked
[22:42:47.372] [info] Collision Enter 2D Event Invoked
[22:42:47.372] [info] Collision Enter 2D Event Invoked
[22:42:47.373] [info] Collision Enter 2D Event Invoked
[22:42:47.373] [info] Collision Enter 2D Event Invoked
[22:42:47.373] [info] Collision Enter 2D Event Invoked
[22:42:47.373] [info] Collision Enter 2D Event Invoked
[22:42:47.373] [info] Collision Enter 2D Event Invoked
[22:42:47.374] [info] Collision Enter 2D Event Invoked
[22:42:47.374] [info] Collision Enter 2D Event Invoked
[22:42:47.374] [info] Collision Enter 2D Event Invoked
[22:42:47.374] [info] Collision Enter 2D Event Invoked
[22:42:47.374] [info] Collision Enter 2D Event Invoked
[22:42:47.375] [info] Collision Enter 2D Event Invoked
[22:42:47.375] [info] Collision Enter 2D Event Invoked
[22:42:47.375] [info] Collision Enter 2D Event Invoked
[22:42:47.375] [info] Collision Enter 2D Event Invoked
[22:42:47.392] [error] Entity not found for ID: 0
[22:42:47.392] [error] Entity not found for ID: 0
[22:42:47.392] [error] Entity not found for ID: 0
[22:42:47.393] [error] Entity not found for ID: -15
[22:42:47.393] [error] Entity not found for ID: -11
[22:42:47.393] [error] Entity not found for ID: -53
[22:42:47.393] [error] Entity not found for ID: -54
[22:42:47.411] [error] Entity not found for ID: 0
[22:42:47.411] [error] Entity not found for ID: 0
[22:42:47.411] [error] Entity not found for ID: 0
[22:42:47.412] [error] Entity not found for ID: -15
[22:42:47.412] [error] Entity not found for ID: -11
[22:42:47.413] [error] Entity not found for ID: -53
[22:42:47.413] [error] Entity not found for ID: -54
[22:42:47.430] [error] Entity not found for ID: 0
[22:42:47.430] [error] Entity not found for ID: 0
[22:42:47.430] [error] Entity not found for ID: 0
[22:42:47.431] [error] Entity not found for ID: -15
[22:42:47.431] [error] Entity not found for ID: -11
[22:42:47.432] [error] Entity not found for ID: -53
[22:42:47.432] [error] Entity not found for ID: -54
[22:42:47.448] [error] Entity not found for ID: 0
[22:42:47.449] [error] Entity not found for ID: 0
[22:42:47.449] [error] Entity not found for ID: 0
[22:42:47.449] [error] Entity not found for ID: -15
[22:42:47.450] [error] Entity not found for ID: -11
[22:42:47.450] [error] Entity not found for ID: -53
[22:42:47.450] [error] Entity not found for ID: -54
[22:42:47.466] [error] Entity not found for ID: 0
[22:42:47.467] [error] Entity not found for ID: 0
[22:42:47.467] [error] Entity not found for ID: 0
[22:42:47.467] [error] Entity not found for ID: -15
[22:42:47.468] [error] Entity not found for ID: -11
[22:42:47.468] [error] Entity not found for ID: -53
[22:42:47.468] [error] Entity not found for ID: -54
[22:42:47.484] [error] Entity not found for ID: 0
[22:42:47.485] [error] Entity not found for ID: 0
[22:42:47.485] [error] Entity not found for ID: 0
[22:42:47.485] [error] Entity not found for ID: -15
[22:42:47.486] [error] Entity not found for ID: -11
[22:42:47.486] [error] Entity not found for ID: -53
[22:42:47.486] [error] Entity not found for ID: -54
[22:42:47.502] [error] Entity not found for ID: 0
[22:42:47.503] [error] Entity not found for ID: 0
[22:42:47.503] [error] Entity not found for ID: 0
[22:42:47.503] [error] Entity not found for ID: -15
[22:42:47.503] [error] Entity not found for ID: -11
[22:42:47.504] [error] Entity not found for ID: -53
[22:42:47.504] [error] Entity not found for ID: -54
[22:42:47.521] [error] Entity not found for ID: 0
[22:42:47.521] [error] Entity not found for ID: 0
[22:42:47.521] [error] Entity not found for ID: 0
[22:42:47.521] [error] Entity not found for ID: -15
[22:42:47.522] [error] Entity not found for ID: -11
[22:42:47.522] [error] Entity not found for ID: -53
[22:42:47.522] [error] Entity not found for ID: -54
[22:42:47.540] [error] Entity not found for ID: 0
[22:42:47.540] [error] Entity not found for ID: 0
[22:42:47.540] [error] Entity not found for ID: 0
[22:42:47.541] [error] Entity not found for ID: -15
[22:42:47.541] [error] Entity not found for ID: -11
[22:42:47.541] [error] Entity not found for ID: -53
[22:42:47.542] [error] Entity not found for ID: -54
[22:42:47.558] [error] Entity not found for ID: 0
[22:42:47.558] [error] Entity not found for ID: 0
[22:42:47.558] [error] Entity not found for ID: 0
[22:42:47.559] [error] Entity not found for ID: -15
[22:42:47.559] [error] Entity not found for ID: -11
[22:42:47.559] [error] Entity not found for ID: -53
[22:42:47.560] [error] Entity not found for ID: -54
[22:42:47.576] [error] Entity not found for ID: 0
[22:42:47.576] [error] Entity not found for ID: 0
[22:42:47.576] [error] Entity not found for ID: 0
[22:42:47.577] [error] Entity not found for ID: -15
[22:42:47.577] [error] Entity not found for ID: -11
[22:42:47.577] [error] Entity not found for ID: -53
[22:42:47.577] [error] Entity not found for ID: -54
[22:42:47.578] [info] Collision Enter 2D Event Invoked
[22:42:47.578] [info] Collision Enter 2D Event Invoked
[22:42:47.578] [info] Collision Enter 2D Event Invoked
[22:42:47.578] [info] Collision Enter 2D Event Invoked
[22:42:47.579] [info] Collision Enter 2D Event Invoked
[22:42:47.579] [info] Collision Enter 2D Event Invoked
[22:42:47.579] [info] Collision Enter 2D Event Invoked
[22:42:47.579] [info] Collision Enter 2D Event Invoked
[22:42:47.579] [info] Collision Enter 2D Event Invoked
[22:42:47.579] [info] Collision Enter 2D Event Invoked
[22:42:47.580] [info] Collision Enter 2D Event Invoked
[22:42:47.580] [info] Collision Enter 2D Event Invoked
[22:42:47.580] [info] Collision Enter 2D Event Invoked
[22:42:47.580] [info] Collision Enter 2D Event Invoked
[22:42:47.580] [info] Collision Enter 2D Event Invoked
[22:42:47.581] [info] Collision Enter 2D Event Invoked
[22:42:47.581] [info] Collision Enter 2D Event Invoked
[22:42:47.581] [info] Collision Enter 2D Event Invoked
[22:42:47.581] [info] Collision Enter 2D Event Invoked
[22:42:47.581] [info] Collision Enter 2D Event Invoked
[22:42:47.581] [info] Collision Enter 2D Event Invoked
[22:42:47.581] [info] Collision Enter 2D Event Invoked
[22:42:47.582] [info] Collision Enter 2D Event Invoked
[22:42:47.582] [info] Collision Enter 2D Event Invoked
[22:42:47.582] [info] Collision Enter 2D Event Invoked
[22:42:47.598] [error] Entity not found for ID: 0
[22:42:47.598] [error] Entity not found for ID: 0
[22:42:47.599] [error] Entity not found for ID: 0
[22:42:47.599] [error] Entity not found for ID: -15
[22:42:47.599] [error] Entity not found for ID: -11
[22:42:47.600] [error] Entity not found for ID: -53
[22:42:47.600] [error] Entity not found for ID: -54
[22:42:47.616] [error] Entity not found for ID: 0
[22:42:47.617] [error] Entity not found for ID: 0
[22:42:47.617] [error] Entity not found for ID: 0
[22:42:47.617] [error] Entity not found for ID: -15
[22:42:47.618] [error] Entity not found for ID: -11
[22:42:47.618] [error] Entity not found for ID: -53
[22:42:47.618] [error] Entity not found for ID: -54
[22:42:47.634] [error] Entity not found for ID: 0
[22:42:47.634] [error] Entity not found for ID: 0
[22:42:47.635] [error] Entity not found for ID: 0
[22:42:47.635] [error] Entity not found for ID: -15
[22:42:47.635] [error] Entity not found for ID: -11
[22:42:47.636] [error] Entity not found for ID: -53
[22:42:47.636] [error] Entity not found for ID: -54
[22:42:47.652] [error] Entity not found for ID: 0
[22:42:47.652] [error] Entity not found for ID: 0
[22:42:47.652] [error] Entity not found for ID: 0
[22:42:47.653] [error] Entity not found for ID: -15
[22:42:47.653] [error] Entity not found for ID: -11
[22:42:47.653] [error] Entity not found for ID: -53
[22:42:47.653] [error] Entity not found for ID: -54
[22:42:47.670] [error] Entity not found for ID: 0
[22:42:47.670] [error] Entity not found for ID: 0
[22:42:47.671] [error] Entity not found for ID: 0
[22:42:47.671] [error] Entity not found for ID: -15
[22:42:47.672] [error] Entity not found for ID: -11
[22:42:47.672] [error] Entity not found for ID: -53
[22:42:47.672] [error] Entity not found for ID: -54
[22:42:47.689] [error] Entity not found for ID: 0
[22:42:47.689] [error] Entity not found for ID: 0
[22:42:47.689] [error] Entity not found for ID: 0
[22:42:47.690] [error] Entity not found for ID: -15
[22:42:47.690] [error] Entity not found for ID: -11
[22:42:47.691] [info] [SOURCE_DETECTOR] C# requested CreateEntity: Prefab = MorayEel
[22:42:47.691] [info] [SOURCE_DETECTOR] Engine creating Entity (Internal)
[22:42:47.691] [info] [CPP ECS] FromJson - Adding component 'Transform' to entity 'MorayEel'
[22:42:47.691] [info] [CPP ECS] FromJson - Adding component 'CircleCollider' to entity 'MorayEel'
[22:42:47.691] [info] [CPP ECS] FromJson - Adding component 'Variables' to entity 'MorayEel'
[22:42:47.692] [info] [CPP ECS] FromJson - Adding component 'Script' to entity 'MorayEel'
[22:42:47.692] [info] [CPP ECS] FromJson - Adding component 'SpriteRenderer' to entity 'MorayEel'
[22:42:47.692] [info] [CPP ECS] FromJson - Adding component 'Rigidbody2D' to entity 'MorayEel'
[22:42:47.692] [info] Script MorayEelSpawnMove found for Entity ID: -15
[22:42:47.693] [info] [SetScriptVars] OK setting fields for: MorayEelSpawnMove
[22:42:47.693] [error] Entity not found for ID: -53
[22:42:47.693] [error] Entity not found for ID: -54
[22:42:47.710] [info] [MonoDbg] AddEntityToScript - Instantiating and adding script: SpriteAnimation to Entity ID: -15
[22:42:47.710] [info] [SetScriptVars] OK setting fields for: SpriteAnimation
[22:42:47.710] [info] [MonoDbg] AddEntityToScript - Syncing serialized fields for script: SpriteAnimation
[22:42:47.710] [info] [SetScriptVars] OK setting fields for: SpriteAnimation
[22:42:47.710] [info] [MonoDbg] AddEntityToScript - Instantiating and adding script: MorayEelSpawnMove to Entity ID: -15
[22:42:47.711] [info] [MonoDbg] AddEntityToScript - Syncing serialized fields for script: MorayEelSpawnMove
[22:42:47.711] [info] [SetScriptVars] OK setting fields for: MorayEelSpawnMove
[22:42:47.711] [info] [MonoDbg] AddEntityToScript - Instantiating and adding script: ChaseController to Entity ID: -15
[22:42:47.711] [info] [SetScriptVars] OK setting fields for: ChaseController
[22:42:47.711] [info] [MonoDbg] AddEntityToScript - Syncing serialized fields for script: ChaseController
[22:42:47.712] [info] [SetScriptVars] OK setting fields for: ChaseController
[22:42:47.712] [info] [MonoDbg] AddEntityToScript - Instantiating and adding script: ChaseAnimation to Entity ID: -15
[22:42:47.712] [info] [SetScriptVars] OK setting fields for: ChaseAnimation
[22:42:47.712] [info] [MonoDbg] AddEntityToScript - Syncing serialized fields for script: ChaseAnimation
[22:42:47.712] [info] [SetScriptVars] OK setting fields for: ChaseAnimation
[22:42:47.712] [info] [MonoDbg] AddEntityToScript - Instantiating and adding script: SmallFryChaseMove to Entity ID: -15
[22:42:47.713] [info] [SetScriptVars] OK setting fields for: SmallFryChaseMove
[22:42:47.713] [info] [MonoDbg] AddEntityToScript - Syncing serialized fields for script: SmallFryChaseMove
[22:42:47.713] [info] [SetScriptVars] OK setting fields for: SmallFryChaseMove
[22:42:47.713] [info] [MonoDbg] AddEntityToScript - Instantiating and adding script: TargetFacingFlip to Entity ID: -15
[22:42:47.713] [info] [SetScriptVars] OK setting fields for: TargetFacingFlip
[22:42:47.713] [info] [MonoDbg] AddEntityToScript - Syncing serialized fields for script: TargetFacingFlip
[22:42:47.714] [info] [SetScriptVars] OK setting fields for: TargetFacingFlip
[22:42:47.714] [info] [MonoDbg] AddEntityToScript - Instantiating and adding script: MorayEel to Entity ID: -15
[22:42:47.714] [info] [SetScriptVars] OK setting fields for: MorayEel
[22:42:47.714] [info] [MonoDbg] AddEntityToScript - Syncing serialized fields for script: MorayEel
[22:42:47.714] [info] [SetScriptVars] OK setting fields for: MorayEel
[22:42:47.714] [info] [MonoDbg] AddEntityToScript - Instantiating and adding script: HP to Entity ID: -15
[22:42:47.715] [info] [SetScriptVars] OK setting fields for: HP
[22:42:47.715] [info] [MonoDbg] AddEntityToScript - Syncing serialized fields for script: HP
[22:42:47.715] [info] [SetScriptVars] OK setting fields for: HP
[22:42:47.715] [info] [MonoDbg] AddEntityToScript - Instantiating and adding script: DespawnTimer to Entity ID: -15
[22:42:47.715] [info] [SetScriptVars] OK setting fields for: DespawnTimer
[22:42:47.715] [info] [MonoDbg] AddEntityToScript - Syncing serialized fields for script: DespawnTimer
[22:42:47.716] [info] [SetScriptVars] OK setting fields for: DespawnTimer
[22:42:47.716] [info] [MonoDbg] AddEntityToScript - Instantiating and adding script: ExpDropper to Entity ID: -15
[22:42:47.716] [info] [SetScriptVars] OK setting fields for: ExpDropper
[22:42:47.716] [info] [MonoDbg] AddEntityToScript - Syncing serialized fields for script: ExpDropper
[22:42:47.716] [info] [SetScriptVars] OK setting fields for: ExpDropper
[22:42:47.716] [info] [MonoDbg] AddEntityToScript - Instantiating and adding script: ParticleOffset to Entity ID: -15
[22:42:47.717] [info] [SetScriptVars] OK setting fields for: ParticleOffset
[22:42:47.717] [info] [MonoDbg] AddEntityToScript - Syncing serialized fields for script: ParticleOffset
[22:42:47.717] [info] [SetScriptVars] OK setting fields for: ParticleOffset
[22:42:47.717] [info] [MonoDbg] AddEntityToScript - Instantiating and adding script: AttackCollision to Entity ID: -15
[22:42:47.717] [info] [SetScriptVars] OK setting fields for: AttackCollision
[22:42:47.717] [info] [MonoDbg] AddEntityToScript - Syncing serialized fields for script: AttackCollision
[22:42:47.718] [info] [SetScriptVars] OK setting fields for: AttackCollision
[22:42:47.718] [info] [MonoDbg] AddEntityToScript - Instantiating and adding script: FlashOnDamaged to Entity ID: -15
[22:42:47.718] [info] [SetScriptVars] OK setting fields for: FlashOnDamaged
[22:42:47.718] [info] [MonoDbg] AddEntityToScript - Syncing serialized fields for script: FlashOnDamaged
[22:42:47.718] [info] [SetScriptVars] OK setting fields for: FlashOnDamaged
[22:42:47.718] [info] [MonoDbg] AddEntityToScript - Instantiating and adding script: ShakeSelfOnDamaged to Entity ID: -15
[22:42:47.719] [info] [SetScriptVars] OK setting fields for: ShakeSelfOnDamaged
[22:42:47.719] [info] [MonoDbg] AddEntityToScript - Syncing serialized fields for script: ShakeSelfOnDamaged
[22:42:47.719] [info] [SetScriptVars] OK setting fields for: ShakeSelfOnDamaged
[22:42:47.719] [error] Entity not found for ID: 0
[22:42:47.720] [error] Entity not found for ID: 0
[22:42:47.720] [error] Entity not found for ID: 0
[22:42:47.721] [info] [SOURCE_DETECTOR] C# requested CreateEntity: Prefab = MorayEel
[22:42:47.721] [info] [SOURCE_DETECTOR] Engine creating Entity (Internal)
[22:42:47.721] [info] [CPP ECS] FromJson - Adding component 'Transform' to entity 'MorayEel'
[22:42:47.721] [info] [CPP ECS] FromJson - Adding component 'CircleCollider' to entity 'MorayEel'
[22:42:47.721] [info] [CPP ECS] FromJson - Adding component 'Variables' to entity 'MorayEel'
[22:42:47.722] [info] [CPP ECS] FromJson - Adding component 'Script' to entity 'MorayEel'
[22:42:47.722] [info] [CPP ECS] FromJson - Adding component 'SpriteRenderer' to entity 'MorayEel'
[22:42:47.722] [info] [CPP ECS] FromJson - Adding component 'Rigidbody2D' to entity 'MorayEel'
[22:42:47.722] [info] Script MorayEelSpawnMove found for Entity ID: -11
[22:42:47.722] [info] [SetScriptVars] OK setting fields for: MorayEelSpawnMove
[22:42:47.723] [error] Entity not found for ID: -53
[22:42:47.723] [error] Entity not found for ID: -54
[22:42:47.739] [info] [MonoDbg] AddEntityToScript - Instantiating and adding script: SpriteAnimation to Entity ID: -11
[22:42:47.739] [info] [SetScriptVars] OK setting fields for: SpriteAnimation
[22:42:47.739] [info] [MonoDbg] AddEntityToScript - Syncing serialized fields for script: SpriteAnimation
[22:42:47.739] [info] [SetScriptVars] OK setting fields for: SpriteAnimation
[22:42:47.740] [info] [MonoDbg] AddEntityToScript - Instantiating and adding script: MorayEelSpawnMove to Entity ID: -11
[22:42:47.740] [info] [MonoDbg] AddEntityToScript - Syncing serialized fields for script: MorayEelSpawnMove
[22:42:47.740] [info] [SetScriptVars] OK setting fields for: MorayEelSpawnMove
[22:42:47.740] [info] [MonoDbg] AddEntityToScript - Instantiating and adding script: ChaseController to Entity ID: -11
[22:42:47.740] [info] [SetScriptVars] OK setting fields for: ChaseController
[22:42:47.741] [info] [MonoDbg] AddEntityToScript - Syncing serialized fields for script: ChaseController
[22:42:47.741] [info] [SetScriptVars] OK setting fields for: ChaseController
[22:42:47.741] [info] [MonoDbg] AddEntityToScript - Instantiating and adding script: ChaseAnimation to Entity ID: -11
[22:42:47.741] [info] [SetScriptVars] OK setting fields for: ChaseAnimation
[22:42:47.741] [info] [MonoDbg] AddEntityToScript - Syncing serialized fields for script: ChaseAnimation
[22:42:47.742] [info] [SetScriptVars] OK setting fields for: ChaseAnimation
[22:42:47.742] [info] [MonoDbg] AddEntityToScript - Instantiating and adding script: SmallFryChaseMove to Entity ID: -11
[22:42:47.742] [info] [SetScriptVars] OK setting fields for: SmallFryChaseMove
[22:42:47.742] [info] [MonoDbg] AddEntityToScript - Syncing serialized fields for script: SmallFryChaseMove
[22:42:47.742] [info] [SetScriptVars] OK setting fields for: SmallFryChaseMove
[22:42:47.742] [info] [MonoDbg] AddEntityToScript - Instantiating and adding script: TargetFacingFlip to Entity ID: -11
[22:42:47.743] [info] [SetScriptVars] OK setting fields for: TargetFacingFlip
[22:42:47.743] [info] [MonoDbg] AddEntityToScript - Syncing serialized fields for script: TargetFacingFlip
[22:42:47.743] [info] [SetScriptVars] OK setting fields for: TargetFacingFlip
[22:42:47.743] [info] [MonoDbg] AddEntityToScript - Instantiating and adding script: MorayEel to Entity ID: -11
[22:42:47.743] [info] [SetScriptVars] OK setting fields for: MorayEel
[22:42:47.743] [info] [MonoDbg] AddEntityToScript - Syncing serialized fields for script: MorayEel
[22:42:47.744] [info] [SetScriptVars] OK setting fields for: MorayEel
[22:42:47.744] [info] [MonoDbg] AddEntityToScript - Instantiating and adding script: HP to Entity ID: -11
[22:42:47.744] [info] [SetScriptVars] OK setting fields for: HP
[22:42:47.744] [info] [MonoDbg] AddEntityToScript - Syncing serialized fields for script: HP
[22:42:47.744] [info] [SetScriptVars] OK setting fields for: HP
[22:42:47.744] [info] [MonoDbg] AddEntityToScript - Instantiating and adding script: DespawnTimer to Entity ID: -11
[22:42:47.745] [info] [SetScriptVars] OK setting fields for: DespawnTimer
[22:42:47.745] [info] [MonoDbg] AddEntityToScript - Syncing serialized fields for script: DespawnTimer
[22:42:47.745] [info] [SetScriptVars] OK setting fields for: DespawnTimer
[22:42:47.745] [info] [MonoDbg] AddEntityToScript - Instantiating and adding script: ExpDropper to Entity ID: -11
[22:42:47.745] [info] [SetScriptVars] OK setting fields for: ExpDropper
[22:42:47.746] [info] [MonoDbg] AddEntityToScript - Syncing serialized fields for script: ExpDropper
[22:42:47.746] [info] [SetScriptVars] OK setting fields for: ExpDropper
[22:42:47.746] [info] [MonoDbg] AddEntityToScript - Instantiating and adding script: ParticleOffset to Entity ID: -11
[22:42:47.746] [info] [SetScriptVars] OK setting fields for: ParticleOffset
[22:42:47.746] [info] [MonoDbg] AddEntityToScript - Syncing serialized fields for script: ParticleOffset
[22:42:47.746] [info] [SetScriptVars] OK setting fields for: ParticleOffset
[22:42:47.747] [info] [MonoDbg] AddEntityToScript - Instantiating and adding script: AttackCollision to Entity ID: -11
[22:42:47.747] [info] [SetScriptVars] OK setting fields for: AttackCollision
[22:42:47.747] [info] [MonoDbg] AddEntityToScript - Syncing serialized fields for script: AttackCollision
[22:42:47.747] [info] [SetScriptVars] OK setting fields for: AttackCollision
[22:42:47.747] [info] [MonoDbg] AddEntityToScript - Instantiating and adding script: FlashOnDamaged to Entity ID: -11
[22:42:47.748] [info] [SetScriptVars] OK setting fields for: FlashOnDamaged
[22:42:47.748] [info] [MonoDbg] AddEntityToScript - Syncing serialized fields for script: FlashOnDamaged
[22:42:47.748] [info] [SetScriptVars] OK setting fields for: FlashOnDamaged
[22:42:47.748] [info] [MonoDbg] AddEntityToScript - Instantiating and adding script: ShakeSelfOnDamaged to Entity ID: -11
[22:42:47.748] [info] [SetScriptVars] OK setting fields for: ShakeSelfOnDamaged
[22:42:47.748] [info] [MonoDbg] AddEntityToScript - Syncing serialized fields for script: ShakeSelfOnDamaged
[22:42:47.749] [info] [SetScriptVars] OK setting fields for: ShakeSelfOnDamaged
[22:42:47.749] [error] Entity not found for ID: 0
[22:42:47.749] [error] Entity not found for ID: 0
[22:42:47.749] [error] Entity not found for ID: 0
[22:42:47.750] [error] Entity not found for ID: -53
[22:42:47.750] [error] Entity not found for ID: -54
[22:42:47.767] [error] Entity not found for ID: 0
[22:42:47.767] [error] Entity not found for ID: 0
[22:42:47.767] [error] Entity not found for ID: 0
[22:42:47.768] [error] Entity not found for ID: -53
[22:42:47.768] [error] Entity not found for ID: -54
[22:42:47.785] [error] Entity not found for ID: 0
[22:42:47.786] [error] Entity not found for ID: 0
[22:42:47.786] [error] Entity not found for ID: 0
[22:42:47.787] [error] Entity not found for ID: -53
[22:42:47.787] [error] Entity not found for ID: -54
[22:42:47.788] [info] Collision Enter 2D Event Invoked
[22:42:47.788] [info] Collision Enter 2D Event Invoked
[22:42:47.788] [info] Collision Enter 2D Event Invoked
[22:42:47.788] [info] Collision Enter 2D Event Invoked
[22:42:47.789] [info] Collision Enter 2D Event Invoked
[22:42:47.789] [info] Collision Enter 2D Event Invoked
[22:42:47.789] [info] Collision Enter 2D Event Invoked
[22:42:47.789] [info] Collision Enter 2D Event Invoked
[22:42:47.789] [info] Collision Enter 2D Event Invoked
[22:42:47.789] [info] Collision Enter 2D Event Invoked
[22:42:47.790] [info] Collision Enter 2D Event Invoked
[22:42:47.790] [info] Collision Enter 2D Event Invoked
[22:42:47.790] [info] Collision Enter 2D Event Invoked
[22:42:47.790] [info] Collision Enter 2D Event Invoked
[22:42:47.790] [info] Collision Enter 2D Event Invoked
[22:42:47.790] [info] Collision Enter 2D Event Invoked
[22:42:47.791] [info] Collision Enter 2D Event Invoked
[22:42:47.791] [info] Collision Enter 2D Event Invoked
[22:42:47.791] [info] Collision Enter 2D Event Invoked
[22:42:47.791] [info] Collision Enter 2D Event Invoked
[22:42:47.791] [info] Collision Enter 2D Event Invoked
[22:42:47.792] [info] Collision Enter 2D Event Invoked
[22:42:47.792] [info] Collision Enter 2D Event Invoked
[22:42:47.792] [info] Collision Enter 2D Event Invoked
[22:42:47.792] [info] Collision Enter 2D Event Invoked
[22:42:47.792] [info] Collision Enter 2D Event Invoked
[22:42:47.793] [info] Collision Enter 2D Event Invoked
[22:42:47.793] [info] Collision Enter 2D Event Invoked
[22:42:47.793] [info] Collision Enter 2D Event Invoked
[22:42:47.793] [info] Collision Enter 2D Event Invoked
[22:42:47.793] [info] Collision Enter 2D Event Invoked
[22:42:47.794] [info] Collision Enter 2D Event Invoked
[22:42:47.794] [info] Collision Enter 2D Event Invoked
[22:42:47.794] [info] Collision Enter 2D Event Invoked
[22:42:47.794] [info] Collision Enter 2D Event Invoked
[22:42:47.794] [info] Collision Enter 2D Event Invoked
[22:42:47.795] [info] Collision Enter 2D Event Invoked
[22:42:47.795] [info] Collision Enter 2D Event Invoked
[22:42:47.795] [info] Collision Enter 2D Event Invoked
[22:42:47.795] [info] Collision Enter 2D Event Invoked
[22:42:47.795] [info] Collision Enter 2D Event Invoked
[22:42:47.796] [info] Collision Enter 2D Event Invoked
[22:42:47.796] [info] Collision Enter 2D Event Invoked
[22:42:47.796] [info] Collision Enter 2D Event Invoked
[22:42:47.796] [info] Collision Enter 2D Event Invoked
[22:42:47.796] [info] Collision Enter 2D Event Invoked
[22:42:47.797] [info] Collision Enter 2D Event Invoked
[22:42:47.797] [info] Collision Enter 2D Event Invoked
[22:42:47.797] [info] Collision Enter 2D Event Invoked
[22:42:47.797] [info] Collision Enter 2D Event Invoked
[22:42:47.814] [error] Entity not found for ID: 0
[22:42:47.814] [error] Entity not found for ID: 0
[22:42:47.814] [error] Entity not found for ID: 0
[22:42:47.815] [error] Entity not found for ID: -53
[22:42:47.815] [error] Entity not found for ID: -54
[22:42:47.830] [error] Entity not found for ID: 0
[22:42:47.830] [error] Entity not found for ID: 0
[22:42:47.831] [error] Entity not found for ID: 0
[22:42:47.831] [error] Entity not found for ID: -53
[22:42:47.831] [error] Entity not found for ID: -54
[22:42:47.848] [error] Entity not found for ID: 0
[22:42:47.848] [error] Entity not found for ID: 0
[22:42:47.848] [error] Entity not found for ID: 0
[22:42:47.849] [error] Entity not found for ID: -53
[22:42:47.849] [error] Entity not found for ID: -54
[22:42:47.866] [error] Entity not found for ID: 0
[22:42:47.866] [error] Entity not found for ID: 0
[22:42:47.867] [error] Entity not found for ID: 0
[22:42:47.867] [error] Entity not found for ID: -53
[22:42:47.867] [error] Entity not found for ID: -54
[22:42:47.884] [error] Entity not found for ID: 0
[22:42:47.884] [error] Entity not found for ID: 0
[22:42:47.885] [error] Entity not found for ID: 0
[22:42:47.885] [error] Entity not found for ID: -53
[22:42:47.885] [error] Entity not found for ID: -54
[22:42:47.902] [error] Entity not found for ID: 0
[22:42:47.902] [error] Entity not found for ID: 0
[22:42:47.903] [error] Entity not found for ID: 0
[22:42:47.903] [error] Entity not found for ID: -53
[22:42:47.903] [error] Entity not found for ID: -54
[22:42:47.921] [error] Entity not found for ID: 0
[22:42:47.921] [error] Entity not found for ID: 0
[22:42:47.921] [error] Entity not found for ID: 0
[22:42:47.922] [error] Entity not found for ID: -53
[22:42:47.922] [error] Entity not found for ID: -54
[22:42:47.939] [error] Entity not found for ID: 0
[22:42:47.939] [error] Entity not found for ID: 0
[22:42:47.939] [error] Entity not found for ID: 0
[22:42:47.940] [error] Entity not found for ID: -53
[22:42:47.940] [error] Entity not found for ID: -54
[22:42:47.957] [error] Entity not found for ID: 0
[22:42:47.957] [error] Entity not found for ID: 0
[22:42:47.957] [error] Entity not found for ID: 0
[22:42:47.958] [error] Entity not found for ID: -53
[22:42:47.958] [error] Entity not found for ID: -54
[22:42:47.976] [error] Entity not found for ID: 0
[22:42:47.976] [error] Entity not found for ID: 0
[22:42:47.976] [error] Entity not found for ID: 0
[22:42:47.977] [error] Entity not found for ID: -53
[22:42:47.977] [error] Entity not found for ID: -54
[22:42:47.994] [error] Entity not found for ID: 0
[22:42:47.994] [error] Entity not found for ID: 0
[22:42:47.994] [error] Entity not found for ID: 0
[22:42:47.995] [error] Entity not found for ID: -53
[22:42:47.995] [error] Entity not found for ID: -54
[22:42:48.014] [error] Entity not found for ID: 0
[22:42:48.015] [error] Entity not found for ID: 0
[22:42:48.015] [error] Entity not found for ID: 0
[22:42:48.016] [error] Entity not found for ID: -53
[22:42:48.016] [error] Entity not found for ID: -54
[22:42:48.033] [error] Entity not found for ID: 0
[22:42:48.033] [error] Entity not found for ID: 0
[22:42:48.033] [error] Entity not found for ID: 0
[22:42:48.034] [error] Entity not found for ID: -53
[22:42:48.034] [error] Entity not found for ID: -54
[22:42:48.051] [error] Entity not found for ID: 0
[22:42:48.051] [error] Entity not found for ID: 0
[22:42:48.051] [error] Entity not found for ID: 0
[22:42:48.052] [error] Entity not found for ID: -53
[22:42:48.052] [error] Entity not found for ID: -54
[22:42:48.069] [error] Entity not found for ID: 0
[22:42:48.069] [error] Entity not found for ID: 0
[22:42:48.069] [error] Entity not found for ID: 0
[22:42:48.070] [error] Entity not found for ID: -53
[22:42:48.070] [error] Entity not found for ID: -54
[22:42:48.086] [error] Entity not found for ID: 0
[22:42:48.087] [error] Entity not found for ID: 0
[22:42:48.087] [error] Entity not found for ID: 0
[22:42:48.088] [error] Entity not found for ID: -53
[22:42:48.088] [error] Entity not found for ID: -54
[22:42:48.104] [error] Entity not found for ID: 0
[22:42:48.105] [error] Entity not found for ID: 0
[22:42:48.105] [error] Entity not found for ID: 0
[22:42:48.105] [error] Entity not found for ID: -53
[22:42:48.105] [error] Entity not found for ID: -54
[22:42:48.108] [info] Collision Exit 2D Event Invoked
[22:42:48.108] [info] Collision Exit 2D Event Invoked
[22:42:48.108] [info] Collision Exit 2D Event Invoked
[22:42:48.109] [info] Collision Exit 2D Event Invoked
[22:42:48.109] [info] Collision Exit 2D Event Invoked
[22:42:48.109] [info] Collision Exit 2D Event Invoked
[22:42:48.109] [info] Collision Exit 2D Event Invoked
[22:42:48.109] [info] Collision Exit 2D Event Invoked
[22:42:48.109] [info] Collision Exit 2D Event Invoked
[22:42:48.110] [info] Collision Exit 2D Event Invoked
[22:42:48.110] [info] Collision Exit 2D Event Invoked
[22:42:48.110] [info] Collision Exit 2D Event Invoked
[22:42:48.110] [info] Collision Exit 2D Event Invoked
[22:42:48.110] [info] Collision Exit 2D Event Invoked
[22:42:48.110] [info] Collision Exit 2D Event Invoked
[22:42:48.110] [info] Collision Exit 2D Event Invoked
[22:42:48.125] [error] Entity not found for ID: 0
[22:42:48.125] [error] Entity not found for ID: 0
[22:42:48.125] [error] Entity not found for ID: 0
[22:42:48.126] [error] Entity not found for ID: -53
[22:42:48.126] [error] Entity not found for ID: -54
[22:42:48.142] [error] Entity not found for ID: 0
[22:42:48.142] [error] Entity not found for ID: 0
[22:42:48.142] [error] Entity not found for ID: 0
[22:42:48.143] [error] Entity not found for ID: -53
[22:42:48.143] [error] Entity not found for ID: -54
[22:42:48.159] [error] Entity not found for ID: 0
[22:42:48.159] [error] Entity not found for ID: 0
[22:42:48.159] [error] Entity not found for ID: 0
[22:42:48.160] [error] Entity not found for ID: -53
[22:42:48.160] [error] Entity not found for ID: -54
[22:42:48.176] [error] Entity not found for ID: 0
[22:42:48.176] [error] Entity not found for ID: 0
[22:42:48.177] [error] Entity not found for ID: 0
[22:42:48.177] [error] Entity not found for ID: -53
[22:42:48.178] [error] Entity not found for ID: -54
[22:42:48.193] [error] Entity not found for ID: 0
[22:42:48.193] [error] Entity not found for ID: 0
[22:42:48.193] [error] Entity not found for ID: 0
[22:42:48.194] [error] Entity not found for ID: -53
[22:42:48.194] [error] Entity not found for ID: -54
[22:42:48.211] [error] Entity not found for ID: 0
[22:42:48.212] [error] Entity not found for ID: 0
[22:42:48.212] [error] Entity not found for ID: 0
[22:42:48.213] [error] Entity not found for ID: -53
[22:42:48.213] [error] Entity not found for ID: -54
[22:42:48.230] [error] Entity not found for ID: 0
[22:42:48.230] [error] Entity not found for ID: 0
[22:42:48.230] [error] Entity not found for ID: 0
[22:42:48.231] [error] Entity not found for ID: -53
[22:42:48.231] [error] Entity not found for ID: -54
[22:42:48.247] [error] Entity not found for ID: 0
[22:42:48.247] [error] Entity not found for ID: 0
[22:42:48.247] [error] Entity not found for ID: 0
[22:42:48.248] [error] Entity not found for ID: -53
[22:42:48.248] [error] Entity not found for ID: -54
[22:42:48.265] [error] Entity not found for ID: 0
[22:42:48.265] [error] Entity not found for ID: 0
[22:42:48.265] [error] Entity not found for ID: 0
[22:42:48.265] [info] [SOURCE_DETECTOR] C# requested CreateEntity: Prefab = SeaCow
[22:42:48.266] [info] [SOURCE_DETECTOR] Engine creating Entity (Internal)
[22:42:48.266] [info] [CPP ECS] FromJson - Adding component 'Transform' to entity 'SeaCow'
[22:42:48.266] [info] [CPP ECS] FromJson - Adding component 'CircleCollider' to entity 'SeaCow'
[22:42:48.266] [info] [CPP ECS] FromJson - Adding component 'Variables' to entity 'SeaCow'
[22:42:48.266] [info] [CPP ECS] FromJson - Adding component 'Script' to entity 'SeaCow'
[22:42:48.267] [info] [CPP ECS] FromJson - Adding component 'SpriteRenderer' to entity 'SeaCow'
[22:42:48.267] [info] [CPP ECS] FromJson - Adding component 'Rigidbody2D' to entity 'SeaCow'
[22:42:48.267] [error] Entity not found for ID: -53
[22:42:48.268] [error] Entity not found for ID: -54
[22:42:48.268] [info] Collision Enter 2D Event Invoked
[22:42:48.268] [info] Collision Enter 2D Event Invoked
[22:42:48.269] [info] Collision Enter 2D Event Invoked
[22:42:48.269] [info] Collision Enter 2D Event Invoked
[22:42:48.269] [info] Collision Enter 2D Event Invoked
[22:42:48.269] [info] Collision Enter 2D Event Invoked
[22:42:48.269] [info] Collision Enter 2D Event Invoked
[22:42:48.269] [info] Collision Enter 2D Event Invoked
[22:42:48.270] [info] Collision Enter 2D Event Invoked
[22:42:48.270] [info] Collision Enter 2D Event Invoked
[22:42:48.270] [info] Collision Enter 2D Event Invoked
[22:42:48.270] [info] Collision Enter 2D Event Invoked
[22:42:48.270] [info] Collision Enter 2D Event Invoked
[22:42:48.270] [info] Collision Enter 2D Event Invoked
[22:42:48.271] [info] Collision Enter 2D Event Invoked
[22:42:48.271] [info] Collision Enter 2D Event Invoked
[22:42:48.271] [info] Collision Enter 2D Event Invoked
[22:42:48.271] [info] Collision Enter 2D Event Invoked
[22:42:48.272] [info] Collision Enter 2D Event Invoked
[22:42:48.272] [info] Collision Enter 2D Event Invoked
[22:42:48.417] [info] [MonoDbg] AddEntityToScript - Instantiating and adding script: SpriteAnimation to Entity ID: -2
[22:42:48.417] [info] [SetScriptVars] OK setting fields for: SpriteAnimation
[22:42:48.417] [info] [MonoDbg] AddEntityToScript - Syncing serialized fields for script: SpriteAnimation
[22:42:48.418] [info] [SetScriptVars] OK setting fields for: SpriteAnimation
[22:42:48.418] [info] [MonoDbg] AddEntityToScript - Instantiating and adding script: ChaseController to Entity ID: -2
[22:42:48.418] [info] [SetScriptVars] OK setting fields for: ChaseController
[22:42:48.418] [info] [MonoDbg] AddEntityToScript - Syncing serialized fields for script: ChaseController
[22:42:48.418] [info] [SetScriptVars] OK setting fields for: ChaseController
[22:42:48.418] [info] [MonoDbg] AddEntityToScript - Instantiating and adding script: TargetFacingFlip to Entity ID: -2
[22:42:48.418] [info] [SetScriptVars] OK setting fields for: TargetFacingFlip
[22:42:48.419] [info] [MonoDbg] AddEntityToScript - Syncing serialized fields for script: TargetFacingFlip
[22:42:48.419] [info] [SetScriptVars] OK setting fields for: TargetFacingFlip
[22:42:48.419] [info] [MonoDbg] AddEntityToScript - Instantiating and adding script: SeaCow to Entity ID: -2
[22:42:48.419] [info] [SetScriptVars] OK setting fields for: SeaCow
[22:42:48.419] [info] [MonoDbg] AddEntityToScript - Syncing serialized fields for script: SeaCow
[22:42:48.419] [info] [SetScriptVars] OK setting fields for: SeaCow
[22:42:48.420] [info] [MonoDbg] AddEntityToScript - Instantiating and adding script: HP to Entity ID: -2
[22:42:48.420] [info] [SetScriptVars] OK setting fields for: HP
[22:42:48.420] [info] [MonoDbg] AddEntityToScript - Syncing serialized fields for script: HP
[22:42:48.420] [info] [SetScriptVars] OK setting fields for: HP
[22:42:48.420] [info] [MonoDbg] AddEntityToScript - Instantiating and adding script: ParticleOffset to Entity ID: -2
[22:42:48.420] [info] [SetScriptVars] no group for scriptName: ParticleOffset  groups: 10
[22:42:48.421] [info] [MonoDbg] AddEntityToScript - Syncing serialized fields for script: ParticleOffset
[22:42:48.421] [info] [SetScriptVars] no group for scriptName: ParticleOffset  groups: 10
[22:42:48.421] [info] [MonoDbg] AddEntityToScript - Instantiating and adding script: AttackCollision to Entity ID: -2
[22:42:48.421] [info] [SetScriptVars] OK setting fields for: AttackCollision
[22:42:48.421] [info] [MonoDbg] AddEntityToScript - Syncing serialized fields for script: AttackCollision
[22:42:48.421] [info] [SetScriptVars] OK setting fields for: AttackCollision
[22:42:48.422] [info] [MonoDbg] AddEntityToScript - Instantiating and adding script: ExpDropper to Entity ID: -2
[22:42:48.422] [info] [SetScriptVars] OK setting fields for: ExpDropper
[22:42:48.422] [info] [MonoDbg] AddEntityToScript - Syncing serialized fields for script: ExpDropper
[22:42:48.422] [info] [SetScriptVars] OK setting fields for: ExpDropper
[22:42:48.422] [info] [MonoDbg] AddEntityToScript - Instantiating and adding script: DespawnTimer to Entity ID: -2
[22:42:48.422] [info] [SetScriptVars] OK setting fields for: DespawnTimer
[22:42:48.422] [info] [MonoDbg] AddEntityToScript - Syncing serialized fields for script: DespawnTimer
[22:42:48.423] [info] [SetScriptVars] OK setting fields for: DespawnTimer
[22:42:48.423] [info] [MonoDbg] AddEntityToScript - Instantiating and adding script: FlashOnDamaged to Entity ID: -2
[22:42:48.423] [info] [SetScriptVars] OK setting fields for: FlashOnDamaged
[22:42:48.423] [info] [MonoDbg] AddEntityToScript - Syncing serialized fields for script: FlashOnDamaged
[22:42:48.423] [info] [SetScriptVars] OK setting fields for: FlashOnDamaged
[22:42:48.423] [info] [MonoDbg] AddEntityToScript - Instantiating and adding script: ShakeSelfOnDamaged to Entity ID: -2
[22:42:48.424] [info] [SetScriptVars] OK setting fields for: ShakeSelfOnDamaged
[22:42:48.424] [info] [MonoDbg] AddEntityToScript - Syncing serialized fields for script: ShakeSelfOnDamaged
[22:42:48.424] [info] [SetScriptVars] OK setting fields for: ShakeSelfOnDamaged
[22:42:48.424] [info] [SOURCE_DETECTOR] C# requested CreateEntity: Prefab = enemySwimParticle
[22:42:48.424] [info] [SOURCE_DETECTOR] Engine creating Entity (Internal)
[22:42:48.424] [info] [CPP ECS] FromJson - Adding component 'Transform' to entity 'enemySwimParticle'
[22:42:48.425] [info] [CPP ECS] FromJson - Adding component 'Variables' to entity 'enemySwimParticle'
[22:42:48.425] [info] [CPP ECS] FromJson - Adding component 'ParticleSystem2D' to entity 'enemySwimParticle'
[22:42:48.426] [error] Entity not found for ID: 0
[22:42:48.426] [error] Entity not found for ID: 0
[22:42:48.426] [error] Entity not found for ID: 0
[22:42:48.426] [error] Entity not found for ID: 0
[22:42:48.427] [error] Entity not found for ID: -53
[22:42:48.427] [error] Entity not found for ID: -54
[22:42:48.428] [info] Collision Enter 2D Event Invoked
[22:42:48.428] [info] Collision Enter 2D Event Invoked
[22:42:48.428] [info] Collision Enter 2D Event Invoked
[22:42:48.428] [info] Collision Enter 2D Event Invoked
[22:42:48.428] [info] Collision Enter 2D Event Invoked
[22:42:48.428] [info] Collision Enter 2D Event Invoked
[22:42:48.428] [info] Collision Enter 2D Event Invoked
[22:42:48.429] [info] Collision Enter 2D Event Invoked
[22:42:48.429] [info] Collision Enter 2D Event Invoked
[22:42:48.429] [info] Collision Enter 2D Event Invoked
[22:42:48.429] [info] Collision Enter 2D Event Invoked
[22:42:48.429] [info] Collision Enter 2D Event Invoked
[22:42:48.429] [info] Collision Enter 2D Event Invoked
[22:42:48.430] [info] Collision Enter 2D Event Invoked
[22:42:48.430] [info] Collision Enter 2D Event Invoked
[22:42:48.432] [info] Collision Exit 2D Event Invoked
[22:42:48.432] [info] Collision Exit 2D Event Invoked
[22:42:48.432] [info] Collision Exit 2D Event Invoked
[22:42:48.432] [info] Collision Exit 2D Event Invoked
[22:42:48.432] [info] Collision Exit 2D Event Invoked
[22:42:48.432] [info] Collision Exit 2D Event Invoked
[22:42:48.433] [info] Collision Exit 2D Event Invoked
[22:42:48.433] [info] Collision Exit 2D Event Invoked
[22:42:48.433] [info] Collision Exit 2D Event Invoked
[22:42:48.433] [info] Collision Exit 2D Event Invoked
[22:42:48.433] [info] Collision Exit 2D Event Invoked
[22:42:48.433] [info] Collision Exit 2D Event Invoked
[22:42:48.434] [info] Collision Exit 2D Event Invoked
[22:42:48.434] [info] Collision Exit 2D Event Invoked
[22:42:48.434] [info] Collision Exit 2D Event Invoked
[22:42:48.434] [info] Collision Exit 2D Event Invoked
[22:42:48.434] [info] Collision Exit 2D Event Invoked
[22:42:48.434] [info] Collision Exit 2D Event Invoked
[22:42:48.434] [info] Collision Exit 2D Event Invoked
[22:42:48.435] [info] Collision Exit 2D Event Invoked
[22:42:48.435] [info] Collision Exit 2D Event Invoked
[22:42:48.435] [info] Collision Exit 2D Event Invoked
[22:42:48.435] [info] Collision Exit 2D Event Invoked
[22:42:48.435] [info] Collision Exit 2D Event Invoked
[22:42:48.435] [info] Collision Exit 2D Event Invoked
[22:42:48.435] [info] Collision Exit 2D Event Invoked
[22:42:48.436] [info] Collision Exit 2D Event Invoked
[22:42:48.436] [info] Collision Exit 2D Event Invoked
[22:42:48.436] [info] Collision Exit 2D Event Invoked
[22:42:48.449] [error] Entity not found for ID: 0
[22:42:48.450] [error] Entity not found for ID: 0
[22:42:48.450] [error] Entity not found for ID: 0
[22:42:48.450] [error] Entity not found for ID: 0
[22:42:48.451] [error] Entity not found for ID: -53
[22:42:48.451] [error] Entity not found for ID: -54
[22:42:48.452] [info] Collision Enter 2D Event Invoked
[22:42:48.452] [info] Collision Enter 2D Event Invoked
[22:42:48.452] [info] Collision Enter 2D Event Invoked
[22:42:48.452] [info] Collision Enter 2D Event Invoked
[22:42:48.452] [info] Collision Enter 2D Event Invoked
[22:42:48.452] [info] Collision Enter 2D Event Invoked
[22:42:48.453] [info] Collision Enter 2D Event Invoked
[22:42:48.453] [info] Collision Enter 2D Event Invoked
[22:42:48.453] [info] Collision Enter 2D Event Invoked
[22:42:48.453] [info] Collision Enter 2D Event Invoked
[22:42:48.453] [info] Collision Enter 2D Event Invoked
[22:42:48.453] [info] Collision Enter 2D Event Invoked
[22:42:48.454] [info] Collision Enter 2D Event Invoked
[22:42:48.454] [info] Collision Enter 2D Event Invoked
[22:42:48.454] [info] Collision Enter 2D Event Invoked
[22:42:48.456] [info] Collision Exit 2D Event Invoked
[22:42:48.456] [info] Collision Exit 2D Event Invoked
[22:42:48.456] [info] Collision Exit 2D Event Invoked
[22:42:48.456] [info] Collision Exit 2D Event Invoked
[22:42:48.456] [info] Collision Exit 2D Event Invoked
[22:42:48.456] [info] Collision Exit 2D Event Invoked
[22:42:48.456] [info] Collision Exit 2D Event Invoked
[22:42:48.457] [info] Collision Exit 2D Event Invoked
[22:42:48.457] [info] Collision Exit 2D Event Invoked
[22:42:48.457] [info] Collision Exit 2D Event Invoked
[22:42:48.457] [info] Collision Exit 2D Event Invoked
[22:42:48.457] [info] Collision Exit 2D Event Invoked
[22:42:48.457] [info] Collision Exit 2D Event Invoked
[22:42:48.458] [info] Collision Exit 2D Event Invoked
[22:42:48.458] [info] Collision Exit 2D Event Invoked
[22:42:48.458] [info] Collision Exit 2D Event Invoked
[22:42:48.458] [info] Collision Exit 2D Event Invoked
[22:42:48.458] [info] Collision Exit 2D Event Invoked
[22:42:48.458] [info] Collision Exit 2D Event Invoked
[22:42:48.459] [info] Collision Exit 2D Event Invoked
[22:42:48.459] [info] Collision Exit 2D Event Invoked
[22:42:48.459] [info] Collision Exit 2D Event Invoked
[22:42:48.459] [info] Collision Exit 2D Event Invoked
[22:42:48.459] [info] Collision Exit 2D Event Invoked
[22:42:48.459] [info] Collision Exit 2D Event Invoked
[22:42:48.460] [info] Collision Exit 2D Event Invoked
[22:42:48.460] [info] Collision Exit 2D Event Invoked
[22:42:48.460] [info] Collision Exit 2D Event Invoked
[22:42:48.460] [info] Collision Exit 2D Event Invoked
[22:42:48.460] [info] Collision Exit 2D Event Invoked
[22:42:48.460] [info] Collision Exit 2D Event Invoked
[22:42:48.461] [info] Collision Exit 2D Event Invoked
[22:42:48.461] [info] Collision Exit 2D Event Invoked
[22:42:48.508] [info] Logger finalized.
