[22:36:30.862] [info] Logger initialized.
[22:36:30.883] [info] Use Adapter:NVIDIA GeForce RTX 3060 Laptop GPU
[22:36:31.162] [info] FeatureLevel : 12.2
[22:36:31.162] [info] dx device create success!!
[22:36:31.227] [info] dx command create success!!
[22:36:31.227] [info] dx descriptor heap rtv create success!!
[22:36:31.228] [info] dx descriptor heap cbv,srv,uav create success!!
[22:36:31.228] [info] dx descriptor heap dsv create success!!
[22:36:31.475] [info] dx swap chain create success!!
[22:36:31.493] [info] [Load Resource] type:Shader, path:"./Packages/Shader/Render/Line/Line2D.vs.hlsl", profile:"vs_6_0"
[22:36:31.500] [info] [Load Resource] type:Shader, path:"./Packages/Shader/Render/Line/Line2D.ps.hlsl", profile:"ps_6_0"
[22:36:31.521] [info] [Load Resource] type:Shader, path:"Packages/Shader/Render/Sprite/Sprite.vs.hlsl", profile:"vs_6_0"
[22:36:31.541] [info] [Load Resource] type:Shader, path:"Packages/Shader/Render/Sprite/Sprite.ps.hlsl", profile:"ps_6_0"
[22:36:31.555] [info] [Load Resource] type:Shader, path:"Packages/Shader/Render/Text/Text.vs.hlsl", profile:"vs_6_0"
[22:36:31.576] [info] [Load Resource] type:Shader, path:"Packages/Shader/Render/Text/Text.ps.hlsl", profile:"ps_6_0"
[22:36:31.611] [info] [Load Resource] type:Shader, path:"Packages/Shader/Render/ParticleSystem2D/ParticleSystem2D.vs.hlsl", profile:"vs_6_0"
[22:36:31.626] [info] [Load Resource] type:Shader, path:"Packages/Shader/Render/ParticleSystem2D/ParticleSystem2D.ps.hlsl", profile:"ps_6_0"
[22:36:31.672] [info] [Load Resource] type:Shader, path:"./Packages/Shader/Render/Line/Line3D.vs.hlsl", profile:"vs_6_0"
[22:36:31.679] [info] [Load Resource] type:Shader, path:"./Packages/Shader/Render/Line/Line3D.ps.hlsl", profile:"ps_6_0"
[22:36:31.701] [info] [Load Resource] type:Shader, path:"Packages/Shader/Render/Skybox/Skybox.vs.hlsl", profile:"vs_6_0"
[22:36:31.713] [info] [Load Resource] type:Shader, path:"Packages/Shader/Render/Skybox/Skybox.ps.hlsl", profile:"ps_6_0"
[22:36:31.739] [info] [Load Resource] type:Shader, path:"./Packages/Shader/Render/Mesh/Mesh.vs.hlsl", profile:"vs_6_0"
[22:36:31.760] [info] [Load Resource] type:Shader, path:"./Packages/Shader/Render/Mesh/Mesh.ps.hlsl", profile:"ps_6_0"
[22:36:31.784] [info] [Load Resource] type:Shader, path:"./Packages/Shader/Render/Mesh/DissolveMesh.vs.hlsl", profile:"vs_6_0"
[22:36:31.816] [info] [Load Resource] type:Shader, path:"./Packages/Shader/Render/Mesh/DissolveMesh.ps.hlsl", profile:"ps_6_0"
[22:36:31.861] [info] [Load Resource] type:Shader, path:"./Packages/Shader/Render/Mesh/SkinMesh.vs.hlsl", profile:"vs_6_0"
[22:36:31.880] [info] [Load Resource] type:Shader, path:"./Packages/Shader/Render/Mesh/SkinMesh.ps.hlsl", profile:"ps_6_0"
[22:36:31.901] [info] [Load Resource] type:Shader, path:"Packages/Shader/Render/Effect/Effect.vs.hlsl", profile:"vs_6_0"
[22:36:31.918] [info] [Load Resource] type:Shader, path:"Packages/Shader/Render/Effect/Effect.ps.hlsl", profile:"ps_6_0"
[22:36:31.966] [info] [Load Resource] type:Shader, path:"Packages/Shader/Render/ParticleSystem/ParticleSystem.vs.hlsl", profile:"vs_6_0"
[22:36:31.979] [info] [Load Resource] type:Shader, path:"Packages/Shader/Render/ParticleSystem/ParticleSystem.ps.hlsl", profile:"ps_6_0"
[22:36:32.031] [info] [Load Resource] type:Shader, path:"./Packages/Shader/Render/Grass/Grass.as.hlsl", profile:"as_6_5"
[22:36:32.084] [info] [Load Resource] type:Shader, path:"./Packages/Shader/Render/Grass/Grass.ms.hlsl", profile:"ms_6_5"
[22:36:32.101] [info] [Load Resource] type:Shader, path:"./Packages/Shader/Render/Grass/Grass.ps.hlsl", profile:"ps_6_0"
[22:36:32.120] [info] [Load Resource] type:Shader, path:"./Packages/Shader/Render/Line/Gizmo3D.vs.hlsl", profile:"vs_6_0"
[22:36:32.126] [info] [Load Resource] type:Shader, path:"./Packages/Shader/Render/Line/Gizmo3D.ps.hlsl", profile:"ps_6_0"
[22:36:32.143] [info] [Load Resource] type:Shader, path:"./Packages/Shader/Render/Line/Gizmo3D.vs.hlsl", profile:"vs_6_0"
[22:36:32.148] [info] [Load Resource] type:Shader, path:"./Packages/Shader/Render/Line/Gizmo3D.ps.hlsl", profile:"ps_6_0"
[22:36:32.189] [info] [Load Resource] type:Shader, path:"Packages/Shader/PostProcess/PerObject/Lighting/Lighting.cs.hlsl", profile:"cs_6_6"
[22:36:32.203] [info] [Load Resource] type:Shader, path:"Packages/Shader/PostProcess/PerObject/Grayscale/Grayscale.cs.hlsl", profile:"cs_6_6"
[22:36:32.215] [info] [Load Resource] type:Shader, path:"Packages/Shader/PostProcess/PerObject/TerrainBrush/TerrainBrush.cs.hlsl", profile:"cs_6_6"
[22:36:32.228] [info] [Load Resource] type:Shader, path:"Packages/Shader/PostProcess/PerObject/VoxelTerrainBrush/VoxelTerrainBrush.cs.hlsl", profile:"cs_6_6"
[22:36:32.244] [info] [Load Resource] type:Shader, path:"./Packages/Shader/PostProcess/PerObject/GaussianBlur/GaussianBlur.cs.hlsl", profile:"cs_6_6"
[22:36:32.245] [info] [Bloom] Initializing PostProcessBloom...
[22:36:32.257] [info] [Load Resource] type:Shader, path:"Packages/Shader/PostProcess/PerObject/Bloom/BloomExtract.cs.hlsl", profile:"cs_6_6"
[22:36:32.274] [info] [Load Resource] type:Shader, path:"./Packages/Shader/PostProcess/PerObject/GaussianBlur/GaussianBlur.cs.hlsl", profile:"cs_6_6"
[22:36:32.284] [info] [Load Resource] type:Shader, path:"Packages/Shader/PostProcess/PerObject/Bloom/BloomComposite.cs.hlsl", profile:"cs_6_6"
[22:36:32.304] [info] [Load Resource] type:Shader, path:"Packages/Shader/PostProcess/PerObject/RadialBlur/RadialBlurPerObject.cs.hlsl", profile:"cs_6_6"
[22:36:32.334] [info] [Load Resource] type:Shader, path:"./Packages/Shader/PostProcess/Screen/ShadowMap/ShadowMap.cs.hlsl", profile:"cs_6_6"
[22:36:32.353] [info] [Load Resource] type:Shader, path:"./Packages/Shader/PostProcess/Screen/Fog/Fog.cs.hlsl", profile:"cs_6_6"
[22:36:32.363] [info] [Load Resource] type:Shader, path:"Packages/Shader/PostProcess/Screen/Grayscale/Grayscale.cs.hlsl", profile:"cs_6_6"
[22:36:32.375] [info] [Load Resource] type:Shader, path:"Packages/Shader/PostProcess/Screen/RadialBlur/RadialBlur.cs.hlsl", profile:"cs_6_6"
[22:36:32.405] [info] [Load Resource] type:Shader, path:"Packages/Shader/PostProcess/Screen/WaterCausticsLightShafts/WaterCausticsLightShafts.cs.hlsl", profile:"cs_6_6"
[22:36:32.422] [info] [Load Resource] type:Shader, path:"Packages/Shader/PostProcess/Screen/WaterDepthFogVignette/WaterDepthFogVignette.cs.hlsl", profile:"cs_6_6"
[22:36:32.438] [info] [Load Resource] type:Shader, path:"Packages/Shader/PostProcess/Screen/WaterColorGrading/WaterColorGrading.cs.hlsl", profile:"cs_6_6"
[22:36:32.451] [info] [Load Resource] type:Shader, path:"Packages/Shader/PostProcess/Screen/WaterDistortion/WaterDistortion.cs.hlsl", profile:"cs_6_6"
[22:36:32.462] [info] [Load Resource] type:Shader, path:"Packages/Shader/PostProcess/Screen/Fisheye/Fisheye.cs.hlsl", profile:"cs_6_6"
[22:36:32.475] [info] [Load Resource] type:Shader, path:"Packages/Shader/PostProcess/Screen/Pixelate/Pixelate.cs.hlsl", profile:"cs_6_6"
[22:36:32.498] [info] [Success Texture Info] Path: "./Packages/Textures/white.png"
[22:36:32.498] [info]  - DescriptorIndex: 0
[22:36:32.499] [info] AssetCollection: Scanning directory: ./Packages/
[22:36:32.505] [info] AssetCollection: Found 125 assets in ./Packages/
[22:36:32.506] [info] [Load] [Model] - Starting load: "./Packages/Models/BackgroundObjects/Bush2.obj" (ext: ".obj")
[22:36:32.506] [info] [Load] [Model] - Starting load: "./Packages/Models/BackgroundObjects/Bush1.obj" (ext: ".obj")
[22:36:32.506] [info] [Load] [Model] - Starting load: "./Packages/Models/BackgroundObjects/Bush3.obj" (ext: ".obj")
[22:36:32.506] [info] [Load] [Model] - Starting load: "./Packages/Models/BackgroundObjects/Grass1.obj" (ext: ".obj")
[22:36:32.512] [info] [Success Texture Info] Path: "./Packages/Textures/Dirt.jpg"
[22:36:32.512] [info]  - DescriptorIndex: 1
[22:36:32.514] [info] [Success Texture Info] Path: "./Packages/Textures/Grass.jpg"
[22:36:32.514] [info]  - DescriptorIndex: 2
[22:36:32.518] [info] [Success Texture Info] Path: "./Packages/Textures/ImGui/FileIcons/FileIcon.png"
[22:36:32.518] [info]  - DescriptorIndex: 3
[22:36:32.519] [info]   Mesh[0]: "Grass1_Cube", Vertices: 152, Bones: 0
[22:36:32.519] [info]   Mesh[0]: "Bush1_Icosphere", Vertices: 113, Bones: 0
[22:36:32.519] [info]   Mesh[0]: "Bush3_Icosphere.004", Vertices: 72, Bones: 0
[22:36:32.520] [info]   Mesh[0]: "Bush2_Icosphere.002", Vertices: 172, Bones: 0
[22:36:32.520] [info] [Load] [Model] - Finished: "./Packages/Models/BackgroundObjects/Grass1.obj", Total Meshes: 1, Total Clips: 0
[22:36:32.520] [info]   Mesh[1]: "Tree", Vertices: 83, Bones: 0
[22:36:32.520] [info] [Load] [Model] - Starting load: "./Packages/Models/BackgroundObjects/Grass2.obj" (ext: ".obj")
[22:36:32.520] [info]   Mesh[1]: "Tree.002", Vertices: 138, Bones: 0
[22:36:32.520] [info]   Mesh[1]: "Tree.001", Vertices: 222, Bones: 0
[22:36:32.521] [info] [Load] [Model] - Finished: "./Packages/Models/BackgroundObjects/Bush1.obj", Total Meshes: 2, Total Clips: 0
[22:36:32.521] [info] [Load] [Model] - Starting load: "./Packages/Models/BackgroundObjects/Grass3.obj" (ext: ".obj")
[22:36:32.521] [info] [Load] [Model] - Finished: "./Packages/Models/BackgroundObjects/Bush3.obj", Total Meshes: 2, Total Clips: 0
[22:36:32.521] [info] [Load] [Model] - Finished: "./Packages/Models/BackgroundObjects/Bush2.obj", Total Meshes: 2, Total Clips: 0
[22:36:32.522] [info] [Load] [Model] - Starting load: "./Packages/Models/BackgroundObjects/Rock1.obj" (ext: ".obj")
[22:36:32.522] [info] [Load] [Model] - Starting load: "./Packages/Models/BackgroundObjects/Rock2.obj" (ext: ".obj")
[22:36:32.528] [info]   Mesh[0]: "Grass2_Cube.003", Vertices: 366, Bones: 0
[22:36:32.529] [info] [Load] [Model] - Finished: "./Packages/Models/BackgroundObjects/Grass2.obj", Total Meshes: 1, Total Clips: 0
[22:36:32.530] [info] [Success Texture Info] Path: "./Packages/Textures/ImGui/FileIcons/FolderIcon.png"
[22:36:32.530] [info]  - DescriptorIndex: 4
[22:36:32.530] [info] [Load] [Model] - Starting load: "./Packages/Models/BackgroundObjects/Rock3.obj" (ext: ".obj")
[22:36:32.531] [info]   Mesh[0]: "Rock_Icosphere.001", Vertices: 98, Bones: 0
[22:36:32.531] [info]   Mesh[0]: "Icosphere_Icosphere.002", Vertices: 102, Bones: 0
[22:36:32.532] [info]   Mesh[0]: "Grass3_Cube.003", Vertices: 364, Bones: 0
[22:36:32.532] [info] [Load] [Model] - Finished: "./Packages/Models/BackgroundObjects/Rock1.obj", Total Meshes: 1, Total Clips: 0
[22:36:32.532] [info] [Load] [Model] - Finished: "./Packages/Models/BackgroundObjects/Rock2.obj", Total Meshes: 1, Total Clips: 0
[22:36:32.533] [info] [Load] [Model] - Starting load: "./Packages/Models/BackgroundObjects/Tree1.obj" (ext: ".obj")
[22:36:32.533] [info] [Load] [Model] - Starting load: "./Packages/Models/BackgroundObjects/Tree2.obj" (ext: ".obj")
[22:36:32.533] [info] [Load] [Model] - Finished: "./Packages/Models/BackgroundObjects/Grass3.obj", Total Meshes: 1, Total Clips: 0
[22:36:32.533] [info] [Load] [Model] - Starting load: "./Packages/Models/BackgroundObjects/Tree3.obj" (ext: ".obj")
[22:36:32.538] [info]   Mesh[0]: "Rock3_Icosphere", Vertices: 84, Bones: 0
[22:36:32.539] [info] [Success Texture Info] Path: "./Packages/Textures/ImGui/FileIcons/lets-icons-sound-none-256.png"
[22:36:32.539] [info]  - DescriptorIndex: 5
[22:36:32.539] [info] [Load] [Model] - Finished: "./Packages/Models/BackgroundObjects/Rock3.obj", Total Meshes: 1, Total Clips: 0
[22:36:32.540] [info] [Load] [Model] - Starting load: "./Packages/Models/BackgroundObjects/Tree4.obj" (ext: ".obj")
[22:36:32.543] [info]   Mesh[0]: "Tree1_Icosphere.002", Vertices: 518, Bones: 0
[22:36:32.543] [info]   Mesh[0]: "Tree3_Icosphere.001", Vertices: 598, Bones: 0
[22:36:32.544] [info]   Mesh[1]: "Tree.003", Vertices: 356, Bones: 0
[22:36:32.544] [info]   Mesh[0]: "Tree2_Icosphere.001", Vertices: 536, Bones: 0
[22:36:32.544] [info]   Mesh[1]: "Leaves.008", Vertices: 118, Bones: 0
[22:36:32.545] [info] [Load] [Model] - Finished: "./Packages/Models/BackgroundObjects/Tree1.obj", Total Meshes: 2, Total Clips: 0
[22:36:32.545] [info] [Load] [Model] - Starting load: "./Packages/Models/Human/sneakWalk.gltf" (ext: ".gltf")
[22:36:32.545] [info] [Load] [Model] - Finished: "./Packages/Models/BackgroundObjects/Tree3.obj", Total Meshes: 2, Total Clips: 0
[22:36:32.545] [info]   Mesh[1]: "Tree.004", Vertices: 550, Bones: 0
[22:36:32.546] [info] [Load] [Model] - Starting load: "./Packages/Models/Human/walk.gltf" (ext: ".gltf")
[22:36:32.546] [info] [Load] [Model] - Finished: "./Packages/Models/BackgroundObjects/Tree2.obj", Total Meshes: 2, Total Clips: 0
[22:36:32.546] [info] [Load] [Model] - Starting load: "./Packages/Models/primitive/cube.obj" (ext: ".obj")
[22:36:32.551] [info]   Mesh[0]: "Tree4_Cylinder.003", Vertices: 665, Bones: 0
[22:36:32.552] [info]   Mesh[1]: "Leaves.009", Vertices: 1035, Bones: 0
[22:36:32.552] [info] [Load] [Model] - Finished: "./Packages/Models/BackgroundObjects/Tree4.obj", Total Meshes: 2, Total Clips: 0
[22:36:32.553] [info] [Load] [Model] - Starting load: "./Packages/Models/primitive/cylinder.obj" (ext: ".obj")
[22:36:32.554] [info]   Mesh[0]: "Cube", Vertices: 24, Bones: 0
[22:36:32.555] [info] [Load] [Model] - Finished: "./Packages/Models/primitive/cube.obj", Total Meshes: 1, Total Clips: 0
[22:36:32.555] [info] [Load] [Model] - Starting load: "./Packages/Models/primitive/frontToPlane.obj" (ext: ".obj")
[22:36:32.561] [info]   Mesh[0]: "円柱", Vertices: 130, Bones: 0
[22:36:32.562] [info] [Load] [Model] - Finished: "./Packages/Models/primitive/cylinder.obj", Total Meshes: 1, Total Clips: 0
[22:36:32.562] [info] [Load] [Model] - Starting load: "./Packages/Models/primitive/plane.obj" (ext: ".obj")
[22:36:32.563] [info]   Mesh[0]: "frontToPlane", Vertices: 4, Bones: 0
[22:36:32.564] [info] [Load] [Model] - Finished: "./Packages/Models/primitive/frontToPlane.obj", Total Meshes: 1, Total Clips: 0
[22:36:32.565] [info] [Load] [Model] - Starting load: "./Packages/Models/primitive/sphere.obj" (ext: ".obj")
[22:36:32.570] [info]   Mesh[0]: "平面", Vertices: 4, Bones: 0
[22:36:32.571] [info] [Load] [Model] - Finished: "./Packages/Models/primitive/plane.obj", Total Meshes: 1, Total Clips: 0
[22:36:32.572] [info] [Load] [Model] - Starting load: "./Packages/Models/primitive/tube.obj" (ext: ".obj")
[22:36:32.572] [info]   Mesh[0]: "Retopology_hp_Plane.002", Vertices: 13538, Bones: 55
[22:36:32.572] [info]   Mesh[0]: "Retopology_hp_Plane.002", Vertices: 13538, Bones: 55
[22:36:32.573] [info] [Success Texture Info] Path: "./Packages/Textures/ImGui/FileIcons/ObjIcon.png"
[22:36:32.574] [info]  - DescriptorIndex: 6
[22:36:32.575] [info] [Load] [AnimationClip] - name:"Armature|mixamo.com|Layer0", hash: 95722531, duration: 1.03s
[22:36:32.576] [info] [Load] [AnimationClip] - name:"Armature|mixamo.com|Layer0", hash: 95722531, duration: 0.90s
[22:36:32.576] [info]   Mesh[0]: "球", Vertices: 559, Bones: 0
[22:36:32.577] [info] [Load] [Model] - Finished: "./Packages/Models/Human/walk.gltf", Total Meshes: 1, Total Clips: 1
[22:36:32.577] [info] [Load] [Model] - Finished: "./Packages/Models/primitive/sphere.obj", Total Meshes: 1, Total Clips: 0
[22:36:32.578] [info] [Load] [Model] - Finished: "./Packages/Models/Human/sneakWalk.gltf", Total Meshes: 1, Total Clips: 1
[22:36:32.580] [info]   Mesh[0]: "円柱", Vertices: 66, Bones: 0
[22:36:32.581] [info] [Load] [Model] - Finished: "./Packages/Models/primitive/tube.obj", Total Meshes: 1, Total Clips: 0
[22:36:32.584] [info] [Success Texture Info] Path: "./Packages/Textures/ImGui/FileIcons/ph-file-c-sharp-none-256.png"
[22:36:32.584] [info]  - DescriptorIndex: 7
[22:36:32.587] [info] [Success Texture Info] Path: "./Packages/Textures/ImGui/pause.png"
[22:36:32.587] [info]  - DescriptorIndex: 8
[22:36:32.589] [info] [Success Texture Info] Path: "./Packages/Textures/ImGui/play.png"
[22:36:32.589] [info]  - DescriptorIndex: 9
[22:36:32.591] [info] [Success Texture Info] Path: "./Packages/Textures/ImGui/reload.png"
[22:36:32.591] [info]  - DescriptorIndex: 10
[22:36:32.603] [info] [Success Texture Info] Path: "./Packages/Textures/ImGui/skip.png"
[22:36:32.603] [info]  - DescriptorIndex: 11
[22:36:32.607] [info] [Success Texture Info] Path: "./Packages/Textures/ImGui/TerrainEditTextures/BrushModeIcon.png"
[22:36:32.607] [info]  - DescriptorIndex: 12
[22:36:32.617] [error] [Load Failed] File is not a Texture3D DDS: "./Packages/Textures/kloofendal_48d_partly_cloudy_puresky_2k.dds"
[22:36:32.816] [info] [Success Texture Info] Path: "./Packages/Textures/kloofendal_48d_partly_cloudy_puresky_2k.dds"
[22:36:32.816] [info]  - DescriptorIndex: 13
[22:36:32.920] [info] [Success Texture Info] Path: "./Packages/Textures/Rock.png"
[22:36:32.921] [info]  - DescriptorIndex: 14
[22:36:32.926] [error] [Load Failed] File is not a Texture3D DDS: "./Packages/Textures/rostock_laage_airport_4k.dds"
[22:36:32.937] [info] [Success Texture Info] Path: "./Packages/Textures/rostock_laage_airport_4k.dds"
[22:36:32.937] [info]  - DescriptorIndex: 15
[22:36:32.938] [warning] [GenerateMipMaps Failed] Using original image: "./Packages/Textures/Sample3DTexture.dds"
[22:36:32.938] [warning] [GenerateMipMaps Failed] Using original image: "./Packages/Textures/Sample3DTexture.dds"
[22:36:32.939] [info] [Texture DDS Info] Path: "./Packages/Textures/Sample3DTexture.dds"
[22:36:32.941] [info] [Success Texture Info] Path: "./Packages/Textures/Snow.jpg"
[22:36:32.941] [info]  - DescriptorIndex: 17
[22:36:32.964] [info] [Success Texture Info] Path: "./Packages/Textures/uvChecker.png"
[22:36:32.965] [info]  - DescriptorIndex: 18
[22:36:32.965] [info] AssetCollection: Scanning directory: ./Assets/
[22:36:32.970] [info] AssetCollection: Found 111 assets in ./Assets/
[22:36:32.974] [info] [Success Texture Info] Path: "./Assets/assets/backGround/cloud.png"
[22:36:32.974] [info]  - DescriptorIndex: 19
[22:36:32.976] [info] [Success Texture Info] Path: "./Assets/assets/backGround/coral_blue.png"
[22:36:32.976] [info]  - DescriptorIndex: 20
[22:36:32.978] [info] [Success Texture Info] Path: "./Assets/assets/backGround/coral_pink.png"
[22:36:32.978] [info]  - DescriptorIndex: 21
[22:36:32.980] [info] [Success Texture Info] Path: "./Assets/assets/backGround/coral_red.png"
[22:36:32.980] [info]  - DescriptorIndex: 22
[22:36:32.982] [info] [Success Texture Info] Path: "./Assets/assets/backGround/coral_yellow.png"
[22:36:32.982] [info]  - DescriptorIndex: 23
[22:36:32.984] [info] [Success Texture Info] Path: "./Assets/assets/backGround/fish.png"
[22:36:32.984] [info]  - DescriptorIndex: 24
[22:36:32.990] [info] [Success Texture Info] Path: "./Assets/assets/backGround/flockFish.png"
[22:36:32.990] [info]  - DescriptorIndex: 25
[22:36:32.993] [info] [Success Texture Info] Path: "./Assets/assets/backGround/foam.png"
[22:36:32.993] [info]  - DescriptorIndex: 26
[22:36:32.996] [info] [Success Texture Info] Path: "./Assets/assets/backGround/lock.png"
[22:36:32.996] [info]  - DescriptorIndex: 27
[22:36:32.998] [info] [Success Texture Info] Path: "./Assets/assets/backGround/lock1.png"
[22:36:32.998] [info]  - DescriptorIndex: 28
[22:36:33.001] [info] [Success Texture Info] Path: "./Assets/assets/backGround/lock2.png"
[22:36:33.001] [info]  - DescriptorIndex: 29
[22:36:33.004] [info] [Success Texture Info] Path: "./Assets/assets/backGround/lock3.png"
[22:36:33.005] [info]  - DescriptorIndex: 30
[22:36:33.007] [info] [Success Texture Info] Path: "./Assets/assets/backGround/lock4.png"
[22:36:33.007] [info]  - DescriptorIndex: 31
[22:36:33.014] [info] [Success Texture Info] Path: "./Assets/assets/backGround/sand.png"
[22:36:33.014] [info]  - DescriptorIndex: 32
[22:36:33.016] [info] [Success Texture Info] Path: "./Assets/assets/backGround/seaBackGround1x1.png"
[22:36:33.016] [info]  - DescriptorIndex: 33
[22:36:33.018] [info] [Success Texture Info] Path: "./Assets/assets/backGround/seaweed.png"
[22:36:33.018] [info]  - DescriptorIndex: 34
[22:36:33.034] [info] [Success Texture Info] Path: "./Assets/assets/backGround/syurijyou.png"
[22:36:33.034] [info]  - DescriptorIndex: 35
[22:36:33.036] [info] [Success Texture Info] Path: "./Assets/assets/backGround/wave.png"
[22:36:33.036] [info]  - DescriptorIndex: 36
[22:36:33.038] [info] [Success Texture Info] Path: "./Assets/assets/BasicGauge.png"
[22:36:33.038] [info]  - DescriptorIndex: 37
[22:36:33.068] [info] [Success Texture Info] Path: "./Assets/assets/boss/castleCrab.png"
[22:36:33.068] [info]  - DescriptorIndex: 38
[22:36:33.093] [info] [Success Texture Info] Path: "./Assets/assets/boss/giantSquid.png"
[22:36:33.093] [info]  - DescriptorIndex: 39
[22:36:33.096] [info] [Success Texture Info] Path: "./Assets/assets/boss/giantSquid_arm.png"
[22:36:33.096] [info]  - DescriptorIndex: 40
[22:36:33.109] [info] [Success Texture Info] Path: "./Assets/assets/boss/giantSquid_HomingBullet.png"
[22:36:33.109] [info]  - DescriptorIndex: 41
[22:36:33.118] [info] [Success Texture Info] Path: "./Assets/assets/boss/giantSquid_jr.png"
[22:36:33.118] [info]  - DescriptorIndex: 42
[22:36:33.120] [info] [Success Texture Info] Path: "./Assets/assets/boss/inkBullet.png"
[22:36:33.120] [info]  - DescriptorIndex: 43
[22:36:33.128] [info] [Success Texture Info] Path: "./Assets/assets/boss/jellyfish.png"
[22:36:33.129] [info]  - DescriptorIndex: 44
[22:36:33.135] [info] [Success Texture Info] Path: "./Assets/assets/boss/jellyfishParticle.png"
[22:36:33.135] [info]  - DescriptorIndex: 45
[22:36:33.138] [info] [Success Texture Info] Path: "./Assets/assets/boss/laser.png"
[22:36:33.138] [info]  - DescriptorIndex: 46
[22:36:33.143] [info] [Success Texture Info] Path: "./Assets/assets/boss/laserCenter.png"
[22:36:33.143] [info]  - DescriptorIndex: 47
[22:36:33.145] [info] [Success Texture Info] Path: "./Assets/assets/boss/scissors.png"
[22:36:33.145] [info]  - DescriptorIndex: 48
[22:36:33.149] [info] [Success Texture Info] Path: "./Assets/assets/boss/spark.png"
[22:36:33.149] [info]  - DescriptorIndex: 49
[22:36:33.168] [info] [Success Texture Info] Path: "./Assets/assets/boss/texture_Circle_512px.png"
[22:36:33.169] [info]  - DescriptorIndex: 50
[22:36:33.191] [info] [Success Texture Info] Path: "./Assets/assets/boss/texture_Glare_512px.png"
[22:36:33.191] [info]  - DescriptorIndex: 51
[22:36:33.213] [info] [Success Texture Info] Path: "./Assets/assets/boss/texture_Halo_512px.png"
[22:36:33.213] [info]  - DescriptorIndex: 52
[22:36:33.215] [info] [Success Texture Info] Path: "./Assets/assets/boss/weakness.png"
[22:36:33.215] [info]  - DescriptorIndex: 53
[22:36:33.218] [info] [Success Texture Info] Path: "./Assets/assets/diceStar.png"
[22:36:33.218] [info]  - DescriptorIndex: 54
[22:36:33.220] [info] [Success Texture Info] Path: "./Assets/assets/enemy/jar.png"
[22:36:33.220] [info]  - DescriptorIndex: 55
[22:36:33.222] [info] [Success Texture Info] Path: "./Assets/assets/enemy/jar2.png"
[22:36:33.222] [info]  - DescriptorIndex: 56
[22:36:33.225] [info] [Success Texture Info] Path: "./Assets/assets/enemy/seaCattle.png"
[22:36:33.225] [info]  - DescriptorIndex: 57
[22:36:33.235] [info] [Success Texture Info] Path: "./Assets/assets/enemy/seaCow.png"
[22:36:33.235] [info]  - DescriptorIndex: 58
[22:36:33.244] [info] [Success Texture Info] Path: "./Assets/assets/enemy/seaCowParticle.png"
[22:36:33.244] [info]  - DescriptorIndex: 59
[22:36:33.246] [info] [Success Texture Info] Path: "./Assets/assets/enemy/spike.png"
[22:36:33.246] [info]  - DescriptorIndex: 60
[22:36:33.250] [info] [Success Texture Info] Path: "./Assets/assets/enemy/spikeFish.png"
[22:36:33.250] [info]  - DescriptorIndex: 61
[22:36:33.252] [info] [Success Texture Info] Path: "./Assets/assets/enemy/spikeFish_spike.png"
[22:36:33.252] [info]  - DescriptorIndex: 62
[22:36:33.254] [info] [Success Texture Info] Path: "./Assets/assets/enemy/surfaceOctopus.png"
[22:36:33.254] [info]  - DescriptorIndex: 63
[22:36:33.260] [info] [Success Texture Info] Path: "./Assets/assets/enemy/surfaceOctopusHeight.png"
[22:36:33.260] [info]  - DescriptorIndex: 64
[22:36:33.266] [info] [Success Texture Info] Path: "./Assets/assets/enemy/tatunomousigo.png"
[22:36:33.266] [info]  - DescriptorIndex: 65
[22:36:33.269] [info] [Success Texture Info] Path: "./Assets/assets/enemy/utsubo.png"
[22:36:33.269] [info]  - DescriptorIndex: 66
[22:36:33.273] [info] [Success Texture Info] Path: "./Assets/assets/enemy/utsuboParticle.png"
[22:36:33.273] [info]  - DescriptorIndex: 67
[22:36:33.275] [info] [Success Texture Info] Path: "./Assets/assets/exp.png"
[22:36:33.275] [info]  - DescriptorIndex: 68
[22:36:33.276] [info] [Success Texture Info] Path: "./Assets/assets/padBack.png"
[22:36:33.276] [info]  - DescriptorIndex: 69
[22:36:33.298] [info] [Success Texture Info] Path: "./Assets/assets/particle/circle.png"
[22:36:33.298] [info]  - DescriptorIndex: 70
[22:36:33.302] [info] [Success Texture Info] Path: "./Assets/assets/particle/floor.png"
[22:36:33.302] [info]  - DescriptorIndex: 71
[22:36:33.305] [info] [Success Texture Info] Path: "./Assets/assets/particle/spikeFishParticle.png"
[22:36:33.305] [info]  - DescriptorIndex: 72
[22:36:33.308] [info] [Success Texture Info] Path: "./Assets/assets/particle/triangle.png"
[22:36:33.308] [info]  - DescriptorIndex: 73
[22:36:33.310] [info] [Success Texture Info] Path: "./Assets/assets/player/egg.png"
[22:36:33.310] [info]  - DescriptorIndex: 74
[22:36:33.311] [info] [Success Texture Info] Path: "./Assets/assets/player/larva.png"
[22:36:33.312] [info]  - DescriptorIndex: 75
[22:36:33.314] [info] [Success Texture Info] Path: "./Assets/assets/player/larvaEgg.png"
[22:36:33.314] [info]  - DescriptorIndex: 76
[22:36:33.317] [info] [Success Texture Info] Path: "./Assets/assets/player/player.png"
[22:36:33.317] [info]  - DescriptorIndex: 77
[22:36:33.318] [info] [Success Texture Info] Path: "./Assets/assets/player/playerFace.png"
[22:36:33.318] [info]  - DescriptorIndex: 78
[22:36:33.320] [info] [Success Texture Info] Path: "./Assets/assets/player/playerFeet.png"
[22:36:33.320] [info]  - DescriptorIndex: 79
[22:36:33.322] [info] [Success Texture Info] Path: "./Assets/assets/player/playerHead.png"
[22:36:33.322] [info]  - DescriptorIndex: 80
[22:36:33.325] [info] [Success Texture Info] Path: "./Assets/assets/ring.png"
[22:36:33.325] [info]  - DescriptorIndex: 81
[22:36:33.434] [info] [Success Texture Info] Path: "./Assets/assets/smoke.png"
[22:36:33.434] [info]  - DescriptorIndex: 82
[22:36:33.464] [info] [Success Texture Info] Path: "./Assets/assets/title/titleUI.png"
[22:36:33.464] [info]  - DescriptorIndex: 83
[22:36:33.468] [info] [Success Texture Info] Path: "./Assets/assets/title/title_choiceOutline.png"
[22:36:33.468] [info]  - DescriptorIndex: 84
[22:36:33.473] [info] [Success Texture Info] Path: "./Assets/assets/title/title_endUI.png"
[22:36:33.473] [info]  - DescriptorIndex: 85
[22:36:33.477] [info] [Success Texture Info] Path: "./Assets/assets/title/title_optionUI.png"
[22:36:33.477] [info]  - DescriptorIndex: 86
[22:36:33.481] [info] [Success Texture Info] Path: "./Assets/assets/title/title_startUI.png"
[22:36:33.481] [info]  - DescriptorIndex: 87
[22:36:33.489] [info] [Success Texture Info] Path: "./Assets/assets/tortoise.png"
[22:36:33.489] [info]  - DescriptorIndex: 88
[22:36:33.493] [info] [Success Texture Info] Path: "./Assets/assets/waveGauge.png"
[22:36:33.493] [info]  - DescriptorIndex: 89
[22:36:33.494] [info] [Font Loader] Successfully loaded font: "./Assets/Fonts/x8y12pxTheStrongGamer.ttf"
[22:36:33.494] [info] [Font Loader] Successfully loaded font: "./Assets/Fonts/FiraMono-Regular_0.ttf"
[22:36:33.500] [info] [Font Loader] Successfully loaded font: "./Assets/Fonts/MPLUSRounded1c-Black.ttf"
[22:36:33.524] [info] [Success Texture Info] Path: "./Assets/Textures/circle.png"
[22:36:33.524] [info]  - DescriptorIndex: 90
[22:36:33.548] [info] [Success Texture Info] Path: "./Assets/Textures/GameClear/GameClearText.png"
[22:36:33.548] [info]  - DescriptorIndex: 91
[22:36:33.560] [info] [Success Texture Info] Path: "./Assets/Textures/GameClear/GameOverText.png"
[22:36:33.560] [info]  - DescriptorIndex: 92
[22:36:33.588] [info] [Success Texture Info] Path: "./Assets/Textures/gradation.png"
[22:36:33.589] [info]  - DescriptorIndex: 93
[22:36:33.617] [info] [Success Texture Info] Path: "./Assets/Textures/gradationLine.png"
[22:36:33.617] [info]  - DescriptorIndex: 94
[22:36:33.644] [info] [Success Texture Info] Path: "./Assets/Textures/noise.png"
[22:36:33.644] [info]  - DescriptorIndex: 95
[22:36:33.668] [info] [Success Texture Info] Path: "./Assets/Textures/ring.png"
[22:36:33.668] [info]  - DescriptorIndex: 96
[22:36:33.671] [info] [Success Texture Info] Path: "./Assets/Textures/seaweed.png"
[22:36:33.671] [info]  - DescriptorIndex: 97
[22:36:33.700] [info] [Success Texture Info] Path: "./Assets/Textures/smoke.png"
[22:36:33.701] [info]  - DescriptorIndex: 98
[22:36:33.727] [info] [Success Texture Info] Path: "./Assets/Textures/UI/checkpoint-restrat.png"
[22:36:33.727] [info]  - DescriptorIndex: 99
[22:36:33.755] [info] [Success Texture Info] Path: "./Assets/Textures/UI/exit-game.png"
[22:36:33.755] [info]  - DescriptorIndex: 100
[22:36:33.759] [info] [Success Texture Info] Path: "./Assets/Textures/UI/Gamepad/gamePad.png"
[22:36:33.759] [info]  - DescriptorIndex: 101
[22:36:33.761] [info] [Success Texture Info] Path: "./Assets/Textures/UI/Gamepad/padA.png"
[22:36:33.762] [info]  - DescriptorIndex: 102
[22:36:33.763] [info] [Success Texture Info] Path: "./Assets/Textures/UI/Gamepad/padShoulderL.png"
[22:36:33.764] [info]  - DescriptorIndex: 103
[22:36:33.765] [info] [Success Texture Info] Path: "./Assets/Textures/UI/Gamepad/padShoulderR.png"
[22:36:33.765] [info]  - DescriptorIndex: 104
[22:36:33.767] [info] [Success Texture Info] Path: "./Assets/Textures/UI/Gamepad/padStick.png"
[22:36:33.767] [info]  - DescriptorIndex: 105
[22:36:33.771] [info] [Success Texture Info] Path: "./Assets/Textures/UI/Keyboard/keyBoard.png"
[22:36:33.771] [info]  - DescriptorIndex: 106
[22:36:33.773] [info] [Success Texture Info] Path: "./Assets/Textures/UI/Keyboard/moveKey.png"
[22:36:33.773] [info]  - DescriptorIndex: 107
[22:36:33.776] [info] [Success Texture Info] Path: "./Assets/Textures/UI/Keyboard/shiftKey.png"
[22:36:33.776] [info]  - DescriptorIndex: 108
[22:36:33.778] [info] [Success Texture Info] Path: "./Assets/Textures/UI/Keyboard/spaceKey.png"
[22:36:33.778] [info]  - DescriptorIndex: 109
[22:36:33.780] [info] [Load] [AudioClip] - path:"./Assets/Sounds/bgm/gameover-bgm.mp3"
[22:36:33.800] [info] [Success Texture Info] Path: "./Assets/Textures/UI/main-menu.png"
[22:36:33.800] [info]  - DescriptorIndex: 110
[22:36:33.804] [info] [Success Texture Info] Path: "./Assets/Textures/UI/PlayerHPIcon.png"
[22:36:33.804] [info]  - DescriptorIndex: 111
[22:36:33.818] [info] [Success Texture Info] Path: "./Assets/Textures/UI/restart.png"
[22:36:33.818] [info]  - DescriptorIndex: 112
[22:36:33.833] [info] [Load] [AudioClip] - path:"./Assets/Sounds/bgm/boss-battle-bgm.mp3"
[22:36:33.841] [info] [Success Texture Info] Path: "./Assets/Textures/UI/Resume.png"
[22:36:33.841] [info]  - DescriptorIndex: 113
[22:36:33.847] [info] [Success Texture Info] Path: "./Assets/Textures/UI/TriggerKey.png"
[22:36:33.847] [info]  - DescriptorIndex: 114
[22:36:33.848] [info] [Load] [AudioClip] - path:"./Assets/Sounds/bgm/gameclear-bgm.mp3"
[22:36:33.852] [info] [Load] [AudioClip] - path:"./Assets/Sounds/pause-ui-select.mp3"
[22:36:33.853] [info] [Success Texture Info] Path: "./Assets/Textures/Vignette.png"
[22:36:33.853] [info]  - DescriptorIndex: 115
[22:36:33.858] [info] [Load] [AudioClip] - path:"./Assets/Sounds/se/PlayerAttackSE.mp3"
[22:36:33.870] [info] [Load] [AudioClip] - path:"./Assets/Sounds/se/PlayerDamagedSE.mp3"
[22:36:33.874] [info] [Load] [AudioClip] - path:"./Assets/Sounds/se/PlayerDashSE.mp3"
[22:36:33.875] [info] [Load] [AudioClip] - path:"./Assets/Sounds/se/PlayerShotSE.mp3"
[22:36:33.996] [info] [Load] [AudioClip] - path:"./Assets/Sounds/bgm/game-bgm.mp3"
[22:36:34.082] [info] [Load] [AudioClip] - path:"./Assets/Sounds/bgm/title-bgm.mp3"
[22:36:34.098] [info] dx depth stencil create success!!
[22:36:34.106] [info] dx depth stencil create success!!
[22:36:34.115] [info] dx depth stencil create success!!
[22:36:34.123] [info] dx depth stencil create success!!
[22:36:34.138] [info] [Load Resource] type:Shader, path:"Packages/Shader/Render/CopyImage/CopyImage.vs.hlsl", profile:"vs_6_0"
[22:36:34.145] [info] [Load Resource] type:Shader, path:"Packages/Shader/Render/CopyImage/CopyImage.ps.hlsl", profile:"ps_6_0"
[22:36:34.183] [info] dx swap chain create success!!
[22:36:34.189] [info] [Mono] Building C# project...
[22:36:35.907] [info] [Mono] C# project built successfully.
[22:36:35.907] [info] [Mono] Non-Debug Mode: Debugger Disabled (suspend=n)
[22:36:35.907] [info] Mono version: 6.12.0 (Visual Studio built mono)
[22:36:35.928] [info] Latest DLL found: ./Packages/Scripts\CSharpLibrary_20260723_223635.dll (Last Modified: 2026-07-23 22:34:24)
[22:36:35.928] [info] [Mono] LoadAssemblyWithSymbols started for: C:\Users\k023g\Desktop\TD4-2\Project\Packages\Scripts\CSharpLibrary_20260723_223635.dll
[22:36:35.929] [info] [Mono]   DLL last modified: 2026-07-23 22:34:24
[22:36:35.931] [info] [Mono] LoadAssembly: Copied DLL to logical path: ./Packages/Scripts/CSharpLibrary.dll
[22:36:35.932] [info] [Mono] LoadAssembly: Copied PDB to logical path: ./Packages/Scripts/CSharpLibrary.pdb
[22:36:36.055] [info] [JIT_DEBUG] TextRenderer MonoClass pointer: 0x29797f29798
[22:36:36.055] [info] [JIT_DEBUG] sizeof(TextBatch) = 124
[22:36:36.056] [info] [JIT_DEBUG] sizeof(SpriteBatch) = 80
[22:36:36.056] [info] [JIT_DEBUG] Registered TextRenderer in maps successfully.
[22:36:36.459] [info] [SOURCE_DETECTOR] Engine creating Entity (Internal)
[22:36:36.460] [info] [CPP ECS] FromJson - Adding component 'CameraComponent' to entity 'TitleCamera'
[22:36:36.460] [info] [CPP ECS] FromJson - Adding component 'Transform' to entity 'TitleCamera'
[22:36:36.460] [info] [CPP ECS] FromJson - Adding component 'Variables' to entity 'TitleCamera'
[22:36:36.460] [info] [CPP ECS] FromJson - Adding component 'Script' to entity 'TitleCamera'
[22:36:36.460] [info] [CPP ECS] FromJson - Adding component 'ScreenPostEffectTag' to entity 'TitleCamera'
[22:36:36.460] [info] [CPP ECS] FromJson - Adding component 'BoxCollider2D' to entity 'TitleCamera'
[22:36:36.460] [info] [CPP ECS] FromJson - Adding component 'ScreenPostEffectTag' to entity 'TitleCamera'
[22:36:36.461] [info] [SOURCE_DETECTOR] Engine creating Entity (Internal)
[22:36:36.461] [info] [CPP ECS] FromJson - Adding component 'Transform' to entity 'TitleSprite'
[22:36:36.461] [info] [CPP ECS] FromJson - Adding component 'Variables' to entity 'TitleSprite'
[22:36:36.461] [info] [CPP ECS] FromJson - Adding component 'SpriteRenderer' to entity 'TitleSprite'
[22:36:36.461] [info] [SOURCE_DETECTOR] Engine creating Entity (Internal)
[22:36:36.461] [info] [CPP ECS] FromJson - Adding component 'Transform' to entity 'TitleMenu'
[22:36:36.461] [info] [CPP ECS] FromJson - Adding component 'Variables' to entity 'TitleMenu'
[22:36:36.462] [info] [SOURCE_DETECTOR] Engine creating Entity (Internal)
[22:36:36.462] [info] [CPP ECS] FromJson - Adding component 'Transform' to entity 'seaweed'
[22:36:36.462] [info] [CPP ECS] FromJson - Adding component 'Variables' to entity 'seaweed'
[22:36:36.462] [info] [CPP ECS] FromJson - Adding component 'SpriteRenderer' to entity 'seaweed'
[22:36:36.462] [info] [CPP ECS] FromJson - Adding component 'Script' to entity 'seaweed'
[22:36:36.462] [info] [CPP ECS] FromJson - Adding component 'Transform' to entity 'seaweed'
[22:36:36.462] [info] [SOURCE_DETECTOR] Engine creating Entity (Internal)
[22:36:36.462] [info] [CPP ECS] FromJson - Adding component 'Transform' to entity 'sand'
[22:36:36.463] [info] [CPP ECS] FromJson - Adding component 'Variables' to entity 'sand'
[22:36:36.463] [info] [CPP ECS] FromJson - Adding component 'SpriteRenderer' to entity 'sand'
[22:36:36.463] [info] [CPP ECS] FromJson - Adding component 'Transform' to entity 'sand'
[22:36:36.463] [info] [SOURCE_DETECTOR] Engine creating Entity (Internal)
[22:36:36.463] [info] [CPP ECS] FromJson - Adding component 'Transform' to entity 'sand'
[22:36:36.463] [info] [CPP ECS] FromJson - Adding component 'Variables' to entity 'sand'
[22:36:36.463] [info] [CPP ECS] FromJson - Adding component 'SpriteRenderer' to entity 'sand'
[22:36:36.463] [info] [SOURCE_DETECTOR] Engine creating Entity (Internal)
[22:36:36.464] [info] [CPP ECS] FromJson - Adding component 'Transform' to entity 'sand'
[22:36:36.464] [info] [CPP ECS] FromJson - Adding component 'Variables' to entity 'sand'
[22:36:36.464] [info] [CPP ECS] FromJson - Adding component 'SpriteRenderer' to entity 'sand'
[22:36:36.464] [info] [SOURCE_DETECTOR] Engine creating Entity (Internal)
[22:36:36.464] [info] [CPP ECS] FromJson - Adding component 'Transform' to entity 'seaweed'
[22:36:36.464] [info] [CPP ECS] FromJson - Adding component 'Variables' to entity 'seaweed'
[22:36:36.464] [info] [CPP ECS] FromJson - Adding component 'SpriteRenderer' to entity 'seaweed'
[22:36:36.464] [info] [CPP ECS] FromJson - Adding component 'Script' to entity 'seaweed'
[22:36:36.465] [info] [SOURCE_DETECTOR] Engine creating Entity (Internal)
[22:36:36.465] [info] [CPP ECS] FromJson - Adding component 'Transform' to entity 'farFishParticle'
[22:36:36.465] [info] [CPP ECS] FromJson - Adding component 'Variables' to entity 'farFishParticle'
[22:36:36.465] [info] [CPP ECS] FromJson - Adding component 'ParticleSystem2D' to entity 'farFishParticle'
[22:36:36.465] [info] [CPP ECS] FromJson - Adding component 'Transform' to entity 'farFishParticle'
[22:36:36.465] [info] [CPP ECS] FromJson - Adding component 'ParticleSystem2D' to entity 'farFishParticle'
[22:36:36.465] [info] [SOURCE_DETECTOR] Engine creating Entity (Internal)
[22:36:36.466] [info] [CPP ECS] FromJson - Adding component 'Transform' to entity 'nearFishParticle'
[22:36:36.466] [info] [CPP ECS] FromJson - Adding component 'Variables' to entity 'nearFishParticle'
[22:36:36.466] [info] [CPP ECS] FromJson - Adding component 'ParticleSystem2D' to entity 'nearFishParticle'
[22:36:36.466] [info] [CPP ECS] FromJson - Adding component 'Transform' to entity 'nearFishParticle'
[22:36:36.466] [info] [CPP ECS] FromJson - Adding component 'ParticleSystem2D' to entity 'nearFishParticle'
[22:36:36.466] [info] [SOURCE_DETECTOR] Engine creating Entity (Internal)
[22:36:36.466] [info] [CPP ECS] FromJson - Adding component 'Transform' to entity 'foamParticle'
[22:36:36.467] [info] [CPP ECS] FromJson - Adding component 'Variables' to entity 'foamParticle'
[22:36:36.467] [info] [CPP ECS] FromJson - Adding component 'ParticleSystem2D' to entity 'foamParticle'
[22:36:36.467] [info] [CPP ECS] FromJson - Adding component 'ParticleSystem2D' to entity 'foamParticle'
[22:36:36.467] [info] [SOURCE_DETECTOR] Engine creating Entity (Internal)
[22:36:36.467] [info] [CPP ECS] FromJson - Adding component 'Transform' to entity 'lock'
[22:36:36.467] [info] [CPP ECS] FromJson - Adding component 'Variables' to entity 'lock'
[22:36:36.468] [info] [CPP ECS] FromJson - Adding component 'SpriteRenderer' to entity 'lock'
[22:36:36.468] [info] [SOURCE_DETECTOR] Engine creating Entity (Internal)
[22:36:36.468] [info] [CPP ECS] FromJson - Adding component 'Transform' to entity 'lock'
[22:36:36.468] [info] [CPP ECS] FromJson - Adding component 'Variables' to entity 'lock'
[22:36:36.468] [info] [CPP ECS] FromJson - Adding component 'SpriteRenderer' to entity 'lock'
[22:36:36.468] [info] [CPP ECS] FromJson - Adding component 'Transform' to entity 'lock'
[22:36:36.468] [info] [CPP ECS] FromJson - Adding component 'SpriteRenderer' to entity 'lock'
[22:36:36.468] [info] [SOURCE_DETECTOR] Engine creating Entity (Internal)
[22:36:36.468] [info] [CPP ECS] FromJson - Adding component 'Transform' to entity 'lock'
[22:36:36.469] [info] [CPP ECS] FromJson - Adding component 'Variables' to entity 'lock'
[22:36:36.469] [info] [CPP ECS] FromJson - Adding component 'SpriteRenderer' to entity 'lock'
[22:36:36.469] [info] [SOURCE_DETECTOR] Engine creating Entity (Internal)
[22:36:36.469] [info] [CPP ECS] FromJson - Adding component 'Transform' to entity 'lock'
[22:36:36.469] [info] [CPP ECS] FromJson - Adding component 'Variables' to entity 'lock'
[22:36:36.469] [info] [CPP ECS] FromJson - Adding component 'SpriteRenderer' to entity 'lock'
[22:36:36.469] [info] [SOURCE_DETECTOR] Engine creating Entity (Internal)
[22:36:36.469] [info] [CPP ECS] FromJson - Adding component 'Transform' to entity 'lock'
[22:36:36.470] [info] [CPP ECS] FromJson - Adding component 'Variables' to entity 'lock'
[22:36:36.470] [info] [CPP ECS] FromJson - Adding component 'SpriteRenderer' to entity 'lock'
[22:36:36.470] [info] [SOURCE_DETECTOR] Engine creating Entity (Internal)
[22:36:36.470] [info] [CPP ECS] FromJson - Adding component 'Transform' to entity 'seaweed'
[22:36:36.470] [info] [CPP ECS] FromJson - Adding component 'Variables' to entity 'seaweed'
[22:36:36.470] [info] [CPP ECS] FromJson - Adding component 'SpriteRenderer' to entity 'seaweed'
[22:36:36.470] [info] [CPP ECS] FromJson - Adding component 'Script' to entity 'seaweed'
[22:36:36.471] [info] [SOURCE_DETECTOR] Engine creating Entity (Internal)
[22:36:36.471] [info] [CPP ECS] FromJson - Adding component 'Transform' to entity 'seaweed'
[22:36:36.471] [info] [CPP ECS] FromJson - Adding component 'Variables' to entity 'seaweed'
[22:36:36.471] [info] [CPP ECS] FromJson - Adding component 'SpriteRenderer' to entity 'seaweed'
[22:36:36.471] [info] [CPP ECS] FromJson - Adding component 'Script' to entity 'seaweed'
[22:36:36.471] [info] [SOURCE_DETECTOR] Engine creating Entity (Internal)
[22:36:36.471] [info] [CPP ECS] FromJson - Adding component 'Transform' to entity 'seaweed'
[22:36:36.471] [info] [CPP ECS] FromJson - Adding component 'Variables' to entity 'seaweed'
[22:36:36.471] [info] [CPP ECS] FromJson - Adding component 'SpriteRenderer' to entity 'seaweed'
[22:36:36.472] [info] [CPP ECS] FromJson - Adding component 'Script' to entity 'seaweed'
[22:36:36.472] [info] [SOURCE_DETECTOR] Engine creating Entity (Internal)
[22:36:36.472] [info] [CPP ECS] FromJson - Adding component 'Transform' to entity 'seaweed'
[22:36:36.472] [info] [CPP ECS] FromJson - Adding component 'Variables' to entity 'seaweed'
[22:36:36.472] [info] [CPP ECS] FromJson - Adding component 'SpriteRenderer' to entity 'seaweed'
[22:36:36.472] [info] [CPP ECS] FromJson - Adding component 'Script' to entity 'seaweed'
[22:36:36.472] [info] [SOURCE_DETECTOR] Engine creating Entity (Internal)
[22:36:36.472] [info] [CPP ECS] FromJson - Adding component 'Transform' to entity 'coral'
[22:36:36.473] [info] [CPP ECS] FromJson - Adding component 'Variables' to entity 'coral'
[22:36:36.473] [info] [CPP ECS] FromJson - Adding component 'SpriteRenderer' to entity 'coral'
[22:36:36.473] [info] [CPP ECS] FromJson - Adding component 'Transform' to entity 'coral'
[22:36:36.473] [info] [CPP ECS] FromJson - Adding component 'SpriteRenderer' to entity 'coral'
[22:36:36.473] [info] [SOURCE_DETECTOR] Engine creating Entity (Internal)
[22:36:36.473] [info] [CPP ECS] FromJson - Adding component 'Transform' to entity 'coral'
[22:36:36.473] [info] [CPP ECS] FromJson - Adding component 'Variables' to entity 'coral'
[22:36:36.473] [info] [CPP ECS] FromJson - Adding component 'SpriteRenderer' to entity 'coral'
[22:36:36.474] [info] [SOURCE_DETECTOR] Engine creating Entity (Internal)
[22:36:36.474] [info] [CPP ECS] FromJson - Adding component 'Transform' to entity 'coral'
[22:36:36.474] [info] [CPP ECS] FromJson - Adding component 'Variables' to entity 'coral'
[22:36:36.474] [info] [CPP ECS] FromJson - Adding component 'SpriteRenderer' to entity 'coral'
[22:36:36.474] [info] [SOURCE_DETECTOR] Engine creating Entity (Internal)
[22:36:36.474] [info] [CPP ECS] FromJson - Adding component 'Transform' to entity 'coral'
[22:36:36.474] [info] [CPP ECS] FromJson - Adding component 'Variables' to entity 'coral'
[22:36:36.474] [info] [CPP ECS] FromJson - Adding component 'SpriteRenderer' to entity 'coral'
[22:36:36.475] [info] [SOURCE_DETECTOR] Engine creating Entity (Internal)
[22:36:36.475] [info] [CPP ECS] FromJson - Adding component 'Transform' to entity 'lock'
[22:36:36.475] [info] [CPP ECS] FromJson - Adding component 'Variables' to entity 'lock'
[22:36:36.475] [info] [CPP ECS] FromJson - Adding component 'SpriteRenderer' to entity 'lock'
[22:36:36.475] [info] [SOURCE_DETECTOR] Engine creating Entity (Internal)
[22:36:36.475] [info] [CPP ECS] FromJson - Adding component 'Transform' to entity 'seaweed'
[22:36:36.475] [info] [CPP ECS] FromJson - Adding component 'Variables' to entity 'seaweed'
[22:36:36.475] [info] [CPP ECS] FromJson - Adding component 'SpriteRenderer' to entity 'seaweed'
[22:36:36.476] [info] [CPP ECS] FromJson - Adding component 'Script' to entity 'seaweed'
[22:36:36.476] [info] [SOURCE_DETECTOR] Engine creating Entity (Internal)
[22:36:36.476] [info] [CPP ECS] FromJson - Adding component 'Transform' to entity 'Group_0'
[22:36:36.476] [info] [CPP ECS] FromJson - Adding component 'Variables' to entity 'Group_0'
[22:36:36.476] [info] [CPP ECS] FromJson - Adding component 'UIGroupComponent' to entity 'Group_0'
[22:36:36.476] [info] [SOURCE_DETECTOR] Engine creating Entity (Internal)
[22:36:36.476] [info] [CPP ECS] FromJson - Adding component 'UIElementComponent' to entity 'Element_1'
[22:36:36.476] [info] [CPP ECS] FromJson - Adding component 'Transform' to entity 'Element_1'
[22:36:36.477] [info] [CPP ECS] FromJson - Adding component 'Variables' to entity 'Element_1'
[22:36:36.477] [info] [CPP ECS] FromJson - Adding component 'SpriteRenderer' to entity 'Element_1'
[22:36:36.477] [info] [CPP ECS] FromJson - Adding component 'Script' to entity 'Element_1'
[22:36:36.477] [info] [CPP ECS] FromJson - Adding component 'UILinkNavigationComponent' to entity 'Element_1'
[22:36:36.477] [info] [CPP ECS] FromJson - Adding component 'TextRenderer' to entity 'Element_1'
[22:36:36.478] [info] [SOURCE_DETECTOR] Engine creating Entity (Internal)
[22:36:36.478] [info] [CPP ECS] FromJson - Adding component 'UIElementComponent' to entity 'Element_3'
[22:36:36.478] [info] [CPP ECS] FromJson - Adding component 'Transform' to entity 'Element_3'
[22:36:36.478] [info] [CPP ECS] FromJson - Adding component 'Variables' to entity 'Element_3'
[22:36:36.478] [info] [CPP ECS] FromJson - Adding component 'SpriteRenderer' to entity 'Element_3'
[22:36:36.478] [info] [CPP ECS] FromJson - Adding component 'Script' to entity 'Element_3'
[22:36:36.478] [info] [CPP ECS] FromJson - Adding component 'UILinkNavigationComponent' to entity 'Element_3'
[22:36:36.478] [info] [CPP ECS] FromJson - Adding component 'TextRenderer' to entity 'Element_3'
[22:36:36.479] [info] [SOURCE_DETECTOR] Engine creating Entity (Internal)
[22:36:36.479] [info] [CPP ECS] FromJson - Adding component 'BGMPlayer' to entity 'BGMPlayer'
[22:36:36.479] [info] [CPP ECS] FromJson - Adding component 'Transform' to entity 'BGMPlayer'
[22:36:36.479] [info] [CPP ECS] FromJson - Adding component 'Variables' to entity 'BGMPlayer'
[22:36:36.511] [info] Successfully synced initial components to C# for group: TitleScene
[22:36:36.512] [info] [SOURCE_DETECTOR] Engine creating Entity (Internal)
[22:36:36.512] [info] [CPP ECS] FromJson - Adding component 'CameraComponent' to entity 'DebugCamera'
[22:36:36.512] [info] [CPP ECS] FromJson - Adding component 'Transform' to entity 'DebugCamera'
[22:36:36.512] [info] [CPP ECS] FromJson - Adding component 'Variables' to entity 'DebugCamera'
[22:36:36.512] [info] [CPP ECS] FromJson - Adding component 'Script' to entity 'DebugCamera'
[22:36:36.513] [info] [SOURCE_DETECTOR] Engine creating Entity (Internal)
[22:36:36.513] [info] [CPP ECS] FromJson - Adding component 'CameraComponent' to entity '2DCamera'
[22:36:36.513] [info] [CPP ECS] FromJson - Adding component 'Transform' to entity '2DCamera'
[22:36:36.513] [info] [CPP ECS] FromJson - Adding component 'Variables' to entity '2DCamera'
[22:36:36.513] [info] [CPP ECS] FromJson - Adding component 'Script' to entity '2DCamera'
[22:36:36.514] [info] Successfully synced initial components to C# for group: Debug
[22:36:36.521] [info] [Load Resource] type:Shader, path:"./Packages/Shader/Editor/GameEntityPicking.cs.hlsl", profile:"cs_6_6"
[22:36:36.523] [warning] ECSGroup with name 'GameScene' not found.
[22:36:36.523] [info] ################################################################################
[22:36:36.523] [info] #
[22:36:36.523] [info] # Initialization completed in 5664 ms
[22:36:36.523] [info] #
[22:36:36.523] [info] ################################################################################
[22:36:36.540] [info] [MonoDbg] AddEntityToScript - Instantiating and adding script: DebugCamera2D to Entity ID: 2
[22:36:36.548] [info] [SetScriptVars] OK setting fields for: DebugCamera2D
[22:36:36.548] [info] [MonoDbg] AddEntityToScript - Syncing serialized fields for script: DebugCamera2D
[22:36:36.548] [info] [SetScriptVars] OK setting fields for: DebugCamera2D
[22:36:36.572] [info] [UI Hierarchy] Resolved element 'Element_1' parent group via GUID: 'Group_0'
[22:36:36.572] [info] [UI Hierarchy] Resolved element 'Element_3' parent group via GUID: 'Group_0'
[22:36:36.572] [info] [UI Hierarchy] Resolved currentSelected: 'Element_1' (GUID: 71ca9a0b4bebe31173d10f94522fe53b) for Group 'Group_0'
[22:36:36.572] [info] Script GameStart enable set to 1
[22:36:36.572] [info] Script ExitGame enable set to 1
[22:36:36.573] [info] [UI Hierarchy] Guessing prefab name from root entity name: 'TitleMenu' -> 'TitleMenu.prefab'
[22:36:36.575] [info] [MonoDbg] AddEntityToScript - Instantiating and adding script: CameraShake to Entity ID: 1
[22:36:36.575] [info] [SetScriptVars] OK setting fields for: CameraShake
[22:36:36.575] [info] [MonoDbg] AddEntityToScript - Syncing serialized fields for script: CameraShake
[22:36:36.575] [info] [SetScriptVars] OK setting fields for: CameraShake
[22:36:36.576] [info] [MonoDbg] AddEntityToScript - Instantiating and adding script: PlayerFollowCamera to Entity ID: 1
[22:36:36.576] [info] [SetScriptVars] OK setting fields for: PlayerFollowCamera
[22:36:36.576] [info] [MonoDbg] AddEntityToScript - Syncing serialized fields for script: PlayerFollowCamera
[22:36:36.576] [info] [SetScriptVars] OK setting fields for: PlayerFollowCamera
[22:36:36.577] [info] [MonoDbg] AddEntityToScript - Instantiating and adding script: ContactZoomSource to Entity ID: 1
[22:36:36.577] [info] [SetScriptVars] OK setting fields for: ContactZoomSource
[22:36:36.577] [info] [MonoDbg] AddEntityToScript - Syncing serialized fields for script: ContactZoomSource
[22:36:36.577] [info] [SetScriptVars] OK setting fields for: ContactZoomSource
[22:36:36.578] [info] [MonoDbg] AddEntityToScript - Instantiating and adding script: DashZoomSource to Entity ID: 1
[22:36:36.578] [info] [SetScriptVars] OK setting fields for: DashZoomSource
[22:36:36.578] [info] [MonoDbg] AddEntityToScript - Syncing serialized fields for script: DashZoomSource
[22:36:36.578] [info] [SetScriptVars] OK setting fields for: DashZoomSource
[22:36:36.578] [info] [MonoDbg] AddEntityToScript - Instantiating and adding script: SpriteAnimation to Entity ID: 4
[22:36:36.579] [info] [SetScriptVars] OK setting fields for: SpriteAnimation
[22:36:36.579] [info] [MonoDbg] AddEntityToScript - Syncing serialized fields for script: SpriteAnimation
[22:36:36.579] [info] [SetScriptVars] OK setting fields for: SpriteAnimation
[22:36:36.579] [info] [MonoDbg] AddEntityToScript - Instantiating and adding script: SpriteAnimation to Entity ID: 8
[22:36:36.579] [info] [SetScriptVars] OK setting fields for: SpriteAnimation
[22:36:36.579] [info] [MonoDbg] AddEntityToScript - Syncing serialized fields for script: SpriteAnimation
[22:36:36.579] [info] [SetScriptVars] OK setting fields for: SpriteAnimation
[22:36:36.580] [info] [MonoDbg] AddEntityToScript - Instantiating and adding script: SpriteAnimation to Entity ID: 17
[22:36:36.580] [info] [SetScriptVars] OK setting fields for: SpriteAnimation
[22:36:36.580] [info] [MonoDbg] AddEntityToScript - Syncing serialized fields for script: SpriteAnimation
[22:36:36.580] [info] [SetScriptVars] OK setting fields for: SpriteAnimation
[22:36:36.580] [info] [MonoDbg] AddEntityToScript - Instantiating and adding script: SpriteAnimation to Entity ID: 18
[22:36:36.580] [info] [SetScriptVars] OK setting fields for: SpriteAnimation
[22:36:36.581] [info] [MonoDbg] AddEntityToScript - Syncing serialized fields for script: SpriteAnimation
[22:36:36.581] [info] [SetScriptVars] OK setting fields for: SpriteAnimation
[22:36:36.581] [info] [MonoDbg] AddEntityToScript - Instantiating and adding script: SpriteAnimation to Entity ID: 19
[22:36:36.581] [info] [SetScriptVars] OK setting fields for: SpriteAnimation
[22:36:36.581] [info] [MonoDbg] AddEntityToScript - Syncing serialized fields for script: SpriteAnimation
[22:36:36.581] [info] [SetScriptVars] OK setting fields for: SpriteAnimation
[22:36:36.581] [info] [MonoDbg] AddEntityToScript - Instantiating and adding script: SpriteAnimation to Entity ID: 20
[22:36:36.581] [info] [SetScriptVars] OK setting fields for: SpriteAnimation
[22:36:36.582] [info] [MonoDbg] AddEntityToScript - Syncing serialized fields for script: SpriteAnimation
[22:36:36.582] [info] [SetScriptVars] OK setting fields for: SpriteAnimation
[22:36:36.582] [info] [MonoDbg] AddEntityToScript - Instantiating and adding script: SpriteAnimation to Entity ID: 26
[22:36:36.582] [info] [SetScriptVars] OK setting fields for: SpriteAnimation
[22:36:36.582] [info] [MonoDbg] AddEntityToScript - Syncing serialized fields for script: SpriteAnimation
[22:36:36.582] [info] [SetScriptVars] OK setting fields for: SpriteAnimation
[22:36:36.583] [info] [MonoDbg] AddEntityToScript - Instantiating and adding script: GameStart to Entity ID: 28
[22:36:36.583] [info] [SetScriptVars] OK setting fields for: GameStart
[22:36:36.583] [info] [MonoDbg] AddEntityToScript - Syncing serialized fields for script: GameStart
[22:36:36.583] [info] [SetScriptVars] OK setting fields for: GameStart
[22:36:36.583] [info] [MonoDbg] AddEntityToScript - Instantiating and adding script: ExitGame to Entity ID: 29
[22:36:36.584] [info] [SetScriptVars] OK setting fields for: ExitGame
[22:36:36.584] [info] [MonoDbg] AddEntityToScript - Syncing serialized fields for script: ExitGame
[22:36:36.584] [info] [SetScriptVars] OK setting fields for: ExitGame
[22:36:36.601] [info] [UI Hierarchy] Guessing prefab name from root entity name: 'TitleMenu' -> 'TitleMenu.prefab'
[22:36:36.601] [info] [UI Navigation] Group 'Group_0' gained focus. Initial selection: 'Element_1' (GUID: 71ca9a0b4bebe31173d10f94522fe53b)
[22:36:36.601] [info] [UI Navigation] Focus Change: Group='Group_0', OldSelected='None', NewSelected='Element_1'
[22:36:36.601] [info] [UI Navigation]   -> Calling OnSelect() on 'Element_1' (Script: 'GameStart')
[22:36:36.664] [info] dx depth stencil create success!!
[22:36:36.676] [info] [RenderingFramework] Drawing group: TitleScene | Index: 0 | groupRenderTex: 2852379674624 | colorResource: 2852379592640 | ClearColor: (0.100000, 0.250000, 0.500000, 1.000000)
[22:36:36.677] [info] [RenderingCollection] DrawEntities2D executing. Group: TitleScene Camera: 2852356850240
[22:36:36.677] [info] [SpritePipeline] Drawing 21 sorted sprites.
[22:36:36.678] [info] [RenderingCollection] ExecutePostProcess3D for scene: ./Assets/Scene/RenderTexture/TitleScene
[22:36:36.678] [info] [Engine] CopyResource: Copying to resource at 2852379592640
[22:36:36.678] [info] [Engine] CopyResource: Copying to resource at 2852379592640
[22:36:36.678] [info] [Engine] CopyResource: Copying to resource at 2852379592640
[22:36:36.679] [info] [Engine] CopyResource: Copying to resource at 2852379592640
[22:36:36.679] [info] [RenderingCollection] ExecutePostProcessScreen for scene: ./Assets/Scene/RenderTexture/TitleScene
[22:36:36.679] [info] [WaterCaustics] Execution started successfully. Group=TitleScene, TextureName=./Assets/Scene/RenderTexture/TitleScene
[22:36:36.679] [info] [Engine] CopyResource: Copying to resource at 2852379592640
[22:36:36.679] [info] [WaterDepthFog] Execution started successfully. Group=TitleScene, TextureName=./Assets/Scene/RenderTexture/TitleScene
[22:36:36.679] [info] [Engine] CopyResource: Copying to resource at 2852379592640
[22:36:36.679] [info] [WaterColorGrading] Execution started successfully. Group=TitleScene, TextureName=./Assets/Scene/RenderTexture/TitleScene
[22:36:36.679] [info] [Engine] CopyResource: Copying to resource at 2852379592640
[22:36:36.680] [info] [WaterDistortion] Execution started successfully. Group=TitleScene, TextureName=./Assets/Scene/RenderTexture/TitleScene
[22:36:36.680] [info] [Engine] CopyResource: Copying to resource at 2852379592640
[22:36:36.680] [info] [Engine] CopyResource: Copying to resource at 2852379592640
[22:36:36.774] [info] [UI Hierarchy] Guessing prefab name from root entity name: 'TitleMenu' -> 'TitleMenu.prefab'
[22:36:36.776] [info] [UI Hierarchy] Guessing prefab name from root entity name: 'TitleMenu' -> 'TitleMenu.prefab'
[22:36:36.776] [info] [RenderingCollection] DrawEntities2D executing. Group: TitleScene Camera: 2852356850240
[22:36:36.776] [info] [SpritePipeline] Drawing 21 sorted sprites.
[22:36:36.777] [info] [RenderingCollection] ExecutePostProcess3D for scene: ./Assets/Scene/RenderTexture/TitleScene
[22:36:36.777] [info] [Engine] CopyResource: Copying to resource at 2852379592640
[22:36:36.777] [info] [RenderingCollection] ExecutePostProcessScreen for scene: ./Assets/Scene/RenderTexture/TitleScene
[22:36:36.830] [info] [UI Hierarchy] Guessing prefab name from root entity name: 'TitleMenu' -> 'TitleMenu.prefab'
[22:36:36.830] [info] [UI Hierarchy] Guessing prefab name from root entity name: 'TitleMenu' -> 'TitleMenu.prefab'
[22:36:36.831] [info] [RenderingCollection] DrawEntities2D executing. Group: TitleScene Camera: 2852356850240
[22:36:36.831] [info] [SpritePipeline] Drawing 21 sorted sprites.
[22:36:36.831] [info] [RenderingCollection] ExecutePostProcess3D for scene: ./Assets/Scene/RenderTexture/TitleScene
[22:36:36.831] [info] [RenderingCollection] ExecutePostProcessScreen for scene: ./Assets/Scene/RenderTexture/TitleScene
[22:36:36.873] [info] [UI Hierarchy] Guessing prefab name from root entity name: 'TitleMenu' -> 'TitleMenu.prefab'
[22:36:36.874] [info] [UI Hierarchy] Guessing prefab name from root entity name: 'TitleMenu' -> 'TitleMenu.prefab'
[22:36:36.874] [info] [RenderingCollection] DrawEntities2D executing. Group: TitleScene Camera: 2852356850240
[22:36:36.874] [info] [SpritePipeline] Drawing 21 sorted sprites.
[22:36:36.875] [info] [RenderingCollection] ExecutePostProcess3D for scene: ./Assets/Scene/RenderTexture/TitleScene
[22:36:36.875] [info] [RenderingCollection] ExecutePostProcessScreen for scene: ./Assets/Scene/RenderTexture/TitleScene
[22:36:36.915] [info] [UI Hierarchy] Guessing prefab name from root entity name: 'TitleMenu' -> 'TitleMenu.prefab'
[22:36:36.916] [info] [UI Hierarchy] Guessing prefab name from root entity name: 'TitleMenu' -> 'TitleMenu.prefab'
[22:36:36.916] [info] [RenderingCollection] DrawEntities2D executing. Group: TitleScene Camera: 2852356850240
[22:36:36.916] [info] [SpritePipeline] Drawing 21 sorted sprites.
[22:36:36.916] [info] [RenderingCollection] ExecutePostProcess3D for scene: ./Assets/Scene/RenderTexture/TitleScene
[22:36:36.917] [info] [RenderingCollection] ExecutePostProcessScreen for scene: ./Assets/Scene/RenderTexture/TitleScene
[22:36:36.956] [info] [UI Hierarchy] Guessing prefab name from root entity name: 'TitleMenu' -> 'TitleMenu.prefab'
[22:36:36.957] [info] [UI Hierarchy] Guessing prefab name from root entity name: 'TitleMenu' -> 'TitleMenu.prefab'
[22:36:36.957] [info] [RenderingCollection] DrawEntities2D executing. Group: TitleScene Camera: 2852356850240
[22:36:36.957] [info] [SpritePipeline] Drawing 21 sorted sprites.
[22:36:36.957] [info] [RenderingCollection] ExecutePostProcess3D for scene: ./Assets/Scene/RenderTexture/TitleScene
[22:36:36.958] [info] [RenderingCollection] ExecutePostProcessScreen for scene: ./Assets/Scene/RenderTexture/TitleScene
[22:36:36.997] [info] [UI Hierarchy] Guessing prefab name from root entity name: 'TitleMenu' -> 'TitleMenu.prefab'
[22:36:36.998] [info] [UI Hierarchy] Guessing prefab name from root entity name: 'TitleMenu' -> 'TitleMenu.prefab'
[22:36:36.998] [info] [RenderingCollection] DrawEntities2D executing. Group: TitleScene Camera: 2852356850240
[22:36:36.999] [info] [SpritePipeline] Drawing 21 sorted sprites.
[22:36:36.999] [info] [RenderingCollection] ExecutePostProcess3D for scene: ./Assets/Scene/RenderTexture/TitleScene
[22:36:36.999] [info] [RenderingCollection] ExecutePostProcessScreen for scene: ./Assets/Scene/RenderTexture/TitleScene
[22:36:37.014] [info] [UI Hierarchy] Guessing prefab name from root entity name: 'TitleMenu' -> 'TitleMenu.prefab'
[22:36:37.015] [info] [UI Hierarchy] Guessing prefab name from root entity name: 'TitleMenu' -> 'TitleMenu.prefab'
[22:36:37.015] [info] [RenderingCollection] DrawEntities2D executing. Group: TitleScene Camera: 2852356850240
[22:36:37.015] [info] [SpritePipeline] Drawing 21 sorted sprites.
[22:36:37.016] [info] [RenderingCollection] ExecutePostProcess3D for scene: ./Assets/Scene/RenderTexture/TitleScene
[22:36:37.016] [info] [RenderingCollection] ExecutePostProcessScreen for scene: ./Assets/Scene/RenderTexture/TitleScene
[22:36:37.023] [info] [UI Hierarchy] Guessing prefab name from root entity name: 'TitleMenu' -> 'TitleMenu.prefab'
[22:36:37.024] [info] [UI Hierarchy] Guessing prefab name from root entity name: 'TitleMenu' -> 'TitleMenu.prefab'
[22:36:37.024] [info] [RenderingCollection] DrawEntities2D executing. Group: TitleScene Camera: 2852356850240
[22:36:37.024] [info] [SpritePipeline] Drawing 21 sorted sprites.
[22:36:37.025] [info] [RenderingCollection] ExecutePostProcess3D for scene: ./Assets/Scene/RenderTexture/TitleScene
[22:36:37.025] [info] [RenderingCollection] ExecutePostProcessScreen for scene: ./Assets/Scene/RenderTexture/TitleScene
[22:36:37.032] [info] [UI Hierarchy] Guessing prefab name from root entity name: 'TitleMenu' -> 'TitleMenu.prefab'
[22:36:37.032] [info] [UI Hierarchy] Guessing prefab name from root entity name: 'TitleMenu' -> 'TitleMenu.prefab'
[22:36:37.033] [info] [RenderingCollection] DrawEntities2D executing. Group: TitleScene Camera: 2852356850240
[22:36:37.033] [info] [SpritePipeline] Drawing 21 sorted sprites.
[22:36:37.033] [info] [RenderingCollection] ExecutePostProcess3D for scene: ./Assets/Scene/RenderTexture/TitleScene
[22:36:37.033] [info] [RenderingCollection] ExecutePostProcessScreen for scene: ./Assets/Scene/RenderTexture/TitleScene
[22:36:37.040] [info] [UI Hierarchy] Guessing prefab name from root entity name: 'TitleMenu' -> 'TitleMenu.prefab'
[22:36:37.040] [info] [UI Hierarchy] Guessing prefab name from root entity name: 'TitleMenu' -> 'TitleMenu.prefab'
[22:36:37.053] [info] [UI Hierarchy] Guessing prefab name from root entity name: 'TitleMenu' -> 'TitleMenu.prefab'
[22:36:37.054] [info] [UI Hierarchy] Guessing prefab name from root entity name: 'TitleMenu' -> 'TitleMenu.prefab'
[22:36:37.070] [info] [UI Hierarchy] Guessing prefab name from root entity name: 'TitleMenu' -> 'TitleMenu.prefab'
[22:36:37.070] [info] [UI Hierarchy] Guessing prefab name from root entity name: 'TitleMenu' -> 'TitleMenu.prefab'
[22:36:37.086] [info] [UI Hierarchy] Guessing prefab name from root entity name: 'TitleMenu' -> 'TitleMenu.prefab'
[22:36:37.087] [info] [UI Hierarchy] Guessing prefab name from root entity name: 'TitleMenu' -> 'TitleMenu.prefab'
[22:36:37.103] [info] [UI Hierarchy] Guessing prefab name from root entity name: 'TitleMenu' -> 'TitleMenu.prefab'
[22:36:37.103] [info] [UI Hierarchy] Guessing prefab name from root entity name: 'TitleMenu' -> 'TitleMenu.prefab'
[22:36:37.120] [info] [UI Hierarchy] Guessing prefab name from root entity name: 'TitleMenu' -> 'TitleMenu.prefab'
[22:36:37.120] [info] [UI Hierarchy] Guessing prefab name from root entity name: 'TitleMenu' -> 'TitleMenu.prefab'
[22:36:37.137] [info] [UI Hierarchy] Guessing prefab name from root entity name: 'TitleMenu' -> 'TitleMenu.prefab'
[22:36:37.137] [info] [UI Hierarchy] Guessing prefab name from root entity name: 'TitleMenu' -> 'TitleMenu.prefab'
[22:36:37.153] [info] [UI Hierarchy] Guessing prefab name from root entity name: 'TitleMenu' -> 'TitleMenu.prefab'
[22:36:37.154] [info] [UI Hierarchy] Guessing prefab name from root entity name: 'TitleMenu' -> 'TitleMenu.prefab'
[22:36:37.170] [info] [UI Hierarchy] Guessing prefab name from root entity name: 'TitleMenu' -> 'TitleMenu.prefab'
[22:36:37.170] [info] [UI Hierarchy] Guessing prefab name from root entity name: 'TitleMenu' -> 'TitleMenu.prefab'
[22:36:37.187] [info] [UI Hierarchy] Guessing prefab name from root entity name: 'TitleMenu' -> 'TitleMenu.prefab'
[22:36:37.188] [info] [UI Hierarchy] Guessing prefab name from root entity name: 'TitleMenu' -> 'TitleMenu.prefab'
[22:36:37.203] [info] [UI Hierarchy] Guessing prefab name from root entity name: 'TitleMenu' -> 'TitleMenu.prefab'
[22:36:37.204] [info] [UI Hierarchy] Guessing prefab name from root entity name: 'TitleMenu' -> 'TitleMenu.prefab'
[22:36:37.219] [info] [UI Hierarchy] Guessing prefab name from root entity name: 'TitleMenu' -> 'TitleMenu.prefab'
[22:36:37.220] [info] [UI Hierarchy] Guessing prefab name from root entity name: 'TitleMenu' -> 'TitleMenu.prefab'
[22:36:37.236] [info] [UI Hierarchy] Guessing prefab name from root entity name: 'TitleMenu' -> 'TitleMenu.prefab'
[22:36:37.236] [info] [UI Hierarchy] Guessing prefab name from root entity name: 'TitleMenu' -> 'TitleMenu.prefab'
[22:36:37.253] [info] [UI Hierarchy] Guessing prefab name from root entity name: 'TitleMenu' -> 'TitleMenu.prefab'
[22:36:37.253] [info] [UI Hierarchy] Guessing prefab name from root entity name: 'TitleMenu' -> 'TitleMenu.prefab'
[22:36:37.269] [info] [UI Hierarchy] Guessing prefab name from root entity name: 'TitleMenu' -> 'TitleMenu.prefab'
[22:36:37.270] [info] [UI Hierarchy] Guessing prefab name from root entity name: 'TitleMenu' -> 'TitleMenu.prefab'
[22:36:37.286] [info] [UI Hierarchy] Guessing prefab name from root entity name: 'TitleMenu' -> 'TitleMenu.prefab'
[22:36:37.287] [info] [UI Hierarchy] Guessing prefab name from root entity name: 'TitleMenu' -> 'TitleMenu.prefab'
[22:36:37.303] [info] [UI Hierarchy] Guessing prefab name from root entity name: 'TitleMenu' -> 'TitleMenu.prefab'
[22:36:37.303] [info] [UI Hierarchy] Guessing prefab name from root entity name: 'TitleMenu' -> 'TitleMenu.prefab'
[22:36:37.319] [info] [UI Hierarchy] Guessing prefab name from root entity name: 'TitleMenu' -> 'TitleMenu.prefab'
[22:36:37.319] [info] [UI Hierarchy] Guessing prefab name from root entity name: 'TitleMenu' -> 'TitleMenu.prefab'
[22:36:37.336] [info] [UI Hierarchy] Guessing prefab name from root entity name: 'TitleMenu' -> 'TitleMenu.prefab'
[22:36:37.336] [info] [UI Hierarchy] Guessing prefab name from root entity name: 'TitleMenu' -> 'TitleMenu.prefab'
[22:36:37.352] [info] [UI Hierarchy] Guessing prefab name from root entity name: 'TitleMenu' -> 'TitleMenu.prefab'
[22:36:37.353] [info] [UI Hierarchy] Guessing prefab name from root entity name: 'TitleMenu' -> 'TitleMenu.prefab'
[22:36:37.370] [info] [UI Hierarchy] Guessing prefab name from root entity name: 'TitleMenu' -> 'TitleMenu.prefab'
[22:36:37.370] [info] [UI Hierarchy] Guessing prefab name from root entity name: 'TitleMenu' -> 'TitleMenu.prefab'
[22:36:37.386] [info] [UI Hierarchy] Guessing prefab name from root entity name: 'TitleMenu' -> 'TitleMenu.prefab'
[22:36:37.387] [info] [UI Hierarchy] Guessing prefab name from root entity name: 'TitleMenu' -> 'TitleMenu.prefab'
[22:36:37.402] [info] [UI Hierarchy] Guessing prefab name from root entity name: 'TitleMenu' -> 'TitleMenu.prefab'
[22:36:37.403] [info] [UI Hierarchy] Guessing prefab name from root entity name: 'TitleMenu' -> 'TitleMenu.prefab'
[22:36:37.419] [info] [UI Hierarchy] Guessing prefab name from root entity name: 'TitleMenu' -> 'TitleMenu.prefab'
[22:36:37.420] [info] [UI Hierarchy] Guessing prefab name from root entity name: 'TitleMenu' -> 'TitleMenu.prefab'
[22:36:37.436] [info] [UI Hierarchy] Guessing prefab name from root entity name: 'TitleMenu' -> 'TitleMenu.prefab'
[22:36:37.436] [info] [UI Hierarchy] Guessing prefab name from root entity name: 'TitleMenu' -> 'TitleMenu.prefab'
[22:36:37.452] [info] [UI Hierarchy] Guessing prefab name from root entity name: 'TitleMenu' -> 'TitleMenu.prefab'
[22:36:37.453] [info] [UI Hierarchy] Guessing prefab name from root entity name: 'TitleMenu' -> 'TitleMenu.prefab'
[22:36:37.469] [info] [UI Hierarchy] Guessing prefab name from root entity name: 'TitleMenu' -> 'TitleMenu.prefab'
[22:36:37.470] [info] [UI Hierarchy] Guessing prefab name from root entity name: 'TitleMenu' -> 'TitleMenu.prefab'
[22:36:37.486] [info] [UI Hierarchy] Guessing prefab name from root entity name: 'TitleMenu' -> 'TitleMenu.prefab'
[22:36:37.487] [info] [UI Hierarchy] Guessing prefab name from root entity name: 'TitleMenu' -> 'TitleMenu.prefab'
[22:36:37.503] [info] [UI Hierarchy] Guessing prefab name from root entity name: 'TitleMenu' -> 'TitleMenu.prefab'
[22:36:37.504] [info] [UI Hierarchy] Guessing prefab name from root entity name: 'TitleMenu' -> 'TitleMenu.prefab'
[22:36:37.520] [info] [UI Hierarchy] Guessing prefab name from root entity name: 'TitleMenu' -> 'TitleMenu.prefab'
[22:36:37.521] [info] [UI Hierarchy] Guessing prefab name from root entity name: 'TitleMenu' -> 'TitleMenu.prefab'
[22:36:37.537] [info] [UI Hierarchy] Guessing prefab name from root entity name: 'TitleMenu' -> 'TitleMenu.prefab'
[22:36:37.537] [info] [UI Hierarchy] Guessing prefab name from root entity name: 'TitleMenu' -> 'TitleMenu.prefab'
[22:36:37.558] [info] [UI Hierarchy] Guessing prefab name from root entity name: 'TitleMenu' -> 'TitleMenu.prefab'
[22:36:37.559] [info] [UI Hierarchy] Guessing prefab name from root entity name: 'TitleMenu' -> 'TitleMenu.prefab'
[22:36:37.570] [info] [UI Hierarchy] Guessing prefab name from root entity name: 'TitleMenu' -> 'TitleMenu.prefab'
[22:36:37.571] [info] [UI Hierarchy] Guessing prefab name from root entity name: 'TitleMenu' -> 'TitleMenu.prefab'
[22:36:37.587] [info] [UI Hierarchy] Guessing prefab name from root entity name: 'TitleMenu' -> 'TitleMenu.prefab'
[22:36:37.587] [info] [UI Hierarchy] Guessing prefab name from root entity name: 'TitleMenu' -> 'TitleMenu.prefab'
[22:36:37.603] [info] [UI Hierarchy] Guessing prefab name from root entity name: 'TitleMenu' -> 'TitleMenu.prefab'
[22:36:37.604] [info] [UI Hierarchy] Guessing prefab name from root entity name: 'TitleMenu' -> 'TitleMenu.prefab'
[22:36:37.619] [info] [UI Hierarchy] Guessing prefab name from root entity name: 'TitleMenu' -> 'TitleMenu.prefab'
[22:36:37.620] [info] [UI Hierarchy] Guessing prefab name from root entity name: 'TitleMenu' -> 'TitleMenu.prefab'
[22:36:37.635] [info] [UI Hierarchy] Guessing prefab name from root entity name: 'TitleMenu' -> 'TitleMenu.prefab'
[22:36:37.636] [info] [UI Hierarchy] Guessing prefab name from root entity name: 'TitleMenu' -> 'TitleMenu.prefab'
[22:36:37.652] [info] [UI Hierarchy] Guessing prefab name from root entity name: 'TitleMenu' -> 'TitleMenu.prefab'
[22:36:37.653] [info] [UI Hierarchy] Guessing prefab name from root entity name: 'TitleMenu' -> 'TitleMenu.prefab'
[22:36:37.669] [info] [UI Hierarchy] Guessing prefab name from root entity name: 'TitleMenu' -> 'TitleMenu.prefab'
[22:36:37.669] [info] [UI Hierarchy] Guessing prefab name from root entity name: 'TitleMenu' -> 'TitleMenu.prefab'
[22:36:37.685] [info] [UI Hierarchy] Guessing prefab name from root entity name: 'TitleMenu' -> 'TitleMenu.prefab'
[22:36:37.686] [info] [UI Hierarchy] Guessing prefab name from root entity name: 'TitleMenu' -> 'TitleMenu.prefab'
[22:36:37.702] [info] [UI Hierarchy] Guessing prefab name from root entity name: 'TitleMenu' -> 'TitleMenu.prefab'
[22:36:37.702] [info] [UI Hierarchy] Guessing prefab name from root entity name: 'TitleMenu' -> 'TitleMenu.prefab'
[22:36:37.719] [info] [UI Hierarchy] Guessing prefab name from root entity name: 'TitleMenu' -> 'TitleMenu.prefab'
[22:36:37.719] [info] [UI Hierarchy] Guessing prefab name from root entity name: 'TitleMenu' -> 'TitleMenu.prefab'
[22:36:37.736] [info] [UI Hierarchy] Guessing prefab name from root entity name: 'TitleMenu' -> 'TitleMenu.prefab'
[22:36:37.736] [info] [UI Hierarchy] Guessing prefab name from root entity name: 'TitleMenu' -> 'TitleMenu.prefab'
[22:36:37.753] [info] [UI Hierarchy] Guessing prefab name from root entity name: 'TitleMenu' -> 'TitleMenu.prefab'
[22:36:37.753] [info] [UI Hierarchy] Guessing prefab name from root entity name: 'TitleMenu' -> 'TitleMenu.prefab'
[22:36:37.772] [info] [UI Hierarchy] Guessing prefab name from root entity name: 'TitleMenu' -> 'TitleMenu.prefab'
[22:36:37.772] [info] [UI Hierarchy] Guessing prefab name from root entity name: 'TitleMenu' -> 'TitleMenu.prefab'
[22:36:37.773] [info] [UI Navigation] Group Submit Key Triggered on element 'Element_1'
[22:36:37.773] [info] [UI Navigation] Submit Event: Element='Element_1' in Group='Group_0'
[22:36:37.773] [info] [UI Navigation]   -> Calling OnSubmit() on 'Element_1' (Script: 'GameStart')
[22:36:37.774] [warning] ECSGroup with name 'GameScene' not found.
[22:36:37.774] [warning] SetUpdatePaused: ECSGroup 'GameScene' not found.
[22:36:37.788] [info] [UI Hierarchy] Guessing prefab name from root entity name: 'TitleMenu' -> 'TitleMenu.prefab'
[22:36:37.898] [info] [SOURCE_DETECTOR] Engine creating Entity (Internal)
[22:36:37.898] [info] [CPP ECS] FromJson - Adding component 'Transform' to entity 'GameController'
[22:36:37.898] [info] [CPP ECS] FromJson - Adding component 'Variables' to entity 'GameController'
[22:36:37.898] [info] [CPP ECS] FromJson - Adding component 'Script' to entity 'GameController'
[22:36:37.899] [info] [CPP ECS] FromJson - Adding component 'Variables' to entity 'GameController'
[22:36:37.899] [info] [CPP ECS] FromJson - Adding component 'Script' to entity 'GameController'
[22:36:37.899] [info] [SOURCE_DETECTOR] Engine creating Entity (Internal)
[22:36:37.899] [info] [CPP ECS] FromJson - Adding component 'Transform' to entity 'Stage'
[22:36:37.899] [info] [CPP ECS] FromJson - Adding component 'Variables' to entity 'Stage'
[22:36:37.899] [info] [CPP ECS] FromJson - Adding component 'Script' to entity 'Stage'
[22:36:37.899] [info] [CPP ECS] FromJson - Adding component 'BoxCollider2D' to entity 'Stage'
[22:36:37.900] [info] [SOURCE_DETECTOR] Engine creating Entity (Internal)
[22:36:37.900] [info] [CPP ECS] FromJson - Adding component 'Transform' to entity 'Player'
[22:36:37.900] [info] [CPP ECS] FromJson - Adding component 'CircleCollider' to entity 'Player'
[22:36:37.900] [info] [CPP ECS] FromJson - Adding component 'Variables' to entity 'Player'
[22:36:37.900] [info] [CPP ECS] FromJson - Adding component 'Script' to entity 'Player'
[22:36:37.900] [info] [CPP ECS] FromJson - Adding component 'SpriteRenderer' to entity 'Player'
[22:36:37.901] [info] [CPP ECS] FromJson - Adding component 'Rigidbody2D' to entity 'Player'
[22:36:37.901] [info] [CPP ECS] FromJson - Adding component 'SEPlayer' to entity 'Player'
[22:36:37.901] [info] [CPP ECS] FromJson - Adding component 'Variables' to entity 'Player'
[22:36:37.901] [info] [CPP ECS] FromJson - Adding component 'Rigidbody2D' to entity 'Player'
[22:36:37.901] [info] [SOURCE_DETECTOR] Engine creating Entity (Internal)
[22:36:37.901] [info] [CPP ECS] FromJson - Adding component 'Transform' to entity 'Player_Body'
[22:36:37.902] [info] [CPP ECS] FromJson - Adding component 'CircleCollider' to entity 'Player_Body'
[22:36:37.902] [info] [CPP ECS] FromJson - Adding component 'Variables' to entity 'Player_Body'
[22:36:37.902] [info] [CPP ECS] FromJson - Adding component 'SpriteRenderer' to entity 'Player_Body'
[22:36:37.902] [info] [CPP ECS] FromJson - Adding component 'Script' to entity 'Player_Body'
[22:36:37.902] [info] [SOURCE_DETECTOR] Engine creating Entity (Internal)
[22:36:37.902] [info] [CPP ECS] FromJson - Adding component 'Transform' to entity 'Player_Tentacle'
[22:36:37.902] [info] [CPP ECS] FromJson - Adding component 'CircleCollider' to entity 'Player_Tentacle'
[22:36:37.902] [info] [CPP ECS] FromJson - Adding component 'Variables' to entity 'Player_Tentacle'
[22:36:37.903] [info] [CPP ECS] FromJson - Adding component 'SpriteRenderer' to entity 'Player_Tentacle'
[22:36:37.903] [info] [CPP ECS] FromJson - Adding component 'Script' to entity 'Player_Tentacle'
[22:36:37.903] [info] [SOURCE_DETECTOR] Engine creating Entity (Internal)
[22:36:37.903] [info] [CPP ECS] FromJson - Adding component 'CameraComponent' to entity 'MainCamera'
[22:36:37.903] [info] [CPP ECS] FromJson - Adding component 'Transform' to entity 'MainCamera'
[22:36:37.903] [info] [CPP ECS] FromJson - Adding component 'Variables' to entity 'MainCamera'
[22:36:37.904] [info] [CPP ECS] FromJson - Adding component 'Script' to entity 'MainCamera'
[22:36:37.904] [info] [CPP ECS] FromJson - Adding component 'BoxCollider2D' to entity 'MainCamera'
[22:36:37.904] [info] [SOURCE_DETECTOR] Engine creating Entity (Internal)
[22:36:37.904] [info] [CPP ECS] FromJson - Adding component 'Transform' to entity 'Background'
[22:36:37.904] [info] [CPP ECS] FromJson - Adding component 'Variables' to entity 'Background'
[22:36:37.904] [info] [CPP ECS] FromJson - Adding component 'ScreenPostEffectTag' to entity 'Background'
[22:36:37.905] [info] [CPP ECS] FromJson - Adding component 'ScreenPostEffectTag' to entity 'Background'
[22:36:37.905] [info] [SOURCE_DETECTOR] Engine creating Entity (Internal)
[22:36:37.905] [info] [CPP ECS] FromJson - Adding component 'Transform' to entity 'EnemySpawnSystem'
[22:36:37.905] [info] [CPP ECS] FromJson - Adding component 'Variables' to entity 'EnemySpawnSystem'
[22:36:37.905] [info] [CPP ECS] FromJson - Adding component 'Script' to entity 'EnemySpawnSystem'
[22:36:37.906] [info] [CPP ECS] FromJson - Adding component 'BoxCollider2D' to entity 'EnemySpawnSystem'
[22:36:37.906] [info] [SOURCE_DETECTOR] Engine creating Entity (Internal)
[22:36:37.906] [info] [CPP ECS] FromJson - Adding component 'Transform' to entity 'SkyZone'
[22:36:37.906] [info] [CPP ECS] FromJson - Adding component 'Variables' to entity 'SkyZone'
[22:36:37.906] [info] [CPP ECS] FromJson - Adding component 'Script' to entity 'SkyZone'
[22:36:37.906] [info] [CPP ECS] FromJson - Adding component 'BoxCollider2D' to entity 'SkyZone'
[22:36:37.907] [info] [SOURCE_DETECTOR] Engine creating Entity (Internal)
[22:36:37.907] [info] [CPP ECS] FromJson - Adding component 'Transform' to entity 'water surface'
[22:36:37.907] [info] [CPP ECS] FromJson - Adding component 'Variables' to entity 'water surface'
[22:36:37.907] [info] [CPP ECS] FromJson - Adding component 'SpriteRenderer' to entity 'water surface'
[22:36:37.907] [info] [SOURCE_DETECTOR] Engine creating Entity (Internal)
[22:36:37.907] [info] [CPP ECS] FromJson - Adding component 'Transform' to entity 'sky'
[22:36:37.907] [info] [CPP ECS] FromJson - Adding component 'Variables' to entity 'sky'
[22:36:37.908] [info] [CPP ECS] FromJson - Adding component 'SpriteRenderer' to entity 'sky'
[22:36:37.908] [info] [SOURCE_DETECTOR] Engine creating Entity (Internal)
[22:36:37.908] [info] [CPP ECS] FromJson - Adding component 'Transform' to entity 'underwater'
[22:36:37.908] [info] [CPP ECS] FromJson - Adding component 'Variables' to entity 'underwater'
[22:36:37.908] [info] [CPP ECS] FromJson - Adding component 'SpriteRenderer' to entity 'underwater'
[22:36:37.908] [info] [SOURCE_DETECTOR] Engine creating Entity (Internal)
[22:36:37.908] [info] [CPP ECS] FromJson - Adding component 'Transform' to entity 'sand'
[22:36:37.909] [info] [CPP ECS] FromJson - Adding component 'Variables' to entity 'sand'
[22:36:37.909] [info] [CPP ECS] FromJson - Adding component 'SpriteRenderer' to entity 'sand'
[22:36:37.909] [info] [SOURCE_DETECTOR] Engine creating Entity (Internal)
[22:36:37.909] [info] [CPP ECS] FromJson - Adding component 'Transform' to entity 'uvChecker'
[22:36:37.909] [info] [CPP ECS] FromJson - Adding component 'Variables' to entity 'uvChecker'
[22:36:37.909] [info] [CPP ECS] FromJson - Adding component 'SpriteRenderer' to entity 'uvChecker'
[22:36:37.909] [info] [SOURCE_DETECTOR] Engine creating Entity (Internal)
[22:36:37.910] [info] [CPP ECS] FromJson - Adding component 'Transform' to entity 'cloudManager'
[22:36:37.910] [info] [CPP ECS] FromJson - Adding component 'Variables' to entity 'cloudManager'
[22:36:37.910] [info] [CPP ECS] FromJson - Adding component 'Script' to entity 'cloudManager'
[22:36:37.910] [info] [SOURCE_DETECTOR] Engine creating Entity (Internal)
[22:36:37.910] [info] [CPP ECS] FromJson - Adding component 'Transform' to entity 'ExpAttractor'
[22:36:37.910] [info] [CPP ECS] FromJson - Adding component 'CircleCollider' to entity 'ExpAttractor'
[22:36:37.910] [info] [CPP ECS] FromJson - Adding component 'Variables' to entity 'ExpAttractor'
[22:36:37.910] [info] [CPP ECS] FromJson - Adding component 'Script' to entity 'ExpAttractor'
[22:36:37.911] [info] [SOURCE_DETECTOR] Engine creating Entity (Internal)
[22:36:37.911] [info] [CPP ECS] FromJson - Adding component 'Transform' to entity 'EpipelagicZone'
[22:36:37.911] [info] [CPP ECS] FromJson - Adding component 'Variables' to entity 'EpipelagicZone'
[22:36:37.911] [info] [CPP ECS] FromJson - Adding component 'BoxCollider2D' to entity 'EpipelagicZone'
[22:36:37.911] [info] [CPP ECS] FromJson - Adding component 'Script' to entity 'EpipelagicZone'
[22:36:37.911] [info] [SOURCE_DETECTOR] Engine creating Entity (Internal)
[22:36:37.912] [info] [CPP ECS] FromJson - Adding component 'Transform' to entity 'MesopelagicZone'
[22:36:37.912] [info] [CPP ECS] FromJson - Adding component 'Variables' to entity 'MesopelagicZone'
[22:36:37.912] [info] [CPP ECS] FromJson - Adding component 'BoxCollider2D' to entity 'MesopelagicZone'
[22:36:37.912] [info] [CPP ECS] FromJson - Adding component 'Script' to entity 'MesopelagicZone'
[22:36:37.912] [info] [SOURCE_DETECTOR] Engine creating Entity (Internal)
[22:36:37.912] [info] [CPP ECS] FromJson - Adding component 'Transform' to entity 'AbyssopelagicZone'
[22:36:37.912] [info] [CPP ECS] FromJson - Adding component 'Variables' to entity 'AbyssopelagicZone'
[22:36:37.913] [info] [CPP ECS] FromJson - Adding component 'BoxCollider2D' to entity 'AbyssopelagicZone'
[22:36:37.913] [info] [CPP ECS] FromJson - Adding component 'Script' to entity 'AbyssopelagicZone'
[22:36:37.913] [info] [SOURCE_DETECTOR] Engine creating Entity (Internal)
[22:36:37.913] [info] [CPP ECS] FromJson - Adding component 'Transform' to entity 'TutorialPhase_Move'
[22:36:37.913] [info] [CPP ECS] FromJson - Adding component 'Variables' to entity 'TutorialPhase_Move'
[22:36:37.913] [info] [CPP ECS] FromJson - Adding component 'Script' to entity 'TutorialPhase_Move'
[22:36:37.913] [info] [SOURCE_DETECTOR] Engine creating Entity (Internal)
[22:36:37.914] [info] [CPP ECS] FromJson - Adding component 'Transform' to entity 'TutorialPhase_Dash'
[22:36:37.914] [info] [CPP ECS] FromJson - Adding component 'Variables' to entity 'TutorialPhase_Dash'
[22:36:37.914] [info] [CPP ECS] FromJson - Adding component 'Script' to entity 'TutorialPhase_Dash'
[22:36:37.914] [info] [SOURCE_DETECTOR] Engine creating Entity (Internal)
[22:36:37.914] [info] [CPP ECS] FromJson - Adding component 'Transform' to entity 'TutorialPhase_Enemy'
[22:36:37.914] [info] [CPP ECS] FromJson - Adding component 'Variables' to entity 'TutorialPhase_Enemy'
[22:36:37.914] [info] [CPP ECS] FromJson - Adding component 'Script' to entity 'TutorialPhase_Enemy'
[22:36:37.915] [info] [SOURCE_DETECTOR] Engine creating Entity (Internal)
[22:36:37.915] [info] [CPP ECS] FromJson - Adding component 'Transform' to entity 'TutorialPhase_Shot'
[22:36:37.915] [info] [CPP ECS] FromJson - Adding component 'Variables' to entity 'TutorialPhase_Shot'
[22:36:37.915] [info] [CPP ECS] FromJson - Adding component 'Script' to entity 'TutorialPhase_Shot'
[22:36:37.915] [info] [SOURCE_DETECTOR] Engine creating Entity (Internal)
[22:36:37.915] [info] [CPP ECS] FromJson - Adding component 'Transform' to entity 'EnemyHuntPhase_1'
[22:36:37.915] [info] [CPP ECS] FromJson - Adding component 'Variables' to entity 'EnemyHuntPhase_1'
[22:36:37.916] [info] [CPP ECS] FromJson - Adding component 'Script' to entity 'EnemyHuntPhase_1'
[22:36:37.916] [info] [SOURCE_DETECTOR] Engine creating Entity (Internal)
[22:36:37.916] [info] [CPP ECS] FromJson - Adding component 'Transform' to entity 'BossBattlePhase_1'
[22:36:37.916] [info] [CPP ECS] FromJson - Adding component 'Variables' to entity 'BossBattlePhase_1'
[22:36:37.916] [info] [CPP ECS] FromJson - Adding component 'Script' to entity 'BossBattlePhase_1'
[22:36:37.916] [info] [SOURCE_DETECTOR] Engine creating Entity (Internal)
[22:36:37.916] [info] [CPP ECS] FromJson - Adding component 'Transform' to entity 'EnemyHuntPhase_2'
[22:36:37.917] [info] [CPP ECS] FromJson - Adding component 'Variables' to entity 'EnemyHuntPhase_2'
[22:36:37.917] [info] [CPP ECS] FromJson - Adding component 'Script' to entity 'EnemyHuntPhase_2'
[22:36:37.917] [info] [SOURCE_DETECTOR] Engine creating Entity (Internal)
[22:36:37.917] [info] [CPP ECS] FromJson - Adding component 'Transform' to entity 'BossBattlePhase_2'
[22:36:37.917] [info] [CPP ECS] FromJson - Adding component 'Variables' to entity 'BossBattlePhase_2'
[22:36:37.917] [info] [CPP ECS] FromJson - Adding component 'Script' to entity 'BossBattlePhase_2'
[22:36:37.918] [info] [SOURCE_DETECTOR] Engine creating Entity (Internal)
[22:36:37.918] [info] [CPP ECS] FromJson - Adding component 'Transform' to entity 'EnemyHuntPhase_3'
[22:36:37.918] [info] [CPP ECS] FromJson - Adding component 'Variables' to entity 'EnemyHuntPhase_3'
[22:36:37.918] [info] [CPP ECS] FromJson - Adding component 'Script' to entity 'EnemyHuntPhase_3'
[22:36:37.918] [info] [SOURCE_DETECTOR] Engine creating Entity (Internal)
[22:36:37.918] [info] [CPP ECS] FromJson - Adding component 'Transform' to entity 'BossBattlePhase_3'
[22:36:37.918] [info] [CPP ECS] FromJson - Adding component 'Variables' to entity 'BossBattlePhase_3'
[22:36:37.919] [info] [CPP ECS] FromJson - Adding component 'Script' to entity 'BossBattlePhase_3'
[22:36:37.919] [info] [SOURCE_DETECTOR] Engine creating Entity (Internal)
[22:36:37.919] [info] [CPP ECS] FromJson - Adding component 'Transform' to entity 'Tortoise'
[22:36:37.919] [info] [CPP ECS] FromJson - Adding component 'Variables' to entity 'Tortoise'
[22:36:37.919] [info] [CPP ECS] FromJson - Adding component 'SpriteRenderer' to entity 'Tortoise'
[22:36:37.919] [info] [CPP ECS] FromJson - Adding component 'Script' to entity 'Tortoise'
[22:36:37.919] [info] [SOURCE_DETECTOR] Engine creating Entity (Internal)
[22:36:37.920] [info] [CPP ECS] FromJson - Adding component 'Transform' to entity 'Tortoise_1'
[22:36:37.920] [info] [CPP ECS] FromJson - Adding component 'Variables' to entity 'Tortoise_1'
[22:36:37.920] [info] [CPP ECS] FromJson - Adding component 'SpriteRenderer' to entity 'Tortoise_1'
[22:36:37.920] [info] [CPP ECS] FromJson - Adding component 'Script' to entity 'Tortoise_1'
[22:36:37.920] [info] [SOURCE_DETECTOR] Engine creating Entity (Internal)
[22:36:37.920] [info] [CPP ECS] FromJson - Adding component 'BGMPlayer' to entity 'BGMPlayer'
[22:36:37.921] [info] [CPP ECS] FromJson - Adding component 'Transform' to entity 'BGMPlayer'
[22:36:37.921] [info] [CPP ECS] FromJson - Adding component 'Variables' to entity 'BGMPlayer'
[22:36:37.922] [info] Successfully synced initial components to C# for group: GameScene
[22:36:37.925] [info] [MonoDbg] AddEntityToScript - Instantiating and adding script: GameSceneController to Entity ID: 1
[22:36:37.926] [info] [SetScriptVars] OK setting fields for: GameSceneController
[22:36:37.926] [info] [MonoDbg] AddEntityToScript - Syncing serialized fields for script: GameSceneController
[22:36:37.926] [info] [SetScriptVars] OK setting fields for: GameSceneController
[22:36:37.926] [info] [MonoDbg] AddEntityToScript - Instantiating and adding script: HitStopSystem to Entity ID: 1
[22:36:37.927] [info] [SetScriptVars] OK setting fields for: HitStopSystem
[22:36:37.927] [info] [MonoDbg] AddEntityToScript - Syncing serialized fields for script: HitStopSystem
[22:36:37.927] [info] [SetScriptVars] OK setting fields for: HitStopSystem
[22:36:37.927] [info] [MonoDbg] AddEntityToScript - Instantiating and adding script: AddSceneScript to Entity ID: 1
[22:36:37.927] [info] [SetScriptVars] OK setting fields for: AddSceneScript
[22:36:37.928] [info] [MonoDbg] AddEntityToScript - Syncing serialized fields for script: AddSceneScript
[22:36:37.928] [info] [SetScriptVars] OK setting fields for: AddSceneScript
[22:36:37.929] [info] [MonoDbg] AddEntityToScript - Instantiating and adding script: ObjectiveSystem to Entity ID: 1
[22:36:37.929] [info] [SetScriptVars] OK setting fields for: ObjectiveSystem
[22:36:37.930] [info] [MonoDbg] AddEntityToScript - Syncing serialized fields for script: ObjectiveSystem
[22:36:37.931] [info] [SetScriptVars] OK setting fields for: ObjectiveSystem
[22:36:37.931] [info] [MonoDbg] AddEntityToScript - Instantiating and adding script: PhaseSpawnActivator to Entity ID: 1
[22:36:37.931] [info] [SetScriptVars] OK setting fields for: PhaseSpawnActivator
[22:36:37.932] [info] [MonoDbg] AddEntityToScript - Syncing serialized fields for script: PhaseSpawnActivator
[22:36:37.932] [info] [SetScriptVars] OK setting fields for: PhaseSpawnActivator
[22:36:37.933] [info] [MonoDbg] AddEntityToScript - Instantiating and adding script: PhaseSkipInput to Entity ID: 1
[22:36:37.933] [info] [SetScriptVars] OK setting fields for: PhaseSkipInput
[22:36:37.935] [info] [MonoDbg] AddEntityToScript - Syncing serialized fields for script: PhaseSkipInput
[22:36:37.935] [info] [SetScriptVars] OK setting fields for: PhaseSkipInput
[22:36:37.936] [info] [MonoDbg] AddEntityToScript - Instantiating and adding script: MovementArea to Entity ID: 2
[22:36:37.936] [info] [SetScriptVars] OK setting fields for: MovementArea
[22:36:37.937] [info] [MonoDbg] AddEntityToScript - Syncing serialized fields for script: MovementArea
[22:36:37.937] [info] [SetScriptVars] OK setting fields for: MovementArea
[22:36:37.937] [info] [MonoDbg] AddEntityToScript - Instantiating and adding script: EnemyHeatMap to Entity ID: 2
[22:36:37.937] [info] [SetScriptVars] OK setting fields for: EnemyHeatMap
[22:36:37.938] [info] [MonoDbg] AddEntityToScript - Syncing serialized fields for script: EnemyHeatMap
[22:36:37.938] [info] [SetScriptVars] OK setting fields for: EnemyHeatMap
[22:36:37.940] [info] [MonoDbg] AddEntityToScript - Instantiating and adding script: PlayerInputComponent to Entity ID: 3
[22:36:37.940] [info] [SetScriptVars] OK setting fields for: PlayerInputComponent
[22:36:37.940] [info] [MonoDbg] AddEntityToScript - Syncing serialized fields for script: PlayerInputComponent
[22:36:37.941] [info] [SetScriptVars] OK setting fields for: PlayerInputComponent
[22:36:37.942] [info] [MonoDbg] AddEntityToScript - Instantiating and adding script: PlayerStateComponent to Entity ID: 3
[22:36:37.942] [info] [SetScriptVars] OK setting fields for: PlayerStateComponent
[22:36:37.942] [info] [MonoDbg] AddEntityToScript - Syncing serialized fields for script: PlayerStateComponent
[22:36:37.942] [info] [SetScriptVars] OK setting fields for: PlayerStateComponent
[22:36:37.944] [info] [MonoDbg] AddEntityToScript - Instantiating and adding script: LevelingComponent to Entity ID: 3
[22:36:37.944] [info] [SetScriptVars] OK setting fields for: LevelingComponent
[22:36:37.944] [info] [MonoDbg] AddEntityToScript - Syncing serialized fields for script: LevelingComponent
[22:36:37.944] [info] [SetScriptVars] OK setting fields for: LevelingComponent
[22:36:37.944] [info] [MonoDbg] AddEntityToScript - Instantiating and adding script: PlayerNormalState to Entity ID: 3
[22:36:37.945] [info] [SetScriptVars] OK setting fields for: PlayerNormalState
[22:36:37.945] [info] [MonoDbg] AddEntityToScript - Syncing serialized fields for script: PlayerNormalState
[22:36:37.945] [info] [SetScriptVars] OK setting fields for: PlayerNormalState
[22:36:37.945] [info] [MonoDbg] AddEntityToScript - Instantiating and adding script: PlayerDashState to Entity ID: 3
[22:36:37.946] [info] [SetScriptVars] OK setting fields for: PlayerDashState
[22:36:37.946] [info] [MonoDbg] AddEntityToScript - Syncing serialized fields for script: PlayerDashState
[22:36:37.946] [info] [SetScriptVars] OK setting fields for: PlayerDashState
[22:36:37.946] [info] [MonoDbg] AddEntityToScript - Instantiating and adding script: DashParticle to Entity ID: 3
[22:36:37.947] [info] [SetScriptVars] OK setting fields for: DashParticle
[22:36:37.947] [info] [MonoDbg] AddEntityToScript - Syncing serialized fields for script: DashParticle
[22:36:37.947] [info] [SetScriptVars] OK setting fields for: DashParticle
[22:36:37.947] [info] [MonoDbg] AddEntityToScript - Instantiating and adding script: PlayerSE to Entity ID: 3
[22:36:37.948] [info] [SetScriptVars] OK setting fields for: PlayerSE
[22:36:37.948] [info] [MonoDbg] AddEntityToScript - Syncing serialized fields for script: PlayerSE
[22:36:37.948] [info] [SetScriptVars] OK setting fields for: PlayerSE
[22:36:37.948] [info] [MonoDbg] AddEntityToScript - Instantiating and adding script: PlayerMoveComponent to Entity ID: 3
[22:36:37.948] [info] [SetScriptVars] OK setting fields for: PlayerMoveComponent
[22:36:37.949] [info] [MonoDbg] AddEntityToScript - Syncing serialized fields for script: PlayerMoveComponent
[22:36:37.949] [info] [SetScriptVars] OK setting fields for: PlayerMoveComponent
[22:36:37.949] [info] [MonoDbg] AddEntityToScript - Instantiating and adding script: PlayerShotComponent to Entity ID: 3
[22:36:37.949] [info] [SetScriptVars] OK setting fields for: PlayerShotComponent
[22:36:37.950] [info] [MonoDbg] AddEntityToScript - Syncing serialized fields for script: PlayerShotComponent
[22:36:37.950] [info] [SetScriptVars] OK setting fields for: PlayerShotComponent
[22:36:37.950] [info] [MonoDbg] AddEntityToScript - Instantiating and adding script: RoeManager to Entity ID: 3
[22:36:37.950] [info] [SetScriptVars] OK setting fields for: RoeManager
[22:36:37.950] [info] [MonoDbg] AddEntityToScript - Syncing serialized fields for script: RoeManager
[22:36:37.951] [info] [SetScriptVars] OK setting fields for: RoeManager
[22:36:37.951] [info] [MonoDbg] AddEntityToScript - Instantiating and adding script: PhaseClearRoeReward to Entity ID: 3
[22:36:37.951] [info] [SetScriptVars] OK setting fields for: PhaseClearRoeReward
[22:36:37.951] [info] [MonoDbg] AddEntityToScript - Syncing serialized fields for script: PhaseClearRoeReward
[22:36:37.951] [info] [SetScriptVars] OK setting fields for: PhaseClearRoeReward
[22:36:37.952] [info] [MonoDbg] AddEntityToScript - Instantiating and adding script: TrailLeader to Entity ID: 3
[22:36:37.952] [info] [SetScriptVars] OK setting fields for: TrailLeader
[22:36:37.952] [info] [MonoDbg] AddEntityToScript - Syncing serialized fields for script: TrailLeader
[22:36:37.953] [info] [SetScriptVars] OK setting fields for: TrailLeader
[22:36:37.953] [info] [MonoDbg] AddEntityToScript - Instantiating and adding script: HP to Entity ID: 3
[22:36:37.953] [info] [SetScriptVars] OK setting fields for: HP
[22:36:37.953] [info] [MonoDbg] AddEntityToScript - Syncing serialized fields for script: HP
[22:36:37.953] [info] [SetScriptVars] OK setting fields for: HP
[22:36:37.954] [info] [MonoDbg] AddEntityToScript - Instantiating and adding script: PlayerLifeComponent to Entity ID: 3
[22:36:37.954] [info] [SetScriptVars] OK setting fields for: PlayerLifeComponent
[22:36:37.954] [info] [MonoDbg] AddEntityToScript - Syncing serialized fields for script: PlayerLifeComponent
[22:36:37.954] [info] [SetScriptVars] OK setting fields for: PlayerLifeComponent
[22:36:37.956] [info] [MonoDbg] AddEntityToScript - Instantiating and adding script: PlayerAttackComponent to Entity ID: 3
[22:36:37.956] [info] [SetScriptVars] OK setting fields for: PlayerAttackComponent
[22:36:37.957] [info] [MonoDbg] AddEntityToScript - Syncing serialized fields for script: PlayerAttackComponent
[22:36:37.957] [info] [SetScriptVars] OK setting fields for: PlayerAttackComponent
[22:36:37.958] [info] [MonoDbg] AddEntityToScript - Instantiating and adding script: AttackCollision to Entity ID: 3
[22:36:37.958] [info] [SetScriptVars] OK setting fields for: AttackCollision
[22:36:37.958] [info] [MonoDbg] AddEntityToScript - Syncing serialized fields for script: AttackCollision
[22:36:37.958] [info] [SetScriptVars] OK setting fields for: AttackCollision
[22:36:37.958] [info] [MonoDbg] AddEntityToScript - Instantiating and adding script: SEOnHit to Entity ID: 3
[22:36:37.959] [info] [SetScriptVars] OK setting fields for: SEOnHit
[22:36:37.959] [info] [MonoDbg] AddEntityToScript - Syncing serialized fields for script: SEOnHit
[22:36:37.959] [info] [SetScriptVars] OK setting fields for: SEOnHit
[22:36:37.959] [info] [MonoDbg] AddEntityToScript - Instantiating and adding script: ShakeOnHit to Entity ID: 3
[22:36:37.960] [info] [SetScriptVars] OK setting fields for: ShakeOnHit
[22:36:37.960] [info] [MonoDbg] AddEntityToScript - Syncing serialized fields for script: ShakeOnHit
[22:36:37.960] [info] [SetScriptVars] OK setting fields for: ShakeOnHit
[22:36:37.960] [info] [MonoDbg] AddEntityToScript - Instantiating and adding script: HitStopOnHit to Entity ID: 3
[22:36:37.960] [info] [SetScriptVars] OK setting fields for: HitStopOnHit
[22:36:37.961] [info] [MonoDbg] AddEntityToScript - Syncing serialized fields for script: HitStopOnHit
[22:36:37.961] [info] [SetScriptVars] OK setting fields for: HitStopOnHit
[22:36:37.961] [info] [MonoDbg] AddEntityToScript - Instantiating and adding script: EffectOnHit to Entity ID: 3
[22:36:37.961] [info] [SetScriptVars] OK setting fields for: EffectOnHit
[22:36:37.961] [info] [MonoDbg] AddEntityToScript - Syncing serialized fields for script: EffectOnHit
[22:36:37.962] [info] [SetScriptVars] OK setting fields for: EffectOnHit
[22:36:37.962] [info] [MonoDbg] AddEntityToScript - Instantiating and adding script: HitStopSystem to Entity ID: 3
[22:36:37.962] [info] [SetScriptVars] OK setting fields for: HitStopSystem
[22:36:37.962] [info] [MonoDbg] AddEntityToScript - Syncing serialized fields for script: HitStopSystem
[22:36:37.962] [info] [SetScriptVars] OK setting fields for: HitStopSystem
[22:36:37.963] [info] [MonoDbg] AddEntityToScript - Instantiating and adding script: ShakeOnDamaged to Entity ID: 3
[22:36:37.963] [info] [SetScriptVars] OK setting fields for: ShakeOnDamaged
[22:36:37.963] [info] [MonoDbg] AddEntityToScript - Syncing serialized fields for script: ShakeOnDamaged
[22:36:37.963] [info] [SetScriptVars] OK setting fields for: ShakeOnDamaged
[22:36:37.965] [info] [MonoDbg] AddEntityToScript - Instantiating and adding script: DamageFeedback to Entity ID: 3
[22:36:37.965] [info] [SetScriptVars] OK setting fields for: DamageFeedback
[22:36:37.965] [info] [MonoDbg] AddEntityToScript - Syncing serialized fields for script: DamageFeedback
[22:36:37.966] [info] [SetScriptVars] OK setting fields for: DamageFeedback
[22:36:37.966] [info] [MonoDbg] AddEntityToScript - Instantiating and adding script: MovementAreaClamper to Entity ID: 3
[22:36:37.966] [info] [SetScriptVars] OK setting fields for: MovementAreaClamper
[22:36:37.966] [info] [MonoDbg] AddEntityToScript - Syncing serialized fields for script: MovementAreaClamper
[22:36:37.967] [info] [SetScriptVars] OK setting fields for: MovementAreaClamper
[22:36:37.967] [info] [MonoDbg] AddEntityToScript - Instantiating and adding script: TrailFollower to Entity ID: 4
[22:36:37.967] [info] [SetScriptVars] OK setting fields for: TrailFollower
[22:36:37.968] [info] [MonoDbg] AddEntityToScript - Syncing serialized fields for script: TrailFollower
[22:36:37.968] [info] [SetScriptVars] OK setting fields for: TrailFollower
[22:36:37.968] [info] [MonoDbg] AddEntityToScript - Instantiating and adding script: DamageRelay to Entity ID: 4
[22:36:37.968] [info] [SetScriptVars] OK setting fields for: DamageRelay
[22:36:37.969] [info] [MonoDbg] AddEntityToScript - Syncing serialized fields for script: DamageRelay
[22:36:37.969] [info] [SetScriptVars] OK setting fields for: DamageRelay
[22:36:37.969] [info] [MonoDbg] AddEntityToScript - Instantiating and adding script: TrailFollower to Entity ID: 5
[22:36:37.969] [info] [SetScriptVars] OK setting fields for: TrailFollower
[22:36:37.969] [info] [MonoDbg] AddEntityToScript - Syncing serialized fields for script: TrailFollower
[22:36:37.969] [info] [SetScriptVars] OK setting fields for: TrailFollower
[22:36:37.970] [info] [MonoDbg] AddEntityToScript - Instantiating and adding script: DamageRelay to Entity ID: 5
[22:36:37.970] [info] [SetScriptVars] OK setting fields for: DamageRelay
[22:36:37.970] [info] [MonoDbg] AddEntityToScript - Syncing serialized fields for script: DamageRelay
[22:36:37.970] [info] [SetScriptVars] OK setting fields for: DamageRelay
[22:36:37.970] [info] [MonoDbg] AddEntityToScript - Instantiating and adding script: TrailLeader to Entity ID: 5
[22:36:37.970] [info] [SetScriptVars] OK setting fields for: TrailLeader
[22:36:37.970] [info] [MonoDbg] AddEntityToScript - Syncing serialized fields for script: TrailLeader
[22:36:37.971] [info] [SetScriptVars] OK setting fields for: TrailLeader
[22:36:37.971] [info] [MonoDbg] AddEntityToScript - Instantiating and adding script: CameraShake to Entity ID: 6
[22:36:37.971] [info] [SetScriptVars] OK setting fields for: CameraShake
[22:36:37.971] [info] [MonoDbg] AddEntityToScript - Syncing serialized fields for script: CameraShake
[22:36:37.971] [info] [SetScriptVars] OK setting fields for: CameraShake
[22:36:37.971] [info] [MonoDbg] AddEntityToScript - Instantiating and adding script: PlayerFollowCamera to Entity ID: 6
[22:36:37.972] [info] [SetScriptVars] OK setting fields for: PlayerFollowCamera
[22:36:37.972] [info] [MonoDbg] AddEntityToScript - Syncing serialized fields for script: PlayerFollowCamera
[22:36:37.972] [info] [SetScriptVars] OK setting fields for: PlayerFollowCamera
[22:36:37.972] [info] [MonoDbg] AddEntityToScript - Instantiating and adding script: ContactZoomSource to Entity ID: 6
[22:36:37.972] [info] [SetScriptVars] OK setting fields for: ContactZoomSource
[22:36:37.972] [info] [MonoDbg] AddEntityToScript - Syncing serialized fields for script: ContactZoomSource
[22:36:37.972] [info] [SetScriptVars] OK setting fields for: ContactZoomSource
[22:36:37.973] [info] [MonoDbg] AddEntityToScript - Instantiating and adding script: DashZoomSource to Entity ID: 6
[22:36:37.973] [info] [SetScriptVars] OK setting fields for: DashZoomSource
[22:36:37.973] [info] [MonoDbg] AddEntityToScript - Syncing serialized fields for script: DashZoomSource
[22:36:37.973] [info] [SetScriptVars] OK setting fields for: DashZoomSource
[22:36:37.973] [info] [MonoDbg] AddEntityToScript - Instantiating and adding script: TrailFollower to Entity ID: 8
[22:36:37.973] [info] [SetScriptVars] OK setting fields for: TrailFollower
[22:36:37.974] [info] [MonoDbg] AddEntityToScript - Syncing serialized fields for script: TrailFollower
[22:36:37.974] [info] [SetScriptVars] OK setting fields for: TrailFollower
[22:36:37.974] [info] [MonoDbg] AddEntityToScript - Instantiating and adding script: SpawnAreaFollower to Entity ID: 8
[22:36:37.974] [info] [SetScriptVars] OK setting fields for: SpawnAreaFollower
[22:36:37.975] [info] [MonoDbg] AddEntityToScript - Syncing serialized fields for script: SpawnAreaFollower
[22:36:37.975] [info] [SetScriptVars] OK setting fields for: SpawnAreaFollower
[22:36:37.975] [info] [MonoDbg] AddEntityToScript - Instantiating and adding script: MovementAreaClamper to Entity ID: 8
[22:36:37.975] [info] [SetScriptVars] OK setting fields for: MovementAreaClamper
[22:36:37.975] [info] [MonoDbg] AddEntityToScript - Syncing serialized fields for script: MovementAreaClamper
[22:36:37.975] [info] [SetScriptVars] OK setting fields for: MovementAreaClamper
[22:36:37.978] [info] [MonoDbg] AddEntityToScript - Instantiating and adding script: EnemySpawnSystem to Entity ID: 8
[22:36:37.978] [info] [SetScriptVars] OK setting fields for: EnemySpawnSystem
[22:36:37.978] [info] [MonoDbg] AddEntityToScript - Syncing serialized fields for script: EnemySpawnSystem
[22:36:37.978] [info] [SetScriptVars] OK setting fields for: EnemySpawnSystem
[22:36:37.979] [info] [MonoDbg] AddEntityToScript - Instantiating and adding script: BiomeArea to Entity ID: 9
[22:36:37.979] [info] [SetScriptVars] OK setting fields for: BiomeArea
[22:36:37.979] [info] [MonoDbg] AddEntityToScript - Syncing serialized fields for script: BiomeArea
[22:36:37.980] [info] [SetScriptVars] OK setting fields for: BiomeArea
[22:36:37.980] [info] [MonoDbg] AddEntityToScript - Instantiating and adding script: MovementArea to Entity ID: 9
[22:36:37.980] [info] [SetScriptVars] OK setting fields for: MovementArea
[22:36:37.980] [info] [MonoDbg] AddEntityToScript - Syncing serialized fields for script: MovementArea
[22:36:37.980] [info] [SetScriptVars] OK setting fields for: MovementArea
[22:36:37.981] [info] [MonoDbg] AddEntityToScript - Instantiating and adding script: CloudManager to Entity ID: 15
[22:36:37.981] [info] [SetScriptVars] OK setting fields for: CloudManager
[22:36:37.981] [info] [MonoDbg] AddEntityToScript - Syncing serialized fields for script: CloudManager
[22:36:37.981] [info] [SetScriptVars] OK setting fields for: CloudManager
[22:36:37.982] [info] [MonoDbg] AddEntityToScript - Instantiating and adding script: Attractor to Entity ID: 16
[22:36:37.982] [info] [SetScriptVars] OK setting fields for: Attractor
[22:36:37.982] [info] [MonoDbg] AddEntityToScript - Syncing serialized fields for script: Attractor
[22:36:37.982] [info] [SetScriptVars] OK setting fields for: Attractor
[22:36:37.982] [info] [MonoDbg] AddEntityToScript - Instantiating and adding script: BiomeArea to Entity ID: 17
[22:36:37.982] [info] [SetScriptVars] OK setting fields for: BiomeArea
[22:36:37.983] [info] [MonoDbg] AddEntityToScript - Syncing serialized fields for script: BiomeArea
[22:36:37.983] [info] [SetScriptVars] OK setting fields for: BiomeArea
[22:36:37.983] [info] [MonoDbg] AddEntityToScript - Instantiating and adding script: MovementArea to Entity ID: 17
[22:36:37.983] [info] [SetScriptVars] OK setting fields for: MovementArea
[22:36:37.983] [info] [MonoDbg] AddEntityToScript - Syncing serialized fields for script: MovementArea
[22:36:37.983] [info] [SetScriptVars] OK setting fields for: MovementArea
[22:36:37.984] [info] [MonoDbg] AddEntityToScript - Instantiating and adding script: BiomeArea to Entity ID: 18
[22:36:37.984] [info] [SetScriptVars] OK setting fields for: BiomeArea
[22:36:37.984] [info] [MonoDbg] AddEntityToScript - Syncing serialized fields for script: BiomeArea
[22:36:37.984] [info] [SetScriptVars] OK setting fields for: BiomeArea
[22:36:37.984] [info] [MonoDbg] AddEntityToScript - Instantiating and adding script: MovementArea to Entity ID: 18
[22:36:37.985] [info] [SetScriptVars] OK setting fields for: MovementArea
[22:36:37.985] [info] [MonoDbg] AddEntityToScript - Syncing serialized fields for script: MovementArea
[22:36:37.985] [info] [SetScriptVars] OK setting fields for: MovementArea
[22:36:37.985] [info] [MonoDbg] AddEntityToScript - Instantiating and adding script: BiomeArea to Entity ID: 19
[22:36:37.985] [info] [SetScriptVars] OK setting fields for: BiomeArea
[22:36:37.985] [info] [MonoDbg] AddEntityToScript - Syncing serialized fields for script: BiomeArea
[22:36:37.985] [info] [SetScriptVars] OK setting fields for: BiomeArea
[22:36:37.986] [info] [MonoDbg] AddEntityToScript - Instantiating and adding script: MovementArea to Entity ID: 19
[22:36:37.986] [info] [SetScriptVars] OK setting fields for: MovementArea
[22:36:37.986] [info] [MonoDbg] AddEntityToScript - Syncing serialized fields for script: MovementArea
[22:36:37.986] [info] [SetScriptVars] OK setting fields for: MovementArea
[22:36:37.987] [info] [MonoDbg] AddEntityToScript - Instantiating and adding script: MoveObjective to Entity ID: 20
[22:36:37.987] [info] [SetScriptVars] OK setting fields for: MoveObjective
[22:36:37.987] [info] [MonoDbg] AddEntityToScript - Syncing serialized fields for script: MoveObjective
[22:36:37.987] [info] [SetScriptVars] OK setting fields for: MoveObjective
[22:36:37.988] [info] [MonoDbg] AddEntityToScript - Instantiating and adding script: DashCountObjective to Entity ID: 21
[22:36:37.988] [info] [SetScriptVars] OK setting fields for: DashCountObjective
[22:36:37.988] [info] [MonoDbg] AddEntityToScript - Syncing serialized fields for script: DashCountObjective
[22:36:37.988] [info] [SetScriptVars] OK setting fields for: DashCountObjective
[22:36:37.988] [info] [MonoDbg] AddEntityToScript - Instantiating and adding script: KillCountObjective to Entity ID: 22
[22:36:37.989] [info] [SetScriptVars] OK setting fields for: KillCountObjective
[22:36:37.989] [info] [MonoDbg] AddEntityToScript - Syncing serialized fields for script: KillCountObjective
[22:36:37.989] [info] [SetScriptVars] OK setting fields for: KillCountObjective
[22:36:37.989] [info] [MonoDbg] AddEntityToScript - Instantiating and adding script: SpawnOnPhaseBegan to Entity ID: 22
[22:36:37.989] [info] [SetScriptVars] OK setting fields for: SpawnOnPhaseBegan
[22:36:37.990] [info] [MonoDbg] AddEntityToScript - Syncing serialized fields for script: SpawnOnPhaseBegan
[22:36:37.990] [info] [SetScriptVars] OK setting fields for: SpawnOnPhaseBegan
[22:36:37.990] [info] [MonoDbg] AddEntityToScript - Instantiating and adding script: ShotObjective to Entity ID: 23
[22:36:37.990] [info] [SetScriptVars] OK setting fields for: ShotObjective
[22:36:37.991] [info] [MonoDbg] AddEntityToScript - Syncing serialized fields for script: ShotObjective
[22:36:37.991] [info] [SetScriptVars] OK setting fields for: ShotObjective
[22:36:37.991] [info] [MonoDbg] AddEntityToScript - Instantiating and adding script: KillCountObjective to Entity ID: 24
[22:36:37.991] [info] [SetScriptVars] OK setting fields for: KillCountObjective
[22:36:37.991] [info] [MonoDbg] AddEntityToScript - Syncing serialized fields for script: KillCountObjective
[22:36:37.991] [info] [SetScriptVars] OK setting fields for: KillCountObjective
[22:36:37.991] [info] [MonoDbg] AddEntityToScript - Instantiating and adding script: KillCountObjective to Entity ID: 25
[22:36:37.992] [info] [SetScriptVars] OK setting fields for: KillCountObjective
[22:36:37.992] [info] [MonoDbg] AddEntityToScript - Syncing serialized fields for script: KillCountObjective
[22:36:37.992] [info] [SetScriptVars] OK setting fields for: KillCountObjective
[22:36:37.992] [info] [MonoDbg] AddEntityToScript - Instantiating and adding script: SpawnOnPhaseBegan to Entity ID: 25
[22:36:37.992] [info] [SetScriptVars] OK setting fields for: SpawnOnPhaseBegan
[22:36:37.992] [info] [MonoDbg] AddEntityToScript - Syncing serialized fields for script: SpawnOnPhaseBegan
[22:36:37.993] [info] [SetScriptVars] OK setting fields for: SpawnOnPhaseBegan
[22:36:37.993] [info] [MonoDbg] AddEntityToScript - Instantiating and adding script: KillCountObjective to Entity ID: 26
[22:36:37.993] [info] [SetScriptVars] OK setting fields for: KillCountObjective
[22:36:37.993] [info] [MonoDbg] AddEntityToScript - Syncing serialized fields for script: KillCountObjective
[22:36:37.993] [info] [SetScriptVars] OK setting fields for: KillCountObjective
[22:36:37.993] [info] [MonoDbg] AddEntityToScript - Instantiating and adding script: KillCountObjective to Entity ID: 27
[22:36:37.993] [info] [SetScriptVars] OK setting fields for: KillCountObjective
[22:36:37.994] [info] [MonoDbg] AddEntityToScript - Syncing serialized fields for script: KillCountObjective
[22:36:37.994] [info] [SetScriptVars] OK setting fields for: KillCountObjective
[22:36:37.994] [info] [MonoDbg] AddEntityToScript - Instantiating and adding script: SpawnOnPhaseBegan to Entity ID: 27
[22:36:37.994] [info] [SetScriptVars] OK setting fields for: SpawnOnPhaseBegan
[22:36:37.994] [info] [MonoDbg] AddEntityToScript - Syncing serialized fields for script: SpawnOnPhaseBegan
[22:36:37.994] [info] [SetScriptVars] OK setting fields for: SpawnOnPhaseBegan
[22:36:37.995] [info] [MonoDbg] AddEntityToScript - Instantiating and adding script: KillCountObjective to Entity ID: 28
[22:36:37.995] [info] [SetScriptVars] OK setting fields for: KillCountObjective
[22:36:37.995] [info] [MonoDbg] AddEntityToScript - Syncing serialized fields for script: KillCountObjective
[22:36:37.995] [info] [SetScriptVars] OK setting fields for: KillCountObjective
[22:36:37.995] [info] [MonoDbg] AddEntityToScript - Instantiating and adding script: KillCountObjective to Entity ID: 29
[22:36:37.995] [info] [SetScriptVars] OK setting fields for: KillCountObjective
[22:36:37.995] [info] [MonoDbg] AddEntityToScript - Syncing serialized fields for script: KillCountObjective
[22:36:37.996] [info] [SetScriptVars] OK setting fields for: KillCountObjective
[22:36:37.996] [info] [MonoDbg] AddEntityToScript - Instantiating and adding script: SpawnOnPhaseBegan to Entity ID: 29
[22:36:37.996] [info] [SetScriptVars] OK setting fields for: SpawnOnPhaseBegan
[22:36:37.996] [info] [MonoDbg] AddEntityToScript - Syncing serialized fields for script: SpawnOnPhaseBegan
[22:36:37.996] [info] [SetScriptVars] OK setting fields for: SpawnOnPhaseBegan
[22:36:37.996] [info] [MonoDbg] AddEntityToScript - Instantiating and adding script: SpriteAnimation to Entity ID: 30
[22:36:37.996] [info] [SetScriptVars] OK setting fields for: SpriteAnimation
[22:36:37.997] [info] [MonoDbg] AddEntityToScript - Syncing serialized fields for script: SpriteAnimation
[22:36:37.997] [info] [SetScriptVars] OK setting fields for: SpriteAnimation
[22:36:37.997] [info] [MonoDbg] AddEntityToScript - Instantiating and adding script: SpriteAnimation to Entity ID: 31
[22:36:37.997] [info] [SetScriptVars] OK setting fields for: SpriteAnimation
[22:36:37.997] [info] [MonoDbg] AddEntityToScript - Syncing serialized fields for script: SpriteAnimation
[22:36:37.997] [info] [SetScriptVars] OK setting fields for: SpriteAnimation
[22:36:38.575] [info] [SOURCE_DETECTOR] C# requested CreateEntity: Prefab = Roe
[22:36:38.575] [info] [SOURCE_DETECTOR] Engine creating Entity (Internal)
[22:36:38.575] [info] [CPP ECS] FromJson - Adding component 'Transform' to entity 'Roe'
[22:36:38.575] [info] [CPP ECS] FromJson - Adding component 'Variables' to entity 'Roe'
[22:36:38.576] [info] [CPP ECS] FromJson - Adding component 'Script' to entity 'Roe'
[22:36:38.576] [info] [CPP ECS] FromJson - Adding component 'SpriteRenderer' to entity 'Roe'
[22:36:38.576] [info] [SOURCE_DETECTOR] C# requested CreateEntity: Prefab = Roe
[22:36:38.576] [info] [SOURCE_DETECTOR] Engine creating Entity (Internal)
[22:36:38.576] [info] [CPP ECS] FromJson - Adding component 'Transform' to entity 'Roe'
[22:36:38.577] [info] [CPP ECS] FromJson - Adding component 'Variables' to entity 'Roe'
[22:36:38.577] [info] [CPP ECS] FromJson - Adding component 'Script' to entity 'Roe'
[22:36:38.577] [info] [CPP ECS] FromJson - Adding component 'SpriteRenderer' to entity 'Roe'
[22:36:38.577] [info] [SOURCE_DETECTOR] C# requested CreateEntity: Prefab = Roe
[22:36:38.577] [info] [SOURCE_DETECTOR] Engine creating Entity (Internal)
[22:36:38.577] [info] [CPP ECS] FromJson - Adding component 'Transform' to entity 'Roe'
[22:36:38.577] [info] [CPP ECS] FromJson - Adding component 'Variables' to entity 'Roe'
[22:36:38.578] [info] [CPP ECS] FromJson - Adding component 'Script' to entity 'Roe'
[22:36:38.578] [info] [CPP ECS] FromJson - Adding component 'SpriteRenderer' to entity 'Roe'
[22:36:38.579] [info] Script TrailFollower found for Entity ID: -1
[22:36:38.588] [info] [SetScriptVars] OK setting fields for: TrailFollower
[22:36:38.588] [info] Script TrailFollower found for Entity ID: -2
[22:36:38.588] [info] [SetScriptVars] OK setting fields for: TrailFollower
[22:36:38.588] [info] Script TrailFollower found for Entity ID: -3
[22:36:38.588] [info] [SetScriptVars] OK setting fields for: TrailFollower
[22:36:38.608] [info] [RenderingCollection] IsEnableCamera: Camera ViewProjection is not ready
[22:36:38.608] [warning] [RenderingFramework] Skipping group: GameScene (Camera is Projection Failed)
[22:36:38.705] [info] [SOURCE_DETECTOR] Engine creating Entity (Internal)
[22:36:38.705] [info] [CPP ECS] FromJson - Adding component 'CameraComponent' to entity 'Camera'
[22:36:38.705] [info] [CPP ECS] FromJson - Adding component 'Transform' to entity 'Camera'
[22:36:38.705] [info] [CPP ECS] FromJson - Adding component 'Variables' to entity 'Camera'
[22:36:38.705] [info] [SOURCE_DETECTOR] Engine creating Entity (Internal)
[22:36:38.705] [info] [CPP ECS] FromJson - Adding component 'Transform' to entity 'SideBB'
[22:36:38.706] [info] [CPP ECS] FromJson - Adding component 'Variables' to entity 'SideBB'
[22:36:38.706] [info] [SOURCE_DETECTOR] Engine creating Entity (Internal)
[22:36:38.706] [info] [CPP ECS] FromJson - Adding component 'Transform' to entity 'RightUIRoot'
[22:36:38.706] [info] [CPP ECS] FromJson - Adding component 'Variables' to entity 'RightUIRoot'
[22:36:38.706] [info] [SOURCE_DETECTOR] Engine creating Entity (Internal)
[22:36:38.706] [info] [CPP ECS] FromJson - Adding component 'Transform' to entity 'ProgressUI'
[22:36:38.706] [info] [CPP ECS] FromJson - Adding component 'Variables' to entity 'ProgressUI'
[22:36:38.706] [info] [CPP ECS] FromJson - Adding component 'Script' to entity 'ProgressUI'
[22:36:38.707] [info] [CPP ECS] FromJson - Adding component 'TextRenderer' to entity 'ProgressUI'
[22:36:38.707] [info] [SOURCE_DETECTOR] Engine creating Entity (Internal)
[22:36:38.707] [info] [CPP ECS] FromJson - Adding component 'Transform' to entity 'ProgressUI_1'
[22:36:38.707] [info] [CPP ECS] FromJson - Adding component 'Variables' to entity 'ProgressUI_1'
[22:36:38.707] [info] [CPP ECS] FromJson - Adding component 'Script' to entity 'ProgressUI_1'
[22:36:38.707] [info] [CPP ECS] FromJson - Adding component 'SpriteRenderer' to entity 'ProgressUI_1'
[22:36:38.707] [info] [SOURCE_DETECTOR] Engine creating Entity (Internal)
[22:36:38.708] [info] [CPP ECS] FromJson - Adding component 'Transform' to entity 'BlackBelt'
[22:36:38.708] [info] [CPP ECS] FromJson - Adding component 'Variables' to entity 'BlackBelt'
[22:36:38.708] [info] [CPP ECS] FromJson - Adding component 'SpriteRenderer' to entity 'BlackBelt'
[22:36:38.708] [info] [SOURCE_DETECTOR] Engine creating Entity (Internal)
[22:36:38.708] [info] [CPP ECS] FromJson - Adding component 'Transform' to entity 'TutorialSkipButtonUI'
[22:36:38.708] [info] [CPP ECS] FromJson - Adding component 'Variables' to entity 'TutorialSkipButtonUI'
[22:36:38.708] [info] [CPP ECS] FromJson - Adding component 'Script' to entity 'TutorialSkipButtonUI'
[22:36:38.709] [info] [SOURCE_DETECTOR] Engine creating Entity (Internal)
[22:36:38.709] [info] [CPP ECS] FromJson - Adding component 'Transform' to entity 'TutorialSkipButtonGauge'
[22:36:38.709] [info] [CPP ECS] FromJson - Adding component 'Variables' to entity 'TutorialSkipButtonGauge'
[22:36:38.709] [info] [CPP ECS] FromJson - Adding component 'Script' to entity 'TutorialSkipButtonGauge'
[22:36:38.709] [info] [CPP ECS] FromJson - Adding component 'SpriteRenderer' to entity 'TutorialSkipButtonGauge'
[22:36:38.709] [info] [SOURCE_DETECTOR] Engine creating Entity (Internal)
[22:36:38.709] [info] [CPP ECS] FromJson - Adding component 'Transform' to entity 'BlackBelt_1'
[22:36:38.710] [info] [CPP ECS] FromJson - Adding component 'Variables' to entity 'BlackBelt_1'
[22:36:38.710] [info] [CPP ECS] FromJson - Adding component 'SpriteRenderer' to entity 'BlackBelt_1'
[22:36:38.710] [info] [SOURCE_DETECTOR] Engine creating Entity (Internal)
[22:36:38.710] [info] [CPP ECS] FromJson - Adding component 'Transform' to entity 'ProgressLabelTutorial'
[22:36:38.710] [info] [CPP ECS] FromJson - Adding component 'Variables' to entity 'ProgressLabelTutorial'
[22:36:38.710] [info] [CPP ECS] FromJson - Adding component 'Script' to entity 'ProgressLabelTutorial'
[22:36:38.710] [info] [CPP ECS] FromJson - Adding component 'TextRenderer' to entity 'ProgressLabelTutorial'
[22:36:38.711] [info] [SOURCE_DETECTOR] Engine creating Entity (Internal)
[22:36:38.711] [info] [CPP ECS] FromJson - Adding component 'Transform' to entity 'MovingTutorial'
[22:36:38.711] [info] [CPP ECS] FromJson - Adding component 'Variables' to entity 'MovingTutorial'
[22:36:38.711] [info] [CPP ECS] FromJson - Adding component 'Script' to entity 'MovingTutorial'
[22:36:38.711] [info] [CPP ECS] FromJson - Adding component 'TextRenderer' to entity 'MovingTutorial'
[22:36:38.711] [info] [SOURCE_DETECTOR] Engine creating Entity (Internal)
[22:36:38.711] [info] [CPP ECS] FromJson - Adding component 'Transform' to entity 'DashTutorial'
[22:36:38.711] [info] [CPP ECS] FromJson - Adding component 'Variables' to entity 'DashTutorial'
[22:36:38.712] [info] [CPP ECS] FromJson - Adding component 'Script' to entity 'DashTutorial'
[22:36:38.712] [info] [CPP ECS] FromJson - Adding component 'TextRenderer' to entity 'DashTutorial'
[22:36:38.712] [info] [SOURCE_DETECTOR] Engine creating Entity (Internal)
[22:36:38.712] [info] [CPP ECS] FromJson - Adding component 'Transform' to entity 'EnemyTutorial'
[22:36:38.712] [info] [CPP ECS] FromJson - Adding component 'Variables' to entity 'EnemyTutorial'
[22:36:38.712] [info] [CPP ECS] FromJson - Adding component 'Script' to entity 'EnemyTutorial'
[22:36:38.712] [info] [CPP ECS] FromJson - Adding component 'TextRenderer' to entity 'EnemyTutorial'
[22:36:38.713] [info] [SOURCE_DETECTOR] Engine creating Entity (Internal)
[22:36:38.713] [info] [CPP ECS] FromJson - Adding component 'Transform' to entity 'ShotTutorial'
[22:36:38.713] [info] [CPP ECS] FromJson - Adding component 'Variables' to entity 'ShotTutorial'
[22:36:38.713] [info] [CPP ECS] FromJson - Adding component 'Script' to entity 'ShotTutorial'
[22:36:38.713] [info] [CPP ECS] FromJson - Adding component 'TextRenderer' to entity 'ShotTutorial'
[22:36:38.713] [info] [SOURCE_DETECTOR] Engine creating Entity (Internal)
[22:36:38.713] [info] [CPP ECS] FromJson - Adding component 'Transform' to entity 'ProgressLabelHunt'
[22:36:38.714] [info] [CPP ECS] FromJson - Adding component 'Variables' to entity 'ProgressLabelHunt'
[22:36:38.714] [info] [CPP ECS] FromJson - Adding component 'Script' to entity 'ProgressLabelHunt'
[22:36:38.714] [info] [CPP ECS] FromJson - Adding component 'TextRenderer' to entity 'ProgressLabelHunt'
[22:36:38.714] [info] [SOURCE_DETECTOR] Engine creating Entity (Internal)
[22:36:38.714] [info] [CPP ECS] FromJson - Adding component 'Transform' to entity 'BossBattlePhase_1'
[22:36:38.714] [info] [CPP ECS] FromJson - Adding component 'Variables' to entity 'BossBattlePhase_1'
[22:36:38.714] [info] [CPP ECS] FromJson - Adding component 'Script' to entity 'BossBattlePhase_1'
[22:36:38.714] [info] [CPP ECS] FromJson - Adding component 'TextRenderer' to entity 'BossBattlePhase_1'
[22:36:38.715] [info] [SOURCE_DETECTOR] Engine creating Entity (Internal)
[22:36:38.715] [info] [CPP ECS] FromJson - Adding component 'Transform' to entity 'BossBattlePhase_2'
[22:36:38.715] [info] [CPP ECS] FromJson - Adding component 'Variables' to entity 'BossBattlePhase_2'
[22:36:38.715] [info] [CPP ECS] FromJson - Adding component 'Script' to entity 'BossBattlePhase_2'
[22:36:38.715] [info] [CPP ECS] FromJson - Adding component 'TextRenderer' to entity 'BossBattlePhase_2'
[22:36:38.715] [info] [SOURCE_DETECTOR] Engine creating Entity (Internal)
[22:36:38.715] [info] [CPP ECS] FromJson - Adding component 'Transform' to entity 'BossBattlePhase_3'
[22:36:38.716] [info] [CPP ECS] FromJson - Adding component 'Variables' to entity 'BossBattlePhase_3'
[22:36:38.716] [info] [CPP ECS] FromJson - Adding component 'Script' to entity 'BossBattlePhase_3'
[22:36:38.716] [info] [CPP ECS] FromJson - Adding component 'TextRenderer' to entity 'BossBattlePhase_3'
[22:36:38.716] [info] [SOURCE_DETECTOR] Engine creating Entity (Internal)
[22:36:38.716] [info] [CPP ECS] FromJson - Adding component 'Transform' to entity 'GamePhase'
[22:36:38.716] [info] [CPP ECS] FromJson - Adding component 'Variables' to entity 'GamePhase'
[22:36:38.716] [info] [SOURCE_DETECTOR] Engine creating Entity (Internal)
[22:36:38.716] [info] [CPP ECS] FromJson - Adding component 'Transform' to entity 'InputUI'
[22:36:38.717] [info] [CPP ECS] FromJson - Adding component 'Variables' to entity 'InputUI'
[22:36:38.717] [info] [CPP ECS] FromJson - Adding component 'Script' to entity 'InputUI'
[22:36:38.717] [info] [SOURCE_DETECTOR] Engine creating Entity (Internal)
[22:36:38.717] [info] [CPP ECS] FromJson - Adding component 'Transform' to entity 'KeyboardUIRoot'
[22:36:38.717] [info] [CPP ECS] FromJson - Adding component 'Variables' to entity 'KeyboardUIRoot'
[22:36:38.717] [info] [CPP ECS] FromJson - Adding component 'Transform' to entity 'KeyboardUIRoot'
[22:36:38.717] [info] [SOURCE_DETECTOR] Engine creating Entity (Internal)
[22:36:38.717] [info] [CPP ECS] FromJson - Adding component 'Transform' to entity 'Frame'
[22:36:38.718] [info] [CPP ECS] FromJson - Adding component 'Variables' to entity 'Frame'
[22:36:38.718] [info] [CPP ECS] FromJson - Adding component 'SpriteRenderer' to entity 'Frame'
[22:36:38.718] [info] [SOURCE_DETECTOR] Engine creating Entity (Internal)
[22:36:38.718] [info] [CPP ECS] FromJson - Adding component 'Transform' to entity 'Buttons'
[22:36:38.718] [info] [CPP ECS] FromJson - Adding component 'Variables' to entity 'Buttons'
[22:36:38.718] [info] [SOURCE_DETECTOR] Engine creating Entity (Internal)
[22:36:38.718] [info] [CPP ECS] FromJson - Adding component 'Transform' to entity 'WASD'
[22:36:38.718] [info] [CPP ECS] FromJson - Adding component 'Variables' to entity 'WASD'
[22:36:38.719] [info] [CPP ECS] FromJson - Adding component 'SpriteRenderer' to entity 'WASD'
[22:36:38.719] [info] [CPP ECS] FromJson - Adding component 'Script' to entity 'WASD'
[22:36:38.719] [info] [SOURCE_DETECTOR] Engine creating Entity (Internal)
[22:36:38.719] [info] [CPP ECS] FromJson - Adding component 'Transform' to entity 'Shift'
[22:36:38.719] [info] [CPP ECS] FromJson - Adding component 'Variables' to entity 'Shift'
[22:36:38.719] [info] [CPP ECS] FromJson - Adding component 'SpriteRenderer' to entity 'Shift'
[22:36:38.719] [info] [CPP ECS] FromJson - Adding component 'Script' to entity 'Shift'
[22:36:38.720] [info] [SOURCE_DETECTOR] Engine creating Entity (Internal)
[22:36:38.720] [info] [CPP ECS] FromJson - Adding component 'Transform' to entity 'Space'
[22:36:38.720] [info] [CPP ECS] FromJson - Adding component 'Variables' to entity 'Space'
[22:36:38.720] [info] [CPP ECS] FromJson - Adding component 'SpriteRenderer' to entity 'Space'
[22:36:38.720] [info] [CPP ECS] FromJson - Adding component 'Script' to entity 'Space'
[22:36:38.720] [info] [SOURCE_DETECTOR] Engine creating Entity (Internal)
[22:36:38.720] [info] [CPP ECS] FromJson - Adding component 'Transform' to entity 'GamepadUIRoot'
[22:36:38.720] [info] [CPP ECS] FromJson - Adding component 'Variables' to entity 'GamepadUIRoot'
[22:36:38.721] [info] [CPP ECS] FromJson - Adding component 'Transform' to entity 'GamepadUIRoot'
[22:36:38.721] [info] [SOURCE_DETECTOR] Engine creating Entity (Internal)
[22:36:38.721] [info] [CPP ECS] FromJson - Adding component 'Transform' to entity 'Frame'
[22:36:38.721] [info] [CPP ECS] FromJson - Adding component 'Variables' to entity 'Frame'
[22:36:38.721] [info] [CPP ECS] FromJson - Adding component 'SpriteRenderer' to entity 'Frame'
[22:36:38.721] [info] [SOURCE_DETECTOR] Engine creating Entity (Internal)
[22:36:38.721] [info] [CPP ECS] FromJson - Adding component 'Transform' to entity 'Buttons'
[22:36:38.721] [info] [CPP ECS] FromJson - Adding component 'Variables' to entity 'Buttons'
[22:36:38.722] [info] [SOURCE_DETECTOR] Engine creating Entity (Internal)
[22:36:38.722] [info] [CPP ECS] FromJson - Adding component 'Transform' to entity 'A'
[22:36:38.722] [info] [CPP ECS] FromJson - Adding component 'Variables' to entity 'A'
[22:36:38.722] [info] [CPP ECS] FromJson - Adding component 'SpriteRenderer' to entity 'A'
[22:36:38.722] [info] [CPP ECS] FromJson - Adding component 'Script' to entity 'A'
[22:36:38.722] [info] [SOURCE_DETECTOR] Engine creating Entity (Internal)
[22:36:38.722] [info] [CPP ECS] FromJson - Adding component 'Transform' to entity 'Stick'
[22:36:38.723] [info] [CPP ECS] FromJson - Adding component 'Variables' to entity 'Stick'
[22:36:38.723] [info] [CPP ECS] FromJson - Adding component 'SpriteRenderer' to entity 'Stick'
[22:36:38.723] [info] [CPP ECS] FromJson - Adding component 'Script' to entity 'Stick'
[22:36:38.723] [info] [SOURCE_DETECTOR] Engine creating Entity (Internal)
[22:36:38.723] [info] [CPP ECS] FromJson - Adding component 'Transform' to entity 'ShoulderLeft'
[22:36:38.723] [info] [CPP ECS] FromJson - Adding component 'Variables' to entity 'ShoulderLeft'
[22:36:38.724] [info] [CPP ECS] FromJson - Adding component 'SpriteRenderer' to entity 'ShoulderLeft'
[22:36:38.724] [info] [CPP ECS] FromJson - Adding component 'Script' to entity 'ShoulderLeft'
[22:36:38.724] [info] [SOURCE_DETECTOR] Engine creating Entity (Internal)
[22:36:38.724] [info] [CPP ECS] FromJson - Adding component 'Transform' to entity 'ShoulderRight'
[22:36:38.724] [info] [CPP ECS] FromJson - Adding component 'Variables' to entity 'ShoulderRight'
[22:36:38.724] [info] [CPP ECS] FromJson - Adding component 'SpriteRenderer' to entity 'ShoulderRight'
[22:36:38.724] [info] [CPP ECS] FromJson - Adding component 'Script' to entity 'ShoulderRight'
[22:36:38.724] [info] [SOURCE_DETECTOR] Engine creating Entity (Internal)
[22:36:38.725] [info] [CPP ECS] FromJson - Adding component 'Transform' to entity 'TextRoot'
[22:36:38.725] [info] [CPP ECS] FromJson - Adding component 'Variables' to entity 'TextRoot'
[22:36:38.725] [info] [SOURCE_DETECTOR] Engine creating Entity (Internal)
[22:36:38.725] [info] [CPP ECS] FromJson - Adding component 'Transform' to entity 'DushText'
[22:36:38.725] [info] [CPP ECS] FromJson - Adding component 'Variables' to entity 'DushText'
[22:36:38.725] [info] [CPP ECS] FromJson - Adding component 'TextRenderer' to entity 'DushText'
[22:36:38.725] [info] [SOURCE_DETECTOR] Engine creating Entity (Internal)
[22:36:38.726] [info] [CPP ECS] FromJson - Adding component 'Transform' to entity 'ShotText'
[22:36:38.726] [info] [CPP ECS] FromJson - Adding component 'Variables' to entity 'ShotText'
[22:36:38.726] [info] [CPP ECS] FromJson - Adding component 'TextRenderer' to entity 'ShotText'
[22:36:38.726] [info] [SOURCE_DETECTOR] Engine creating Entity (Internal)
[22:36:38.726] [info] [CPP ECS] FromJson - Adding component 'Transform' to entity 'DushUIRoot'
[22:36:38.726] [info] [CPP ECS] FromJson - Adding component 'Variables' to entity 'DushUIRoot'
[22:36:38.726] [info] [CPP ECS] FromJson - Adding component 'Script' to entity 'DushUIRoot'
[22:36:38.726] [info] [SOURCE_DETECTOR] Engine creating Entity (Internal)
[22:36:38.727] [info] [CPP ECS] FromJson - Adding component 'Transform' to entity 'Key_DushButton'
[22:36:38.727] [info] [CPP ECS] FromJson - Adding component 'Variables' to entity 'Key_DushButton'
[22:36:38.727] [info] [CPP ECS] FromJson - Adding component 'SpriteRenderer' to entity 'Key_DushButton'
[22:36:38.727] [info] [SOURCE_DETECTOR] Engine creating Entity (Internal)
[22:36:38.727] [info] [CPP ECS] FromJson - Adding component 'Transform' to entity 'Pad_DushButton'
[22:36:38.727] [info] [CPP ECS] FromJson - Adding component 'Variables' to entity 'Pad_DushButton'
[22:36:38.727] [info] [CPP ECS] FromJson - Adding component 'SpriteRenderer' to entity 'Pad_DushButton'
[22:36:38.728] [info] [SOURCE_DETECTOR] Engine creating Entity (Internal)
[22:36:38.728] [info] [CPP ECS] FromJson - Adding component 'Transform' to entity 'A'
[22:36:38.728] [info] [CPP ECS] FromJson - Adding component 'Variables' to entity 'A'
[22:36:38.728] [info] [CPP ECS] FromJson - Adding component 'TextRenderer' to entity 'A'
[22:36:38.728] [info] [SOURCE_DETECTOR] Engine creating Entity (Internal)
[22:36:38.728] [info] [CPP ECS] FromJson - Adding component 'Transform' to entity 'ShotUIRoot'
[22:36:38.728] [info] [CPP ECS] FromJson - Adding component 'Variables' to entity 'ShotUIRoot'
[22:36:38.729] [info] [CPP ECS] FromJson - Adding component 'Script' to entity 'ShotUIRoot'
[22:36:38.729] [info] [SOURCE_DETECTOR] Engine creating Entity (Internal)
[22:36:38.729] [info] [CPP ECS] FromJson - Adding component 'Transform' to entity 'Key_ShotButton'
[22:36:38.729] [info] [CPP ECS] FromJson - Adding component 'Variables' to entity 'Key_ShotButton'
[22:36:38.729] [info] [CPP ECS] FromJson - Adding component 'SpriteRenderer' to entity 'Key_ShotButton'
[22:36:38.729] [info] [SOURCE_DETECTOR] Engine creating Entity (Internal)
[22:36:38.729] [info] [CPP ECS] FromJson - Adding component 'Transform' to entity 'Pad_ShotButton'
[22:36:38.730] [info] [CPP ECS] FromJson - Adding component 'Variables' to entity 'Pad_ShotButton'
[22:36:38.730] [info] [CPP ECS] FromJson - Adding component 'SpriteRenderer' to entity 'Pad_ShotButton'
[22:36:38.730] [info] [SOURCE_DETECTOR] Engine creating Entity (Internal)
[22:36:38.730] [info] [CPP ECS] FromJson - Adding component 'Transform' to entity 'LT'
[22:36:38.730] [info] [CPP ECS] FromJson - Adding component 'Variables' to entity 'LT'
[22:36:38.730] [info] [CPP ECS] FromJson - Adding component 'TextRenderer' to entity 'LT'
[22:36:38.730] [info] [SOURCE_DETECTOR] Engine creating Entity (Internal)
[22:36:38.730] [info] [CPP ECS] FromJson - Adding component 'Transform' to entity 'RT'
[22:36:38.731] [info] [CPP ECS] FromJson - Adding component 'Variables' to entity 'RT'
[22:36:38.731] [info] [CPP ECS] FromJson - Adding component 'TextRenderer' to entity 'RT'
[22:36:38.731] [info] [SOURCE_DETECTOR] Engine creating Entity (Internal)
[22:36:38.731] [info] [CPP ECS] FromJson - Adding component 'Transform' to entity 'PlayerHPUI'
[22:36:38.731] [info] [CPP ECS] FromJson - Adding component 'Variables' to entity 'PlayerHPUI'
[22:36:38.731] [info] [CPP ECS] FromJson - Adding component 'Script' to entity 'PlayerHPUI'
[22:36:38.731] [info] [SOURCE_DETECTOR] Engine creating Entity (Internal)
[22:36:38.732] [info] [CPP ECS] FromJson - Adding component 'Transform' to entity 'HPIcon'
[22:36:38.732] [info] [CPP ECS] FromJson - Adding component 'Variables' to entity 'HPIcon'
[22:36:38.732] [info] [CPP ECS] FromJson - Adding component 'SpriteRenderer' to entity 'HPIcon'
[22:36:38.732] [info] [CPP ECS] FromJson - Adding component 'Script' to entity 'HPIcon'
[22:36:38.732] [info] [SOURCE_DETECTOR] Engine creating Entity (Internal)
[22:36:38.732] [info] [CPP ECS] FromJson - Adding component 'Transform' to entity 'HPIcon_1'
[22:36:38.732] [info] [CPP ECS] FromJson - Adding component 'Variables' to entity 'HPIcon_1'
[22:36:38.733] [info] [CPP ECS] FromJson - Adding component 'SpriteRenderer' to entity 'HPIcon_1'
[22:36:38.733] [info] [CPP ECS] FromJson - Adding component 'Script' to entity 'HPIcon_1'
[22:36:38.733] [info] [SOURCE_DETECTOR] Engine creating Entity (Internal)
[22:36:38.733] [info] [CPP ECS] FromJson - Adding component 'Transform' to entity 'HPIcon_2'
[22:36:38.733] [info] [CPP ECS] FromJson - Adding component 'Variables' to entity 'HPIcon_2'
[22:36:38.733] [info] [CPP ECS] FromJson - Adding component 'SpriteRenderer' to entity 'HPIcon_2'
[22:36:38.733] [info] [CPP ECS] FromJson - Adding component 'Script' to entity 'HPIcon_2'
[22:36:38.734] [info] [SOURCE_DETECTOR] Engine creating Entity (Internal)
[22:36:38.734] [info] [CPP ECS] FromJson - Adding component 'Transform' to entity 'HPIcon_3'
[22:36:38.734] [info] [CPP ECS] FromJson - Adding component 'Variables' to entity 'HPIcon_3'
[22:36:38.734] [info] [CPP ECS] FromJson - Adding component 'SpriteRenderer' to entity 'HPIcon_3'
[22:36:38.734] [info] [CPP ECS] FromJson - Adding component 'Script' to entity 'HPIcon_3'
[22:36:38.734] [info] [SOURCE_DETECTOR] Engine creating Entity (Internal)
[22:36:38.734] [info] [CPP ECS] FromJson - Adding component 'Transform' to entity 'HPIcon_4'
[22:36:38.734] [info] [CPP ECS] FromJson - Adding component 'Variables' to entity 'HPIcon_4'
[22:36:38.735] [info] [CPP ECS] FromJson - Adding component 'SpriteRenderer' to entity 'HPIcon_4'
[22:36:38.735] [info] [CPP ECS] FromJson - Adding component 'Script' to entity 'HPIcon_4'
[22:36:38.735] [info] [SOURCE_DETECTOR] Engine creating Entity (Internal)
[22:36:38.735] [info] [CPP ECS] FromJson - Adding component 'Transform' to entity 'HPIcon_5'
[22:36:38.735] [info] [CPP ECS] FromJson - Adding component 'Variables' to entity 'HPIcon_5'
[22:36:38.735] [info] [CPP ECS] FromJson - Adding component 'SpriteRenderer' to entity 'HPIcon_5'
[22:36:38.735] [info] [CPP ECS] FromJson - Adding component 'Script' to entity 'HPIcon_5'
[22:36:38.736] [info] [SOURCE_DETECTOR] Engine creating Entity (Internal)
[22:36:38.736] [info] [CPP ECS] FromJson - Adding component 'Transform' to entity 'HPIcon_6'
[22:36:38.736] [info] [CPP ECS] FromJson - Adding component 'Variables' to entity 'HPIcon_6'
[22:36:38.736] [info] [CPP ECS] FromJson - Adding component 'SpriteRenderer' to entity 'HPIcon_6'
[22:36:38.736] [info] [CPP ECS] FromJson - Adding component 'Script' to entity 'HPIcon_6'
[22:36:38.736] [info] [SOURCE_DETECTOR] Engine creating Entity (Internal)
[22:36:38.736] [info] [CPP ECS] FromJson - Adding component 'Transform' to entity 'HPIcon_7'
[22:36:38.737] [info] [CPP ECS] FromJson - Adding component 'Variables' to entity 'HPIcon_7'
[22:36:38.737] [info] [CPP ECS] FromJson - Adding component 'SpriteRenderer' to entity 'HPIcon_7'
[22:36:38.737] [info] [CPP ECS] FromJson - Adding component 'Script' to entity 'HPIcon_7'
[22:36:38.737] [info] [SOURCE_DETECTOR] Engine creating Entity (Internal)
[22:36:38.737] [info] [CPP ECS] FromJson - Adding component 'Transform' to entity 'HPIcon_8'
[22:36:38.737] [info] [CPP ECS] FromJson - Adding component 'Variables' to entity 'HPIcon_8'
[22:36:38.737] [info] [CPP ECS] FromJson - Adding component 'SpriteRenderer' to entity 'HPIcon_8'
[22:36:38.738] [info] [CPP ECS] FromJson - Adding component 'Script' to entity 'HPIcon_8'
[22:36:38.738] [info] [SOURCE_DETECTOR] Engine creating Entity (Internal)
[22:36:38.738] [info] [CPP ECS] FromJson - Adding component 'Transform' to entity 'HPIcon_9'
[22:36:38.738] [info] [CPP ECS] FromJson - Adding component 'Variables' to entity 'HPIcon_9'
[22:36:38.738] [info] [CPP ECS] FromJson - Adding component 'SpriteRenderer' to entity 'HPIcon_9'
[22:36:38.738] [info] [CPP ECS] FromJson - Adding component 'Script' to entity 'HPIcon_9'
[22:36:38.739] [info] [SOURCE_DETECTOR] Engine creating Entity (Internal)
[22:36:38.739] [info] [CPP ECS] FromJson - Adding component 'Transform' to entity 'HPIcon_10'
[22:36:38.739] [info] [CPP ECS] FromJson - Adding component 'Variables' to entity 'HPIcon_10'
[22:36:38.739] [info] [CPP ECS] FromJson - Adding component 'SpriteRenderer' to entity 'HPIcon_10'
[22:36:38.739] [info] [CPP ECS] FromJson - Adding component 'Script' to entity 'HPIcon_10'
[22:36:38.739] [info] [SOURCE_DETECTOR] Engine creating Entity (Internal)
[22:36:38.739] [info] [CPP ECS] FromJson - Adding component 'Transform' to entity 'HPIcon_11'
[22:36:38.740] [info] [CPP ECS] FromJson - Adding component 'Variables' to entity 'HPIcon_11'
[22:36:38.740] [info] [CPP ECS] FromJson - Adding component 'SpriteRenderer' to entity 'HPIcon_11'
[22:36:38.740] [info] [CPP ECS] FromJson - Adding component 'Script' to entity 'HPIcon_11'
[22:36:38.740] [info] [SOURCE_DETECTOR] Engine creating Entity (Internal)
[22:36:38.740] [info] [CPP ECS] FromJson - Adding component 'Transform' to entity 'TutorialSkipButtonUI_1'
[22:36:38.740] [info] [CPP ECS] FromJson - Adding component 'Variables' to entity 'TutorialSkipButtonUI_1'
[22:36:38.740] [info] [CPP ECS] FromJson - Adding component 'Script' to entity 'TutorialSkipButtonUI_1'
[22:36:38.741] [info] [CPP ECS] FromJson - Adding component 'TextRenderer' to entity 'TutorialSkipButtonUI_1'
[22:36:38.741] [info] [CPP ECS] FromJson - Adding component 'SpriteRenderer' to entity 'TutorialSkipButtonUI_1'
[22:36:38.741] [info] [SOURCE_DETECTOR] Engine creating Entity (Internal)
[22:36:38.741] [info] [CPP ECS] FromJson - Adding component 'Transform' to entity 'TutorialSkipUI'
[22:36:38.741] [info] [CPP ECS] FromJson - Adding component 'Variables' to entity 'TutorialSkipUI'
[22:36:38.741] [info] [CPP ECS] FromJson - Adding component 'Script' to entity 'TutorialSkipUI'
[22:36:38.741] [info] [CPP ECS] FromJson - Adding component 'TextRenderer' to entity 'TutorialSkipUI'
[22:36:38.742] [info] [SOURCE_DETECTOR] Engine creating Entity (Internal)
[22:36:38.742] [info] [CPP ECS] FromJson - Adding component 'Transform' to entity 'TutorialSkipButtonUI_2'
[22:36:38.742] [info] [CPP ECS] FromJson - Adding component 'Variables' to entity 'TutorialSkipButtonUI_2'
[22:36:38.742] [info] [CPP ECS] FromJson - Adding component 'Script' to entity 'TutorialSkipButtonUI_2'
[22:36:38.742] [info] [CPP ECS] FromJson - Adding component 'SpriteRenderer' to entity 'TutorialSkipButtonUI_2'
[22:36:38.744] [info] Successfully synced initial components to C# for group: GameUIScene
[22:36:38.744] [info] [MonoDbg] AddEntityToScript - Instantiating and adding script: TrailFollower to Entity ID: -1
[22:36:38.744] [info] [MonoDbg] AddEntityToScript - Syncing serialized fields for script: TrailFollower
[22:36:38.745] [info] [SetScriptVars] OK setting fields for: TrailFollower
[22:36:38.745] [info] [MonoDbg] AddEntityToScript - Instantiating and adding script: LevelingComponent to Entity ID: -1
[22:36:38.745] [info] [SetScriptVars] OK setting fields for: LevelingComponent
[22:36:38.745] [info] [MonoDbg] AddEntityToScript - Syncing serialized fields for script: LevelingComponent
[22:36:38.745] [info] [SetScriptVars] OK setting fields for: LevelingComponent
[22:36:38.746] [info] [MonoDbg] AddEntityToScript - Instantiating and adding script: RoeStateComponent to Entity ID: -1
[22:36:38.746] [info] [SetScriptVars] OK setting fields for: RoeStateComponent
[22:36:38.746] [info] [MonoDbg] AddEntityToScript - Syncing serialized fields for script: RoeStateComponent
[22:36:38.746] [info] [SetScriptVars] OK setting fields for: RoeStateComponent
[22:36:38.746] [info] [MonoDbg] AddEntityToScript - Instantiating and adding script: SpriteAnimation to Entity ID: -1
[22:36:38.747] [info] [SetScriptVars] OK setting fields for: SpriteAnimation
[22:36:38.747] [info] [MonoDbg] AddEntityToScript - Syncing serialized fields for script: SpriteAnimation
[22:36:38.747] [info] [SetScriptVars] OK setting fields for: SpriteAnimation
[22:36:38.747] [info] [MonoDbg] AddEntityToScript - Instantiating and adding script: TrailFollower to Entity ID: -2
[22:36:38.747] [info] [MonoDbg] AddEntityToScript - Syncing serialized fields for script: TrailFollower
[22:36:38.747] [info] [SetScriptVars] OK setting fields for: TrailFollower
[22:36:38.747] [info] [MonoDbg] AddEntityToScript - Instantiating and adding script: LevelingComponent to Entity ID: -2
[22:36:38.748] [info] [SetScriptVars] OK setting fields for: LevelingComponent
[22:36:38.748] [info] [MonoDbg] AddEntityToScript - Syncing serialized fields for script: LevelingComponent
[22:36:38.748] [info] [SetScriptVars] OK setting fields for: LevelingComponent
[22:36:38.748] [info] [MonoDbg] AddEntityToScript - Instantiating and adding script: RoeStateComponent to Entity ID: -2
[22:36:38.748] [info] [SetScriptVars] OK setting fields for: RoeStateComponent
[22:36:38.748] [info] [MonoDbg] AddEntityToScript - Syncing serialized fields for script: RoeStateComponent
[22:36:38.748] [info] [SetScriptVars] OK setting fields for: RoeStateComponent
[22:36:38.748] [info] [MonoDbg] AddEntityToScript - Instantiating and adding script: SpriteAnimation to Entity ID: -2
[22:36:38.749] [info] [SetScriptVars] OK setting fields for: SpriteAnimation
[22:36:38.749] [info] [MonoDbg] AddEntityToScript - Syncing serialized fields for script: SpriteAnimation
[22:36:38.749] [info] [SetScriptVars] OK setting fields for: SpriteAnimation
[22:36:38.749] [info] [MonoDbg] AddEntityToScript - Instantiating and adding script: TrailFollower to Entity ID: -3
[22:36:38.749] [info] [MonoDbg] AddEntityToScript - Syncing serialized fields for script: TrailFollower
[22:36:38.749] [info] [SetScriptVars] OK setting fields for: TrailFollower
[22:36:38.750] [info] [MonoDbg] AddEntityToScript - Instantiating and adding script: LevelingComponent to Entity ID: -3
[22:36:38.750] [info] [SetScriptVars] OK setting fields for: LevelingComponent
[22:36:38.750] [info] [MonoDbg] AddEntityToScript - Syncing serialized fields for script: LevelingComponent
[22:36:38.750] [info] [SetScriptVars] OK setting fields for: LevelingComponent
[22:36:38.750] [info] [MonoDbg] AddEntityToScript - Instantiating and adding script: RoeStateComponent to Entity ID: -3
[22:36:38.750] [info] [SetScriptVars] OK setting fields for: RoeStateComponent
[22:36:38.750] [info] [MonoDbg] AddEntityToScript - Syncing serialized fields for script: RoeStateComponent
[22:36:38.751] [info] [SetScriptVars] OK setting fields for: RoeStateComponent
[22:36:38.751] [info] [MonoDbg] AddEntityToScript - Instantiating and adding script: SpriteAnimation to Entity ID: -3
[22:36:38.751] [info] [SetScriptVars] OK setting fields for: SpriteAnimation
[22:36:38.751] [info] [MonoDbg] AddEntityToScript - Syncing serialized fields for script: SpriteAnimation
[22:36:38.751] [info] [SetScriptVars] OK setting fields for: SpriteAnimation
[22:36:38.755] [info] [MonoDbg] AddEntityToScript - Instantiating and adding script: ObjectiveProgressForText to Entity ID: 4
[22:36:38.756] [info] [SetScriptVars] OK setting fields for: ObjectiveProgressForText
[22:36:38.756] [info] [MonoDbg] AddEntityToScript - Syncing serialized fields for script: ObjectiveProgressForText
[22:36:38.756] [info] [SetScriptVars] OK setting fields for: ObjectiveProgressForText
[22:36:38.756] [info] [MonoDbg] AddEntityToScript - Instantiating and adding script: SpriteGauge to Entity ID: 5
[22:36:38.757] [info] [SetScriptVars] OK setting fields for: SpriteGauge
[22:36:38.757] [info] [MonoDbg] AddEntityToScript - Syncing serialized fields for script: SpriteGauge
[22:36:38.757] [info] [SetScriptVars] OK setting fields for: SpriteGauge
[22:36:38.757] [info] [MonoDbg] AddEntityToScript - Instantiating and adding script: ShowOnPhase to Entity ID: 7
[22:36:38.757] [info] [SetScriptVars] OK setting fields for: ShowOnPhase
[22:36:38.758] [info] [MonoDbg] AddEntityToScript - Syncing serialized fields for script: ShowOnPhase
[22:36:38.758] [info] [SetScriptVars] OK setting fields for: ShowOnPhase
[22:36:38.758] [info] [MonoDbg] AddEntityToScript - Instantiating and adding script: LastInputType to Entity ID: 7
[22:36:38.758] [info] [SetScriptVars] OK setting fields for: LastInputType
[22:36:38.759] [info] [MonoDbg] AddEntityToScript - Syncing serialized fields for script: LastInputType
[22:36:38.759] [info] [SetScriptVars] OK setting fields for: LastInputType
[22:36:38.759] [info] [MonoDbg] AddEntityToScript - Instantiating and adding script: ShowOnPhase to Entity ID: 8
[22:36:38.759] [info] [SetScriptVars] OK setting fields for: ShowOnPhase
[22:36:38.759] [info] [MonoDbg] AddEntityToScript - Syncing serialized fields for script: ShowOnPhase
[22:36:38.759] [info] [SetScriptVars] OK setting fields for: ShowOnPhase
[22:36:38.760] [info] [MonoDbg] AddEntityToScript - Instantiating and adding script: SpriteGauge to Entity ID: 8
[22:36:38.760] [info] [SetScriptVars] OK setting fields for: SpriteGauge
[22:36:38.760] [info] [MonoDbg] AddEntityToScript - Syncing serialized fields for script: SpriteGauge
[22:36:38.760] [info] [SetScriptVars] OK setting fields for: SpriteGauge
[22:36:38.760] [info] [MonoDbg] AddEntityToScript - Instantiating and adding script: ShowOnPhase to Entity ID: 10
[22:36:38.760] [info] [SetScriptVars] OK setting fields for: ShowOnPhase
[22:36:38.761] [info] [MonoDbg] AddEntityToScript - Syncing serialized fields for script: ShowOnPhase
[22:36:38.761] [info] [SetScriptVars] OK setting fields for: ShowOnPhase
[22:36:38.761] [info] [MonoDbg] AddEntityToScript - Instantiating and adding script: ShowOnPhase to Entity ID: 11
[22:36:38.761] [info] [SetScriptVars] OK setting fields for: ShowOnPhase
[22:36:38.761] [info] [MonoDbg] AddEntityToScript - Syncing serialized fields for script: ShowOnPhase
[22:36:38.761] [info] [SetScriptVars] OK setting fields for: ShowOnPhase
[22:36:38.761] [info] [MonoDbg] AddEntityToScript - Instantiating and adding script: ShowOnPhase to Entity ID: 12
[22:36:38.762] [info] [SetScriptVars] OK setting fields for: ShowOnPhase
[22:36:38.762] [info] [MonoDbg] AddEntityToScript - Syncing serialized fields for script: ShowOnPhase
[22:36:38.762] [info] [SetScriptVars] OK setting fields for: ShowOnPhase
[22:36:38.762] [info] [MonoDbg] AddEntityToScript - Instantiating and adding script: ShowOnPhase to Entity ID: 13
[22:36:38.762] [info] [SetScriptVars] OK setting fields for: ShowOnPhase
[22:36:38.762] [info] [MonoDbg] AddEntityToScript - Syncing serialized fields for script: ShowOnPhase
[22:36:38.763] [info] [SetScriptVars] OK setting fields for: ShowOnPhase
[22:36:38.763] [info] [MonoDbg] AddEntityToScript - Instantiating and adding script: ShowOnPhase to Entity ID: 14
[22:36:38.763] [info] [SetScriptVars] OK setting fields for: ShowOnPhase
[22:36:38.763] [info] [MonoDbg] AddEntityToScript - Syncing serialized fields for script: ShowOnPhase
[22:36:38.763] [info] [SetScriptVars] OK setting fields for: ShowOnPhase
[22:36:38.763] [info] [MonoDbg] AddEntityToScript - Instantiating and adding script: ShowOnPhase to Entity ID: 15
[22:36:38.764] [info] [SetScriptVars] OK setting fields for: ShowOnPhase
[22:36:38.764] [info] [MonoDbg] AddEntityToScript - Syncing serialized fields for script: ShowOnPhase
[22:36:38.764] [info] [SetScriptVars] OK setting fields for: ShowOnPhase
[22:36:38.764] [info] [MonoDbg] AddEntityToScript - Instantiating and adding script: ShowOnPhase to Entity ID: 16
[22:36:38.764] [info] [SetScriptVars] OK setting fields for: ShowOnPhase
[22:36:38.764] [info] [MonoDbg] AddEntityToScript - Syncing serialized fields for script: ShowOnPhase
[22:36:38.765] [info] [SetScriptVars] OK setting fields for: ShowOnPhase
[22:36:38.765] [info] [MonoDbg] AddEntityToScript - Instantiating and adding script: ShowOnPhase to Entity ID: 17
[22:36:38.765] [info] [SetScriptVars] OK setting fields for: ShowOnPhase
[22:36:38.765] [info] [MonoDbg] AddEntityToScript - Syncing serialized fields for script: ShowOnPhase
[22:36:38.765] [info] [SetScriptVars] OK setting fields for: ShowOnPhase
[22:36:38.765] [info] [MonoDbg] AddEntityToScript - Instantiating and adding script: ShowOnPhase to Entity ID: 18
[22:36:38.766] [info] [SetScriptVars] OK setting fields for: ShowOnPhase
[22:36:38.766] [info] [MonoDbg] AddEntityToScript - Syncing serialized fields for script: ShowOnPhase
[22:36:38.766] [info] [SetScriptVars] OK setting fields for: ShowOnPhase
[22:36:38.766] [info] [MonoDbg] AddEntityToScript - Instantiating and adding script: LastInputType to Entity ID: 20
[22:36:38.766] [info] [SetScriptVars] OK setting fields for: LastInputType
[22:36:38.766] [info] [MonoDbg] AddEntityToScript - Syncing serialized fields for script: LastInputType
[22:36:38.766] [info] [SetScriptVars] OK setting fields for: LastInputType
[22:36:38.767] [info] [MonoDbg] AddEntityToScript - Instantiating and adding script: KeyColorChanger to Entity ID: 24
[22:36:38.767] [info] [SetScriptVars] OK setting fields for: KeyColorChanger
[22:36:38.767] [info] [MonoDbg] AddEntityToScript - Syncing serialized fields for script: KeyColorChanger
[22:36:38.768] [info] [SetScriptVars] OK setting fields for: KeyColorChanger
[22:36:38.768] [info] [MonoDbg] AddEntityToScript - Instantiating and adding script: KeyColorChanger to Entity ID: 25
[22:36:38.768] [info] [SetScriptVars] OK setting fields for: KeyColorChanger
[22:36:38.768] [info] [MonoDbg] AddEntityToScript - Syncing serialized fields for script: KeyColorChanger
[22:36:38.768] [info] [SetScriptVars] OK setting fields for: KeyColorChanger
[22:36:38.768] [info] [MonoDbg] AddEntityToScript - Instantiating and adding script: KeyColorChanger to Entity ID: 26
[22:36:38.769] [info] [SetScriptVars] OK setting fields for: KeyColorChanger
[22:36:38.769] [info] [MonoDbg] AddEntityToScript - Syncing serialized fields for script: KeyColorChanger
[22:36:38.769] [info] [SetScriptVars] OK setting fields for: KeyColorChanger
[22:36:38.769] [info] [MonoDbg] AddEntityToScript - Instantiating and adding script: KeyColorChanger to Entity ID: 30
[22:36:38.769] [info] [SetScriptVars] OK setting fields for: KeyColorChanger
[22:36:38.770] [info] [MonoDbg] AddEntityToScript - Syncing serialized fields for script: KeyColorChanger
[22:36:38.770] [info] [SetScriptVars] OK setting fields for: KeyColorChanger
[22:36:38.770] [info] [MonoDbg] AddEntityToScript - Instantiating and adding script: StickColorChanger to Entity ID: 31
[22:36:38.771] [info] [SetScriptVars] OK setting fields for: StickColorChanger
[22:36:38.771] [info] [MonoDbg] AddEntityToScript - Syncing serialized fields for script: StickColorChanger
[22:36:38.771] [info] [SetScriptVars] OK setting fields for: StickColorChanger
[22:36:38.771] [info] [MonoDbg] AddEntityToScript - Instantiating and adding script: TriggerColorChanger to Entity ID: 32
[22:36:38.772] [info] [SetScriptVars] OK setting fields for: TriggerColorChanger
[22:36:38.772] [info] [MonoDbg] AddEntityToScript - Syncing serialized fields for script: TriggerColorChanger
[22:36:38.772] [info] [SetScriptVars] OK setting fields for: TriggerColorChanger
[22:36:38.772] [info] [MonoDbg] AddEntityToScript - Instantiating and adding script: TriggerColorChanger to Entity ID: 33
[22:36:38.772] [info] [SetScriptVars] OK setting fields for: TriggerColorChanger
[22:36:38.772] [info] [MonoDbg] AddEntityToScript - Syncing serialized fields for script: TriggerColorChanger
[22:36:38.772] [info] [SetScriptVars] OK setting fields for: TriggerColorChanger
[22:36:38.773] [info] [MonoDbg] AddEntityToScript - Instantiating and adding script: LastInputType to Entity ID: 37
[22:36:38.773] [info] [SetScriptVars] OK setting fields for: LastInputType
[22:36:38.773] [info] [MonoDbg] AddEntityToScript - Syncing serialized fields for script: LastInputType
[22:36:38.773] [info] [SetScriptVars] OK setting fields for: LastInputType
[22:36:38.773] [info] [MonoDbg] AddEntityToScript - Instantiating and adding script: LastInputType to Entity ID: 41
[22:36:38.774] [info] [SetScriptVars] OK setting fields for: LastInputType
[22:36:38.774] [info] [MonoDbg] AddEntityToScript - Syncing serialized fields for script: LastInputType
[22:36:38.774] [info] [SetScriptVars] OK setting fields for: LastInputType
[22:36:38.775] [info] [MonoDbg] AddEntityToScript - Instantiating and adding script: PlayerHPUI to Entity ID: 46
[22:36:38.775] [info] [SetScriptVars] OK setting fields for: PlayerHPUI
[22:36:38.775] [info] [MonoDbg] AddEntityToScript - Syncing serialized fields for script: PlayerHPUI
[22:36:38.775] [info] [SetScriptVars] OK setting fields for: PlayerHPUI
[22:36:38.775] [info] [MonoDbg] AddEntityToScript - Instantiating and adding script: SpriteAnimation to Entity ID: 47
[22:36:38.775] [info] [SetScriptVars] OK setting fields for: SpriteAnimation
[22:36:38.776] [info] [MonoDbg] AddEntityToScript - Syncing serialized fields for script: SpriteAnimation
[22:36:38.776] [info] [SetScriptVars] OK setting fields for: SpriteAnimation
[22:36:38.776] [info] [MonoDbg] AddEntityToScript - Instantiating and adding script: SpriteAnimation to Entity ID: 48
[22:36:38.776] [info] [SetScriptVars] OK setting fields for: SpriteAnimation
[22:36:38.776] [info] [MonoDbg] AddEntityToScript - Syncing serialized fields for script: SpriteAnimation
[22:36:38.776] [info] [SetScriptVars] OK setting fields for: SpriteAnimation
[22:36:38.777] [info] [MonoDbg] AddEntityToScript - Instantiating and adding script: SpriteAnimation to Entity ID: 49
[22:36:38.777] [info] [SetScriptVars] OK setting fields for: SpriteAnimation
[22:36:38.777] [info] [MonoDbg] AddEntityToScript - Syncing serialized fields for script: SpriteAnimation
[22:36:38.777] [info] [SetScriptVars] OK setting fields for: SpriteAnimation
[22:36:38.777] [info] [MonoDbg] AddEntityToScript - Instantiating and adding script: SpriteAnimation to Entity ID: 50
[22:36:38.777] [info] [SetScriptVars] OK setting fields for: SpriteAnimation
[22:36:38.778] [info] [MonoDbg] AddEntityToScript - Syncing serialized fields for script: SpriteAnimation
[22:36:38.778] [info] [SetScriptVars] OK setting fields for: SpriteAnimation
[22:36:38.778] [info] [MonoDbg] AddEntityToScript - Instantiating and adding script: SpriteAnimation to Entity ID: 51
[22:36:38.778] [info] [SetScriptVars] OK setting fields for: SpriteAnimation
[22:36:38.778] [info] [MonoDbg] AddEntityToScript - Syncing serialized fields for script: SpriteAnimation
[22:36:38.778] [info] [SetScriptVars] OK setting fields for: SpriteAnimation
[22:36:38.779] [info] [MonoDbg] AddEntityToScript - Instantiating and adding script: SpriteAnimation to Entity ID: 52
[22:36:38.779] [info] [SetScriptVars] OK setting fields for: SpriteAnimation
[22:36:38.779] [info] [MonoDbg] AddEntityToScript - Syncing serialized fields for script: SpriteAnimation
[22:36:38.779] [info] [SetScriptVars] OK setting fields for: SpriteAnimation
[22:36:38.779] [info] [MonoDbg] AddEntityToScript - Instantiating and adding script: SpriteAnimation to Entity ID: 53
[22:36:38.779] [info] [SetScriptVars] OK setting fields for: SpriteAnimation
[22:36:38.780] [info] [MonoDbg] AddEntityToScript - Syncing serialized fields for script: SpriteAnimation
[22:36:38.780] [info] [SetScriptVars] OK setting fields for: SpriteAnimation
[22:36:38.780] [info] [MonoDbg] AddEntityToScript - Instantiating and adding script: SpriteAnimation to Entity ID: 54
[22:36:38.780] [info] [SetScriptVars] OK setting fields for: SpriteAnimation
[22:36:38.780] [info] [MonoDbg] AddEntityToScript - Syncing serialized fields for script: SpriteAnimation
[22:36:38.780] [info] [SetScriptVars] OK setting fields for: SpriteAnimation
[22:36:38.780] [info] [MonoDbg] AddEntityToScript - Instantiating and adding script: SpriteAnimation to Entity ID: 55
[22:36:38.781] [info] [SetScriptVars] OK setting fields for: SpriteAnimation
[22:36:38.781] [info] [MonoDbg] AddEntityToScript - Syncing serialized fields for script: SpriteAnimation
[22:36:38.781] [info] [SetScriptVars] OK setting fields for: SpriteAnimation
[22:36:38.781] [info] [MonoDbg] AddEntityToScript - Instantiating and adding script: SpriteAnimation to Entity ID: 56
[22:36:38.781] [info] [SetScriptVars] OK setting fields for: SpriteAnimation
[22:36:38.781] [info] [MonoDbg] AddEntityToScript - Syncing serialized fields for script: SpriteAnimation
[22:36:38.782] [info] [SetScriptVars] OK setting fields for: SpriteAnimation
[22:36:38.782] [info] [MonoDbg] AddEntityToScript - Instantiating and adding script: SpriteAnimation to Entity ID: 57
[22:36:38.782] [info] [SetScriptVars] OK setting fields for: SpriteAnimation
[22:36:38.782] [info] [MonoDbg] AddEntityToScript - Syncing serialized fields for script: SpriteAnimation
[22:36:38.782] [info] [SetScriptVars] OK setting fields for: SpriteAnimation
[22:36:38.782] [info] [MonoDbg] AddEntityToScript - Instantiating and adding script: SpriteAnimation to Entity ID: 58
[22:36:38.783] [info] [SetScriptVars] OK setting fields for: SpriteAnimation
[22:36:38.783] [info] [MonoDbg] AddEntityToScript - Syncing serialized fields for script: SpriteAnimation
[22:36:38.783] [info] [SetScriptVars] OK setting fields for: SpriteAnimation
[22:36:38.783] [info] [MonoDbg] AddEntityToScript - Instantiating and adding script: ShowOnPhase to Entity ID: 59
[22:36:38.783] [info] [SetScriptVars] OK setting fields for: ShowOnPhase
[22:36:38.784] [info] [MonoDbg] AddEntityToScript - Syncing serialized fields for script: ShowOnPhase
[22:36:38.784] [info] [SetScriptVars] OK setting fields for: ShowOnPhase
[22:36:38.784] [info] [MonoDbg] AddEntityToScript - Instantiating and adding script: SpriteInputFeedback to Entity ID: 59
[22:36:38.785] [info] [SetScriptVars] OK setting fields for: SpriteInputFeedback
[22:36:38.785] [info] [MonoDbg] AddEntityToScript - Syncing serialized fields for script: SpriteInputFeedback
[22:36:38.785] [info] [SetScriptVars] OK setting fields for: SpriteInputFeedback
[22:36:38.785] [info] [MonoDbg] AddEntityToScript - Instantiating and adding script: ShowOnPhase to Entity ID: 60
[22:36:38.786] [info] [SetScriptVars] OK setting fields for: ShowOnPhase
[22:36:38.786] [info] [MonoDbg] AddEntityToScript - Syncing serialized fields for script: ShowOnPhase
[22:36:38.786] [info] [SetScriptVars] OK setting fields for: ShowOnPhase
[22:36:38.786] [info] [MonoDbg] AddEntityToScript - Instantiating and adding script: ShowOnPhase to Entity ID: 61
[22:36:38.786] [info] [SetScriptVars] OK setting fields for: ShowOnPhase
[22:36:38.786] [info] [MonoDbg] AddEntityToScript - Syncing serialized fields for script: ShowOnPhase
[22:36:38.787] [info] [SetScriptVars] OK setting fields for: ShowOnPhase
[22:36:38.787] [info] [MonoDbg] AddEntityToScript - Instantiating and adding script: SpriteInputFeedback to Entity ID: 61
[22:36:38.787] [info] [SetScriptVars] OK setting fields for: SpriteInputFeedback
[22:36:38.787] [info] [MonoDbg] AddEntityToScript - Syncing serialized fields for script: SpriteInputFeedback
[22:36:38.787] [info] [SetScriptVars] OK setting fields for: SpriteInputFeedback
[22:36:38.809] [info] dx depth stencil create success!!
[22:36:38.814] [info] [RenderingFramework] Drawing group: GameScene | Index: 0 | groupRenderTex: 2852605828144 | colorResource: 2852365772544 | ClearColor: (0.100000, 0.250000, 0.500000, 1.000000)
[22:36:38.816] [warning] [RenderingFramework] Skipping group: GameUIScene (Camera is Projection Failed)
[22:36:38.828] [info] dx depth stencil create success!!
[22:36:38.834] [info] [RenderingFramework] Drawing group: GameUIScene | Index: 1 | groupRenderTex: 2852605829104 | colorResource: 2852579375728 | ClearColor: (0.000000, 0.000000, 0.000000, 0.000000)
[22:36:38.867] [warning] [WaterCaustics] Execute skipped: ScreenPostEffectTag not found in group: GameUIScene
[22:36:38.867] [warning] [WaterDepthFog] Execute skipped: ScreenPostEffectTag not found in group: GameUIScene
[22:36:38.867] [warning] [WaterColorGrading] Execute skipped: ScreenPostEffectTag not found in group: GameUIScene
[22:36:38.867] [warning] [WaterDistortion] Execute skipped: ScreenPostEffectTag not found in group: GameUIScene
[22:36:39.407] [info] [SOURCE_DETECTOR] C# requested CreateEntity: Prefab = playerDashParticle
[22:36:39.407] [info] [SOURCE_DETECTOR] Engine creating Entity (Internal)
[22:36:39.407] [info] [CPP ECS] FromJson - Adding component 'Transform' to entity 'playerDashParticle'
[22:36:39.407] [info] [CPP ECS] FromJson - Adding component 'Variables' to entity 'playerDashParticle'
[22:36:39.407] [info] [CPP ECS] FromJson - Adding component 'ParticleSystem2D' to entity 'playerDashParticle'
[22:36:40.614] [info] [SOURCE_DETECTOR] C# requested CreateEntity: Prefab = Roe
[22:36:40.614] [info] [SOURCE_DETECTOR] Engine creating Entity (Internal)
[22:36:40.614] [info] [CPP ECS] FromJson - Adding component 'Transform' to entity 'Roe'
[22:36:40.614] [info] [CPP ECS] FromJson - Adding component 'Variables' to entity 'Roe'
[22:36:40.614] [info] [CPP ECS] FromJson - Adding component 'Script' to entity 'Roe'
[22:36:40.614] [info] [CPP ECS] FromJson - Adding component 'SpriteRenderer' to entity 'Roe'
[22:36:40.615] [info] Script TrailFollower found for Entity ID: -4
[22:36:40.615] [info] [SetScriptVars] OK setting fields for: TrailFollower
[22:36:40.616] [info] Script RoeStateComponent found for Entity ID: -4
[22:36:40.616] [info] [SetScriptVars] OK setting fields for: RoeStateComponent
[22:36:40.631] [info] [MonoDbg] AddEntityToScript - Instantiating and adding script: TrailFollower to Entity ID: -4
[22:36:40.632] [info] [MonoDbg] AddEntityToScript - Syncing serialized fields for script: TrailFollower
[22:36:40.632] [info] [SetScriptVars] OK setting fields for: TrailFollower
[22:36:40.632] [info] [MonoDbg] AddEntityToScript - Instantiating and adding script: LevelingComponent to Entity ID: -4
[22:36:40.632] [info] [SetScriptVars] OK setting fields for: LevelingComponent
[22:36:40.632] [info] [MonoDbg] AddEntityToScript - Syncing serialized fields for script: LevelingComponent
[22:36:40.633] [info] [SetScriptVars] OK setting fields for: LevelingComponent
[22:36:40.633] [info] [MonoDbg] AddEntityToScript - Instantiating and adding script: RoeStateComponent to Entity ID: -4
[22:36:40.633] [info] [MonoDbg] AddEntityToScript - Syncing serialized fields for script: RoeStateComponent
[22:36:40.633] [info] [SetScriptVars] OK setting fields for: RoeStateComponent
[22:36:40.633] [info] [MonoDbg] AddEntityToScript - Instantiating and adding script: SpriteAnimation to Entity ID: -4
[22:36:40.633] [info] [SetScriptVars] OK setting fields for: SpriteAnimation
[22:36:40.633] [info] [MonoDbg] AddEntityToScript - Syncing serialized fields for script: SpriteAnimation
[22:36:40.634] [info] [SetScriptVars] OK setting fields for: SpriteAnimation
[22:36:41.373] [info] [SOURCE_DETECTOR] C# requested CreateEntity: Prefab = Bullet
[22:36:41.373] [info] [SOURCE_DETECTOR] Engine creating Entity (Internal)
[22:36:41.373] [info] [CPP ECS] FromJson - Adding component 'Transform' to entity 'Bullet'
[22:36:41.373] [info] [CPP ECS] FromJson - Adding component 'CircleCollider' to entity 'Bullet'
[22:36:41.374] [info] [CPP ECS] FromJson - Adding component 'Variables' to entity 'Bullet'
[22:36:41.374] [info] [CPP ECS] FromJson - Adding component 'Script' to entity 'Bullet'
[22:36:41.374] [info] [CPP ECS] FromJson - Adding component 'SpriteRenderer' to entity 'Bullet'
[22:36:41.374] [info] Script Bullet found for Entity ID: -5
[22:36:41.375] [info] [SetScriptVars] OK setting fields for: Bullet
[22:36:41.376] [error] Entity not found for ID: 0
[22:36:41.389] [info] [MonoDbg] AddEntityToScript - Instantiating and adding script: Bullet to Entity ID: -5
[22:36:41.389] [info] [MonoDbg] AddEntityToScript - Syncing serialized fields for script: Bullet
[22:36:41.389] [info] [SetScriptVars] OK setting fields for: Bullet
[22:36:41.389] [info] [MonoDbg] AddEntityToScript - Instantiating and adding script: AttackCollision to Entity ID: -5
[22:36:41.389] [info] [SetScriptVars] OK setting fields for: AttackCollision
[22:36:41.390] [info] [MonoDbg] AddEntityToScript - Syncing serialized fields for script: AttackCollision
[22:36:41.390] [info] [SetScriptVars] OK setting fields for: AttackCollision
[22:36:41.390] [info] [MonoDbg] AddEntityToScript - Instantiating and adding script: ShakeOnHit to Entity ID: -5
[22:36:41.390] [info] [SetScriptVars] OK setting fields for: ShakeOnHit
[22:36:41.390] [info] [MonoDbg] AddEntityToScript - Syncing serialized fields for script: ShakeOnHit
[22:36:41.390] [info] [SetScriptVars] OK setting fields for: ShakeOnHit
[22:36:41.391] [error] Entity not found for ID: 0
[22:36:41.405] [error] Entity not found for ID: 0
[22:36:41.422] [error] Entity not found for ID: 0
[22:36:41.439] [error] Entity not found for ID: 0
[22:36:41.456] [error] Entity not found for ID: 0
[22:36:41.472] [error] Entity not found for ID: 0
[22:36:41.488] [error] Entity not found for ID: 0
[22:36:41.505] [error] Entity not found for ID: 0
[22:36:41.522] [error] Entity not found for ID: 0
[22:36:41.539] [error] Entity not found for ID: 0
[22:36:41.556] [info] [SOURCE_DETECTOR] C# requested CreateEntity: Prefab = playerDashParticle
[22:36:41.556] [info] [SOURCE_DETECTOR] Engine creating Entity (Internal)
[22:36:41.556] [info] [CPP ECS] FromJson - Adding component 'Transform' to entity 'playerDashParticle'
[22:36:41.556] [info] [CPP ECS] FromJson - Adding component 'Variables' to entity 'playerDashParticle'
[22:36:41.556] [info] [CPP ECS] FromJson - Adding component 'ParticleSystem2D' to entity 'playerDashParticle'
[22:36:41.557] [error] Entity not found for ID: 0
[22:36:41.573] [error] Entity not found for ID: 0
[22:36:41.589] [error] Entity not found for ID: 0
[22:36:41.596] [info] [SOURCE_DETECTOR] C# requested CreateEntity: Prefab = MorayEelPot
[22:36:41.596] [info] [SOURCE_DETECTOR] Engine creating Entity (Internal)
[22:36:41.596] [info] [CPP ECS] FromJson - Adding component 'Transform' to entity 'MorayEelPot'
[22:36:41.597] [info] [CPP ECS] FromJson - Adding component 'CircleCollider' to entity 'MorayEelPot'
[22:36:41.597] [info] [CPP ECS] FromJson - Adding component 'Variables' to entity 'MorayEelPot'
[22:36:41.597] [info] [CPP ECS] FromJson - Adding component 'Script' to entity 'MorayEelPot'
[22:36:41.597] [info] [CPP ECS] FromJson - Adding component 'SpriteRenderer' to entity 'MorayEelPot'
[22:36:41.597] [info] [CPP ECS] FromJson - Adding component 'Rigidbody2D' to entity 'MorayEelPot'
[22:36:41.599] [info] Collision Enter 2D Event Invoked
[22:36:41.599] [info] Collision Enter 2D Event Invoked
[22:36:41.599] [info] Collision Enter 2D Event Invoked
[22:36:41.600] [info] Collision Enter 2D Event Invoked
[22:36:41.611] [info] [MonoDbg] AddEntityToScript - Instantiating and adding script: MorayEelPot to Entity ID: -6
[22:36:41.611] [info] [SetScriptVars] OK setting fields for: MorayEelPot
[22:36:41.611] [info] [MonoDbg] AddEntityToScript - Syncing serialized fields for script: MorayEelPot
[22:36:41.611] [info] [SetScriptVars] OK setting fields for: MorayEelPot
[22:36:41.611] [info] [MonoDbg] AddEntityToScript - Instantiating and adding script: DespawnTimer to Entity ID: -6
[22:36:41.612] [info] [SetScriptVars] OK setting fields for: DespawnTimer
[22:36:41.612] [info] [MonoDbg] AddEntityToScript - Syncing serialized fields for script: DespawnTimer
[22:36:41.612] [info] [SetScriptVars] OK setting fields for: DespawnTimer
[22:36:41.612] [info] [MonoDbg] AddEntityToScript - Instantiating and adding script: AttackCollision to Entity ID: -6
[22:36:41.612] [info] [SetScriptVars] OK setting fields for: AttackCollision
[22:36:41.612] [info] [MonoDbg] AddEntityToScript - Syncing serialized fields for script: AttackCollision
[22:36:41.612] [info] [SetScriptVars] OK setting fields for: AttackCollision
[22:36:41.613] [info] [MonoDbg] AddEntityToScript - Instantiating and adding script: HP to Entity ID: -6
[22:36:41.613] [info] [SetScriptVars] OK setting fields for: HP
[22:36:41.613] [info] [MonoDbg] AddEntityToScript - Syncing serialized fields for script: HP
[22:36:41.613] [info] [SetScriptVars] OK setting fields for: HP
[22:36:41.613] [info] [MonoDbg] AddEntityToScript - Instantiating and adding script: ExpDropper to Entity ID: -6
[22:36:41.613] [info] [SetScriptVars] OK setting fields for: ExpDropper
[22:36:41.614] [info] [MonoDbg] AddEntityToScript - Syncing serialized fields for script: ExpDropper
[22:36:41.614] [info] [SetScriptVars] OK setting fields for: ExpDropper
[22:36:41.614] [info] [MonoDbg] AddEntityToScript - Instantiating and adding script: FlashOnDamaged to Entity ID: -6
[22:36:41.614] [info] [SetScriptVars] OK setting fields for: FlashOnDamaged
[22:36:41.614] [info] [MonoDbg] AddEntityToScript - Syncing serialized fields for script: FlashOnDamaged
[22:36:41.615] [info] [SetScriptVars] OK setting fields for: FlashOnDamaged
[22:36:41.615] [info] [MonoDbg] AddEntityToScript - Instantiating and adding script: ShakeSelfOnDamaged to Entity ID: -6
[22:36:41.615] [info] [SetScriptVars] OK setting fields for: ShakeSelfOnDamaged
[22:36:41.615] [info] [MonoDbg] AddEntityToScript - Syncing serialized fields for script: ShakeSelfOnDamaged
[22:36:41.615] [info] [SetScriptVars] OK setting fields for: ShakeSelfOnDamaged
[22:36:41.618] [error] Entity not found for ID: 0
[22:36:41.633] [error] Entity not found for ID: 0
[22:36:41.644] [error] Entity not found for ID: 0
[22:36:41.655] [error] Entity not found for ID: 0
[22:36:41.672] [error] Entity not found for ID: 0
[22:36:41.689] [error] Entity not found for ID: 0
[22:36:41.705] [error] Entity not found for ID: 0
[22:36:41.722] [error] Entity not found for ID: 0
[22:36:41.740] [error] Entity not found for ID: 0
[22:36:41.756] [error] Entity not found for ID: 0
[22:36:41.772] [error] Entity not found for ID: 0
[22:36:41.789] [error] Entity not found for ID: 0
[22:36:41.805] [error] Entity not found for ID: 0
[22:36:41.822] [error] Entity not found for ID: 0
[22:36:41.839] [error] Entity not found for ID: 0
[22:36:41.855] [error] Entity not found for ID: 0
[22:36:41.872] [error] Entity not found for ID: 0
[22:36:41.888] [error] Entity not found for ID: 0
[22:36:41.906] [error] Entity not found for ID: 0
[22:36:41.923] [error] Entity not found for ID: 0
[22:36:41.941] [error] Entity not found for ID: 0
[22:36:41.956] [error] Entity not found for ID: 0
[22:36:41.972] [error] Entity not found for ID: 0
[22:36:41.988] [error] Entity not found for ID: 0
[22:36:42.005] [error] Entity not found for ID: 0
[22:36:42.022] [error] Entity not found for ID: 0
[22:36:42.039] [error] Entity not found for ID: 0
[22:36:42.056] [error] Entity not found for ID: 0
[22:36:42.072] [error] Entity not found for ID: 0
[22:36:42.089] [error] Entity not found for ID: 0
[22:36:42.105] [error] Entity not found for ID: 0
[22:36:42.122] [error] Entity not found for ID: 0
[22:36:42.139] [error] Entity not found for ID: 0
[22:36:42.155] [error] Entity not found for ID: 0
[22:36:42.172] [error] Entity not found for ID: 0
[22:36:42.189] [error] Entity not found for ID: 0
[22:36:42.205] [error] Entity not found for ID: 0
[22:36:42.222] [error] Entity not found for ID: 0
[22:36:42.239] [error] Entity not found for ID: 0
[22:36:42.256] [error] Entity not found for ID: 0
[22:36:42.272] [error] Entity not found for ID: 0
[22:36:42.289] [error] Entity not found for ID: 0
[22:36:42.305] [error] Entity not found for ID: 0
[22:36:42.322] [error] Entity not found for ID: 0
[22:36:42.339] [error] Entity not found for ID: 0
[22:36:42.356] [error] Entity not found for ID: 0
[22:36:42.372] [error] Entity not found for ID: 0
[22:36:42.389] [error] Entity not found for ID: 0
[22:36:42.406] [error] Entity not found for ID: 0
[22:36:42.422] [error] Entity not found for ID: 0
[22:36:42.439] [error] Entity not found for ID: 0
[22:36:42.457] [error] Entity not found for ID: 0
[22:36:42.473] [error] Entity not found for ID: 0
[22:36:42.489] [error] Entity not found for ID: 0
[22:36:42.506] [error] Entity not found for ID: 0
[22:36:42.522] [error] Entity not found for ID: 0
[22:36:42.539] [error] Entity not found for ID: 0
[22:36:42.556] [error] Entity not found for ID: 0
[22:36:42.573] [error] Entity not found for ID: 0
[22:36:42.590] [error] Entity not found for ID: 0
[22:36:42.590] [info] [SOURCE_DETECTOR] C# requested CreateEntity: Prefab = SeaCow
[22:36:42.590] [info] [SOURCE_DETECTOR] Engine creating Entity (Internal)
[22:36:42.590] [info] [CPP ECS] FromJson - Adding component 'Transform' to entity 'SeaCow'
[22:36:42.590] [info] [CPP ECS] FromJson - Adding component 'CircleCollider' to entity 'SeaCow'
[22:36:42.591] [info] [CPP ECS] FromJson - Adding component 'Variables' to entity 'SeaCow'
[22:36:42.591] [info] [CPP ECS] FromJson - Adding component 'Script' to entity 'SeaCow'
[22:36:42.591] [info] [CPP ECS] FromJson - Adding component 'SpriteRenderer' to entity 'SeaCow'
[22:36:42.591] [info] [CPP ECS] FromJson - Adding component 'Rigidbody2D' to entity 'SeaCow'
[22:36:42.592] [info] Collision Enter 2D Event Invoked
[22:36:42.592] [info] Collision Enter 2D Event Invoked
[22:36:42.592] [info] Collision Enter 2D Event Invoked
[22:36:42.592] [info] Collision Enter 2D Event Invoked
[22:36:42.607] [info] [MonoDbg] AddEntityToScript - Instantiating and adding script: SpriteAnimation to Entity ID: -7
[22:36:42.607] [info] [SetScriptVars] OK setting fields for: SpriteAnimation
[22:36:42.607] [info] [MonoDbg] AddEntityToScript - Syncing serialized fields for script: SpriteAnimation
[22:36:42.608] [info] [SetScriptVars] OK setting fields for: SpriteAnimation
[22:36:42.608] [info] [MonoDbg] AddEntityToScript - Instantiating and adding script: ChaseController to Entity ID: -7
[22:36:42.609] [info] [SetScriptVars] OK setting fields for: ChaseController
[22:36:42.609] [info] [MonoDbg] AddEntityToScript - Syncing serialized fields for script: ChaseController
[22:36:42.609] [info] [SetScriptVars] OK setting fields for: ChaseController
[22:36:42.609] [info] [MonoDbg] AddEntityToScript - Instantiating and adding script: TargetFacingFlip to Entity ID: -7
[22:36:42.610] [info] [SetScriptVars] OK setting fields for: TargetFacingFlip
[22:36:42.610] [info] [MonoDbg] AddEntityToScript - Syncing serialized fields for script: TargetFacingFlip
[22:36:42.610] [info] [SetScriptVars] OK setting fields for: TargetFacingFlip
[22:36:42.610] [info] [MonoDbg] AddEntityToScript - Instantiating and adding script: SeaCow to Entity ID: -7
[22:36:42.611] [info] [SetScriptVars] OK setting fields for: SeaCow
[22:36:42.611] [info] [MonoDbg] AddEntityToScript - Syncing serialized fields for script: SeaCow
[22:36:42.611] [info] [SetScriptVars] OK setting fields for: SeaCow
[22:36:42.611] [info] [MonoDbg] AddEntityToScript - Instantiating and adding script: HP to Entity ID: -7
[22:36:42.611] [info] [SetScriptVars] OK setting fields for: HP
[22:36:42.611] [info] [MonoDbg] AddEntityToScript - Syncing serialized fields for script: HP
[22:36:42.612] [info] [SetScriptVars] OK setting fields for: HP
[22:36:42.612] [info] [MonoDbg] AddEntityToScript - Instantiating and adding script: ParticleOffset to Entity ID: -7
[22:36:42.612] [info] [SetScriptVars] no group for scriptName: ParticleOffset  groups: 10
[22:36:42.612] [info] [MonoDbg] AddEntityToScript - Syncing serialized fields for script: ParticleOffset
[22:36:42.612] [info] [SetScriptVars] no group for scriptName: ParticleOffset  groups: 10
[22:36:42.612] [info] [MonoDbg] AddEntityToScript - Instantiating and adding script: AttackCollision to Entity ID: -7
[22:36:42.613] [info] [SetScriptVars] OK setting fields for: AttackCollision
[22:36:42.613] [info] [MonoDbg] AddEntityToScript - Syncing serialized fields for script: AttackCollision
[22:36:42.613] [info] [SetScriptVars] OK setting fields for: AttackCollision
[22:36:42.613] [info] [MonoDbg] AddEntityToScript - Instantiating and adding script: ExpDropper to Entity ID: -7
[22:36:42.613] [info] [SetScriptVars] OK setting fields for: ExpDropper
[22:36:42.613] [info] [MonoDbg] AddEntityToScript - Syncing serialized fields for script: ExpDropper
[22:36:42.613] [info] [SetScriptVars] OK setting fields for: ExpDropper
[22:36:42.614] [info] [MonoDbg] AddEntityToScript - Instantiating and adding script: DespawnTimer to Entity ID: -7
[22:36:42.614] [info] [SetScriptVars] OK setting fields for: DespawnTimer
[22:36:42.614] [info] [MonoDbg] AddEntityToScript - Syncing serialized fields for script: DespawnTimer
[22:36:42.614] [info] [SetScriptVars] OK setting fields for: DespawnTimer
[22:36:42.614] [info] [MonoDbg] AddEntityToScript - Instantiating and adding script: FlashOnDamaged to Entity ID: -7
[22:36:42.614] [info] [SetScriptVars] OK setting fields for: FlashOnDamaged
[22:36:42.615] [info] [MonoDbg] AddEntityToScript - Syncing serialized fields for script: FlashOnDamaged
[22:36:42.615] [info] [SetScriptVars] OK setting fields for: FlashOnDamaged
[22:36:42.615] [info] [MonoDbg] AddEntityToScript - Instantiating and adding script: ShakeSelfOnDamaged to Entity ID: -7
[22:36:42.615] [info] [SetScriptVars] OK setting fields for: ShakeSelfOnDamaged
[22:36:42.615] [info] [MonoDbg] AddEntityToScript - Syncing serialized fields for script: ShakeSelfOnDamaged
[22:36:42.615] [info] [SetScriptVars] OK setting fields for: ShakeSelfOnDamaged
[22:36:42.618] [info] [SOURCE_DETECTOR] C# requested CreateEntity: Prefab = enemySwimParticle
[22:36:42.618] [info] [SOURCE_DETECTOR] Engine creating Entity (Internal)
[22:36:42.618] [info] [CPP ECS] FromJson - Adding component 'Transform' to entity 'enemySwimParticle'
[22:36:42.618] [info] [CPP ECS] FromJson - Adding component 'Variables' to entity 'enemySwimParticle'
[22:36:42.618] [info] [CPP ECS] FromJson - Adding component 'ParticleSystem2D' to entity 'enemySwimParticle'
[22:36:42.619] [error] Entity not found for ID: 0
[22:36:42.634] [error] Entity not found for ID: 0
[22:36:42.646] [error] Entity not found for ID: 0
[22:36:42.659] [error] Entity not found for ID: 0
[22:36:42.672] [error] Entity not found for ID: 0
[22:36:42.690] [error] Entity not found for ID: 0
[22:36:42.706] [error] Entity not found for ID: 0
[22:36:42.723] [error] Entity not found for ID: 0
[22:36:42.740] [error] Entity not found for ID: 0
[22:36:42.756] [error] Entity not found for ID: 0
[22:36:42.772] [error] Entity not found for ID: 0
[22:36:42.789] [error] Entity not found for ID: 0
[22:36:42.806] [error] Entity not found for ID: 0
[22:36:42.822] [error] Entity not found for ID: 0
[22:36:42.839] [error] Entity not found for ID: 0
[22:36:42.856] [error] Entity not found for ID: 0
[22:36:42.872] [error] Entity not found for ID: 0
[22:36:42.889] [error] Entity not found for ID: 0
[22:36:42.906] [error] Entity not found for ID: 0
[22:36:42.922] [error] Entity not found for ID: 0
[22:36:42.939] [error] Entity not found for ID: 0
[22:36:42.941] [info] Collision Exit 2D Event Invoked
[22:36:42.941] [info] Collision Exit 2D Event Invoked
[22:36:42.941] [info] Collision Exit 2D Event Invoked
[22:36:42.941] [info] Collision Exit 2D Event Invoked
[22:36:42.941] [info] Collision Exit 2D Event Invoked
[22:36:42.942] [info] Collision Exit 2D Event Invoked
[22:36:42.942] [info] Collision Exit 2D Event Invoked
[22:36:42.942] [info] Collision Exit 2D Event Invoked
[22:36:42.942] [info] Collision Exit 2D Event Invoked
[22:36:42.942] [info] Collision Exit 2D Event Invoked
[22:36:42.942] [info] Collision Exit 2D Event Invoked
[22:36:42.956] [error] Entity not found for ID: 0
[22:36:42.972] [error] Entity not found for ID: 0
[22:36:42.989] [error] Entity not found for ID: 0
[22:36:43.005] [error] Entity not found for ID: 0
[22:36:43.022] [error] Entity not found for ID: 0
[22:36:43.039] [error] Entity not found for ID: 0
[22:36:43.056] [error] Entity not found for ID: 0
[22:36:43.072] [error] Entity not found for ID: 0
[22:36:43.089] [error] Entity not found for ID: 0
[22:36:43.106] [error] Entity not found for ID: 0
[22:36:43.122] [error] Entity not found for ID: 0
[22:36:43.139] [error] Entity not found for ID: 0
[22:36:43.156] [error] Entity not found for ID: 0
[22:36:43.172] [error] Entity not found for ID: 0
[22:36:43.188] [error] Entity not found for ID: 0
[22:36:43.206] [error] Entity not found for ID: 0
[22:36:43.222] [error] Entity not found for ID: 0
[22:36:43.239] [error] Entity not found for ID: 0
[22:36:43.256] [error] Entity not found for ID: 0
[22:36:43.272] [error] Entity not found for ID: 0
[22:36:43.289] [error] Entity not found for ID: 0
[22:36:43.305] [error] Entity not found for ID: 0
[22:36:43.322] [error] Entity not found for ID: 0
[22:36:43.339] [error] Entity not found for ID: 0
[22:36:43.356] [error] Entity not found for ID: 0
[22:36:43.372] [error] Entity not found for ID: 0
[22:36:43.389] [error] Entity not found for ID: 0
[22:36:43.405] [error] Entity not found for ID: 0
[22:36:43.422] [error] Entity not found for ID: 0
[22:36:43.439] [error] Entity not found for ID: 0
[22:36:43.455] [error] Entity not found for ID: 0
[22:36:43.472] [error] Entity not found for ID: 0
[22:36:43.488] [error] Entity not found for ID: 0
[22:36:43.505] [error] Entity not found for ID: 0
[22:36:43.522] [error] Entity not found for ID: 0
[22:36:43.539] [error] Entity not found for ID: 0
[22:36:43.555] [error] Entity not found for ID: 0
[22:36:43.572] [error] Entity not found for ID: 0
[22:36:43.589] [error] Entity not found for ID: 0
[22:36:43.589] [info] [SOURCE_DETECTOR] C# requested CreateEntity: Prefab = SeaCow
[22:36:43.589] [info] [SOURCE_DETECTOR] Engine creating Entity (Internal)
[22:36:43.589] [info] [CPP ECS] FromJson - Adding component 'Transform' to entity 'SeaCow'
[22:36:43.590] [info] [CPP ECS] FromJson - Adding component 'CircleCollider' to entity 'SeaCow'
[22:36:43.590] [info] [CPP ECS] FromJson - Adding component 'Variables' to entity 'SeaCow'
[22:36:43.590] [info] [CPP ECS] FromJson - Adding component 'Script' to entity 'SeaCow'
[22:36:43.590] [info] [CPP ECS] FromJson - Adding component 'SpriteRenderer' to entity 'SeaCow'
[22:36:43.590] [info] [CPP ECS] FromJson - Adding component 'Rigidbody2D' to entity 'SeaCow'
[22:36:43.591] [info] Collision Enter 2D Event Invoked
[22:36:43.591] [info] Collision Enter 2D Event Invoked
[22:36:43.591] [info] Collision Enter 2D Event Invoked
[22:36:43.592] [info] Collision Enter 2D Event Invoked
[22:36:43.605] [info] [MonoDbg] AddEntityToScript - Instantiating and adding script: SpriteAnimation to Entity ID: -9
[22:36:43.605] [info] [SetScriptVars] OK setting fields for: SpriteAnimation
[22:36:43.605] [info] [MonoDbg] AddEntityToScript - Syncing serialized fields for script: SpriteAnimation
[22:36:43.605] [info] [SetScriptVars] OK setting fields for: SpriteAnimation
[22:36:43.606] [info] [MonoDbg] AddEntityToScript - Instantiating and adding script: ChaseController to Entity ID: -9
[22:36:43.606] [info] [SetScriptVars] OK setting fields for: ChaseController
[22:36:43.606] [info] [MonoDbg] AddEntityToScript - Syncing serialized fields for script: ChaseController
[22:36:43.606] [info] [SetScriptVars] OK setting fields for: ChaseController
[22:36:43.606] [info] [MonoDbg] AddEntityToScript - Instantiating and adding script: TargetFacingFlip to Entity ID: -9
[22:36:43.606] [info] [SetScriptVars] OK setting fields for: TargetFacingFlip
[22:36:43.607] [info] [MonoDbg] AddEntityToScript - Syncing serialized fields for script: TargetFacingFlip
[22:36:43.607] [info] [SetScriptVars] OK setting fields for: TargetFacingFlip
[22:36:43.607] [info] [MonoDbg] AddEntityToScript - Instantiating and adding script: SeaCow to Entity ID: -9
[22:36:43.607] [info] [SetScriptVars] OK setting fields for: SeaCow
[22:36:43.607] [info] [MonoDbg] AddEntityToScript - Syncing serialized fields for script: SeaCow
[22:36:43.607] [info] [SetScriptVars] OK setting fields for: SeaCow
[22:36:43.608] [info] [MonoDbg] AddEntityToScript - Instantiating and adding script: HP to Entity ID: -9
[22:36:43.608] [info] [SetScriptVars] OK setting fields for: HP
[22:36:43.608] [info] [MonoDbg] AddEntityToScript - Syncing serialized fields for script: HP
[22:36:43.608] [info] [SetScriptVars] OK setting fields for: HP
[22:36:43.608] [info] [MonoDbg] AddEntityToScript - Instantiating and adding script: ParticleOffset to Entity ID: -9
[22:36:43.608] [info] [SetScriptVars] no group for scriptName: ParticleOffset  groups: 10
[22:36:43.609] [info] [MonoDbg] AddEntityToScript - Syncing serialized fields for script: ParticleOffset
[22:36:43.609] [info] [SetScriptVars] no group for scriptName: ParticleOffset  groups: 10
[22:36:43.609] [info] [MonoDbg] AddEntityToScript - Instantiating and adding script: AttackCollision to Entity ID: -9
[22:36:43.609] [info] [SetScriptVars] OK setting fields for: AttackCollision
[22:36:43.609] [info] [MonoDbg] AddEntityToScript - Syncing serialized fields for script: AttackCollision
[22:36:43.609] [info] [SetScriptVars] OK setting fields for: AttackCollision
[22:36:43.610] [info] [MonoDbg] AddEntityToScript - Instantiating and adding script: ExpDropper to Entity ID: -9
[22:36:43.610] [info] [SetScriptVars] OK setting fields for: ExpDropper
[22:36:43.610] [info] [MonoDbg] AddEntityToScript - Syncing serialized fields for script: ExpDropper
[22:36:43.610] [info] [SetScriptVars] OK setting fields for: ExpDropper
[22:36:43.610] [info] [MonoDbg] AddEntityToScript - Instantiating and adding script: DespawnTimer to Entity ID: -9
[22:36:43.610] [info] [SetScriptVars] OK setting fields for: DespawnTimer
[22:36:43.610] [info] [MonoDbg] AddEntityToScript - Syncing serialized fields for script: DespawnTimer
[22:36:43.611] [info] [SetScriptVars] OK setting fields for: DespawnTimer
[22:36:43.611] [info] [MonoDbg] AddEntityToScript - Instantiating and adding script: FlashOnDamaged to Entity ID: -9
[22:36:43.611] [info] [SetScriptVars] OK setting fields for: FlashOnDamaged
[22:36:43.611] [info] [MonoDbg] AddEntityToScript - Syncing serialized fields for script: FlashOnDamaged
[22:36:43.611] [info] [SetScriptVars] OK setting fields for: FlashOnDamaged
[22:36:43.611] [info] [MonoDbg] AddEntityToScript - Instantiating and adding script: ShakeSelfOnDamaged to Entity ID: -9
[22:36:43.612] [info] [SetScriptVars] OK setting fields for: ShakeSelfOnDamaged
[22:36:43.612] [info] [MonoDbg] AddEntityToScript - Syncing serialized fields for script: ShakeSelfOnDamaged
[22:36:43.612] [info] [SetScriptVars] OK setting fields for: ShakeSelfOnDamaged
[22:36:43.612] [info] [SOURCE_DETECTOR] C# requested CreateEntity: Prefab = enemySwimParticle
[22:36:43.612] [info] [SOURCE_DETECTOR] Engine creating Entity (Internal)
[22:36:43.612] [info] [CPP ECS] FromJson - Adding component 'Transform' to entity 'enemySwimParticle'
[22:36:43.613] [info] [CPP ECS] FromJson - Adding component 'Variables' to entity 'enemySwimParticle'
[22:36:43.613] [info] [CPP ECS] FromJson - Adding component 'ParticleSystem2D' to entity 'enemySwimParticle'
[22:36:43.613] [error] Entity not found for ID: 0
[22:36:43.625] [error] Entity not found for ID: 0
[22:36:43.638] [error] Entity not found for ID: 0
[22:36:43.656] [error] Entity not found for ID: 0
[22:36:43.672] [error] Entity not found for ID: 0
[22:36:43.688] [error] Entity not found for ID: 0
[22:36:43.706] [error] Entity not found for ID: 0
[22:36:43.723] [error] Entity not found for ID: 0
[22:36:43.740] [error] Entity not found for ID: 0
[22:36:43.756] [error] Entity not found for ID: 0
[22:36:43.774] [error] Entity not found for ID: 0
[22:36:43.790] [error] Entity not found for ID: 0
[22:36:43.807] [error] Entity not found for ID: 0
[22:36:43.823] [error] Entity not found for ID: 0
[22:36:43.839] [error] Entity not found for ID: 0
[22:36:43.855] [error] Entity not found for ID: 0
[22:36:43.872] [error] Entity not found for ID: 0
[22:36:43.889] [error] Entity not found for ID: 0
[22:36:43.905] [error] Entity not found for ID: 0
[22:36:43.922] [error] Entity not found for ID: 0
[22:36:43.939] [error] Entity not found for ID: 0
[22:36:43.955] [error] Entity not found for ID: 0
[22:36:43.972] [error] Entity not found for ID: 0
[22:36:43.989] [error] Entity not found for ID: 0
[22:36:44.005] [error] Entity not found for ID: 0
[22:36:44.022] [error] Entity not found for ID: 0
[22:36:44.039] [error] Entity not found for ID: 0
[22:36:44.055] [error] Entity not found for ID: 0
[22:36:44.072] [error] Entity not found for ID: 0
[22:36:44.088] [error] Entity not found for ID: 0
[22:36:44.105] [error] Entity not found for ID: 0
[22:36:44.122] [error] Entity not found for ID: 0
[22:36:44.139] [error] Entity not found for ID: 0
[22:36:44.155] [error] Entity not found for ID: 0
[22:36:44.172] [error] Entity not found for ID: 0
[22:36:44.189] [error] Entity not found for ID: 0
[22:36:44.205] [error] Entity not found for ID: 0
[22:36:44.222] [error] Entity not found for ID: 0
[22:36:44.239] [error] Entity not found for ID: 0
[22:36:44.255] [error] Entity not found for ID: 0
[22:36:44.272] [error] Entity not found for ID: 0
[22:36:44.289] [error] Entity not found for ID: 0
[22:36:44.307] [error] Entity not found for ID: 0
[22:36:44.323] [error] Entity not found for ID: 0
[22:36:44.340] [error] Entity not found for ID: 0
[22:36:44.356] [error] Entity not found for ID: 0
[22:36:44.373] [error] Entity not found for ID: 0
[22:36:44.389] [error] Entity not found for ID: 0
[22:36:44.406] [error] Entity not found for ID: 0
[22:36:44.423] [error] Entity not found for ID: 0
[22:36:44.441] [info] [SOURCE_DETECTOR] C# requested CreateEntity: Prefab = playerDashParticle
[22:36:44.441] [info] [SOURCE_DETECTOR] Engine creating Entity (Internal)
[22:36:44.441] [info] [CPP ECS] FromJson - Adding component 'Transform' to entity 'playerDashParticle'
[22:36:44.441] [info] [CPP ECS] FromJson - Adding component 'Variables' to entity 'playerDashParticle'
[22:36:44.441] [info] [CPP ECS] FromJson - Adding component 'ParticleSystem2D' to entity 'playerDashParticle'
[22:36:44.442] [error] Entity not found for ID: 0
[22:36:44.457] [error] Entity not found for ID: 0
[22:36:44.473] [error] Entity not found for ID: 0
[22:36:44.489] [error] Entity not found for ID: 0
[22:36:44.505] [error] Entity not found for ID: 0
[22:36:44.522] [error] Entity not found for ID: 0
[22:36:44.539] [error] Entity not found for ID: 0
[22:36:44.556] [error] Entity not found for ID: 0
[22:36:44.572] [error] Entity not found for ID: 0
[22:36:44.573] [info] [SOURCE_DETECTOR] C# requested CreateEntity: Prefab = SeaCow
[22:36:44.573] [info] [SOURCE_DETECTOR] Engine creating Entity (Internal)
[22:36:44.573] [info] [CPP ECS] FromJson - Adding component 'Transform' to entity 'SeaCow'
[22:36:44.573] [info] [CPP ECS] FromJson - Adding component 'CircleCollider' to entity 'SeaCow'
[22:36:44.574] [info] [CPP ECS] FromJson - Adding component 'Variables' to entity 'SeaCow'
[22:36:44.574] [info] [CPP ECS] FromJson - Adding component 'Script' to entity 'SeaCow'
[22:36:44.574] [info] [CPP ECS] FromJson - Adding component 'SpriteRenderer' to entity 'SeaCow'
[22:36:44.574] [info] [CPP ECS] FromJson - Adding component 'Rigidbody2D' to entity 'SeaCow'
[22:36:44.575] [info] Collision Enter 2D Event Invoked
[22:36:44.575] [info] Collision Enter 2D Event Invoked
[22:36:44.575] [info] Collision Enter 2D Event Invoked
[22:36:44.575] [info] Collision Enter 2D Event Invoked
[22:36:44.589] [info] [MonoDbg] AddEntityToScript - Instantiating and adding script: SpriteAnimation to Entity ID: -11
[22:36:44.589] [info] [SetScriptVars] OK setting fields for: SpriteAnimation
[22:36:44.589] [info] [MonoDbg] AddEntityToScript - Syncing serialized fields for script: SpriteAnimation
[22:36:44.589] [info] [SetScriptVars] OK setting fields for: SpriteAnimation
[22:36:44.589] [info] [MonoDbg] AddEntityToScript - Instantiating and adding script: ChaseController to Entity ID: -11
[22:36:44.590] [info] [SetScriptVars] OK setting fields for: ChaseController
[22:36:44.590] [info] [MonoDbg] AddEntityToScript - Syncing serialized fields for script: ChaseController
[22:36:44.590] [info] [SetScriptVars] OK setting fields for: ChaseController
[22:36:44.590] [info] [MonoDbg] AddEntityToScript - Instantiating and adding script: TargetFacingFlip to Entity ID: -11
[22:36:44.590] [info] [SetScriptVars] OK setting fields for: TargetFacingFlip
[22:36:44.590] [info] [MonoDbg] AddEntityToScript - Syncing serialized fields for script: TargetFacingFlip
[22:36:44.591] [info] [SetScriptVars] OK setting fields for: TargetFacingFlip
[22:36:44.591] [info] [MonoDbg] AddEntityToScript - Instantiating and adding script: SeaCow to Entity ID: -11
[22:36:44.591] [info] [SetScriptVars] OK setting fields for: SeaCow
[22:36:44.591] [info] [MonoDbg] AddEntityToScript - Syncing serialized fields for script: SeaCow
[22:36:44.591] [info] [SetScriptVars] OK setting fields for: SeaCow
[22:36:44.591] [info] [MonoDbg] AddEntityToScript - Instantiating and adding script: HP to Entity ID: -11
[22:36:44.592] [info] [SetScriptVars] OK setting fields for: HP
[22:36:44.592] [info] [MonoDbg] AddEntityToScript - Syncing serialized fields for script: HP
[22:36:44.592] [info] [SetScriptVars] OK setting fields for: HP
[22:36:44.592] [info] [MonoDbg] AddEntityToScript - Instantiating and adding script: ParticleOffset to Entity ID: -11
[22:36:44.592] [info] [SetScriptVars] no group for scriptName: ParticleOffset  groups: 10
[22:36:44.593] [info] [MonoDbg] AddEntityToScript - Syncing serialized fields for script: ParticleOffset
[22:36:44.593] [info] [SetScriptVars] no group for scriptName: ParticleOffset  groups: 10
[22:36:44.593] [info] [MonoDbg] AddEntityToScript - Instantiating and adding script: AttackCollision to Entity ID: -11
[22:36:44.593] [info] [SetScriptVars] OK setting fields for: AttackCollision
[22:36:44.593] [info] [MonoDbg] AddEntityToScript - Syncing serialized fields for script: AttackCollision
[22:36:44.593] [info] [SetScriptVars] OK setting fields for: AttackCollision
[22:36:44.593] [info] [MonoDbg] AddEntityToScript - Instantiating and adding script: ExpDropper to Entity ID: -11
[22:36:44.594] [info] [SetScriptVars] OK setting fields for: ExpDropper
[22:36:44.594] [info] [MonoDbg] AddEntityToScript - Syncing serialized fields for script: ExpDropper
[22:36:44.594] [info] [SetScriptVars] OK setting fields for: ExpDropper
[22:36:44.594] [info] [MonoDbg] AddEntityToScript - Instantiating and adding script: DespawnTimer to Entity ID: -11
[22:36:44.594] [info] [SetScriptVars] OK setting fields for: DespawnTimer
[22:36:44.595] [info] [MonoDbg] AddEntityToScript - Syncing serialized fields for script: DespawnTimer
[22:36:44.595] [info] [SetScriptVars] OK setting fields for: DespawnTimer
[22:36:44.595] [info] [MonoDbg] AddEntityToScript - Instantiating and adding script: FlashOnDamaged to Entity ID: -11
[22:36:44.595] [info] [SetScriptVars] OK setting fields for: FlashOnDamaged
[22:36:44.595] [info] [MonoDbg] AddEntityToScript - Syncing serialized fields for script: FlashOnDamaged
[22:36:44.595] [info] [SetScriptVars] OK setting fields for: FlashOnDamaged
[22:36:44.595] [info] [MonoDbg] AddEntityToScript - Instantiating and adding script: ShakeSelfOnDamaged to Entity ID: -11
[22:36:44.596] [info] [SetScriptVars] OK setting fields for: ShakeSelfOnDamaged
[22:36:44.596] [info] [MonoDbg] AddEntityToScript - Syncing serialized fields for script: ShakeSelfOnDamaged
[22:36:44.596] [info] [SetScriptVars] OK setting fields for: ShakeSelfOnDamaged
[22:36:44.596] [info] [SOURCE_DETECTOR] C# requested CreateEntity: Prefab = enemySwimParticle
[22:36:44.596] [info] [SOURCE_DETECTOR] Engine creating Entity (Internal)
[22:36:44.597] [info] [CPP ECS] FromJson - Adding component 'Transform' to entity 'enemySwimParticle'
[22:36:44.597] [info] [CPP ECS] FromJson - Adding component 'Variables' to entity 'enemySwimParticle'
[22:36:44.597] [info] [CPP ECS] FromJson - Adding component 'ParticleSystem2D' to entity 'enemySwimParticle'
[22:36:44.597] [error] Entity not found for ID: 0
[22:36:44.610] [error] Entity not found for ID: 0
[22:36:44.622] [error] Entity not found for ID: 0
[22:36:44.639] [error] Entity not found for ID: 0
[22:36:44.656] [error] Entity not found for ID: 0
[22:36:44.672] [error] Entity not found for ID: 0
[22:36:44.689] [error] Entity not found for ID: 0
[22:36:44.689] [info] Collision Enter 2D Event Invoked
[22:36:44.689] [info] Collision Enter 2D Event Invoked
[22:36:44.690] [info] Collision Enter 2D Event Invoked
[22:36:44.690] [info] Collision Enter 2D Event Invoked
[22:36:44.690] [info] Collision Enter 2D Event Invoked
[22:36:44.690] [info] Collision Enter 2D Event Invoked
[22:36:44.691] [info] Collision Enter 2D Event Invoked
[22:36:44.691] [info] Collision Enter 2D Event Invoked
[22:36:44.692] [info] Collision Enter 2D Event Invoked
[22:36:44.692] [info] Collision Enter 2D Event Invoked
[22:36:44.692] [info] Collision Enter 2D Event Invoked
[22:36:44.692] [info] Collision Enter 2D Event Invoked
[22:36:44.692] [info] Collision Enter 2D Event Invoked
[22:36:44.693] [info] Collision Enter 2D Event Invoked
[22:36:44.693] [info] Collision Enter 2D Event Invoked
[22:36:44.705] [error] Entity not found for ID: 0
[22:36:44.722] [error] Entity not found for ID: 0
[22:36:44.739] [error] Entity not found for ID: 0
[22:36:44.756] [error] Entity not found for ID: 0
[22:36:44.772] [error] Entity not found for ID: 0
[22:36:44.789] [error] Entity not found for ID: 0
[22:36:44.805] [error] Entity not found for ID: 0
[22:36:44.822] [error] Entity not found for ID: 0
[22:36:44.839] [error] Entity not found for ID: 0
[22:36:44.855] [error] Entity not found for ID: 0
[22:36:44.872] [error] Entity not found for ID: 0
[22:36:44.888] [error] Entity not found for ID: 0
[22:36:44.905] [error] Entity not found for ID: 0
[22:36:44.922] [error] Entity not found for ID: 0
[22:36:44.939] [error] Entity not found for ID: 0
[22:36:44.956] [error] Entity not found for ID: 0
[22:36:44.973] [error] Entity not found for ID: 0
[22:36:44.989] [error] Entity not found for ID: 0
[22:36:45.006] [error] Entity not found for ID: 0
[22:36:45.022] [error] Entity not found for ID: 0
[22:36:45.023] [info] [SOURCE_DETECTOR] C# requested CreateEntity: Prefab = MorayEel
[22:36:45.024] [info] [SOURCE_DETECTOR] Engine creating Entity (Internal)
[22:36:45.024] [info] [CPP ECS] FromJson - Adding component 'Transform' to entity 'MorayEel'
[22:36:45.024] [info] [CPP ECS] FromJson - Adding component 'CircleCollider' to entity 'MorayEel'
[22:36:45.024] [info] [CPP ECS] FromJson - Adding component 'Variables' to entity 'MorayEel'
[22:36:45.024] [info] [CPP ECS] FromJson - Adding component 'Script' to entity 'MorayEel'
[22:36:45.024] [info] [CPP ECS] FromJson - Adding component 'SpriteRenderer' to entity 'MorayEel'
[22:36:45.025] [info] [CPP ECS] FromJson - Adding component 'Rigidbody2D' to entity 'MorayEel'
[22:36:45.026] [info] Script MorayEelSpawnMove found for Entity ID: -13
[22:36:45.026] [info] [SetScriptVars] OK setting fields for: MorayEelSpawnMove
[22:36:45.039] [info] [MonoDbg] AddEntityToScript - Instantiating and adding script: SpriteAnimation to Entity ID: -13
[22:36:45.039] [info] [SetScriptVars] OK setting fields for: SpriteAnimation
[22:36:45.039] [info] [MonoDbg] AddEntityToScript - Syncing serialized fields for script: SpriteAnimation
[22:36:45.039] [info] [SetScriptVars] OK setting fields for: SpriteAnimation
[22:36:45.040] [info] [MonoDbg] AddEntityToScript - Instantiating and adding script: MorayEelSpawnMove to Entity ID: -13
[22:36:45.040] [info] [MonoDbg] AddEntityToScript - Syncing serialized fields for script: MorayEelSpawnMove
[22:36:45.040] [info] [SetScriptVars] OK setting fields for: MorayEelSpawnMove
[22:36:45.040] [info] [MonoDbg] AddEntityToScript - Instantiating and adding script: ChaseController to Entity ID: -13
[22:36:45.040] [info] [SetScriptVars] OK setting fields for: ChaseController
[22:36:45.040] [info] [MonoDbg] AddEntityToScript - Syncing serialized fields for script: ChaseController
[22:36:45.040] [info] [SetScriptVars] OK setting fields for: ChaseController
[22:36:45.041] [info] [MonoDbg] AddEntityToScript - Instantiating and adding script: ChaseAnimation to Entity ID: -13
[22:36:45.041] [info] [SetScriptVars] OK setting fields for: ChaseAnimation
[22:36:45.041] [info] [MonoDbg] AddEntityToScript - Syncing serialized fields for script: ChaseAnimation
[22:36:45.041] [info] [SetScriptVars] OK setting fields for: ChaseAnimation
[22:36:45.042] [info] [MonoDbg] AddEntityToScript - Instantiating and adding script: SmallFryChaseMove to Entity ID: -13
[22:36:45.042] [info] [SetScriptVars] OK setting fields for: SmallFryChaseMove
[22:36:45.042] [info] [MonoDbg] AddEntityToScript - Syncing serialized fields for script: SmallFryChaseMove
[22:36:45.042] [info] [SetScriptVars] OK setting fields for: SmallFryChaseMove
[22:36:45.042] [info] [MonoDbg] AddEntityToScript - Instantiating and adding script: TargetFacingFlip to Entity ID: -13
[22:36:45.042] [info] [SetScriptVars] OK setting fields for: TargetFacingFlip
[22:36:45.043] [info] [MonoDbg] AddEntityToScript - Syncing serialized fields for script: TargetFacingFlip
[22:36:45.043] [info] [SetScriptVars] OK setting fields for: TargetFacingFlip
[22:36:45.043] [info] [MonoDbg] AddEntityToScript - Instantiating and adding script: MorayEel to Entity ID: -13
[22:36:45.043] [info] [SetScriptVars] OK setting fields for: MorayEel
[22:36:45.043] [info] [MonoDbg] AddEntityToScript - Syncing serialized fields for script: MorayEel
[22:36:45.044] [info] [SetScriptVars] OK setting fields for: MorayEel
[22:36:45.044] [info] [MonoDbg] AddEntityToScript - Instantiating and adding script: HP to Entity ID: -13
[22:36:45.044] [info] [SetScriptVars] OK setting fields for: HP
[22:36:45.044] [info] [MonoDbg] AddEntityToScript - Syncing serialized fields for script: HP
[22:36:45.044] [info] [SetScriptVars] OK setting fields for: HP
[22:36:45.044] [info] [MonoDbg] AddEntityToScript - Instantiating and adding script: DespawnTimer to Entity ID: -13
[22:36:45.044] [info] [SetScriptVars] OK setting fields for: DespawnTimer
[22:36:45.045] [info] [MonoDbg] AddEntityToScript - Syncing serialized fields for script: DespawnTimer
[22:36:45.045] [info] [SetScriptVars] OK setting fields for: DespawnTimer
[22:36:45.045] [info] [MonoDbg] AddEntityToScript - Instantiating and adding script: ExpDropper to Entity ID: -13
[22:36:45.045] [info] [SetScriptVars] OK setting fields for: ExpDropper
[22:36:45.045] [info] [MonoDbg] AddEntityToScript - Syncing serialized fields for script: ExpDropper
[22:36:45.045] [info] [SetScriptVars] OK setting fields for: ExpDropper
[22:36:45.046] [info] [MonoDbg] AddEntityToScript - Instantiating and adding script: ParticleOffset to Entity ID: -13
[22:36:45.046] [info] [SetScriptVars] OK setting fields for: ParticleOffset
[22:36:45.046] [info] [MonoDbg] AddEntityToScript - Syncing serialized fields for script: ParticleOffset
[22:36:45.046] [info] [SetScriptVars] OK setting fields for: ParticleOffset
[22:36:45.046] [info] [MonoDbg] AddEntityToScript - Instantiating and adding script: AttackCollision to Entity ID: -13
[22:36:45.046] [info] [SetScriptVars] OK setting fields for: AttackCollision
[22:36:45.046] [info] [MonoDbg] AddEntityToScript - Syncing serialized fields for script: AttackCollision
[22:36:45.047] [info] [SetScriptVars] OK setting fields for: AttackCollision
[22:36:45.047] [info] [MonoDbg] AddEntityToScript - Instantiating and adding script: FlashOnDamaged to Entity ID: -13
[22:36:45.047] [info] [SetScriptVars] OK setting fields for: FlashOnDamaged
[22:36:45.047] [info] [MonoDbg] AddEntityToScript - Syncing serialized fields for script: FlashOnDamaged
[22:36:45.047] [info] [SetScriptVars] OK setting fields for: FlashOnDamaged
[22:36:45.047] [info] [MonoDbg] AddEntityToScript - Instantiating and adding script: ShakeSelfOnDamaged to Entity ID: -13
[22:36:45.048] [info] [SetScriptVars] OK setting fields for: ShakeSelfOnDamaged
[22:36:45.048] [info] [MonoDbg] AddEntityToScript - Syncing serialized fields for script: ShakeSelfOnDamaged
[22:36:45.048] [info] [SetScriptVars] OK setting fields for: ShakeSelfOnDamaged
[22:36:45.050] [info] [SOURCE_DETECTOR] C# requested CreateEntity: Prefab = enemySwimParticle
[22:36:45.050] [info] [SOURCE_DETECTOR] Engine creating Entity (Internal)
[22:36:45.050] [info] [CPP ECS] FromJson - Adding component 'Transform' to entity 'enemySwimParticle'
[22:36:45.051] [info] [CPP ECS] FromJson - Adding component 'Variables' to entity 'enemySwimParticle'
[22:36:45.051] [info] [CPP ECS] FromJson - Adding component 'ParticleSystem2D' to entity 'enemySwimParticle'
[22:36:45.052] [error] Entity not found for ID: 0
[22:36:45.067] [error] Entity not found for ID: 0
[22:36:45.081] [error] Entity not found for ID: 0
[22:36:45.094] [error] Entity not found for ID: 0
[22:36:45.107] [error] Entity not found for ID: 0
[22:36:45.122] [error] Entity not found for ID: 0
[22:36:45.139] [error] Entity not found for ID: 0
[22:36:45.155] [error] Entity not found for ID: 0
[22:36:45.172] [error] Entity not found for ID: 0
[22:36:45.189] [error] Entity not found for ID: 0
[22:36:45.205] [error] Entity not found for ID: 0
[22:36:45.222] [error] Entity not found for ID: 0
[22:36:45.239] [error] Entity not found for ID: 0
[22:36:45.255] [error] Entity not found for ID: 0
[22:36:45.272] [error] Entity not found for ID: 0
[22:36:45.289] [error] Entity not found for ID: 0
[22:36:45.305] [error] Entity not found for ID: 0
[22:36:45.322] [error] Entity not found for ID: 0
[22:36:45.339] [error] Entity not found for ID: 0
[22:36:45.355] [error] Entity not found for ID: 0
[22:36:45.372] [error] Entity not found for ID: 0
[22:36:45.389] [error] Entity not found for ID: 0
[22:36:45.405] [error] Entity not found for ID: 0
[22:36:45.423] [error] Entity not found for ID: 0
[22:36:45.439] [error] Entity not found for ID: 0
[22:36:45.456] [error] Entity not found for ID: 0
[22:36:45.472] [error] Entity not found for ID: 0
[22:36:45.489] [error] Entity not found for ID: 0
[22:36:45.506] [error] Entity not found for ID: 0
[22:36:45.522] [error] Entity not found for ID: 0
[22:36:45.539] [error] Entity not found for ID: 0
[22:36:45.555] [error] Entity not found for ID: 0
[22:36:45.572] [error] Entity not found for ID: 0
[22:36:45.589] [error] Entity not found for ID: 0
[22:36:45.589] [info] [SOURCE_DETECTOR] C# requested CreateEntity: Prefab = SeaCow
[22:36:45.589] [info] [SOURCE_DETECTOR] Engine creating Entity (Internal)
[22:36:45.589] [info] [CPP ECS] FromJson - Adding component 'Transform' to entity 'SeaCow'
[22:36:45.590] [info] [CPP ECS] FromJson - Adding component 'CircleCollider' to entity 'SeaCow'
[22:36:45.590] [info] [CPP ECS] FromJson - Adding component 'Variables' to entity 'SeaCow'
[22:36:45.590] [info] [CPP ECS] FromJson - Adding component 'Script' to entity 'SeaCow'
[22:36:45.590] [info] [CPP ECS] FromJson - Adding component 'SpriteRenderer' to entity 'SeaCow'
[22:36:45.590] [info] [CPP ECS] FromJson - Adding component 'Rigidbody2D' to entity 'SeaCow'
[22:36:45.591] [info] Collision Enter 2D Event Invoked
[22:36:45.591] [info] Collision Enter 2D Event Invoked
[22:36:45.591] [info] Collision Enter 2D Event Invoked
[22:36:45.592] [info] Collision Enter 2D Event Invoked
[22:36:45.605] [info] [MonoDbg] AddEntityToScript - Instantiating and adding script: SpriteAnimation to Entity ID: -1
[22:36:45.605] [info] [SetScriptVars] OK setting fields for: SpriteAnimation
[22:36:45.605] [info] [MonoDbg] AddEntityToScript - Syncing serialized fields for script: SpriteAnimation
[22:36:45.605] [info] [SetScriptVars] OK setting fields for: SpriteAnimation
[22:36:45.606] [info] [MonoDbg] AddEntityToScript - Instantiating and adding script: ChaseController to Entity ID: -1
[22:36:45.606] [info] [SetScriptVars] OK setting fields for: ChaseController
[22:36:45.606] [info] [MonoDbg] AddEntityToScript - Syncing serialized fields for script: ChaseController
[22:36:45.606] [info] [SetScriptVars] OK setting fields for: ChaseController
[22:36:45.606] [info] [MonoDbg] AddEntityToScript - Instantiating and adding script: TargetFacingFlip to Entity ID: -1
[22:36:45.606] [info] [SetScriptVars] OK setting fields for: TargetFacingFlip
[22:36:45.607] [info] [MonoDbg] AddEntityToScript - Syncing serialized fields for script: TargetFacingFlip
[22:36:45.607] [info] [SetScriptVars] OK setting fields for: TargetFacingFlip
[22:36:45.607] [info] [MonoDbg] AddEntityToScript - Instantiating and adding script: SeaCow to Entity ID: -1
[22:36:45.607] [info] [SetScriptVars] OK setting fields for: SeaCow
[22:36:45.607] [info] [MonoDbg] AddEntityToScript - Syncing serialized fields for script: SeaCow
[22:36:45.607] [info] [SetScriptVars] OK setting fields for: SeaCow
[22:36:45.607] [info] [MonoDbg] AddEntityToScript - Instantiating and adding script: HP to Entity ID: -1
[22:36:45.608] [info] [SetScriptVars] OK setting fields for: HP
[22:36:45.608] [info] [MonoDbg] AddEntityToScript - Syncing serialized fields for script: HP
[22:36:45.608] [info] [SetScriptVars] OK setting fields for: HP
[22:36:45.608] [info] [MonoDbg] AddEntityToScript - Instantiating and adding script: ParticleOffset to Entity ID: -1
[22:36:45.608] [info] [SetScriptVars] no group for scriptName: ParticleOffset  groups: 10
[22:36:45.608] [info] [MonoDbg] AddEntityToScript - Syncing serialized fields for script: ParticleOffset
[22:36:45.608] [info] [SetScriptVars] no group for scriptName: ParticleOffset  groups: 10
[22:36:45.609] [info] [MonoDbg] AddEntityToScript - Instantiating and adding script: AttackCollision to Entity ID: -1
[22:36:45.609] [info] [SetScriptVars] OK setting fields for: AttackCollision
[22:36:45.609] [info] [MonoDbg] AddEntityToScript - Syncing serialized fields for script: AttackCollision
[22:36:45.609] [info] [SetScriptVars] OK setting fields for: AttackCollision
[22:36:45.609] [info] [MonoDbg] AddEntityToScript - Instantiating and adding script: ExpDropper to Entity ID: -1
[22:36:45.609] [info] [SetScriptVars] OK setting fields for: ExpDropper
[22:36:45.609] [info] [MonoDbg] AddEntityToScript - Syncing serialized fields for script: ExpDropper
[22:36:45.610] [info] [SetScriptVars] OK setting fields for: ExpDropper
[22:36:45.610] [info] [MonoDbg] AddEntityToScript - Instantiating and adding script: DespawnTimer to Entity ID: -1
[22:36:45.610] [info] [SetScriptVars] OK setting fields for: DespawnTimer
[22:36:45.610] [info] [MonoDbg] AddEntityToScript - Syncing serialized fields for script: DespawnTimer
[22:36:45.610] [info] [SetScriptVars] OK setting fields for: DespawnTimer
[22:36:45.610] [info] [MonoDbg] AddEntityToScript - Instantiating and adding script: FlashOnDamaged to Entity ID: -1
[22:36:45.610] [info] [SetScriptVars] OK setting fields for: FlashOnDamaged
[22:36:45.611] [info] [MonoDbg] AddEntityToScript - Syncing serialized fields for script: FlashOnDamaged
[22:36:45.611] [info] [SetScriptVars] OK setting fields for: FlashOnDamaged
[22:36:45.611] [info] [MonoDbg] AddEntityToScript - Instantiating and adding script: ShakeSelfOnDamaged to Entity ID: -1
[22:36:45.611] [info] [SetScriptVars] OK setting fields for: ShakeSelfOnDamaged
[22:36:45.611] [info] [MonoDbg] AddEntityToScript - Syncing serialized fields for script: ShakeSelfOnDamaged
[22:36:45.611] [info] [SetScriptVars] OK setting fields for: ShakeSelfOnDamaged
[22:36:45.612] [info] [SOURCE_DETECTOR] C# requested CreateEntity: Prefab = enemySwimParticle
[22:36:45.612] [info] [SOURCE_DETECTOR] Engine creating Entity (Internal)
[22:36:45.612] [info] [CPP ECS] FromJson - Adding component 'Transform' to entity 'enemySwimParticle'
[22:36:45.612] [info] [CPP ECS] FromJson - Adding component 'Variables' to entity 'enemySwimParticle'
[22:36:45.612] [info] [CPP ECS] FromJson - Adding component 'ParticleSystem2D' to entity 'enemySwimParticle'
[22:36:45.613] [error] Entity not found for ID: 0
[22:36:45.625] [error] Entity not found for ID: 0
[22:36:45.639] [error] Entity not found for ID: 0
[22:36:45.656] [error] Entity not found for ID: 0
[22:36:45.672] [error] Entity not found for ID: 0
[22:36:45.689] [error] Entity not found for ID: 0
[22:36:45.705] [error] Entity not found for ID: 0
[22:36:45.722] [error] Entity not found for ID: 0
[22:36:45.739] [error] Entity not found for ID: 0
[22:36:45.756] [error] Entity not found for ID: 0
[22:36:45.772] [error] Entity not found for ID: 0
[22:36:45.788] [error] Entity not found for ID: 0
[22:36:45.805] [error] Entity not found for ID: 0
[22:36:45.822] [error] Entity not found for ID: 0
[22:36:45.840] [error] Entity not found for ID: 0
[22:36:45.855] [error] Entity not found for ID: 0
[22:36:45.872] [error] Entity not found for ID: 0
[22:36:45.889] [error] Entity not found for ID: 0
[22:36:45.905] [error] Entity not found for ID: 0
[22:36:45.922] [error] Entity not found for ID: 0
[22:36:45.939] [error] Entity not found for ID: 0
[22:36:45.955] [error] Entity not found for ID: 0
[22:36:45.972] [error] Entity not found for ID: 0
[22:36:45.988] [error] Entity not found for ID: 0
[22:36:46.005] [error] Entity not found for ID: 0
[22:36:46.022] [error] Entity not found for ID: 0
[22:36:46.039] [error] Entity not found for ID: 0
[22:36:46.056] [error] Entity not found for ID: 0
[22:36:46.073] [error] Entity not found for ID: 0
[22:36:46.089] [error] Entity not found for ID: 0
[22:36:46.106] [error] Entity not found for ID: 0
[22:36:46.122] [error] Entity not found for ID: 0
[22:36:46.140] [error] Entity not found for ID: 0
[22:36:46.155] [error] Entity not found for ID: 0
[22:36:46.172] [error] Entity not found for ID: 0
[22:36:46.189] [error] Entity not found for ID: 0
[22:36:46.206] [error] Entity not found for ID: 0
[22:36:46.222] [error] Entity not found for ID: 0
[22:36:46.240] [error] Entity not found for ID: 0
[22:36:46.257] [error] Entity not found for ID: 0
[22:36:46.273] [error] Entity not found for ID: 0
[22:36:46.290] [error] Entity not found for ID: 0
[22:36:46.306] [error] Entity not found for ID: 0
[22:36:46.323] [error] Entity not found for ID: 0
[22:36:46.340] [error] Entity not found for ID: 0
[22:36:46.357] [error] Entity not found for ID: 0
[22:36:46.373] [error] Entity not found for ID: 0
[22:36:46.389] [error] Entity not found for ID: 0
[22:36:46.406] [error] Entity not found for ID: 0
[22:36:46.422] [error] Entity not found for ID: 0
[22:36:46.439] [error] Entity not found for ID: 0
[22:36:46.456] [error] Entity not found for ID: 0
[22:36:46.472] [error] Entity not found for ID: 0
[22:36:46.489] [error] Entity not found for ID: 0
[22:36:46.506] [error] Entity not found for ID: 0
[22:36:46.522] [error] Entity not found for ID: 0
[22:36:46.539] [error] Entity not found for ID: 0
[22:36:46.556] [error] Entity not found for ID: 0
[22:36:46.573] [error] Entity not found for ID: 0
[22:36:46.573] [info] [SOURCE_DETECTOR] C# requested CreateEntity: Prefab = SeaCow
[22:36:46.574] [info] [SOURCE_DETECTOR] Engine creating Entity (Internal)
[22:36:46.574] [info] [CPP ECS] FromJson - Adding component 'Transform' to entity 'SeaCow'
[22:36:46.574] [info] [CPP ECS] FromJson - Adding component 'CircleCollider' to entity 'SeaCow'
[22:36:46.574] [info] [CPP ECS] FromJson - Adding component 'Variables' to entity 'SeaCow'
[22:36:46.574] [info] [CPP ECS] FromJson - Adding component 'Script' to entity 'SeaCow'
[22:36:46.574] [info] [CPP ECS] FromJson - Adding component 'SpriteRenderer' to entity 'SeaCow'
[22:36:46.575] [info] [CPP ECS] FromJson - Adding component 'Rigidbody2D' to entity 'SeaCow'
[22:36:46.575] [info] Collision Enter 2D Event Invoked
[22:36:46.576] [info] Collision Enter 2D Event Invoked
[22:36:46.576] [info] Collision Enter 2D Event Invoked
[22:36:46.576] [info] Collision Enter 2D Event Invoked
[22:36:46.589] [info] [MonoDbg] AddEntityToScript - Instantiating and adding script: SpriteAnimation to Entity ID: -16
[22:36:46.589] [info] [SetScriptVars] OK setting fields for: SpriteAnimation
[22:36:46.589] [info] [MonoDbg] AddEntityToScript - Syncing serialized fields for script: SpriteAnimation
[22:36:46.590] [info] [SetScriptVars] OK setting fields for: SpriteAnimation
[22:36:46.590] [info] [MonoDbg] AddEntityToScript - Instantiating and adding script: ChaseController to Entity ID: -16
[22:36:46.590] [info] [SetScriptVars] OK setting fields for: ChaseController
[22:36:46.590] [info] [MonoDbg] AddEntityToScript - Syncing serialized fields for script: ChaseController
[22:36:46.590] [info] [SetScriptVars] OK setting fields for: ChaseController
[22:36:46.590] [info] [MonoDbg] AddEntityToScript - Instantiating and adding script: TargetFacingFlip to Entity ID: -16
[22:36:46.591] [info] [SetScriptVars] OK setting fields for: TargetFacingFlip
[22:36:46.591] [info] [MonoDbg] AddEntityToScript - Syncing serialized fields for script: TargetFacingFlip
[22:36:46.591] [info] [SetScriptVars] OK setting fields for: TargetFacingFlip
[22:36:46.591] [info] [MonoDbg] AddEntityToScript - Instantiating and adding script: SeaCow to Entity ID: -16
[22:36:46.591] [info] [SetScriptVars] OK setting fields for: SeaCow
[22:36:46.591] [info] [MonoDbg] AddEntityToScript - Syncing serialized fields for script: SeaCow
[22:36:46.592] [info] [SetScriptVars] OK setting fields for: SeaCow
[22:36:46.592] [info] [MonoDbg] AddEntityToScript - Instantiating and adding script: HP to Entity ID: -16
[22:36:46.592] [info] [SetScriptVars] OK setting fields for: HP
[22:36:46.592] [info] [MonoDbg] AddEntityToScript - Syncing serialized fields for script: HP
[22:36:46.592] [info] [SetScriptVars] OK setting fields for: HP
[22:36:46.592] [info] [MonoDbg] AddEntityToScript - Instantiating and adding script: ParticleOffset to Entity ID: -16
[22:36:46.593] [info] [SetScriptVars] no group for scriptName: ParticleOffset  groups: 10
[22:36:46.593] [info] [MonoDbg] AddEntityToScript - Syncing serialized fields for script: ParticleOffset
[22:36:46.593] [info] [SetScriptVars] no group for scriptName: ParticleOffset  groups: 10
[22:36:46.593] [info] [MonoDbg] AddEntityToScript - Instantiating and adding script: AttackCollision to Entity ID: -16
[22:36:46.593] [info] [SetScriptVars] OK setting fields for: AttackCollision
[22:36:46.593] [info] [MonoDbg] AddEntityToScript - Syncing serialized fields for script: AttackCollision
[22:36:46.593] [info] [SetScriptVars] OK setting fields for: AttackCollision
[22:36:46.594] [info] [MonoDbg] AddEntityToScript - Instantiating and adding script: ExpDropper to Entity ID: -16
[22:36:46.594] [info] [SetScriptVars] OK setting fields for: ExpDropper
[22:36:46.594] [info] [MonoDbg] AddEntityToScript - Syncing serialized fields for script: ExpDropper
[22:36:46.594] [info] [SetScriptVars] OK setting fields for: ExpDropper
[22:36:46.594] [info] [MonoDbg] AddEntityToScript - Instantiating and adding script: DespawnTimer to Entity ID: -16
[22:36:46.594] [info] [SetScriptVars] OK setting fields for: DespawnTimer
[22:36:46.595] [info] [MonoDbg] AddEntityToScript - Syncing serialized fields for script: DespawnTimer
[22:36:46.595] [info] [SetScriptVars] OK setting fields for: DespawnTimer
[22:36:46.595] [info] [MonoDbg] AddEntityToScript - Instantiating and adding script: FlashOnDamaged to Entity ID: -16
[22:36:46.595] [info] [SetScriptVars] OK setting fields for: FlashOnDamaged
[22:36:46.595] [info] [MonoDbg] AddEntityToScript - Syncing serialized fields for script: FlashOnDamaged
[22:36:46.595] [info] [SetScriptVars] OK setting fields for: FlashOnDamaged
[22:36:46.596] [info] [MonoDbg] AddEntityToScript - Instantiating and adding script: ShakeSelfOnDamaged to Entity ID: -16
[22:36:46.596] [info] [SetScriptVars] OK setting fields for: ShakeSelfOnDamaged
[22:36:46.596] [info] [MonoDbg] AddEntityToScript - Syncing serialized fields for script: ShakeSelfOnDamaged
[22:36:46.596] [info] [SetScriptVars] OK setting fields for: ShakeSelfOnDamaged
[22:36:46.596] [info] [SOURCE_DETECTOR] C# requested CreateEntity: Prefab = enemySwimParticle
[22:36:46.596] [info] [SOURCE_DETECTOR] Engine creating Entity (Internal)
[22:36:46.597] [info] [CPP ECS] FromJson - Adding component 'Transform' to entity 'enemySwimParticle'
[22:36:46.597] [info] [CPP ECS] FromJson - Adding component 'Variables' to entity 'enemySwimParticle'
[22:36:46.597] [info] [CPP ECS] FromJson - Adding component 'ParticleSystem2D' to entity 'enemySwimParticle'
[22:36:46.598] [error] Entity not found for ID: 0
[22:36:46.610] [error] Entity not found for ID: 0
[22:36:46.623] [error] Entity not found for ID: 0
[22:36:46.639] [error] Entity not found for ID: 0
[22:36:46.656] [error] Entity not found for ID: 0
[22:36:46.672] [error] Entity not found for ID: 0
[22:36:46.689] [error] Entity not found for ID: 0
[22:36:46.706] [error] Entity not found for ID: 0
[22:36:46.722] [error] Entity not found for ID: 0
[22:36:46.723] [info] Collision Enter 2D Event Invoked
[22:36:46.723] [info] Collision Enter 2D Event Invoked
[22:36:46.724] [info] Collision Enter 2D Event Invoked
[22:36:46.724] [info] Collision Enter 2D Event Invoked
[22:36:46.724] [info] Collision Enter 2D Event Invoked
[22:36:46.724] [info] Collision Enter 2D Event Invoked
[22:36:46.725] [info] Collision Enter 2D Event Invoked
[22:36:46.725] [info] Collision Enter 2D Event Invoked
[22:36:46.725] [info] Collision Enter 2D Event Invoked
[22:36:46.725] [info] Collision Enter 2D Event Invoked
[22:36:46.725] [info] Collision Enter 2D Event Invoked
[22:36:46.725] [info] Collision Enter 2D Event Invoked
[22:36:46.725] [info] Collision Enter 2D Event Invoked
[22:36:46.726] [info] Collision Enter 2D Event Invoked
[22:36:46.726] [info] Collision Enter 2D Event Invoked
[22:36:46.730] [info] [SOURCE_DETECTOR] C# requested CreateEntity: Prefab = PlayerHitEffect
[22:36:46.730] [info] [SOURCE_DETECTOR] Engine creating Entity (Internal)
[22:36:46.730] [info] [CPP ECS] FromJson - Adding component 'Transform' to entity 'PlayerHitEffect'
[22:36:46.730] [info] [CPP ECS] FromJson - Adding component 'Variables' to entity 'PlayerHitEffect'
[22:36:46.730] [info] [SOURCE_DETECTOR] Engine creating Entity (Internal)
[22:36:46.731] [info] [CPP ECS] FromJson - Adding component 'Transform' to entity 'HitEffect1'
[22:36:46.731] [info] [CPP ECS] FromJson - Adding component 'Variables' to entity 'HitEffect1'
[22:36:46.731] [info] [CPP ECS] FromJson - Adding component 'SpriteRenderer' to entity 'HitEffect1'
[22:36:46.731] [info] [CPP ECS] FromJson - Adding component 'Script' to entity 'HitEffect1'
[22:36:46.731] [info] [SOURCE_DETECTOR] Engine creating Entity (Internal)
[22:36:46.731] [info] [CPP ECS] FromJson - Adding component 'Transform' to entity 'HitEffect2'
[22:36:46.732] [info] [CPP ECS] FromJson - Adding component 'Variables' to entity 'HitEffect2'
[22:36:46.732] [info] [CPP ECS] FromJson - Adding component 'SpriteRenderer' to entity 'HitEffect2'
[22:36:46.732] [info] [CPP ECS] FromJson - Adding component 'Script' to entity 'HitEffect2'
[22:36:46.743] [error] Script component not found for Entity ID: -18
[22:36:46.743] [info] [SetScriptVars] no group for scriptName: TimedDestruction  groups: 0
[22:36:46.743] [info] Collision Enter 2D Event Invoked
[22:36:46.743] [info] Collision Enter 2D Event Invoked
[22:36:46.743] [info] Collision Enter 2D Event Invoked
[22:36:46.744] [info] Collision Enter 2D Event Invoked
[22:36:46.744] [info] Collision Enter 2D Event Invoked
[22:36:46.744] [info] Collision Enter 2D Event Invoked
[22:36:46.744] [info] Collision Enter 2D Event Invoked
[22:36:46.744] [info] Collision Enter 2D Event Invoked
[22:36:46.744] [info] Collision Enter 2D Event Invoked
[22:36:46.744] [info] Collision Enter 2D Event Invoked
[22:36:46.745] [info] Collision Enter 2D Event Invoked
[22:36:46.745] [info] Collision Enter 2D Event Invoked
[22:36:46.745] [info] Collision Enter 2D Event Invoked
[22:36:46.745] [info] Collision Enter 2D Event Invoked
[22:36:46.745] [info] Collision Enter 2D Event Invoked
[22:36:46.745] [info] Collision Enter 2D Event Invoked
[22:36:46.746] [info] Collision Enter 2D Event Invoked
[22:36:46.746] [info] Collision Enter 2D Event Invoked
[22:36:46.746] [info] Collision Enter 2D Event Invoked
[22:36:46.746] [info] Collision Enter 2D Event Invoked
[22:36:46.759] [info] [MonoDbg] AddEntityToScript - Instantiating and adding script: TransformTween to Entity ID: -19
[22:36:46.759] [info] [SetScriptVars] OK setting fields for: TransformTween
[22:36:46.759] [info] [MonoDbg] AddEntityToScript - Syncing serialized fields for script: TransformTween
[22:36:46.759] [info] [SetScriptVars] OK setting fields for: TransformTween
[22:36:46.759] [info] [MonoDbg] AddEntityToScript - Instantiating and adding script: TransformTween to Entity ID: -20
[22:36:46.759] [info] [SetScriptVars] OK setting fields for: TransformTween
[22:36:46.760] [info] [MonoDbg] AddEntityToScript - Syncing serialized fields for script: TransformTween
[22:36:46.760] [info] [SetScriptVars] OK setting fields for: TransformTween
[22:36:46.763] [error] Entity not found for ID: 0
[22:36:46.769] [info] Collision Exit 2D Event Invoked
[22:36:46.769] [info] Collision Exit 2D Event Invoked
[22:36:46.769] [info] Collision Exit 2D Event Invoked
[22:36:46.770] [info] Collision Exit 2D Event Invoked
[22:36:46.770] [info] Collision Exit 2D Event Invoked
[22:36:46.770] [info] Collision Exit 2D Event Invoked
[22:36:46.770] [info] Collision Exit 2D Event Invoked
[22:36:46.770] [info] Collision Exit 2D Event Invoked
[22:36:46.770] [info] Collision Exit 2D Event Invoked
[22:36:46.771] [info] Collision Exit 2D Event Invoked
[22:36:46.771] [info] Collision Exit 2D Event Invoked
[22:36:46.771] [info] Collision Exit 2D Event Invoked
[22:36:46.771] [info] Collision Exit 2D Event Invoked
[22:36:46.771] [info] Collision Exit 2D Event Invoked
[22:36:46.771] [info] Collision Exit 2D Event Invoked
[22:36:46.772] [info] Collision Exit 2D Event Invoked
[22:36:46.772] [info] Collision Exit 2D Event Invoked
[22:36:46.772] [info] Collision Exit 2D Event Invoked
[22:36:46.772] [info] Collision Exit 2D Event Invoked
[22:36:46.772] [info] Collision Exit 2D Event Invoked
[22:36:46.772] [info] Collision Exit 2D Event Invoked
[22:36:46.773] [info] Collision Exit 2D Event Invoked
[22:36:46.773] [info] Collision Exit 2D Event Invoked
[22:36:46.773] [info] Collision Exit 2D Event Invoked
[22:36:46.773] [info] Collision Exit 2D Event Invoked
[22:36:46.773] [info] Collision Exit 2D Event Invoked
[22:36:46.773] [info] Collision Exit 2D Event Invoked
[22:36:46.773] [info] Collision Exit 2D Event Invoked
[22:36:46.774] [info] Collision Exit 2D Event Invoked
[22:36:46.774] [info] Collision Exit 2D Event Invoked
[22:36:46.774] [info] Collision Exit 2D Event Invoked
[22:36:46.774] [info] Collision Exit 2D Event Invoked
[22:36:46.774] [info] Collision Exit 2D Event Invoked
[22:36:46.774] [info] Collision Exit 2D Event Invoked
[22:36:46.775] [info] Collision Exit 2D Event Invoked
[22:36:46.786] [error] Entity not found for ID: 0
[22:36:46.799] [error] Entity not found for ID: 0
[22:36:46.800] [info] Collision Enter 2D Event Invoked
[22:36:46.800] [info] Collision Enter 2D Event Invoked
[22:36:46.800] [info] Collision Enter 2D Event Invoked
[22:36:46.800] [info] Collision Enter 2D Event Invoked
[22:36:46.801] [info] Collision Enter 2D Event Invoked
[22:36:46.801] [info] Collision Enter 2D Event Invoked
[22:36:46.801] [info] Collision Enter 2D Event Invoked
[22:36:46.801] [info] Collision Enter 2D Event Invoked
[22:36:46.801] [info] Collision Enter 2D Event Invoked
[22:36:46.801] [info] Collision Enter 2D Event Invoked
[22:36:46.802] [info] Collision Enter 2D Event Invoked
[22:36:46.802] [info] Collision Enter 2D Event Invoked
[22:36:46.802] [info] Collision Enter 2D Event Invoked
[22:36:46.802] [info] Collision Enter 2D Event Invoked
[22:36:46.802] [info] Collision Enter 2D Event Invoked
[22:36:46.802] [info] [SOURCE_DETECTOR] C# requested CreateEntity: Prefab = PlayerHitEffect
[22:36:46.803] [info] [SOURCE_DETECTOR] Engine creating Entity (Internal)
[22:36:46.803] [info] [CPP ECS] FromJson - Adding component 'Transform' to entity 'PlayerHitEffect'
[22:36:46.803] [info] [CPP ECS] FromJson - Adding component 'Variables' to entity 'PlayerHitEffect'
[22:36:46.803] [info] [SOURCE_DETECTOR] Engine creating Entity (Internal)
[22:36:46.803] [info] [CPP ECS] FromJson - Adding component 'Transform' to entity 'HitEffect1'
[22:36:46.803] [info] [CPP ECS] FromJson - Adding component 'Variables' to entity 'HitEffect1'
[22:36:46.804] [info] [CPP ECS] FromJson - Adding component 'SpriteRenderer' to entity 'HitEffect1'
[22:36:46.804] [info] [CPP ECS] FromJson - Adding component 'Script' to entity 'HitEffect1'
[22:36:46.804] [info] [SOURCE_DETECTOR] Engine creating Entity (Internal)
[22:36:46.804] [info] [CPP ECS] FromJson - Adding component 'Transform' to entity 'HitEffect2'
[22:36:46.804] [info] [CPP ECS] FromJson - Adding component 'Variables' to entity 'HitEffect2'
[22:36:46.804] [info] [CPP ECS] FromJson - Adding component 'SpriteRenderer' to entity 'HitEffect2'
[22:36:46.805] [info] [CPP ECS] FromJson - Adding component 'Script' to entity 'HitEffect2'
[22:36:46.805] [error] Script component not found for Entity ID: -21
[22:36:46.805] [info] [SetScriptVars] no group for scriptName: TimedDestruction  groups: 0
[22:36:46.805] [info] Collision Enter 2D Event Invoked
[22:36:46.805] [info] Collision Enter 2D Event Invoked
[22:36:46.806] [info] Collision Enter 2D Event Invoked
[22:36:46.806] [info] Collision Enter 2D Event Invoked
[22:36:46.806] [info] Collision Enter 2D Event Invoked
[22:36:46.806] [info] Collision Enter 2D Event Invoked
[22:36:46.806] [info] Collision Enter 2D Event Invoked
[22:36:46.806] [info] Collision Enter 2D Event Invoked
[22:36:46.807] [info] Collision Enter 2D Event Invoked
[22:36:46.807] [info] Collision Enter 2D Event Invoked
[22:36:46.807] [info] Collision Enter 2D Event Invoked
[22:36:46.807] [info] Collision Enter 2D Event Invoked
[22:36:46.807] [info] Collision Enter 2D Event Invoked
[22:36:46.807] [info] Collision Enter 2D Event Invoked
[22:36:46.808] [info] Collision Enter 2D Event Invoked
[22:36:46.808] [info] Collision Enter 2D Event Invoked
[22:36:46.808] [info] Collision Enter 2D Event Invoked
[22:36:46.808] [info] Collision Enter 2D Event Invoked
[22:36:46.808] [info] Collision Enter 2D Event Invoked
[22:36:46.808] [info] Collision Enter 2D Event Invoked
[22:36:46.822] [info] [MonoDbg] AddEntityToScript - Instantiating and adding script: TransformTween to Entity ID: -22
[22:36:46.822] [info] [SetScriptVars] OK setting fields for: TransformTween
[22:36:46.823] [info] [MonoDbg] AddEntityToScript - Syncing serialized fields for script: TransformTween
[22:36:46.823] [info] [SetScriptVars] OK setting fields for: TransformTween
[22:36:46.823] [info] [MonoDbg] AddEntityToScript - Instantiating and adding script: TransformTween to Entity ID: -23
[22:36:46.823] [info] [SetScriptVars] OK setting fields for: TransformTween
[22:36:46.823] [info] [MonoDbg] AddEntityToScript - Syncing serialized fields for script: TransformTween
[22:36:46.824] [info] [SetScriptVars] OK setting fields for: TransformTween
[22:36:46.824] [error] Entity not found for ID: 0
[22:36:46.838] [error] Entity not found for ID: 0
[22:36:46.840] [info] Collision Exit 2D Event Invoked
[22:36:46.840] [info] Collision Exit 2D Event Invoked
[22:36:46.840] [info] Collision Exit 2D Event Invoked
[22:36:46.840] [info] Collision Exit 2D Event Invoked
[22:36:46.840] [info] Collision Exit 2D Event Invoked
[22:36:46.840] [info] Collision Exit 2D Event Invoked
[22:36:46.841] [info] Collision Exit 2D Event Invoked
[22:36:46.841] [info] Collision Exit 2D Event Invoked
[22:36:46.841] [info] Collision Exit 2D Event Invoked
[22:36:46.841] [info] Collision Exit 2D Event Invoked
[22:36:46.841] [info] Collision Exit 2D Event Invoked
[22:36:46.841] [info] Collision Exit 2D Event Invoked
[22:36:46.842] [info] Collision Exit 2D Event Invoked
[22:36:46.842] [info] Collision Exit 2D Event Invoked
[22:36:46.842] [info] Collision Exit 2D Event Invoked
[22:36:46.842] [info] Collision Exit 2D Event Invoked
[22:36:46.842] [info] Collision Exit 2D Event Invoked
[22:36:46.842] [info] Collision Exit 2D Event Invoked
[22:36:46.843] [info] Collision Exit 2D Event Invoked
[22:36:46.843] [info] Collision Exit 2D Event Invoked
[22:36:46.843] [info] Collision Exit 2D Event Invoked
[22:36:46.843] [info] Collision Exit 2D Event Invoked
[22:36:46.843] [info] Collision Exit 2D Event Invoked
[22:36:46.844] [info] Collision Exit 2D Event Invoked
[22:36:46.844] [info] Collision Exit 2D Event Invoked
[22:36:46.844] [info] Collision Exit 2D Event Invoked
[22:36:46.844] [info] Collision Exit 2D Event Invoked
[22:36:46.844] [info] Collision Exit 2D Event Invoked
[22:36:46.844] [info] Collision Exit 2D Event Invoked
[22:36:46.845] [info] Collision Exit 2D Event Invoked
[22:36:46.845] [info] Collision Exit 2D Event Invoked
[22:36:46.845] [info] Collision Exit 2D Event Invoked
[22:36:46.845] [info] Collision Exit 2D Event Invoked
[22:36:46.845] [info] Collision Exit 2D Event Invoked
[22:36:46.845] [info] Collision Exit 2D Event Invoked
[22:36:46.857] [error] Entity not found for ID: 0
[22:36:46.858] [info] Collision Enter 2D Event Invoked
[22:36:46.858] [info] Collision Enter 2D Event Invoked
[22:36:46.858] [info] Collision Enter 2D Event Invoked
[22:36:46.858] [info] Collision Enter 2D Event Invoked
[22:36:46.858] [info] Collision Enter 2D Event Invoked
[22:36:46.859] [info] Collision Enter 2D Event Invoked
[22:36:46.859] [info] Collision Enter 2D Event Invoked
[22:36:46.859] [info] Collision Enter 2D Event Invoked
[22:36:46.859] [info] Collision Enter 2D Event Invoked
[22:36:46.859] [info] Collision Enter 2D Event Invoked
[22:36:46.859] [info] Collision Enter 2D Event Invoked
[22:36:46.860] [info] Collision Enter 2D Event Invoked
[22:36:46.860] [info] Collision Enter 2D Event Invoked
[22:36:46.860] [info] Collision Enter 2D Event Invoked
[22:36:46.860] [info] Collision Enter 2D Event Invoked
[22:36:46.860] [info] [SOURCE_DETECTOR] C# requested CreateEntity: Prefab = PlayerHitEffect
[22:36:46.860] [info] [SOURCE_DETECTOR] Engine creating Entity (Internal)
[22:36:46.861] [info] [CPP ECS] FromJson - Adding component 'Transform' to entity 'PlayerHitEffect'
[22:36:46.861] [info] [CPP ECS] FromJson - Adding component 'Variables' to entity 'PlayerHitEffect'
[22:36:46.861] [info] [SOURCE_DETECTOR] Engine creating Entity (Internal)
[22:36:46.861] [info] [CPP ECS] FromJson - Adding component 'Transform' to entity 'HitEffect1'
[22:36:46.861] [info] [CPP ECS] FromJson - Adding component 'Variables' to entity 'HitEffect1'
[22:36:46.861] [info] [CPP ECS] FromJson - Adding component 'SpriteRenderer' to entity 'HitEffect1'
[22:36:46.862] [info] [CPP ECS] FromJson - Adding component 'Script' to entity 'HitEffect1'
[22:36:46.862] [info] [SOURCE_DETECTOR] Engine creating Entity (Internal)
[22:36:46.862] [info] [CPP ECS] FromJson - Adding component 'Transform' to entity 'HitEffect2'
[22:36:46.862] [info] [CPP ECS] FromJson - Adding component 'Variables' to entity 'HitEffect2'
[22:36:46.862] [info] [CPP ECS] FromJson - Adding component 'SpriteRenderer' to entity 'HitEffect2'
[22:36:46.862] [info] [CPP ECS] FromJson - Adding component 'Script' to entity 'HitEffect2'
[22:36:46.863] [error] Script component not found for Entity ID: -24
[22:36:46.863] [info] [SetScriptVars] no group for scriptName: TimedDestruction  groups: 0
[22:36:46.863] [info] Collision Enter 2D Event Invoked
[22:36:46.863] [info] Collision Enter 2D Event Invoked
[22:36:46.863] [info] Collision Enter 2D Event Invoked
[22:36:46.863] [info] Collision Enter 2D Event Invoked
[22:36:46.864] [info] Collision Enter 2D Event Invoked
[22:36:46.864] [info] Collision Enter 2D Event Invoked
[22:36:46.864] [info] Collision Enter 2D Event Invoked
[22:36:46.864] [info] Collision Enter 2D Event Invoked
[22:36:46.864] [info] Collision Enter 2D Event Invoked
[22:36:46.864] [info] Collision Enter 2D Event Invoked
[22:36:46.865] [info] Collision Enter 2D Event Invoked
[22:36:46.865] [info] Collision Enter 2D Event Invoked
[22:36:46.865] [info] Collision Enter 2D Event Invoked
[22:36:46.865] [info] Collision Enter 2D Event Invoked
[22:36:46.865] [info] Collision Enter 2D Event Invoked
[22:36:46.865] [info] Collision Enter 2D Event Invoked
[22:36:46.866] [info] Collision Enter 2D Event Invoked
[22:36:46.866] [info] Collision Enter 2D Event Invoked
[22:36:46.866] [info] Collision Enter 2D Event Invoked
[22:36:46.866] [info] Collision Enter 2D Event Invoked
[22:36:46.879] [info] [MonoDbg] AddEntityToScript - Instantiating and adding script: TransformTween to Entity ID: -25
[22:36:46.879] [info] [SetScriptVars] OK setting fields for: TransformTween
[22:36:46.879] [info] [MonoDbg] AddEntityToScript - Syncing serialized fields for script: TransformTween
[22:36:46.879] [info] [SetScriptVars] OK setting fields for: TransformTween
[22:36:46.880] [info] [MonoDbg] AddEntityToScript - Instantiating and adding script: TransformTween to Entity ID: -26
[22:36:46.880] [info] [SetScriptVars] OK setting fields for: TransformTween
[22:36:46.880] [info] [MonoDbg] AddEntityToScript - Syncing serialized fields for script: TransformTween
[22:36:46.880] [info] [SetScriptVars] OK setting fields for: TransformTween
[22:36:46.880] [error] Entity not found for ID: 0
[22:36:46.883] [error] Entity not found for ID: 0
[22:36:46.884] [error] Entity not found for ID: 0
[22:36:46.884] [info] [SOURCE_DETECTOR] C# requested CreateEntity: Prefab = ExpOrbMedium
[22:36:46.884] [info] [SOURCE_DETECTOR] Engine creating Entity (Internal)
[22:36:46.884] [info] [CPP ECS] FromJson - Adding component 'Transform' to entity 'ExpOrbMedium'
[22:36:46.885] [info] [CPP ECS] FromJson - Adding component 'CircleCollider' to entity 'ExpOrbMedium'
[22:36:46.885] [info] [CPP ECS] FromJson - Adding component 'Variables' to entity 'ExpOrbMedium'
[22:36:46.885] [info] [CPP ECS] FromJson - Adding component 'SpriteRenderer' to entity 'ExpOrbMedium'
[22:36:46.885] [info] [CPP ECS] FromJson - Adding component 'Script' to entity 'ExpOrbMedium'
[22:36:46.885] [info] [SOURCE_DETECTOR] C# requested CreateEntity: Prefab = ExpOrbMedium
[22:36:46.886] [info] [SOURCE_DETECTOR] Engine creating Entity (Internal)
[22:36:46.886] [info] [CPP ECS] FromJson - Adding component 'Transform' to entity 'ExpOrbMedium'
[22:36:46.886] [info] [CPP ECS] FromJson - Adding component 'CircleCollider' to entity 'ExpOrbMedium'
[22:36:46.886] [info] [CPP ECS] FromJson - Adding component 'Variables' to entity 'ExpOrbMedium'
[22:36:46.886] [info] [CPP ECS] FromJson - Adding component 'SpriteRenderer' to entity 'ExpOrbMedium'
[22:36:46.886] [info] [CPP ECS] FromJson - Adding component 'Script' to entity 'ExpOrbMedium'
[22:36:46.887] [info] [SOURCE_DETECTOR] C# requested CreateEntity: Prefab = ExpOrbMedium
[22:36:46.887] [info] [SOURCE_DETECTOR] Engine creating Entity (Internal)
[22:36:46.887] [info] [CPP ECS] FromJson - Adding component 'Transform' to entity 'ExpOrbMedium'
[22:36:46.887] [info] [CPP ECS] FromJson - Adding component 'CircleCollider' to entity 'ExpOrbMedium'
[22:36:46.887] [info] [CPP ECS] FromJson - Adding component 'Variables' to entity 'ExpOrbMedium'
[22:36:46.887] [info] [CPP ECS] FromJson - Adding component 'SpriteRenderer' to entity 'ExpOrbMedium'
[22:36:46.888] [info] [CPP ECS] FromJson - Adding component 'Script' to entity 'ExpOrbMedium'
[22:36:46.888] [info] [SOURCE_DETECTOR] C# requested CreateEntity: Prefab = ExpOrbSmall
[22:36:46.888] [info] [SOURCE_DETECTOR] Engine creating Entity (Internal)
[22:36:46.888] [info] [CPP ECS] FromJson - Adding component 'Transform' to entity 'ExpOrbSmall'
[22:36:46.888] [info] [CPP ECS] FromJson - Adding component 'CircleCollider' to entity 'ExpOrbSmall'
[22:36:46.889] [info] [CPP ECS] FromJson - Adding component 'Variables' to entity 'ExpOrbSmall'
[22:36:46.889] [info] [CPP ECS] FromJson - Adding component 'SpriteRenderer' to entity 'ExpOrbSmall'
[22:36:46.889] [info] [CPP ECS] FromJson - Adding component 'Script' to entity 'ExpOrbSmall'
[22:36:46.889] [info] [SOURCE_DETECTOR] C# requested CreateEntity: Prefab = ExpOrbSmall
[22:36:46.889] [info] [SOURCE_DETECTOR] Engine creating Entity (Internal)
[22:36:46.889] [info] [CPP ECS] FromJson - Adding component 'Transform' to entity 'ExpOrbSmall'
[22:36:46.890] [info] [CPP ECS] FromJson - Adding component 'CircleCollider' to entity 'ExpOrbSmall'
[22:36:46.890] [info] [CPP ECS] FromJson - Adding component 'Variables' to entity 'ExpOrbSmall'
[22:36:46.890] [info] [CPP ECS] FromJson - Adding component 'SpriteRenderer' to entity 'ExpOrbSmall'
[22:36:46.890] [info] [CPP ECS] FromJson - Adding component 'Script' to entity 'ExpOrbSmall'
[22:36:46.891] [info] Collision Enter 2D Event Invoked
[22:36:46.891] [info] Collision Enter 2D Event Invoked
[22:36:46.891] [info] Collision Enter 2D Event Invoked
[22:36:46.891] [info] Collision Enter 2D Event Invoked
[22:36:46.892] [info] Collision Enter 2D Event Invoked
[22:36:46.904] [info] [MonoDbg] AddEntityToScript - Instantiating and adding script: ExperiencePoint to Entity ID: -10
[22:36:46.904] [info] [SetScriptVars] OK setting fields for: ExperiencePoint
[22:36:46.904] [info] [MonoDbg] AddEntityToScript - Syncing serialized fields for script: ExperiencePoint
[22:36:46.904] [info] [SetScriptVars] OK setting fields for: ExperiencePoint
[22:36:46.904] [info] [MonoDbg] AddEntityToScript - Instantiating and adding script: ExperiencePoint to Entity ID: -27
[22:36:46.905] [info] [SetScriptVars] OK setting fields for: ExperiencePoint
[22:36:46.905] [info] [MonoDbg] AddEntityToScript - Syncing serialized fields for script: ExperiencePoint
[22:36:46.905] [info] [SetScriptVars] OK setting fields for: ExperiencePoint
[22:36:46.905] [info] [MonoDbg] AddEntityToScript - Instantiating and adding script: ExperiencePoint to Entity ID: -28
[22:36:46.905] [info] [SetScriptVars] OK setting fields for: ExperiencePoint
[22:36:46.905] [info] [MonoDbg] AddEntityToScript - Syncing serialized fields for script: ExperiencePoint
[22:36:46.906] [info] [SetScriptVars] OK setting fields for: ExperiencePoint
[22:36:46.906] [info] [MonoDbg] AddEntityToScript - Instantiating and adding script: ExperiencePoint to Entity ID: -29
[22:36:46.906] [info] [SetScriptVars] OK setting fields for: ExperiencePoint
[22:36:46.906] [info] [MonoDbg] AddEntityToScript - Syncing serialized fields for script: ExperiencePoint
[22:36:46.906] [info] [SetScriptVars] OK setting fields for: ExperiencePoint
[22:36:46.906] [info] [MonoDbg] AddEntityToScript - Instantiating and adding script: ExperiencePoint to Entity ID: -30
[22:36:46.907] [info] [SetScriptVars] OK setting fields for: ExperiencePoint
[22:36:46.907] [info] [MonoDbg] AddEntityToScript - Syncing serialized fields for script: ExperiencePoint
[22:36:46.907] [info] [SetScriptVars] OK setting fields for: ExperiencePoint
[22:36:46.907] [error] Entity not found for ID: 0
[22:36:46.922] [error] Entity not found for ID: 0
[22:36:46.936] [error] Entity not found for ID: 0
[22:36:46.948] [error] Entity not found for ID: 0
[22:36:46.962] [error] Entity not found for ID: 0
[22:36:46.975] [error] Entity not found for ID: 0
[22:36:46.989] [error] Entity not found for ID: 0
[22:36:47.002] [error] Entity not found for ID: 0
[22:36:47.015] [error] Entity not found for ID: 0
[22:36:47.028] [error] Entity not found for ID: 0
[22:36:47.040] [error] Entity not found for ID: 0
[22:36:47.056] [error] Entity not found for ID: 0
[22:36:47.073] [error] Entity not found for ID: 0
[22:36:47.089] [error] Entity not found for ID: 0
[22:36:47.106] [error] Entity not found for ID: 0
[22:36:47.123] [error] Entity not found for ID: 0
[22:36:47.139] [error] Entity not found for ID: 0
[22:36:47.156] [error] Entity not found for ID: 0
[22:36:47.173] [error] Entity not found for ID: 0
[22:36:47.173] [error] Entity not found for ID: -19
[22:36:47.173] [error] Entity not found for ID: -20
[22:36:47.189] [error] Entity not found for ID: 0
[22:36:47.190] [error] Entity not found for ID: -19
[22:36:47.190] [error] Entity not found for ID: -20
[22:36:47.191] [error] Entity not found for ID: -22
[22:36:47.191] [error] Entity not found for ID: -23
[22:36:47.205] [error] Entity not found for ID: 0
[22:36:47.206] [error] Entity not found for ID: -19
[22:36:47.206] [error] Entity not found for ID: -20
[22:36:47.206] [error] Entity not found for ID: -22
[22:36:47.206] [error] Entity not found for ID: -23
[22:36:47.206] [error] Entity not found for ID: -25
[22:36:47.206] [error] Entity not found for ID: -26
[22:36:47.222] [error] Entity not found for ID: 0
[22:36:47.223] [error] Entity not found for ID: -19
[22:36:47.223] [error] Entity not found for ID: -20
[22:36:47.223] [error] Entity not found for ID: -22
[22:36:47.223] [error] Entity not found for ID: -23
[22:36:47.223] [error] Entity not found for ID: -25
[22:36:47.223] [error] Entity not found for ID: -26
[22:36:47.239] [error] Entity not found for ID: 0
[22:36:47.240] [error] Entity not found for ID: -19
[22:36:47.240] [error] Entity not found for ID: -20
[22:36:47.240] [error] Entity not found for ID: -22
[22:36:47.240] [error] Entity not found for ID: -23
[22:36:47.240] [error] Entity not found for ID: -25
[22:36:47.240] [error] Entity not found for ID: -26
[22:36:47.256] [error] Entity not found for ID: 0
[22:36:47.257] [error] Entity not found for ID: -19
[22:36:47.257] [error] Entity not found for ID: -20
[22:36:47.257] [error] Entity not found for ID: -22
[22:36:47.257] [error] Entity not found for ID: -23
[22:36:47.257] [error] Entity not found for ID: -25
[22:36:47.257] [error] Entity not found for ID: -26
[22:36:47.272] [error] Entity not found for ID: 0
[22:36:47.273] [error] Entity not found for ID: -19
[22:36:47.273] [error] Entity not found for ID: -20
[22:36:47.273] [error] Entity not found for ID: -22
[22:36:47.273] [error] Entity not found for ID: -23
[22:36:47.273] [error] Entity not found for ID: -25
[22:36:47.274] [error] Entity not found for ID: -26
[22:36:47.289] [error] Entity not found for ID: 0
[22:36:47.290] [error] Entity not found for ID: -19
[22:36:47.290] [error] Entity not found for ID: -20
[22:36:47.290] [error] Entity not found for ID: -22
[22:36:47.290] [error] Entity not found for ID: -23
[22:36:47.290] [error] Entity not found for ID: -25
[22:36:47.290] [error] Entity not found for ID: -26
[22:36:47.306] [error] Entity not found for ID: 0
[22:36:47.307] [error] Entity not found for ID: -19
[22:36:47.307] [error] Entity not found for ID: -20
[22:36:47.307] [error] Entity not found for ID: -22
[22:36:47.307] [error] Entity not found for ID: -23
[22:36:47.307] [error] Entity not found for ID: -25
[22:36:47.307] [error] Entity not found for ID: -26
[22:36:47.323] [error] Entity not found for ID: 0
[22:36:47.323] [error] Entity not found for ID: -19
[22:36:47.324] [error] Entity not found for ID: -20
[22:36:47.324] [error] Entity not found for ID: -22
[22:36:47.324] [error] Entity not found for ID: -23
[22:36:47.324] [error] Entity not found for ID: -25
[22:36:47.324] [error] Entity not found for ID: -26
[22:36:47.340] [error] Entity not found for ID: 0
[22:36:47.340] [error] Entity not found for ID: -19
[22:36:47.341] [error] Entity not found for ID: -20
[22:36:47.341] [error] Entity not found for ID: -22
[22:36:47.341] [error] Entity not found for ID: -23
[22:36:47.341] [error] Entity not found for ID: -25
[22:36:47.341] [error] Entity not found for ID: -26
[22:36:47.356] [error] Entity not found for ID: 0
[22:36:47.357] [error] Entity not found for ID: -19
[22:36:47.357] [error] Entity not found for ID: -20
[22:36:47.357] [error] Entity not found for ID: -22
[22:36:47.357] [error] Entity not found for ID: -23
[22:36:47.357] [error] Entity not found for ID: -25
[22:36:47.358] [error] Entity not found for ID: -26
[22:36:47.372] [error] Entity not found for ID: 0
[22:36:47.373] [error] Entity not found for ID: -19
[22:36:47.373] [error] Entity not found for ID: -20
[22:36:47.374] [error] Entity not found for ID: -22
[22:36:47.374] [error] Entity not found for ID: -23
[22:36:47.374] [error] Entity not found for ID: -25
[22:36:47.374] [error] Entity not found for ID: -26
[22:36:47.389] [error] Entity not found for ID: 0
[22:36:47.390] [error] Entity not found for ID: -19
[22:36:47.390] [error] Entity not found for ID: -20
[22:36:47.390] [error] Entity not found for ID: -22
[22:36:47.391] [error] Entity not found for ID: -23
[22:36:47.391] [error] Entity not found for ID: -25
[22:36:47.391] [error] Entity not found for ID: -26
[22:36:47.406] [error] Entity not found for ID: 0
[22:36:47.406] [error] Entity not found for ID: -19
[22:36:47.406] [error] Entity not found for ID: -20
[22:36:47.406] [error] Entity not found for ID: -22
[22:36:47.407] [error] Entity not found for ID: -23
[22:36:47.407] [error] Entity not found for ID: -25
[22:36:47.407] [error] Entity not found for ID: -26
[22:36:47.423] [error] Entity not found for ID: 0
[22:36:47.423] [error] Entity not found for ID: -19
[22:36:47.423] [error] Entity not found for ID: -20
[22:36:47.424] [error] Entity not found for ID: -22
[22:36:47.424] [error] Entity not found for ID: -23
[22:36:47.424] [error] Entity not found for ID: -25
[22:36:47.424] [error] Entity not found for ID: -26
[22:36:47.440] [error] Entity not found for ID: 0
[22:36:47.441] [error] Entity not found for ID: -19
[22:36:47.441] [error] Entity not found for ID: -20
[22:36:47.441] [error] Entity not found for ID: -22
[22:36:47.441] [error] Entity not found for ID: -23
[22:36:47.441] [error] Entity not found for ID: -25
[22:36:47.441] [error] Entity not found for ID: -26
[22:36:47.457] [error] Entity not found for ID: 0
[22:36:47.457] [error] Entity not found for ID: -19
[22:36:47.458] [error] Entity not found for ID: -20
[22:36:47.458] [error] Entity not found for ID: -22
[22:36:47.458] [error] Entity not found for ID: -23
[22:36:47.458] [error] Entity not found for ID: -25
[22:36:47.458] [error] Entity not found for ID: -26
[22:36:47.473] [error] Entity not found for ID: 0
[22:36:47.474] [error] Entity not found for ID: -19
[22:36:47.474] [error] Entity not found for ID: -20
[22:36:47.474] [error] Entity not found for ID: -22
[22:36:47.474] [error] Entity not found for ID: -23
[22:36:47.475] [error] Entity not found for ID: -25
[22:36:47.475] [error] Entity not found for ID: -26
[22:36:47.490] [error] Entity not found for ID: 0
[22:36:47.491] [error] Entity not found for ID: -19
[22:36:47.491] [error] Entity not found for ID: -20
[22:36:47.491] [error] Entity not found for ID: -22
[22:36:47.491] [error] Entity not found for ID: -23
[22:36:47.491] [error] Entity not found for ID: -25
[22:36:47.491] [error] Entity not found for ID: -26
[22:36:47.506] [error] Entity not found for ID: 0
[22:36:47.507] [error] Entity not found for ID: -19
[22:36:47.507] [error] Entity not found for ID: -20
[22:36:47.508] [error] Entity not found for ID: -22
[22:36:47.508] [error] Entity not found for ID: -23
[22:36:47.508] [error] Entity not found for ID: -25
[22:36:47.508] [error] Entity not found for ID: -26
[22:36:47.523] [error] Entity not found for ID: 0
[22:36:47.523] [error] Entity not found for ID: -19
[22:36:47.524] [error] Entity not found for ID: -20
[22:36:47.524] [error] Entity not found for ID: -22
[22:36:47.524] [error] Entity not found for ID: -23
[22:36:47.524] [error] Entity not found for ID: -25
[22:36:47.524] [error] Entity not found for ID: -26
[22:36:47.541] [error] Entity not found for ID: 0
[22:36:47.542] [error] Entity not found for ID: -19
[22:36:47.542] [error] Entity not found for ID: -20
[22:36:47.542] [error] Entity not found for ID: -22
[22:36:47.542] [error] Entity not found for ID: -23
[22:36:47.542] [error] Entity not found for ID: -25
[22:36:47.543] [error] Entity not found for ID: -26
[22:36:47.557] [info] [SOURCE_DETECTOR] C# requested CreateEntity: Prefab = playerDashParticle
[22:36:47.557] [info] [SOURCE_DETECTOR] Engine creating Entity (Internal)
[22:36:47.557] [info] [CPP ECS] FromJson - Adding component 'Transform' to entity 'playerDashParticle'
[22:36:47.557] [info] [CPP ECS] FromJson - Adding component 'Variables' to entity 'playerDashParticle'
[22:36:47.557] [info] [CPP ECS] FromJson - Adding component 'ParticleSystem2D' to entity 'playerDashParticle'
[22:36:47.558] [error] Entity not found for ID: 0
[22:36:47.558] [error] Entity not found for ID: -19
[22:36:47.559] [error] Entity not found for ID: -20
[22:36:47.559] [error] Entity not found for ID: -22
[22:36:47.559] [error] Entity not found for ID: -23
[22:36:47.559] [error] Entity not found for ID: -25
[22:36:47.559] [error] Entity not found for ID: -26
[22:36:47.575] [error] Entity not found for ID: 0
[22:36:47.575] [error] Entity not found for ID: -19
[22:36:47.576] [error] Entity not found for ID: -20
[22:36:47.576] [error] Entity not found for ID: -22
[22:36:47.576] [error] Entity not found for ID: -23
[22:36:47.576] [error] Entity not found for ID: -25
[22:36:47.576] [error] Entity not found for ID: -26
[22:36:47.592] [error] Entity not found for ID: 0
[22:36:47.592] [error] Entity not found for ID: -19
[22:36:47.593] [error] Entity not found for ID: -20
[22:36:47.593] [error] Entity not found for ID: -22
[22:36:47.593] [error] Entity not found for ID: -23
[22:36:47.593] [error] Entity not found for ID: -25
[22:36:47.593] [error] Entity not found for ID: -26
[22:36:47.610] [error] Entity not found for ID: 0
[22:36:47.611] [error] Entity not found for ID: -19
[22:36:47.612] [error] Entity not found for ID: -20
[22:36:47.612] [error] Entity not found for ID: -22
[22:36:47.613] [error] Entity not found for ID: -23
[22:36:47.613] [error] Entity not found for ID: -25
[22:36:47.613] [error] Entity not found for ID: -26
[22:36:47.629] [error] Entity not found for ID: 0
[22:36:47.630] [error] Entity not found for ID: -19
[22:36:47.630] [error] Entity not found for ID: -20
[22:36:47.630] [error] Entity not found for ID: -22
[22:36:47.631] [error] Entity not found for ID: -23
[22:36:47.631] [error] Entity not found for ID: -25
[22:36:47.631] [error] Entity not found for ID: -26
[22:36:47.648] [error] Entity not found for ID: 0
[22:36:47.649] [error] Entity not found for ID: -19
[22:36:47.649] [error] Entity not found for ID: -20
[22:36:47.650] [error] Entity not found for ID: -22
[22:36:47.650] [error] Entity not found for ID: -23
[22:36:47.650] [error] Entity not found for ID: -25
[22:36:47.650] [error] Entity not found for ID: -26
[22:36:47.667] [error] Entity not found for ID: 0
[22:36:47.668] [error] Entity not found for ID: -19
[22:36:47.669] [error] Entity not found for ID: -20
[22:36:47.669] [error] Entity not found for ID: -22
[22:36:47.669] [error] Entity not found for ID: -23
[22:36:47.669] [error] Entity not found for ID: -25
[22:36:47.670] [error] Entity not found for ID: -26
[22:36:47.686] [error] Entity not found for ID: 0
[22:36:47.687] [error] Entity not found for ID: -19
[22:36:47.687] [error] Entity not found for ID: -20
[22:36:47.687] [error] Entity not found for ID: -22
[22:36:47.687] [error] Entity not found for ID: -23
[22:36:47.687] [error] Entity not found for ID: -25
[22:36:47.688] [error] Entity not found for ID: -26
[22:36:47.703] [error] Entity not found for ID: 0
[22:36:47.704] [error] Entity not found for ID: -19
[22:36:47.705] [error] Entity not found for ID: -20
[22:36:47.705] [error] Entity not found for ID: -22
[22:36:47.705] [error] Entity not found for ID: -23
[22:36:47.705] [error] Entity not found for ID: -25
[22:36:47.706] [error] Entity not found for ID: -26
[22:36:47.722] [error] Entity not found for ID: 0
[22:36:47.722] [info] [SOURCE_DETECTOR] C# requested CreateEntity: Prefab = SeaCow
[22:36:47.722] [info] [SOURCE_DETECTOR] Engine creating Entity (Internal)
[22:36:47.722] [info] [CPP ECS] FromJson - Adding component 'Transform' to entity 'SeaCow'
[22:36:47.723] [info] [CPP ECS] FromJson - Adding component 'CircleCollider' to entity 'SeaCow'
[22:36:47.723] [info] [CPP ECS] FromJson - Adding component 'Variables' to entity 'SeaCow'
[22:36:47.723] [info] [CPP ECS] FromJson - Adding component 'Script' to entity 'SeaCow'
[22:36:47.723] [info] [CPP ECS] FromJson - Adding component 'SpriteRenderer' to entity 'SeaCow'
[22:36:47.724] [info] [CPP ECS] FromJson - Adding component 'Rigidbody2D' to entity 'SeaCow'
[22:36:47.724] [error] Entity not found for ID: -19
[22:36:47.724] [error] Entity not found for ID: -20
[22:36:47.725] [error] Entity not found for ID: -22
[22:36:47.725] [error] Entity not found for ID: -23
[22:36:47.725] [error] Entity not found for ID: -25
[22:36:47.725] [error] Entity not found for ID: -26
[22:36:47.726] [info] Collision Enter 2D Event Invoked
[22:36:47.726] [info] Collision Enter 2D Event Invoked
[22:36:47.726] [info] Collision Enter 2D Event Invoked
[22:36:47.726] [info] Collision Enter 2D Event Invoked
[22:36:47.739] [info] [MonoDbg] AddEntityToScript - Instantiating and adding script: SpriteAnimation to Entity ID: -18
[22:36:47.740] [info] [SetScriptVars] OK setting fields for: SpriteAnimation
[22:36:47.740] [info] [MonoDbg] AddEntityToScript - Syncing serialized fields for script: SpriteAnimation
[22:36:47.740] [info] [SetScriptVars] OK setting fields for: SpriteAnimation
[22:36:47.740] [info] [MonoDbg] AddEntityToScript - Instantiating and adding script: ChaseController to Entity ID: -18
[22:36:47.740] [info] [SetScriptVars] OK setting fields for: ChaseController
[22:36:47.741] [info] [MonoDbg] AddEntityToScript - Syncing serialized fields for script: ChaseController
[22:36:47.741] [info] [SetScriptVars] OK setting fields for: ChaseController
[22:36:47.741] [info] [MonoDbg] AddEntityToScript - Instantiating and adding script: TargetFacingFlip to Entity ID: -18
[22:36:47.741] [info] [SetScriptVars] OK setting fields for: TargetFacingFlip
[22:36:47.741] [info] [MonoDbg] AddEntityToScript - Syncing serialized fields for script: TargetFacingFlip
[22:36:47.742] [info] [SetScriptVars] OK setting fields for: TargetFacingFlip
[22:36:47.742] [info] [MonoDbg] AddEntityToScript - Instantiating and adding script: SeaCow to Entity ID: -18
[22:36:47.742] [info] [SetScriptVars] OK setting fields for: SeaCow
[22:36:47.742] [info] [MonoDbg] AddEntityToScript - Syncing serialized fields for script: SeaCow
[22:36:47.742] [info] [SetScriptVars] OK setting fields for: SeaCow
[22:36:47.743] [info] [MonoDbg] AddEntityToScript - Instantiating and adding script: HP to Entity ID: -18
[22:36:47.743] [info] [SetScriptVars] OK setting fields for: HP
[22:36:47.743] [info] [MonoDbg] AddEntityToScript - Syncing serialized fields for script: HP
[22:36:47.743] [info] [SetScriptVars] OK setting fields for: HP
[22:36:47.743] [info] [MonoDbg] AddEntityToScript - Instantiating and adding script: ParticleOffset to Entity ID: -18
[22:36:47.744] [info] [SetScriptVars] no group for scriptName: ParticleOffset  groups: 10
[22:36:47.744] [info] [MonoDbg] AddEntityToScript - Syncing serialized fields for script: ParticleOffset
[22:36:47.744] [info] [SetScriptVars] no group for scriptName: ParticleOffset  groups: 10
[22:36:47.744] [info] [MonoDbg] AddEntityToScript - Instantiating and adding script: AttackCollision to Entity ID: -18
[22:36:47.744] [info] [SetScriptVars] OK setting fields for: AttackCollision
[22:36:47.744] [info] [MonoDbg] AddEntityToScript - Syncing serialized fields for script: AttackCollision
[22:36:47.745] [info] [SetScriptVars] OK setting fields for: AttackCollision
[22:36:47.745] [info] [MonoDbg] AddEntityToScript - Instantiating and adding script: ExpDropper to Entity ID: -18
[22:36:47.745] [info] [SetScriptVars] OK setting fields for: ExpDropper
[22:36:47.745] [info] [MonoDbg] AddEntityToScript - Syncing serialized fields for script: ExpDropper
[22:36:47.745] [info] [SetScriptVars] OK setting fields for: ExpDropper
[22:36:47.746] [info] [MonoDbg] AddEntityToScript - Instantiating and adding script: DespawnTimer to Entity ID: -18
[22:36:47.746] [info] [SetScriptVars] OK setting fields for: DespawnTimer
[22:36:47.746] [info] [MonoDbg] AddEntityToScript - Syncing serialized fields for script: DespawnTimer
[22:36:47.746] [info] [SetScriptVars] OK setting fields for: DespawnTimer
[22:36:47.746] [info] [MonoDbg] AddEntityToScript - Instantiating and adding script: FlashOnDamaged to Entity ID: -18
[22:36:47.747] [info] [SetScriptVars] OK setting fields for: FlashOnDamaged
[22:36:47.747] [info] [MonoDbg] AddEntityToScript - Syncing serialized fields for script: FlashOnDamaged
[22:36:47.747] [info] [SetScriptVars] OK setting fields for: FlashOnDamaged
[22:36:47.747] [info] [MonoDbg] AddEntityToScript - Instantiating and adding script: ShakeSelfOnDamaged to Entity ID: -18
[22:36:47.747] [info] [SetScriptVars] OK setting fields for: ShakeSelfOnDamaged
[22:36:47.747] [info] [MonoDbg] AddEntityToScript - Syncing serialized fields for script: ShakeSelfOnDamaged
[22:36:47.748] [info] [SetScriptVars] OK setting fields for: ShakeSelfOnDamaged
[22:36:47.748] [info] [SOURCE_DETECTOR] C# requested CreateEntity: Prefab = enemySwimParticle
[22:36:47.748] [info] [SOURCE_DETECTOR] Engine creating Entity (Internal)
[22:36:47.748] [info] [CPP ECS] FromJson - Adding component 'Transform' to entity 'enemySwimParticle'
[22:36:47.749] [info] [CPP ECS] FromJson - Adding component 'Variables' to entity 'enemySwimParticle'
[22:36:47.749] [info] [CPP ECS] FromJson - Adding component 'ParticleSystem2D' to entity 'enemySwimParticle'
[22:36:47.749] [error] Entity not found for ID: 0
[22:36:47.750] [error] Entity not found for ID: -20
[22:36:47.750] [error] Entity not found for ID: -22
[22:36:47.750] [error] Entity not found for ID: -23
[22:36:47.751] [error] Entity not found for ID: -25
[22:36:47.751] [error] Entity not found for ID: -26
[22:36:47.765] [error] Entity not found for ID: 0
[22:36:47.765] [error] Entity not found for ID: -20
[22:36:47.766] [error] Entity not found for ID: -22
[22:36:47.766] [error] Entity not found for ID: -23
[22:36:47.766] [error] Entity not found for ID: -25
[22:36:47.766] [error] Entity not found for ID: -26
[22:36:47.779] [error] Entity not found for ID: 0
[22:36:47.780] [error] Entity not found for ID: -20
[22:36:47.780] [error] Entity not found for ID: -22
[22:36:47.780] [error] Entity not found for ID: -23
[22:36:47.780] [error] Entity not found for ID: -25
[22:36:47.780] [error] Entity not found for ID: -26
[22:36:47.794] [error] Entity not found for ID: 0
[22:36:47.794] [error] Entity not found for ID: -20
[22:36:47.795] [error] Entity not found for ID: -22
[22:36:47.795] [error] Entity not found for ID: -23
[22:36:47.795] [error] Entity not found for ID: -25
[22:36:47.795] [error] Entity not found for ID: -26
[22:36:47.808] [error] Entity not found for ID: 0
[22:36:47.809] [error] Entity not found for ID: -20
[22:36:47.809] [error] Entity not found for ID: -22
[22:36:47.809] [error] Entity not found for ID: -23
[22:36:47.810] [error] Entity not found for ID: -25
[22:36:47.810] [error] Entity not found for ID: -26
[22:36:47.823] [error] Entity not found for ID: 0
[22:36:47.824] [error] Entity not found for ID: -20
[22:36:47.824] [error] Entity not found for ID: -22
[22:36:47.824] [error] Entity not found for ID: -23
[22:36:47.824] [error] Entity not found for ID: -25
[22:36:47.825] [error] Entity not found for ID: -26
[22:36:47.838] [error] Entity not found for ID: 0
[22:36:47.838] [error] Entity not found for ID: -20
[22:36:47.839] [error] Entity not found for ID: -22
[22:36:47.839] [error] Entity not found for ID: -23
[22:36:47.839] [error] Entity not found for ID: -25
[22:36:47.839] [error] Entity not found for ID: -26
[22:36:47.853] [error] Entity not found for ID: 0
[22:36:47.853] [error] Entity not found for ID: -20
[22:36:47.854] [error] Entity not found for ID: -22
[22:36:47.854] [error] Entity not found for ID: -23
[22:36:47.854] [error] Entity not found for ID: -25
[22:36:47.854] [error] Entity not found for ID: -26
[22:36:47.868] [error] Entity not found for ID: 0
[22:36:47.869] [error] Entity not found for ID: -20
[22:36:47.869] [error] Entity not found for ID: -22
[22:36:47.869] [error] Entity not found for ID: -23
[22:36:47.869] [error] Entity not found for ID: -25
[22:36:47.869] [error] Entity not found for ID: -26
[22:36:47.882] [error] Entity not found for ID: 0
[22:36:47.883] [error] Entity not found for ID: -20
[22:36:47.883] [error] Entity not found for ID: -22
[22:36:47.883] [error] Entity not found for ID: -23
[22:36:47.883] [error] Entity not found for ID: -25
[22:36:47.883] [error] Entity not found for ID: -26
[22:36:47.884] [info] Collision Enter 2D Event Invoked
[22:36:47.884] [info] Collision Enter 2D Event Invoked
[22:36:47.884] [info] Collision Enter 2D Event Invoked
[22:36:47.884] [info] Collision Enter 2D Event Invoked
[22:36:47.884] [info] Collision Enter 2D Event Invoked
[22:36:47.885] [info] Collision Enter 2D Event Invoked
[22:36:47.885] [info] Collision Enter 2D Event Invoked
[22:36:47.885] [info] Collision Enter 2D Event Invoked
[22:36:47.885] [info] Collision Enter 2D Event Invoked
[22:36:47.885] [info] Collision Enter 2D Event Invoked
[22:36:47.885] [info] Collision Enter 2D Event Invoked
[22:36:47.886] [info] Collision Enter 2D Event Invoked
[22:36:47.886] [info] Collision Enter 2D Event Invoked
[22:36:47.886] [info] Collision Enter 2D Event Invoked
[22:36:47.886] [info] Collision Enter 2D Event Invoked
[22:36:47.886] [info] Collision Enter 2D Event Invoked
[22:36:47.886] [info] Collision Enter 2D Event Invoked
[22:36:47.887] [info] Collision Enter 2D Event Invoked
[22:36:47.887] [info] Collision Enter 2D Event Invoked
[22:36:47.887] [info] Collision Enter 2D Event Invoked
[22:36:47.887] [info] Collision Enter 2D Event Invoked
[22:36:47.887] [info] Collision Enter 2D Event Invoked
[22:36:47.887] [info] Collision Enter 2D Event Invoked
[22:36:47.887] [info] Collision Enter 2D Event Invoked
[22:36:47.888] [info] Collision Enter 2D Event Invoked
[22:36:47.888] [info] Collision Enter 2D Event Invoked
[22:36:47.888] [info] Collision Enter 2D Event Invoked
[22:36:47.888] [info] Collision Enter 2D Event Invoked
[22:36:47.888] [info] Collision Enter 2D Event Invoked
[22:36:47.888] [info] Collision Enter 2D Event Invoked
[22:36:47.889] [info] Collision Enter 2D Event Invoked
[22:36:47.889] [info] Collision Enter 2D Event Invoked
[22:36:47.889] [info] Collision Enter 2D Event Invoked
[22:36:47.889] [info] Collision Enter 2D Event Invoked
[22:36:47.889] [info] Collision Enter 2D Event Invoked
[22:36:47.889] [info] Collision Enter 2D Event Invoked
[22:36:47.890] [info] Collision Enter 2D Event Invoked
[22:36:47.890] [info] Collision Enter 2D Event Invoked
[22:36:47.890] [info] Collision Enter 2D Event Invoked
[22:36:47.890] [info] Collision Enter 2D Event Invoked
[22:36:47.890] [info] Collision Enter 2D Event Invoked
[22:36:47.890] [info] Collision Enter 2D Event Invoked
[22:36:47.891] [info] Collision Enter 2D Event Invoked
[22:36:47.891] [info] Collision Enter 2D Event Invoked
[22:36:47.891] [info] Collision Enter 2D Event Invoked
[22:36:47.891] [info] Collision Enter 2D Event Invoked
[22:36:47.891] [info] Collision Enter 2D Event Invoked
[22:36:47.891] [info] Collision Enter 2D Event Invoked
[22:36:47.892] [info] Collision Enter 2D Event Invoked
[22:36:47.892] [info] Collision Enter 2D Event Invoked
[22:36:47.892] [info] Collision Enter 2D Event Invoked
[22:36:47.892] [info] Collision Enter 2D Event Invoked
[22:36:47.892] [info] Collision Enter 2D Event Invoked
[22:36:47.892] [info] Collision Enter 2D Event Invoked
[22:36:47.893] [info] Collision Enter 2D Event Invoked
[22:36:47.893] [info] Collision Enter 2D Event Invoked
[22:36:47.893] [info] Collision Enter 2D Event Invoked
[22:36:47.893] [info] Collision Enter 2D Event Invoked
[22:36:47.893] [info] Collision Enter 2D Event Invoked
[22:36:47.893] [info] Collision Enter 2D Event Invoked
[22:36:47.893] [info] Collision Enter 2D Event Invoked
[22:36:47.894] [info] Collision Enter 2D Event Invoked
[22:36:47.894] [info] Collision Enter 2D Event Invoked
[22:36:47.894] [info] Collision Enter 2D Event Invoked
[22:36:47.894] [info] Collision Enter 2D Event Invoked
[22:36:47.894] [info] Collision Enter 2D Event Invoked
[22:36:47.894] [info] Collision Enter 2D Event Invoked
[22:36:47.895] [info] Collision Enter 2D Event Invoked
[22:36:47.895] [info] Collision Enter 2D Event Invoked
[22:36:47.895] [info] Collision Enter 2D Event Invoked
[22:36:47.895] [info] Collision Enter 2D Event Invoked
[22:36:47.895] [info] Collision Enter 2D Event Invoked
[22:36:47.895] [info] Collision Enter 2D Event Invoked
[22:36:47.895] [info] Collision Enter 2D Event Invoked
[22:36:47.896] [info] Collision Enter 2D Event Invoked
[22:36:47.909] [error] Entity not found for ID: 0
[22:36:47.909] [error] Entity not found for ID: -20
[22:36:47.910] [error] Entity not found for ID: -22
[22:36:47.910] [error] Entity not found for ID: -23
[22:36:47.910] [error] Entity not found for ID: -25
[22:36:47.910] [error] Entity not found for ID: -26
[22:36:47.910] [info] Collision Enter 2D Event Invoked
[22:36:47.911] [info] Collision Enter 2D Event Invoked
[22:36:47.911] [info] Collision Enter 2D Event Invoked
[22:36:47.911] [info] Collision Enter 2D Event Invoked
[22:36:47.911] [info] Collision Enter 2D Event Invoked
[22:36:47.911] [info] Collision Enter 2D Event Invoked
[22:36:47.911] [info] Collision Enter 2D Event Invoked
[22:36:47.912] [info] Collision Enter 2D Event Invoked
[22:36:47.912] [info] Collision Enter 2D Event Invoked
[22:36:47.912] [info] Collision Enter 2D Event Invoked
[22:36:47.912] [info] Collision Enter 2D Event Invoked
[22:36:47.912] [info] Collision Enter 2D Event Invoked
[22:36:47.912] [info] Collision Enter 2D Event Invoked
[22:36:47.913] [info] Collision Enter 2D Event Invoked
[22:36:47.913] [info] Collision Enter 2D Event Invoked
[22:36:47.913] [info] Collision Enter 2D Event Invoked
[22:36:47.913] [info] Collision Enter 2D Event Invoked
[22:36:47.913] [info] Collision Enter 2D Event Invoked
[22:36:47.913] [info] Collision Enter 2D Event Invoked
[22:36:47.914] [info] Collision Enter 2D Event Invoked
[22:36:47.914] [info] Collision Enter 2D Event Invoked
[22:36:47.914] [info] Collision Enter 2D Event Invoked
[22:36:47.914] [info] Collision Enter 2D Event Invoked
[22:36:47.914] [info] Collision Enter 2D Event Invoked
[22:36:47.914] [info] Collision Enter 2D Event Invoked
[22:36:47.915] [info] Collision Enter 2D Event Invoked
[22:36:47.915] [info] Collision Enter 2D Event Invoked
[22:36:47.915] [info] Collision Enter 2D Event Invoked
[22:36:47.915] [info] Collision Enter 2D Event Invoked
[22:36:47.915] [info] Collision Enter 2D Event Invoked
[22:36:47.915] [info] Collision Enter 2D Event Invoked
[22:36:47.916] [info] Collision Enter 2D Event Invoked
[22:36:47.916] [info] Collision Enter 2D Event Invoked
[22:36:47.916] [info] Collision Enter 2D Event Invoked
[22:36:47.916] [info] Collision Enter 2D Event Invoked
[22:36:47.916] [info] Collision Enter 2D Event Invoked
[22:36:47.916] [info] Collision Enter 2D Event Invoked
[22:36:47.917] [info] Collision Enter 2D Event Invoked
[22:36:47.917] [info] Collision Enter 2D Event Invoked
[22:36:47.917] [info] Collision Enter 2D Event Invoked
[22:36:47.917] [info] Collision Enter 2D Event Invoked
[22:36:47.917] [info] Collision Enter 2D Event Invoked
[22:36:47.917] [info] Collision Enter 2D Event Invoked
[22:36:47.918] [info] Collision Enter 2D Event Invoked
[22:36:47.918] [info] Collision Enter 2D Event Invoked
[22:36:47.918] [info] Collision Enter 2D Event Invoked
[22:36:47.918] [info] Collision Enter 2D Event Invoked
[22:36:47.918] [info] Collision Enter 2D Event Invoked
[22:36:47.918] [info] Collision Enter 2D Event Invoked
[22:36:47.919] [info] Collision Enter 2D Event Invoked
[22:36:47.931] [error] Entity not found for ID: 0
[22:36:47.932] [error] Entity not found for ID: -20
[22:36:47.932] [error] Entity not found for ID: -22
[22:36:47.932] [error] Entity not found for ID: -23
[22:36:47.932] [error] Entity not found for ID: -25
[22:36:47.932] [error] Entity not found for ID: -26
[22:36:47.945] [error] Entity not found for ID: 0
[22:36:47.945] [error] Entity not found for ID: -20
[22:36:47.946] [error] Entity not found for ID: -22
[22:36:47.946] [error] Entity not found for ID: -23
[22:36:47.946] [error] Entity not found for ID: -25
[22:36:47.946] [error] Entity not found for ID: -26
[22:36:47.959] [error] Entity not found for ID: 0
[22:36:47.959] [error] Entity not found for ID: -20
[22:36:47.959] [error] Entity not found for ID: -22
[22:36:47.960] [error] Entity not found for ID: -23
[22:36:47.960] [error] Entity not found for ID: -25
[22:36:47.960] [error] Entity not found for ID: -26
[22:36:47.974] [error] Entity not found for ID: 0
[22:36:47.975] [error] Entity not found for ID: -20
[22:36:47.975] [error] Entity not found for ID: -22
[22:36:47.975] [error] Entity not found for ID: -23
[22:36:47.975] [error] Entity not found for ID: -25
[22:36:47.975] [error] Entity not found for ID: -26
[22:36:47.989] [error] Entity not found for ID: 0
[22:36:47.990] [error] Entity not found for ID: -20
[22:36:47.990] [error] Entity not found for ID: -22
[22:36:47.990] [error] Entity not found for ID: -23
[22:36:47.990] [error] Entity not found for ID: -25
[22:36:47.991] [error] Entity not found for ID: -26
[22:36:47.991] [info] Collision Enter 2D Event Invoked
[22:36:47.991] [info] Collision Enter 2D Event Invoked
[22:36:47.991] [info] Collision Enter 2D Event Invoked
[22:36:47.991] [info] Collision Enter 2D Event Invoked
[22:36:47.992] [info] Collision Enter 2D Event Invoked
[22:36:47.992] [info] Collision Enter 2D Event Invoked
[22:36:47.992] [info] Collision Enter 2D Event Invoked
[22:36:47.992] [info] Collision Enter 2D Event Invoked
[22:36:47.992] [info] Collision Enter 2D Event Invoked
[22:36:47.992] [info] Collision Enter 2D Event Invoked
[22:36:47.993] [info] Collision Enter 2D Event Invoked
[22:36:47.993] [info] Collision Enter 2D Event Invoked
[22:36:47.993] [info] Collision Enter 2D Event Invoked
[22:36:47.993] [info] Collision Enter 2D Event Invoked
[22:36:47.993] [info] Collision Enter 2D Event Invoked
[22:36:48.006] [error] Entity not found for ID: 0
[22:36:48.007] [error] Entity not found for ID: -20
[22:36:48.007] [error] Entity not found for ID: -22
[22:36:48.007] [error] Entity not found for ID: -23
[22:36:48.008] [error] Entity not found for ID: -25
[22:36:48.008] [error] Entity not found for ID: -26
[22:36:48.021] [error] Entity not found for ID: 0
[22:36:48.022] [error] Entity not found for ID: -20
[22:36:48.022] [error] Entity not found for ID: -22
[22:36:48.022] [error] Entity not found for ID: -23
[22:36:48.022] [error] Entity not found for ID: -25
[22:36:48.022] [error] Entity not found for ID: -26
[22:36:48.036] [error] Entity not found for ID: 0
[22:36:48.036] [error] Entity not found for ID: -20
[22:36:48.037] [error] Entity not found for ID: -22
[22:36:48.037] [error] Entity not found for ID: -23
[22:36:48.037] [error] Entity not found for ID: -25
[22:36:48.037] [error] Entity not found for ID: -26
[22:36:48.051] [error] Entity not found for ID: 0
[22:36:48.051] [error] Entity not found for ID: -20
[22:36:48.051] [error] Entity not found for ID: -22
[22:36:48.051] [error] Entity not found for ID: -23
[22:36:48.052] [error] Entity not found for ID: -25
[22:36:48.052] [error] Entity not found for ID: -26
[22:36:48.065] [error] Entity not found for ID: 0
[22:36:48.066] [error] Entity not found for ID: -20
[22:36:48.066] [error] Entity not found for ID: -22
[22:36:48.066] [error] Entity not found for ID: -23
[22:36:48.066] [error] Entity not found for ID: -25
[22:36:48.066] [error] Entity not found for ID: -26
[22:36:48.080] [error] Entity not found for ID: 0
[22:36:48.081] [error] Entity not found for ID: -20
[22:36:48.081] [error] Entity not found for ID: -22
[22:36:48.081] [error] Entity not found for ID: -23
[22:36:48.081] [error] Entity not found for ID: -25
[22:36:48.081] [error] Entity not found for ID: -26
[22:36:48.098] [error] Entity not found for ID: 0
[22:36:48.099] [error] Entity not found for ID: -20
[22:36:48.099] [error] Entity not found for ID: -22
[22:36:48.099] [error] Entity not found for ID: -23
[22:36:48.099] [error] Entity not found for ID: -25
[22:36:48.099] [error] Entity not found for ID: -26
[22:36:48.113] [error] Entity not found for ID: 0
[22:36:48.113] [error] Entity not found for ID: -20
[22:36:48.113] [error] Entity not found for ID: -22
[22:36:48.114] [error] Entity not found for ID: -23
[22:36:48.114] [error] Entity not found for ID: -25
[22:36:48.114] [error] Entity not found for ID: -26
[22:36:48.127] [error] Entity not found for ID: 0
[22:36:48.128] [error] Entity not found for ID: -20
[22:36:48.128] [error] Entity not found for ID: -22
[22:36:48.128] [error] Entity not found for ID: -23
[22:36:48.128] [error] Entity not found for ID: -25
[22:36:48.129] [error] Entity not found for ID: -26
[22:36:48.141] [error] Entity not found for ID: 0
[22:36:48.142] [error] Entity not found for ID: -20
[22:36:48.142] [error] Entity not found for ID: -22
[22:36:48.142] [error] Entity not found for ID: -23
[22:36:48.142] [error] Entity not found for ID: -25
[22:36:48.143] [error] Entity not found for ID: -26
[22:36:48.157] [error] Entity not found for ID: 0
[22:36:48.157] [error] Entity not found for ID: -20
[22:36:48.157] [error] Entity not found for ID: -22
[22:36:48.158] [error] Entity not found for ID: -23
[22:36:48.158] [error] Entity not found for ID: -25
[22:36:48.158] [error] Entity not found for ID: -26
[22:36:48.174] [error] Entity not found for ID: 0
[22:36:48.175] [info] [SOURCE_DETECTOR] C# requested CreateEntity: Prefab = MorayEel
[22:36:48.175] [info] [SOURCE_DETECTOR] Engine creating Entity (Internal)
[22:36:48.175] [info] [CPP ECS] FromJson - Adding component 'Transform' to entity 'MorayEel'
[22:36:48.175] [info] [CPP ECS] FromJson - Adding component 'CircleCollider' to entity 'MorayEel'
[22:36:48.175] [info] [CPP ECS] FromJson - Adding component 'Variables' to entity 'MorayEel'
[22:36:48.176] [info] [CPP ECS] FromJson - Adding component 'Script' to entity 'MorayEel'
[22:36:48.176] [info] [CPP ECS] FromJson - Adding component 'SpriteRenderer' to entity 'MorayEel'
[22:36:48.176] [info] [CPP ECS] FromJson - Adding component 'Rigidbody2D' to entity 'MorayEel'
[22:36:48.176] [info] Script MorayEelSpawnMove found for Entity ID: -20
[22:36:48.176] [info] [SetScriptVars] OK setting fields for: MorayEelSpawnMove
[22:36:48.177] [error] Entity not found for ID: -22
[22:36:48.177] [error] Entity not found for ID: -23
[22:36:48.177] [error] Entity not found for ID: -25
[22:36:48.177] [error] Entity not found for ID: -26
[22:36:48.190] [info] [MonoDbg] AddEntityToScript - Instantiating and adding script: SpriteAnimation to Entity ID: -20
[22:36:48.190] [info] [SetScriptVars] OK setting fields for: SpriteAnimation
[22:36:48.191] [info] [MonoDbg] AddEntityToScript - Syncing serialized fields for script: SpriteAnimation
[22:36:48.191] [info] [SetScriptVars] OK setting fields for: SpriteAnimation
[22:36:48.191] [info] [MonoDbg] AddEntityToScript - Instantiating and adding script: MorayEelSpawnMove to Entity ID: -20
[22:36:48.191] [info] [MonoDbg] AddEntityToScript - Syncing serialized fields for script: MorayEelSpawnMove
[22:36:48.191] [info] [SetScriptVars] OK setting fields for: MorayEelSpawnMove
[22:36:48.192] [info] [MonoDbg] AddEntityToScript - Instantiating and adding script: ChaseController to Entity ID: -20
[22:36:48.192] [info] [SetScriptVars] OK setting fields for: ChaseController
[22:36:48.192] [info] [MonoDbg] AddEntityToScript - Syncing serialized fields for script: ChaseController
[22:36:48.192] [info] [SetScriptVars] OK setting fields for: ChaseController
[22:36:48.192] [info] [MonoDbg] AddEntityToScript - Instantiating and adding script: ChaseAnimation to Entity ID: -20
[22:36:48.192] [info] [SetScriptVars] OK setting fields for: ChaseAnimation
[22:36:48.193] [info] [MonoDbg] AddEntityToScript - Syncing serialized fields for script: ChaseAnimation
[22:36:48.193] [info] [SetScriptVars] OK setting fields for: ChaseAnimation
[22:36:48.193] [info] [MonoDbg] AddEntityToScript - Instantiating and adding script: SmallFryChaseMove to Entity ID: -20
[22:36:48.193] [info] [SetScriptVars] OK setting fields for: SmallFryChaseMove
[22:36:48.193] [info] [MonoDbg] AddEntityToScript - Syncing serialized fields for script: SmallFryChaseMove
[22:36:48.194] [info] [SetScriptVars] OK setting fields for: SmallFryChaseMove
[22:36:48.194] [info] [MonoDbg] AddEntityToScript - Instantiating and adding script: TargetFacingFlip to Entity ID: -20
[22:36:48.194] [info] [SetScriptVars] OK setting fields for: TargetFacingFlip
[22:36:48.194] [info] [MonoDbg] AddEntityToScript - Syncing serialized fields for script: TargetFacingFlip
[22:36:48.194] [info] [SetScriptVars] OK setting fields for: TargetFacingFlip
[22:36:48.194] [info] [MonoDbg] AddEntityToScript - Instantiating and adding script: MorayEel to Entity ID: -20
[22:36:48.195] [info] [SetScriptVars] OK setting fields for: MorayEel
[22:36:48.195] [info] [MonoDbg] AddEntityToScript - Syncing serialized fields for script: MorayEel
[22:36:48.195] [info] [SetScriptVars] OK setting fields for: MorayEel
[22:36:48.195] [info] [MonoDbg] AddEntityToScript - Instantiating and adding script: HP to Entity ID: -20
[22:36:48.195] [info] [SetScriptVars] OK setting fields for: HP
[22:36:48.195] [info] [MonoDbg] AddEntityToScript - Syncing serialized fields for script: HP
[22:36:48.196] [info] [SetScriptVars] OK setting fields for: HP
[22:36:48.196] [info] [MonoDbg] AddEntityToScript - Instantiating and adding script: DespawnTimer to Entity ID: -20
[22:36:48.196] [info] [SetScriptVars] OK setting fields for: DespawnTimer
[22:36:48.196] [info] [MonoDbg] AddEntityToScript - Syncing serialized fields for script: DespawnTimer
[22:36:48.196] [info] [SetScriptVars] OK setting fields for: DespawnTimer
[22:36:48.196] [info] [MonoDbg] AddEntityToScript - Instantiating and adding script: ExpDropper to Entity ID: -20
[22:36:48.197] [info] [SetScriptVars] OK setting fields for: ExpDropper
[22:36:48.197] [info] [MonoDbg] AddEntityToScript - Syncing serialized fields for script: ExpDropper
[22:36:48.197] [info] [SetScriptVars] OK setting fields for: ExpDropper
[22:36:48.197] [info] [MonoDbg] AddEntityToScript - Instantiating and adding script: ParticleOffset to Entity ID: -20
[22:36:48.197] [info] [SetScriptVars] OK setting fields for: ParticleOffset
[22:36:48.197] [info] [MonoDbg] AddEntityToScript - Syncing serialized fields for script: ParticleOffset
[22:36:48.198] [info] [SetScriptVars] OK setting fields for: ParticleOffset
[22:36:48.198] [info] [MonoDbg] AddEntityToScript - Instantiating and adding script: AttackCollision to Entity ID: -20
[22:36:48.198] [info] [SetScriptVars] OK setting fields for: AttackCollision
[22:36:48.198] [info] [MonoDbg] AddEntityToScript - Syncing serialized fields for script: AttackCollision
[22:36:48.198] [info] [SetScriptVars] OK setting fields for: AttackCollision
[22:36:48.198] [info] [MonoDbg] AddEntityToScript - Instantiating and adding script: FlashOnDamaged to Entity ID: -20
[22:36:48.199] [info] [SetScriptVars] OK setting fields for: FlashOnDamaged
[22:36:48.199] [info] [MonoDbg] AddEntityToScript - Syncing serialized fields for script: FlashOnDamaged
[22:36:48.199] [info] [SetScriptVars] OK setting fields for: FlashOnDamaged
[22:36:48.199] [info] [MonoDbg] AddEntityToScript - Instantiating and adding script: ShakeSelfOnDamaged to Entity ID: -20
[22:36:48.199] [info] [SetScriptVars] OK setting fields for: ShakeSelfOnDamaged
[22:36:48.199] [info] [MonoDbg] AddEntityToScript - Syncing serialized fields for script: ShakeSelfOnDamaged
[22:36:48.199] [info] [SetScriptVars] OK setting fields for: ShakeSelfOnDamaged
[22:36:48.200] [error] Entity not found for ID: 0
[22:36:48.201] [error] Entity not found for ID: -22
[22:36:48.201] [error] Entity not found for ID: -23
[22:36:48.201] [error] Entity not found for ID: -25
[22:36:48.201] [error] Entity not found for ID: -26
[22:36:48.214] [error] Entity not found for ID: 0
[22:36:48.215] [error] Entity not found for ID: -22
[22:36:48.215] [error] Entity not found for ID: -23
[22:36:48.215] [error] Entity not found for ID: -25
[22:36:48.215] [error] Entity not found for ID: -26
[22:36:48.228] [error] Entity not found for ID: 0
[22:36:48.229] [error] Entity not found for ID: -22
[22:36:48.229] [error] Entity not found for ID: -23
[22:36:48.229] [error] Entity not found for ID: -25
[22:36:48.230] [error] Entity not found for ID: -26
[22:36:48.243] [error] Entity not found for ID: 0
[22:36:48.244] [error] Entity not found for ID: -22
[22:36:48.244] [error] Entity not found for ID: -23
[22:36:48.244] [error] Entity not found for ID: -25
[22:36:48.244] [error] Entity not found for ID: -26
[22:36:48.258] [error] Entity not found for ID: 0
[22:36:48.259] [error] Entity not found for ID: -22
[22:36:48.259] [error] Entity not found for ID: -23
[22:36:48.259] [error] Entity not found for ID: -25
[22:36:48.260] [error] Entity not found for ID: -26
[22:36:48.273] [error] Entity not found for ID: 0
[22:36:48.274] [error] Entity not found for ID: -22
[22:36:48.274] [error] Entity not found for ID: -23
[22:36:48.274] [error] Entity not found for ID: -25
[22:36:48.274] [error] Entity not found for ID: -26
[22:36:48.289] [error] Entity not found for ID: 0
[22:36:48.290] [error] Entity not found for ID: -22
[22:36:48.290] [error] Entity not found for ID: -23
[22:36:48.290] [error] Entity not found for ID: -25
[22:36:48.290] [error] Entity not found for ID: -26
[22:36:48.305] [error] Entity not found for ID: 0
[22:36:48.306] [error] Entity not found for ID: -22
[22:36:48.306] [error] Entity not found for ID: -23
[22:36:48.306] [error] Entity not found for ID: -25
[22:36:48.307] [error] Entity not found for ID: -26
[22:36:48.322] [error] Entity not found for ID: 0
[22:36:48.323] [error] Entity not found for ID: -22
[22:36:48.323] [error] Entity not found for ID: -23
[22:36:48.323] [error] Entity not found for ID: -25
[22:36:48.323] [error] Entity not found for ID: -26
[22:36:48.339] [error] Entity not found for ID: 0
[22:36:48.340] [error] Entity not found for ID: -22
[22:36:48.340] [error] Entity not found for ID: -23
[22:36:48.340] [error] Entity not found for ID: -25
[22:36:48.340] [error] Entity not found for ID: -26
[22:36:48.341] [info] Collision Exit 2D Event Invoked
[22:36:48.341] [info] Collision Exit 2D Event Invoked
[22:36:48.342] [info] Collision Exit 2D Event Invoked
[22:36:48.342] [info] Collision Exit 2D Event Invoked
[22:36:48.342] [info] Collision Exit 2D Event Invoked
[22:36:48.342] [info] Collision Exit 2D Event Invoked
[22:36:48.342] [info] Collision Exit 2D Event Invoked
[22:36:48.343] [info] Collision Exit 2D Event Invoked
[22:36:48.343] [info] Collision Exit 2D Event Invoked
[22:36:48.343] [info] Collision Exit 2D Event Invoked
[22:36:48.343] [info] Collision Exit 2D Event Invoked
[22:36:48.343] [info] Collision Exit 2D Event Invoked
[22:36:48.343] [info] Collision Exit 2D Event Invoked
[22:36:48.344] [info] Collision Exit 2D Event Invoked
[22:36:48.344] [info] Collision Exit 2D Event Invoked
[22:36:48.356] [error] Entity not found for ID: 0
[22:36:48.357] [error] Entity not found for ID: -22
[22:36:48.357] [error] Entity not found for ID: -23
[22:36:48.357] [error] Entity not found for ID: -25
[22:36:48.357] [error] Entity not found for ID: -26
[22:36:48.372] [error] Entity not found for ID: 0
[22:36:48.373] [error] Entity not found for ID: -22
[22:36:48.373] [error] Entity not found for ID: -23
[22:36:48.373] [error] Entity not found for ID: -25
[22:36:48.373] [error] Entity not found for ID: -26
[22:36:48.389] [error] Entity not found for ID: 0
[22:36:48.389] [error] Entity not found for ID: -22
[22:36:48.390] [error] Entity not found for ID: -23
[22:36:48.390] [error] Entity not found for ID: -25
[22:36:48.390] [error] Entity not found for ID: -26
[22:36:48.406] [error] Entity not found for ID: 0
[22:36:48.406] [error] Entity not found for ID: -22
[22:36:48.406] [error] Entity not found for ID: -23
[22:36:48.407] [error] Entity not found for ID: -25
[22:36:48.407] [error] Entity not found for ID: -26
[22:36:48.422] [error] Entity not found for ID: 0
[22:36:48.423] [error] Entity not found for ID: -22
[22:36:48.423] [error] Entity not found for ID: -23
[22:36:48.423] [error] Entity not found for ID: -25
[22:36:48.423] [error] Entity not found for ID: -26
[22:36:48.440] [error] Entity not found for ID: 0
[22:36:48.440] [error] Entity not found for ID: -22
[22:36:48.441] [error] Entity not found for ID: -23
[22:36:48.441] [error] Entity not found for ID: -25
[22:36:48.441] [error] Entity not found for ID: -26
[22:36:48.442] [info] Collision Exit 2D Event Invoked
[22:36:48.442] [info] Collision Exit 2D Event Invoked
[22:36:48.442] [info] Collision Exit 2D Event Invoked
[22:36:48.442] [info] Collision Exit 2D Event Invoked
[22:36:48.443] [info] Collision Exit 2D Event Invoked
[22:36:48.443] [info] Collision Exit 2D Event Invoked
[22:36:48.443] [info] Collision Exit 2D Event Invoked
[22:36:48.443] [info] Collision Exit 2D Event Invoked
[22:36:48.443] [info] Collision Exit 2D Event Invoked
[22:36:48.443] [info] Collision Exit 2D Event Invoked
[22:36:48.444] [info] Collision Exit 2D Event Invoked
[22:36:48.444] [info] Collision Exit 2D Event Invoked
[22:36:48.444] [info] Collision Exit 2D Event Invoked
[22:36:48.444] [info] Collision Exit 2D Event Invoked
[22:36:48.444] [info] Collision Exit 2D Event Invoked
[22:36:48.457] [error] Entity not found for ID: 0
[22:36:48.457] [error] Entity not found for ID: -22
[22:36:48.457] [error] Entity not found for ID: -23
[22:36:48.457] [error] Entity not found for ID: -25
[22:36:48.458] [error] Entity not found for ID: -26
[22:36:48.473] [error] Entity not found for ID: 0
[22:36:48.474] [error] Entity not found for ID: -22
[22:36:48.474] [error] Entity not found for ID: -23
[22:36:48.474] [error] Entity not found for ID: -25
[22:36:48.474] [error] Entity not found for ID: -26
[22:36:48.489] [error] Entity not found for ID: 0
[22:36:48.490] [error] Entity not found for ID: -22
[22:36:48.490] [error] Entity not found for ID: -23
[22:36:48.490] [error] Entity not found for ID: -25
[22:36:48.490] [error] Entity not found for ID: -26
[22:36:48.506] [error] Entity not found for ID: 0
[22:36:48.507] [error] Entity not found for ID: -22
[22:36:48.507] [error] Entity not found for ID: -23
[22:36:48.507] [error] Entity not found for ID: -25
[22:36:48.507] [error] Entity not found for ID: -26
[22:36:48.524] [error] Entity not found for ID: 0
[22:36:48.525] [error] Entity not found for ID: -22
[22:36:48.525] [error] Entity not found for ID: -23
[22:36:48.525] [error] Entity not found for ID: -25
[22:36:48.525] [error] Entity not found for ID: -26
[22:36:48.540] [error] Entity not found for ID: 0
[22:36:48.541] [error] Entity not found for ID: -22
[22:36:48.541] [error] Entity not found for ID: -23
[22:36:48.541] [error] Entity not found for ID: -25
[22:36:48.541] [error] Entity not found for ID: -26
[22:36:48.557] [error] Entity not found for ID: 0
[22:36:48.557] [error] Entity not found for ID: -22
[22:36:48.557] [error] Entity not found for ID: -23
[22:36:48.558] [error] Entity not found for ID: -25
[22:36:48.558] [error] Entity not found for ID: -26
[22:36:48.573] [error] Entity not found for ID: 0
[22:36:48.574] [error] Entity not found for ID: -22
[22:36:48.574] [error] Entity not found for ID: -23
[22:36:48.574] [error] Entity not found for ID: -25
[22:36:48.574] [error] Entity not found for ID: -26
[22:36:48.590] [error] Entity not found for ID: 0
[22:36:48.591] [error] Entity not found for ID: -22
[22:36:48.591] [error] Entity not found for ID: -23
[22:36:48.591] [error] Entity not found for ID: -25
[22:36:48.591] [error] Entity not found for ID: -26
[22:36:48.606] [error] Entity not found for ID: 0
[22:36:48.607] [error] Entity not found for ID: -22
[22:36:48.607] [error] Entity not found for ID: -23
[22:36:48.607] [error] Entity not found for ID: -25
[22:36:48.608] [error] Entity not found for ID: -26
[22:36:48.623] [error] Entity not found for ID: 0
[22:36:48.624] [error] Entity not found for ID: -22
[22:36:48.624] [error] Entity not found for ID: -23
[22:36:48.624] [error] Entity not found for ID: -25
[22:36:48.624] [error] Entity not found for ID: -26
[22:36:48.640] [error] Entity not found for ID: 0
[22:36:48.641] [error] Entity not found for ID: -22
[22:36:48.641] [error] Entity not found for ID: -23
[22:36:48.641] [error] Entity not found for ID: -25
[22:36:48.641] [error] Entity not found for ID: -26
[22:36:48.657] [error] Entity not found for ID: 0
[22:36:48.657] [error] Entity not found for ID: -22
[22:36:48.658] [error] Entity not found for ID: -23
[22:36:48.658] [error] Entity not found for ID: -25
[22:36:48.658] [error] Entity not found for ID: -26
[22:36:48.673] [error] Entity not found for ID: 0
[22:36:48.674] [error] Entity not found for ID: -22
[22:36:48.674] [error] Entity not found for ID: -23
[22:36:48.674] [error] Entity not found for ID: -25
[22:36:48.674] [error] Entity not found for ID: -26
[22:36:48.675] [info] Collision Enter 2D Event Invoked
[22:36:48.675] [info] Collision Enter 2D Event Invoked
[22:36:48.675] [info] Collision Enter 2D Event Invoked
[22:36:48.675] [info] Collision Enter 2D Event Invoked
[22:36:48.675] [info] Collision Enter 2D Event Invoked
[22:36:48.676] [info] Collision Enter 2D Event Invoked
[22:36:48.676] [info] Collision Enter 2D Event Invoked
[22:36:48.676] [info] Collision Enter 2D Event Invoked
[22:36:48.676] [info] Collision Enter 2D Event Invoked
[22:36:48.676] [info] Collision Enter 2D Event Invoked
[22:36:48.676] [info] Collision Enter 2D Event Invoked
[22:36:48.677] [info] Collision Enter 2D Event Invoked
[22:36:48.677] [info] Collision Enter 2D Event Invoked
[22:36:48.677] [info] Collision Enter 2D Event Invoked
[22:36:48.677] [info] Collision Enter 2D Event Invoked
[22:36:48.677] [info] [SOURCE_DETECTOR] C# requested CreateEntity: Prefab = PlayerHitEffect
[22:36:48.677] [info] [SOURCE_DETECTOR] Engine creating Entity (Internal)
[22:36:48.678] [info] [CPP ECS] FromJson - Adding component 'Transform' to entity 'PlayerHitEffect'
[22:36:48.678] [info] [CPP ECS] FromJson - Adding component 'Variables' to entity 'PlayerHitEffect'
[22:36:48.678] [info] [SOURCE_DETECTOR] Engine creating Entity (Internal)
[22:36:48.678] [info] [CPP ECS] FromJson - Adding component 'Transform' to entity 'HitEffect1'
[22:36:48.678] [info] [CPP ECS] FromJson - Adding component 'Variables' to entity 'HitEffect1'
[22:36:48.678] [info] [CPP ECS] FromJson - Adding component 'SpriteRenderer' to entity 'HitEffect1'
[22:36:48.679] [info] [CPP ECS] FromJson - Adding component 'Script' to entity 'HitEffect1'
[22:36:48.679] [info] [SOURCE_DETECTOR] Engine creating Entity (Internal)
[22:36:48.679] [info] [CPP ECS] FromJson - Adding component 'Transform' to entity 'HitEffect2'
[22:36:48.679] [info] [CPP ECS] FromJson - Adding component 'Variables' to entity 'HitEffect2'
[22:36:48.679] [info] [CPP ECS] FromJson - Adding component 'SpriteRenderer' to entity 'HitEffect2'
[22:36:48.679] [info] [CPP ECS] FromJson - Adding component 'Script' to entity 'HitEffect2'
[22:36:48.680] [error] Script component not found for Entity ID: -21
[22:36:48.680] [info] [SetScriptVars] no group for scriptName: TimedDestruction  groups: 0
[22:36:48.680] [info] Collision Enter 2D Event Invoked
[22:36:48.680] [info] Collision Enter 2D Event Invoked
[22:36:48.680] [info] Collision Enter 2D Event Invoked
[22:36:48.681] [info] Collision Enter 2D Event Invoked
[22:36:48.681] [info] Collision Enter 2D Event Invoked
[22:36:48.681] [info] Collision Enter 2D Event Invoked
[22:36:48.681] [info] Collision Enter 2D Event Invoked
[22:36:48.681] [info] Collision Enter 2D Event Invoked
[22:36:48.681] [info] Collision Enter 2D Event Invoked
[22:36:48.682] [info] Collision Enter 2D Event Invoked
[22:36:48.682] [info] Collision Enter 2D Event Invoked
[22:36:48.682] [info] Collision Enter 2D Event Invoked
[22:36:48.682] [info] Collision Enter 2D Event Invoked
[22:36:48.682] [info] Collision Enter 2D Event Invoked
[22:36:48.682] [info] Collision Enter 2D Event Invoked
[22:36:48.683] [info] Collision Enter 2D Event Invoked
[22:36:48.683] [info] Collision Enter 2D Event Invoked
[22:36:48.683] [info] Collision Enter 2D Event Invoked
[22:36:48.683] [info] Collision Enter 2D Event Invoked
[22:36:48.683] [info] Collision Enter 2D Event Invoked
[22:36:48.696] [info] [MonoDbg] AddEntityToScript - Instantiating and adding script: TransformTween to Entity ID: -22
[22:36:48.696] [info] [MonoDbg] AddEntityToScript - Syncing serialized fields for script: TransformTween
[22:36:48.696] [info] [SetScriptVars] OK setting fields for: TransformTween
[22:36:48.697] [info] [MonoDbg] AddEntityToScript - Instantiating and adding script: TransformTween to Entity ID: -23
[22:36:48.697] [info] [MonoDbg] AddEntityToScript - Syncing serialized fields for script: TransformTween
[22:36:48.697] [info] [SetScriptVars] OK setting fields for: TransformTween
[22:36:48.697] [error] Entity not found for ID: 0
[22:36:48.698] [error] Entity not found for ID: -25
[22:36:48.698] [error] Entity not found for ID: -26
[22:36:48.699] [info] Collision Exit 2D Event Invoked
[22:36:48.699] [info] Collision Exit 2D Event Invoked
[22:36:48.699] [info] Collision Exit 2D Event Invoked
[22:36:48.700] [info] Collision Exit 2D Event Invoked
[22:36:48.700] [info] Collision Exit 2D Event Invoked
[22:36:48.700] [info] Collision Exit 2D Event Invoked
[22:36:48.700] [info] Collision Exit 2D Event Invoked
[22:36:48.700] [info] Collision Exit 2D Event Invoked
[22:36:48.700] [info] Collision Exit 2D Event Invoked
[22:36:48.701] [info] Collision Exit 2D Event Invoked
[22:36:48.701] [info] Collision Exit 2D Event Invoked
[22:36:48.701] [info] Collision Exit 2D Event Invoked
[22:36:48.701] [info] Collision Exit 2D Event Invoked
[22:36:48.701] [info] Collision Exit 2D Event Invoked
[22:36:48.701] [info] Collision Exit 2D Event Invoked
[22:36:48.702] [info] Collision Exit 2D Event Invoked
[22:36:48.702] [info] Collision Exit 2D Event Invoked
[22:36:48.702] [info] Collision Exit 2D Event Invoked
[22:36:48.702] [info] Collision Exit 2D Event Invoked
[22:36:48.702] [info] Collision Exit 2D Event Invoked
[22:36:48.702] [info] Collision Exit 2D Event Invoked
[22:36:48.703] [info] Collision Exit 2D Event Invoked
[22:36:48.703] [info] Collision Exit 2D Event Invoked
[22:36:48.703] [info] Collision Exit 2D Event Invoked
[22:36:48.703] [info] Collision Exit 2D Event Invoked
[22:36:48.703] [info] Collision Exit 2D Event Invoked
[22:36:48.703] [info] Collision Exit 2D Event Invoked
[22:36:48.704] [info] Collision Exit 2D Event Invoked
[22:36:48.704] [info] Collision Exit 2D Event Invoked
[22:36:48.704] [info] Collision Exit 2D Event Invoked
[22:36:48.704] [info] Collision Exit 2D Event Invoked
[22:36:48.704] [info] Collision Exit 2D Event Invoked
[22:36:48.705] [info] Collision Exit 2D Event Invoked
[22:36:48.705] [info] Collision Exit 2D Event Invoked
[22:36:48.705] [info] Collision Exit 2D Event Invoked
[22:36:48.717] [error] Entity not found for ID: 0
[22:36:48.717] [error] Entity not found for ID: -25
[22:36:48.718] [error] Entity not found for ID: -26
[22:36:48.730] [error] Entity not found for ID: 0
[22:36:48.731] [error] Entity not found for ID: -25
[22:36:48.731] [error] Entity not found for ID: -26
[22:36:48.731] [info] Collision Enter 2D Event Invoked
[22:36:48.731] [info] Collision Enter 2D Event Invoked
[22:36:48.731] [info] Collision Enter 2D Event Invoked
[22:36:48.732] [info] Collision Enter 2D Event Invoked
[22:36:48.732] [info] Collision Enter 2D Event Invoked
[22:36:48.732] [info] Collision Enter 2D Event Invoked
[22:36:48.732] [info] Collision Enter 2D Event Invoked
[22:36:48.732] [info] Collision Enter 2D Event Invoked
[22:36:48.732] [info] Collision Enter 2D Event Invoked
[22:36:48.733] [info] Collision Enter 2D Event Invoked
[22:36:48.733] [info] Collision Enter 2D Event Invoked
[22:36:48.733] [info] Collision Enter 2D Event Invoked
[22:36:48.733] [info] Collision Enter 2D Event Invoked
[22:36:48.733] [info] Collision Enter 2D Event Invoked
[22:36:48.733] [info] Collision Enter 2D Event Invoked
[22:36:48.734] [info] [SOURCE_DETECTOR] C# requested CreateEntity: Prefab = PlayerHitEffect
[22:36:48.734] [info] [SOURCE_DETECTOR] Engine creating Entity (Internal)
[22:36:48.734] [info] [CPP ECS] FromJson - Adding component 'Transform' to entity 'PlayerHitEffect'
[22:36:48.734] [info] [CPP ECS] FromJson - Adding component 'Variables' to entity 'PlayerHitEffect'
[22:36:48.734] [info] [SOURCE_DETECTOR] Engine creating Entity (Internal)
[22:36:48.734] [info] [CPP ECS] FromJson - Adding component 'Transform' to entity 'HitEffect1'
[22:36:48.735] [info] [CPP ECS] FromJson - Adding component 'Variables' to entity 'HitEffect1'
[22:36:48.735] [info] [CPP ECS] FromJson - Adding component 'SpriteRenderer' to entity 'HitEffect1'
[22:36:48.735] [info] [CPP ECS] FromJson - Adding component 'Script' to entity 'HitEffect1'
[22:36:48.735] [info] [SOURCE_DETECTOR] Engine creating Entity (Internal)
[22:36:48.735] [info] [CPP ECS] FromJson - Adding component 'Transform' to entity 'HitEffect2'
[22:36:48.735] [info] [CPP ECS] FromJson - Adding component 'Variables' to entity 'HitEffect2'
[22:36:48.736] [info] [CPP ECS] FromJson - Adding component 'SpriteRenderer' to entity 'HitEffect2'
[22:36:48.736] [info] [CPP ECS] FromJson - Adding component 'Script' to entity 'HitEffect2'
[22:36:48.736] [error] Script component not found for Entity ID: -24
[22:36:48.736] [info] [SetScriptVars] no group for scriptName: TimedDestruction  groups: 0
[22:36:48.736] [info] Collision Enter 2D Event Invoked
[22:36:48.736] [info] Collision Enter 2D Event Invoked
[22:36:48.737] [info] Collision Enter 2D Event Invoked
[22:36:48.737] [info] Collision Enter 2D Event Invoked
[22:36:48.737] [info] Collision Enter 2D Event Invoked
[22:36:48.737] [info] Collision Enter 2D Event Invoked
[22:36:48.737] [info] Collision Enter 2D Event Invoked
[22:36:48.738] [info] Collision Enter 2D Event Invoked
[22:36:48.738] [info] Collision Enter 2D Event Invoked
[22:36:48.738] [info] Collision Enter 2D Event Invoked
[22:36:48.738] [info] Collision Enter 2D Event Invoked
[22:36:48.738] [info] Collision Enter 2D Event Invoked
[22:36:48.738] [info] Collision Enter 2D Event Invoked
[22:36:48.739] [info] Collision Enter 2D Event Invoked
[22:36:48.739] [info] Collision Enter 2D Event Invoked
[22:36:48.739] [info] Collision Enter 2D Event Invoked
[22:36:48.739] [info] Collision Enter 2D Event Invoked
[22:36:48.739] [info] Collision Enter 2D Event Invoked
[22:36:48.739] [info] Collision Enter 2D Event Invoked
[22:36:48.739] [info] Collision Enter 2D Event Invoked
[22:36:48.752] [info] [MonoDbg] AddEntityToScript - Instantiating and adding script: TransformTween to Entity ID: -25
[22:36:48.752] [info] [MonoDbg] AddEntityToScript - Syncing serialized fields for script: TransformTween
[22:36:48.752] [info] [SetScriptVars] OK setting fields for: TransformTween
[22:36:48.753] [info] [MonoDbg] AddEntityToScript - Instantiating and adding script: TransformTween to Entity ID: -26
[22:36:48.753] [info] [MonoDbg] AddEntityToScript - Syncing serialized fields for script: TransformTween
[22:36:48.753] [info] [SetScriptVars] OK setting fields for: TransformTween
[22:36:48.753] [error] Entity not found for ID: 0
[22:36:48.768] [error] Entity not found for ID: 0
[22:36:48.769] [info] Collision Exit 2D Event Invoked
[22:36:48.769] [info] Collision Exit 2D Event Invoked
[22:36:48.769] [info] Collision Exit 2D Event Invoked
[22:36:48.770] [info] Collision Exit 2D Event Invoked
[22:36:48.770] [info] Collision Exit 2D Event Invoked
[22:36:48.770] [info] Collision Exit 2D Event Invoked
[22:36:48.770] [info] Collision Exit 2D Event Invoked
[22:36:48.770] [info] Collision Exit 2D Event Invoked
[22:36:48.770] [info] Collision Exit 2D Event Invoked
[22:36:48.771] [info] Collision Exit 2D Event Invoked
[22:36:48.771] [info] Collision Exit 2D Event Invoked
[22:36:48.771] [info] Collision Exit 2D Event Invoked
[22:36:48.771] [info] Collision Exit 2D Event Invoked
[22:36:48.771] [info] Collision Exit 2D Event Invoked
[22:36:48.771] [info] Collision Exit 2D Event Invoked
[22:36:48.771] [info] Collision Exit 2D Event Invoked
[22:36:48.772] [info] Collision Exit 2D Event Invoked
[22:36:48.772] [info] Collision Exit 2D Event Invoked
[22:36:48.772] [info] Collision Exit 2D Event Invoked
[22:36:48.772] [info] Collision Exit 2D Event Invoked
[22:36:48.772] [info] Collision Exit 2D Event Invoked
[22:36:48.773] [info] Collision Exit 2D Event Invoked
[22:36:48.773] [info] Collision Exit 2D Event Invoked
[22:36:48.773] [info] Collision Exit 2D Event Invoked
[22:36:48.773] [info] Collision Exit 2D Event Invoked
[22:36:48.773] [info] Collision Exit 2D Event Invoked
[22:36:48.773] [info] Collision Exit 2D Event Invoked
[22:36:48.773] [info] Collision Exit 2D Event Invoked
[22:36:48.774] [info] Collision Exit 2D Event Invoked
[22:36:48.774] [info] Collision Exit 2D Event Invoked
[22:36:48.774] [info] Collision Exit 2D Event Invoked
[22:36:48.774] [info] Collision Exit 2D Event Invoked
[22:36:48.774] [info] Collision Exit 2D Event Invoked
[22:36:48.774] [info] Collision Exit 2D Event Invoked
[22:36:48.775] [info] Collision Exit 2D Event Invoked
[22:36:48.788] [error] Entity not found for ID: 0
[22:36:48.801] [error] Entity not found for ID: 0
[22:36:48.817] [error] Entity not found for ID: 0
[22:36:48.817] [info] [SOURCE_DETECTOR] C# requested CreateEntity: Prefab = MorayEelPot
[22:36:48.818] [info] [SOURCE_DETECTOR] Engine creating Entity (Internal)
[22:36:48.818] [info] [CPP ECS] FromJson - Adding component 'Transform' to entity 'MorayEelPot'
[22:36:48.818] [info] [CPP ECS] FromJson - Adding component 'CircleCollider' to entity 'MorayEelPot'
[22:36:48.818] [info] [CPP ECS] FromJson - Adding component 'Variables' to entity 'MorayEelPot'
[22:36:48.818] [info] [CPP ECS] FromJson - Adding component 'Script' to entity 'MorayEelPot'
[22:36:48.818] [info] [CPP ECS] FromJson - Adding component 'SpriteRenderer' to entity 'MorayEelPot'
[22:36:48.819] [info] [CPP ECS] FromJson - Adding component 'Rigidbody2D' to entity 'MorayEelPot'
[22:36:48.819] [info] Collision Enter 2D Event Invoked
[22:36:48.820] [info] Collision Enter 2D Event Invoked
[22:36:48.820] [info] Collision Enter 2D Event Invoked
[22:36:48.820] [info] Collision Enter 2D Event Invoked
[22:36:48.833] [info] [MonoDbg] AddEntityToScript - Instantiating and adding script: MorayEelPot to Entity ID: -10
[22:36:48.833] [info] [SetScriptVars] OK setting fields for: MorayEelPot
[22:36:48.833] [info] [MonoDbg] AddEntityToScript - Syncing serialized fields for script: MorayEelPot
[22:36:48.834] [info] [SetScriptVars] OK setting fields for: MorayEelPot
[22:36:48.834] [info] [MonoDbg] AddEntityToScript - Instantiating and adding script: DespawnTimer to Entity ID: -10
[22:36:48.834] [info] [SetScriptVars] OK setting fields for: DespawnTimer
[22:36:48.834] [info] [MonoDbg] AddEntityToScript - Syncing serialized fields for script: DespawnTimer
[22:36:48.834] [info] [SetScriptVars] OK setting fields for: DespawnTimer
[22:36:48.834] [info] [MonoDbg] AddEntityToScript - Instantiating and adding script: AttackCollision to Entity ID: -10
[22:36:48.835] [info] [SetScriptVars] OK setting fields for: AttackCollision
[22:36:48.835] [info] [MonoDbg] AddEntityToScript - Syncing serialized fields for script: AttackCollision
[22:36:48.835] [info] [SetScriptVars] OK setting fields for: AttackCollision
[22:36:48.835] [info] [MonoDbg] AddEntityToScript - Instantiating and adding script: HP to Entity ID: -10
[22:36:48.835] [info] [SetScriptVars] OK setting fields for: HP
[22:36:48.835] [info] [MonoDbg] AddEntityToScript - Syncing serialized fields for script: HP
[22:36:48.836] [info] [SetScriptVars] OK setting fields for: HP
[22:36:48.836] [info] [MonoDbg] AddEntityToScript - Instantiating and adding script: ExpDropper to Entity ID: -10
[22:36:48.836] [info] [SetScriptVars] OK setting fields for: ExpDropper
[22:36:48.836] [info] [MonoDbg] AddEntityToScript - Syncing serialized fields for script: ExpDropper
[22:36:48.836] [info] [SetScriptVars] OK setting fields for: ExpDropper
[22:36:48.836] [info] [MonoDbg] AddEntityToScript - Instantiating and adding script: FlashOnDamaged to Entity ID: -10
[22:36:48.837] [info] [SetScriptVars] OK setting fields for: FlashOnDamaged
[22:36:48.837] [info] [MonoDbg] AddEntityToScript - Syncing serialized fields for script: FlashOnDamaged
[22:36:48.837] [info] [SetScriptVars] OK setting fields for: FlashOnDamaged
[22:36:48.837] [info] [MonoDbg] AddEntityToScript - Instantiating and adding script: ShakeSelfOnDamaged to Entity ID: -10
[22:36:48.837] [info] [SetScriptVars] OK setting fields for: ShakeSelfOnDamaged
[22:36:48.837] [info] [MonoDbg] AddEntityToScript - Syncing serialized fields for script: ShakeSelfOnDamaged
[22:36:48.838] [info] [SetScriptVars] OK setting fields for: ShakeSelfOnDamaged
[22:36:48.838] [error] Entity not found for ID: 0
[22:36:48.852] [error] Entity not found for ID: 0
[22:36:48.866] [error] Entity not found for ID: 0
[22:36:48.880] [error] Entity not found for ID: 0
[22:36:48.894] [error] Entity not found for ID: 0
[22:36:48.909] [error] Entity not found for ID: 0
[22:36:48.924] [error] Entity not found for ID: 0
[22:36:48.940] [error] Entity not found for ID: 0
[22:36:48.957] [error] Entity not found for ID: 0
[22:36:48.973] [error] Entity not found for ID: 0
[22:36:48.974] [info] Collision Enter 2D Event Invoked
[22:36:48.974] [info] Collision Enter 2D Event Invoked
[22:36:48.975] [info] Collision Enter 2D Event Invoked
[22:36:48.975] [info] Collision Enter 2D Event Invoked
[22:36:48.975] [info] Collision Enter 2D Event Invoked
[22:36:48.975] [info] Collision Enter 2D Event Invoked
[22:36:48.975] [info] Collision Enter 2D Event Invoked
[22:36:48.975] [info] Collision Enter 2D Event Invoked
[22:36:48.976] [info] Collision Enter 2D Event Invoked
[22:36:48.976] [info] Collision Enter 2D Event Invoked
[22:36:48.976] [info] Collision Enter 2D Event Invoked
[22:36:48.976] [info] Collision Enter 2D Event Invoked
[22:36:48.976] [info] Collision Enter 2D Event Invoked
[22:36:48.976] [info] Collision Enter 2D Event Invoked
[22:36:48.977] [info] Collision Enter 2D Event Invoked
[22:36:48.990] [error] Entity not found for ID: 0
[22:36:49.007] [error] Entity not found for ID: 0
[22:36:49.023] [error] Entity not found for ID: 0
[22:36:49.040] [error] Entity not found for ID: 0
[22:36:49.057] [error] Entity not found for ID: 0
[22:36:49.073] [error] Entity not found for ID: 0
[22:36:49.090] [error] Entity not found for ID: 0
[22:36:49.091] [error] Entity not found for ID: -22
[22:36:49.091] [error] Entity not found for ID: -23
[22:36:49.107] [error] Entity not found for ID: 0
[22:36:49.107] [error] Entity not found for ID: -22
[22:36:49.107] [error] Entity not found for ID: -23
[22:36:49.107] [error] Entity not found for ID: -25
[22:36:49.108] [error] Entity not found for ID: -26
[22:36:49.124] [error] Entity not found for ID: 0
[22:36:49.124] [error] Entity not found for ID: -22
[22:36:49.124] [error] Entity not found for ID: -23
[22:36:49.124] [error] Entity not found for ID: -25
[22:36:49.125] [error] Entity not found for ID: -26
[22:36:49.141] [error] Entity not found for ID: 0
[22:36:49.141] [error] Entity not found for ID: -22
[22:36:49.141] [error] Entity not found for ID: -23
[22:36:49.142] [error] Entity not found for ID: -25
[22:36:49.142] [error] Entity not found for ID: -26
[22:36:49.157] [error] Entity not found for ID: 0
[22:36:49.157] [error] Entity not found for ID: -22
[22:36:49.158] [error] Entity not found for ID: -23
[22:36:49.158] [error] Entity not found for ID: -25
[22:36:49.158] [error] Entity not found for ID: -26
[22:36:49.173] [error] Entity not found for ID: 0
[22:36:49.174] [error] Entity not found for ID: -22
[22:36:49.174] [error] Entity not found for ID: -23
[22:36:49.174] [error] Entity not found for ID: -25
[22:36:49.174] [error] Entity not found for ID: -26
[22:36:49.190] [error] Entity not found for ID: 0
[22:36:49.191] [error] Entity not found for ID: -22
[22:36:49.191] [error] Entity not found for ID: -23
[22:36:49.191] [error] Entity not found for ID: -25
[22:36:49.191] [error] Entity not found for ID: -26
[22:36:49.207] [error] Entity not found for ID: 0
[22:36:49.208] [error] Entity not found for ID: -22
[22:36:49.208] [error] Entity not found for ID: -23
[22:36:49.208] [error] Entity not found for ID: -25
[22:36:49.208] [error] Entity not found for ID: -26
[22:36:49.223] [error] Entity not found for ID: 0
[22:36:49.224] [error] Entity not found for ID: -22
[22:36:49.224] [error] Entity not found for ID: -23
[22:36:49.224] [error] Entity not found for ID: -25
[22:36:49.224] [error] Entity not found for ID: -26
[22:36:49.240] [error] Entity not found for ID: 0
[22:36:49.241] [error] Entity not found for ID: -22
[22:36:49.241] [error] Entity not found for ID: -23
[22:36:49.241] [error] Entity not found for ID: -25
[22:36:49.241] [error] Entity not found for ID: -26
[22:36:49.257] [error] Entity not found for ID: 0
[22:36:49.258] [error] Entity not found for ID: -22
[22:36:49.258] [error] Entity not found for ID: -23
[22:36:49.258] [error] Entity not found for ID: -25
[22:36:49.258] [error] Entity not found for ID: -26
[22:36:49.274] [error] Entity not found for ID: 0
[22:36:49.275] [error] Entity not found for ID: -22
[22:36:49.275] [error] Entity not found for ID: -23
[22:36:49.275] [error] Entity not found for ID: -25
[22:36:49.275] [error] Entity not found for ID: -26
[22:36:49.290] [error] Entity not found for ID: 0
[22:36:49.290] [error] Entity not found for ID: -22
[22:36:49.291] [error] Entity not found for ID: -23
[22:36:49.291] [error] Entity not found for ID: -25
[22:36:49.291] [error] Entity not found for ID: -26
[22:36:49.306] [error] Entity not found for ID: 0
[22:36:49.307] [error] Entity not found for ID: -22
[22:36:49.307] [error] Entity not found for ID: -23
[22:36:49.307] [error] Entity not found for ID: -25
[22:36:49.308] [error] Entity not found for ID: -26
[22:36:49.323] [error] Entity not found for ID: 0
[22:36:49.324] [error] Entity not found for ID: -22
[22:36:49.324] [error] Entity not found for ID: -23
[22:36:49.324] [error] Entity not found for ID: -25
[22:36:49.324] [error] Entity not found for ID: -26
[22:36:49.340] [error] Entity not found for ID: 0
[22:36:49.341] [error] Entity not found for ID: -22
[22:36:49.341] [error] Entity not found for ID: -23
[22:36:49.341] [error] Entity not found for ID: -25
[22:36:49.341] [error] Entity not found for ID: -26
[22:36:49.357] [error] Entity not found for ID: 0
[22:36:49.357] [error] Entity not found for ID: -22
[22:36:49.357] [error] Entity not found for ID: -23
[22:36:49.358] [error] Entity not found for ID: -25
[22:36:49.358] [error] Entity not found for ID: -26
[22:36:49.373] [error] Entity not found for ID: 0
[22:36:49.374] [error] Entity not found for ID: -22
[22:36:49.374] [error] Entity not found for ID: -23
[22:36:49.374] [error] Entity not found for ID: -25
[22:36:49.374] [error] Entity not found for ID: -26
[22:36:49.390] [error] Entity not found for ID: 0
[22:36:49.391] [error] Entity not found for ID: -22
[22:36:49.391] [error] Entity not found for ID: -23
[22:36:49.391] [error] Entity not found for ID: -25
[22:36:49.391] [error] Entity not found for ID: -26
[22:36:49.407] [error] Entity not found for ID: 0
[22:36:49.407] [error] Entity not found for ID: -22
[22:36:49.407] [error] Entity not found for ID: -23
[22:36:49.407] [error] Entity not found for ID: -25
[22:36:49.408] [error] Entity not found for ID: -26
[22:36:49.424] [error] Entity not found for ID: 0
[22:36:49.424] [error] Entity not found for ID: -22
[22:36:49.425] [error] Entity not found for ID: -23
[22:36:49.425] [error] Entity not found for ID: -25
[22:36:49.425] [error] Entity not found for ID: -26
[22:36:49.440] [error] Entity not found for ID: 0
[22:36:49.441] [error] Entity not found for ID: -22
[22:36:49.441] [error] Entity not found for ID: -23
[22:36:49.441] [error] Entity not found for ID: -25
[22:36:49.441] [error] Entity not found for ID: -26
[22:36:49.457] [error] Entity not found for ID: 0
[22:36:49.457] [error] Entity not found for ID: -22
[22:36:49.457] [error] Entity not found for ID: -23
[22:36:49.458] [error] Entity not found for ID: -25
[22:36:49.458] [error] Entity not found for ID: -26
[22:36:49.473] [error] Entity not found for ID: 0
[22:36:49.474] [error] Entity not found for ID: -22
[22:36:49.474] [error] Entity not found for ID: -23
[22:36:49.474] [error] Entity not found for ID: -25
[22:36:49.474] [error] Entity not found for ID: -26
[22:36:49.490] [error] Entity not found for ID: 0
[22:36:49.490] [error] Entity not found for ID: -22
[22:36:49.491] [error] Entity not found for ID: -23
[22:36:49.491] [error] Entity not found for ID: -25
[22:36:49.491] [error] Entity not found for ID: -26
[22:36:49.507] [error] Entity not found for ID: 0
[22:36:49.507] [error] Entity not found for ID: -22
[22:36:49.508] [error] Entity not found for ID: -23
[22:36:49.508] [error] Entity not found for ID: -25
[22:36:49.508] [error] Entity not found for ID: -26
[22:36:49.523] [error] Entity not found for ID: 0
[22:36:49.524] [error] Entity not found for ID: -22
[22:36:49.524] [error] Entity not found for ID: -23
[22:36:49.524] [error] Entity not found for ID: -25
[22:36:49.524] [error] Entity not found for ID: -26
[22:36:49.540] [error] Entity not found for ID: 0
[22:36:49.540] [error] Entity not found for ID: -22
[22:36:49.541] [error] Entity not found for ID: -23
[22:36:49.541] [error] Entity not found for ID: -25
[22:36:49.541] [error] Entity not found for ID: -26
[22:36:49.557] [error] Entity not found for ID: 0
[22:36:49.557] [error] Entity not found for ID: -22
[22:36:49.557] [error] Entity not found for ID: -23
[22:36:49.557] [error] Entity not found for ID: -25
[22:36:49.558] [error] Entity not found for ID: -26
[22:36:49.573] [error] Entity not found for ID: 0
[22:36:49.574] [error] Entity not found for ID: -22
[22:36:49.574] [error] Entity not found for ID: -23
[22:36:49.574] [error] Entity not found for ID: -25
[22:36:49.574] [error] Entity not found for ID: -26
[22:36:49.574] [info] Collision Enter 2D Event Invoked
[22:36:49.574] [info] Collision Enter 2D Event Invoked
[22:36:49.575] [info] Collision Enter 2D Event Invoked
[22:36:49.575] [info] Collision Enter 2D Event Invoked
[22:36:49.575] [info] Collision Enter 2D Event Invoked
[22:36:49.575] [info] Collision Enter 2D Event Invoked
[22:36:49.575] [info] Collision Enter 2D Event Invoked
[22:36:49.575] [info] Collision Enter 2D Event Invoked
[22:36:49.576] [info] Collision Enter 2D Event Invoked
[22:36:49.576] [info] Collision Enter 2D Event Invoked
[22:36:49.576] [info] Collision Enter 2D Event Invoked
[22:36:49.576] [info] Collision Enter 2D Event Invoked
[22:36:49.576] [info] Collision Enter 2D Event Invoked
[22:36:49.576] [info] Collision Enter 2D Event Invoked
[22:36:49.576] [info] Collision Enter 2D Event Invoked
[22:36:49.577] [info] [SOURCE_DETECTOR] C# requested CreateEntity: Prefab = PlayerHitEffect
[22:36:49.577] [info] [SOURCE_DETECTOR] Engine creating Entity (Internal)
[22:36:49.577] [info] [CPP ECS] FromJson - Adding component 'Transform' to entity 'PlayerHitEffect'
[22:36:49.577] [info] [CPP ECS] FromJson - Adding component 'Variables' to entity 'PlayerHitEffect'
[22:36:49.577] [info] [SOURCE_DETECTOR] Engine creating Entity (Internal)
[22:36:49.577] [info] [CPP ECS] FromJson - Adding component 'Transform' to entity 'HitEffect1'
[22:36:49.578] [info] [CPP ECS] FromJson - Adding component 'Variables' to entity 'HitEffect1'
[22:36:49.578] [info] [CPP ECS] FromJson - Adding component 'SpriteRenderer' to entity 'HitEffect1'
[22:36:49.578] [info] [CPP ECS] FromJson - Adding component 'Script' to entity 'HitEffect1'
[22:36:49.578] [info] [SOURCE_DETECTOR] Engine creating Entity (Internal)
[22:36:49.578] [info] [CPP ECS] FromJson - Adding component 'Transform' to entity 'HitEffect2'
[22:36:49.578] [info] [CPP ECS] FromJson - Adding component 'Variables' to entity 'HitEffect2'
[22:36:49.578] [info] [CPP ECS] FromJson - Adding component 'SpriteRenderer' to entity 'HitEffect2'
[22:36:49.579] [info] [CPP ECS] FromJson - Adding component 'Script' to entity 'HitEffect2'
[22:36:49.579] [error] Script component not found for Entity ID: -27
[22:36:49.579] [info] [SetScriptVars] no group for scriptName: TimedDestruction  groups: 0
[22:36:49.579] [info] Collision Enter 2D Event Invoked
[22:36:49.579] [info] Collision Enter 2D Event Invoked
[22:36:49.580] [info] Collision Enter 2D Event Invoked
[22:36:49.580] [info] Collision Enter 2D Event Invoked
[22:36:49.580] [info] Collision Enter 2D Event Invoked
[22:36:49.580] [info] Collision Enter 2D Event Invoked
[22:36:49.580] [info] Collision Enter 2D Event Invoked
[22:36:49.580] [info] Collision Enter 2D Event Invoked
[22:36:49.580] [info] Collision Enter 2D Event Invoked
[22:36:49.581] [info] Collision Enter 2D Event Invoked
[22:36:49.581] [info] Collision Enter 2D Event Invoked
[22:36:49.581] [info] Collision Enter 2D Event Invoked
[22:36:49.581] [info] Collision Enter 2D Event Invoked
[22:36:49.581] [info] Collision Enter 2D Event Invoked
[22:36:49.581] [info] Collision Enter 2D Event Invoked
[22:36:49.582] [info] Collision Enter 2D Event Invoked
[22:36:49.582] [info] Collision Enter 2D Event Invoked
[22:36:49.582] [info] Collision Enter 2D Event Invoked
[22:36:49.582] [info] Collision Enter 2D Event Invoked
[22:36:49.582] [info] Collision Enter 2D Event Invoked
[22:36:49.595] [info] [MonoDbg] AddEntityToScript - Instantiating and adding script: TransformTween to Entity ID: -28
[22:36:49.595] [info] [SetScriptVars] OK setting fields for: TransformTween
[22:36:49.595] [info] [MonoDbg] AddEntityToScript - Syncing serialized fields for script: TransformTween
[22:36:49.596] [info] [SetScriptVars] OK setting fields for: TransformTween
[22:36:49.596] [info] [MonoDbg] AddEntityToScript - Instantiating and adding script: TransformTween to Entity ID: -29
[22:36:49.596] [info] [SetScriptVars] OK setting fields for: TransformTween
[22:36:49.596] [info] [MonoDbg] AddEntityToScript - Syncing serialized fields for script: TransformTween
[22:36:49.596] [info] [SetScriptVars] OK setting fields for: TransformTween
[22:36:49.597] [error] Entity not found for ID: 0
[22:36:49.598] [error] Entity not found for ID: 0
[22:36:49.598] [error] Entity not found for ID: 0
[22:36:49.598] [info] [SOURCE_DETECTOR] C# requested CreateEntity: Prefab = ExpOrbMedium
[22:36:49.598] [info] [SOURCE_DETECTOR] Engine creating Entity (Internal)
[22:36:49.598] [info] [CPP ECS] FromJson - Adding component 'Transform' to entity 'ExpOrbMedium'
[22:36:49.598] [info] [CPP ECS] FromJson - Adding component 'CircleCollider' to entity 'ExpOrbMedium'
[22:36:49.599] [info] [CPP ECS] FromJson - Adding component 'Variables' to entity 'ExpOrbMedium'
[22:36:49.599] [info] [CPP ECS] FromJson - Adding component 'SpriteRenderer' to entity 'ExpOrbMedium'
[22:36:49.599] [info] [CPP ECS] FromJson - Adding component 'Script' to entity 'ExpOrbMedium'
[22:36:49.599] [info] [SOURCE_DETECTOR] C# requested CreateEntity: Prefab = ExpOrbMedium
[22:36:49.599] [info] [SOURCE_DETECTOR] Engine creating Entity (Internal)
[22:36:49.599] [info] [CPP ECS] FromJson - Adding component 'Transform' to entity 'ExpOrbMedium'
[22:36:49.600] [info] [CPP ECS] FromJson - Adding component 'CircleCollider' to entity 'ExpOrbMedium'
[22:36:49.600] [info] [CPP ECS] FromJson - Adding component 'Variables' to entity 'ExpOrbMedium'
[22:36:49.600] [info] [CPP ECS] FromJson - Adding component 'SpriteRenderer' to entity 'ExpOrbMedium'
[22:36:49.600] [info] [CPP ECS] FromJson - Adding component 'Script' to entity 'ExpOrbMedium'
[22:36:49.600] [info] [SOURCE_DETECTOR] C# requested CreateEntity: Prefab = ExpOrbMedium
[22:36:49.600] [info] [SOURCE_DETECTOR] Engine creating Entity (Internal)
[22:36:49.601] [info] [CPP ECS] FromJson - Adding component 'Transform' to entity 'ExpOrbMedium'
[22:36:49.601] [info] [CPP ECS] FromJson - Adding component 'CircleCollider' to entity 'ExpOrbMedium'
[22:36:49.601] [info] [CPP ECS] FromJson - Adding component 'Variables' to entity 'ExpOrbMedium'
[22:36:49.601] [info] [CPP ECS] FromJson - Adding component 'SpriteRenderer' to entity 'ExpOrbMedium'
[22:36:49.601] [info] [CPP ECS] FromJson - Adding component 'Script' to entity 'ExpOrbMedium'
[22:36:49.601] [info] [SOURCE_DETECTOR] C# requested CreateEntity: Prefab = ExpOrbSmall
[22:36:49.602] [info] [SOURCE_DETECTOR] Engine creating Entity (Internal)
[22:36:49.602] [info] [CPP ECS] FromJson - Adding component 'Transform' to entity 'ExpOrbSmall'
[22:36:49.602] [info] [CPP ECS] FromJson - Adding component 'CircleCollider' to entity 'ExpOrbSmall'
[22:36:49.602] [info] [CPP ECS] FromJson - Adding component 'Variables' to entity 'ExpOrbSmall'
[22:36:49.602] [info] [CPP ECS] FromJson - Adding component 'SpriteRenderer' to entity 'ExpOrbSmall'
[22:36:49.602] [info] [CPP ECS] FromJson - Adding component 'Script' to entity 'ExpOrbSmall'
[22:36:49.603] [info] [SOURCE_DETECTOR] C# requested CreateEntity: Prefab = ExpOrbSmall
[22:36:49.603] [info] [SOURCE_DETECTOR] Engine creating Entity (Internal)
[22:36:49.603] [info] [CPP ECS] FromJson - Adding component 'Transform' to entity 'ExpOrbSmall'
[22:36:49.603] [info] [CPP ECS] FromJson - Adding component 'CircleCollider' to entity 'ExpOrbSmall'
[22:36:49.603] [info] [CPP ECS] FromJson - Adding component 'Variables' to entity 'ExpOrbSmall'
[22:36:49.603] [info] [CPP ECS] FromJson - Adding component 'SpriteRenderer' to entity 'ExpOrbSmall'
[22:36:49.604] [info] [CPP ECS] FromJson - Adding component 'Script' to entity 'ExpOrbSmall'
[22:36:49.604] [error] Entity not found for ID: -25
[22:36:49.604] [error] Entity not found for ID: -26
[22:36:49.604] [info] Collision Enter 2D Event Invoked
[22:36:49.604] [info] Collision Enter 2D Event Invoked
[22:36:49.605] [info] Collision Enter 2D Event Invoked
[22:36:49.605] [info] Collision Enter 2D Event Invoked
[22:36:49.605] [info] Collision Enter 2D Event Invoked
[22:36:49.617] [info] [MonoDbg] AddEntityToScript - Instantiating and adding script: ExperiencePoint to Entity ID: -30
[22:36:49.618] [info] [SetScriptVars] OK setting fields for: ExperiencePoint
[22:36:49.618] [info] [MonoDbg] AddEntityToScript - Syncing serialized fields for script: ExperiencePoint
[22:36:49.618] [info] [SetScriptVars] OK setting fields for: ExperiencePoint
[22:36:49.618] [info] [MonoDbg] AddEntityToScript - Instantiating and adding script: ExperiencePoint to Entity ID: -9
[22:36:49.618] [info] [SetScriptVars] OK setting fields for: ExperiencePoint
[22:36:49.619] [info] [MonoDbg] AddEntityToScript - Syncing serialized fields for script: ExperiencePoint
[22:36:49.619] [info] [SetScriptVars] OK setting fields for: ExperiencePoint
[22:36:49.619] [info] [MonoDbg] AddEntityToScript - Instantiating and adding script: ExperiencePoint to Entity ID: -21
[22:36:49.619] [info] [SetScriptVars] OK setting fields for: ExperiencePoint
[22:36:49.619] [info] [MonoDbg] AddEntityToScript - Syncing serialized fields for script: ExperiencePoint
[22:36:49.619] [info] [SetScriptVars] OK setting fields for: ExperiencePoint
[22:36:49.620] [info] [MonoDbg] AddEntityToScript - Instantiating and adding script: ExperiencePoint to Entity ID: -22
[22:36:49.620] [info] [SetScriptVars] OK setting fields for: ExperiencePoint
[22:36:49.620] [info] [MonoDbg] AddEntityToScript - Syncing serialized fields for script: ExperiencePoint
[22:36:49.620] [info] [SetScriptVars] OK setting fields for: ExperiencePoint
[22:36:49.620] [info] [MonoDbg] AddEntityToScript - Instantiating and adding script: ExperiencePoint to Entity ID: -23
[22:36:49.621] [info] [SetScriptVars] OK setting fields for: ExperiencePoint
[22:36:49.621] [info] [MonoDbg] AddEntityToScript - Syncing serialized fields for script: ExperiencePoint
[22:36:49.621] [info] [SetScriptVars] OK setting fields for: ExperiencePoint
[22:36:49.621] [error] Entity not found for ID: 0
[22:36:49.622] [error] Entity not found for ID: -25
[22:36:49.622] [error] Entity not found for ID: -26
[22:36:49.635] [error] Entity not found for ID: 0
[22:36:49.636] [error] Entity not found for ID: -25
[22:36:49.636] [error] Entity not found for ID: -26
[22:36:49.649] [error] Entity not found for ID: 0
[22:36:49.650] [error] Entity not found for ID: -25
[22:36:49.650] [error] Entity not found for ID: -26
[22:36:49.663] [error] Entity not found for ID: 0
[22:36:49.664] [error] Entity not found for ID: -25
[22:36:49.664] [error] Entity not found for ID: -26
[22:36:49.677] [error] Entity not found for ID: 0
[22:36:49.678] [error] Entity not found for ID: -25
[22:36:49.678] [error] Entity not found for ID: -26
[22:36:49.692] [error] Entity not found for ID: 0
[22:36:49.692] [error] Entity not found for ID: -25
[22:36:49.693] [error] Entity not found for ID: -26
[22:36:49.707] [error] Entity not found for ID: 0
[22:36:49.708] [error] Entity not found for ID: -25
[22:36:49.708] [error] Entity not found for ID: -26
[22:36:49.723] [error] Entity not found for ID: 0
[22:36:49.724] [error] Entity not found for ID: -25
[22:36:49.724] [error] Entity not found for ID: -26
[22:36:49.740] [error] Entity not found for ID: 0
[22:36:49.741] [error] Entity not found for ID: -25
[22:36:49.741] [error] Entity not found for ID: -26
[22:36:49.757] [error] Entity not found for ID: 0
[22:36:49.757] [error] Entity not found for ID: -25
[22:36:49.757] [error] Entity not found for ID: -26
[22:36:49.773] [error] Entity not found for ID: 0
[22:36:49.774] [error] Entity not found for ID: -25
[22:36:49.774] [error] Entity not found for ID: -26
[22:36:49.790] [error] Entity not found for ID: 0
[22:36:49.791] [error] Entity not found for ID: -25
[22:36:49.791] [error] Entity not found for ID: -26
[22:36:49.807] [error] Entity not found for ID: 0
[22:36:49.807] [error] Entity not found for ID: -25
[22:36:49.807] [error] Entity not found for ID: -26
[22:36:49.823] [error] Entity not found for ID: 0
[22:36:49.824] [error] Entity not found for ID: -25
[22:36:49.824] [error] Entity not found for ID: -26
[22:36:49.840] [error] Entity not found for ID: 0
[22:36:49.841] [error] Entity not found for ID: -25
[22:36:49.841] [error] Entity not found for ID: -26
[22:36:49.858] [error] Entity not found for ID: 0
[22:36:49.858] [info] [SOURCE_DETECTOR] C# requested CreateEntity: Prefab = FlapjackOctopus
[22:36:49.858] [info] [SOURCE_DETECTOR] Engine creating Entity (Internal)
[22:36:49.858] [info] [CPP ECS] FromJson - Adding component 'Transform' to entity 'FlapjackOctopus'
[22:36:49.859] [info] [CPP ECS] FromJson - Adding component 'CircleCollider' to entity 'FlapjackOctopus'
[22:36:49.859] [info] [CPP ECS] FromJson - Adding component 'Variables' to entity 'FlapjackOctopus'
[22:36:49.859] [info] [CPP ECS] FromJson - Adding component 'Script' to entity 'FlapjackOctopus'
[22:36:49.859] [info] [CPP ECS] FromJson - Adding component 'SpriteRenderer' to entity 'FlapjackOctopus'
[22:36:49.859] [info] [CPP ECS] FromJson - Adding component 'Rigidbody2D' to entity 'FlapjackOctopus'
[22:36:49.860] [error] Entity not found for ID: -25
[22:36:49.860] [error] Entity not found for ID: -26
[22:36:49.861] [info] Collision Enter 2D Event Invoked
[22:36:49.861] [info] Collision Enter 2D Event Invoked
[22:36:49.861] [info] Collision Enter 2D Event Invoked
[22:36:49.861] [info] Collision Enter 2D Event Invoked
[22:36:49.875] [info] [MonoDbg] AddEntityToScript - Instantiating and adding script: SpriteAnimation to Entity ID: -24
[22:36:49.875] [info] [SetScriptVars] OK setting fields for: SpriteAnimation
[22:36:49.875] [info] [MonoDbg] AddEntityToScript - Syncing serialized fields for script: SpriteAnimation
[22:36:49.876] [info] [SetScriptVars] OK setting fields for: SpriteAnimation
[22:36:49.876] [info] [MonoDbg] AddEntityToScript - Instantiating and adding script: TargetRangeDetector to Entity ID: -24
[22:36:49.876] [info] [SetScriptVars] OK setting fields for: TargetRangeDetector
[22:36:49.877] [info] [MonoDbg] AddEntityToScript - Syncing serialized fields for script: TargetRangeDetector
[22:36:49.877] [info] [SetScriptVars] OK setting fields for: TargetRangeDetector
[22:36:49.877] [info] [MonoDbg] AddEntityToScript - Instantiating and adding script: FlapjackOctopus to Entity ID: -24
[22:36:49.878] [info] [SetScriptVars] OK setting fields for: FlapjackOctopus
[22:36:49.878] [info] [MonoDbg] AddEntityToScript - Syncing serialized fields for script: FlapjackOctopus
[22:36:49.878] [info] [SetScriptVars] OK setting fields for: FlapjackOctopus
[22:36:49.878] [info] [MonoDbg] AddEntityToScript - Instantiating and adding script: HP to Entity ID: -24
[22:36:49.878] [info] [SetScriptVars] OK setting fields for: HP
[22:36:49.879] [info] [MonoDbg] AddEntityToScript - Syncing serialized fields for script: HP
[22:36:49.879] [info] [SetScriptVars] OK setting fields for: HP
[22:36:49.879] [info] [MonoDbg] AddEntityToScript - Instantiating and adding script: ParticleOffset to Entity ID: -24
[22:36:49.879] [info] [SetScriptVars] no group for scriptName: ParticleOffset  groups: 9
[22:36:49.879] [info] [MonoDbg] AddEntityToScript - Syncing serialized fields for script: ParticleOffset
[22:36:49.879] [info] [SetScriptVars] no group for scriptName: ParticleOffset  groups: 9
[22:36:49.880] [info] [MonoDbg] AddEntityToScript - Instantiating and adding script: AttackCollision to Entity ID: -24
[22:36:49.880] [info] [SetScriptVars] OK setting fields for: AttackCollision
[22:36:49.880] [info] [MonoDbg] AddEntityToScript - Syncing serialized fields for script: AttackCollision
[22:36:49.880] [info] [SetScriptVars] OK setting fields for: AttackCollision
[22:36:49.880] [info] [MonoDbg] AddEntityToScript - Instantiating and adding script: ExpDropper to Entity ID: -24
[22:36:49.880] [info] [SetScriptVars] OK setting fields for: ExpDropper
[22:36:49.881] [info] [MonoDbg] AddEntityToScript - Syncing serialized fields for script: ExpDropper
[22:36:49.881] [info] [SetScriptVars] OK setting fields for: ExpDropper
[22:36:49.881] [info] [MonoDbg] AddEntityToScript - Instantiating and adding script: DespawnTimer to Entity ID: -24
[22:36:49.881] [info] [SetScriptVars] OK setting fields for: DespawnTimer
[22:36:49.881] [info] [MonoDbg] AddEntityToScript - Syncing serialized fields for script: DespawnTimer
[22:36:49.882] [info] [SetScriptVars] OK setting fields for: DespawnTimer
[22:36:49.882] [info] [MonoDbg] AddEntityToScript - Instantiating and adding script: FlashOnDamaged to Entity ID: -24
[22:36:49.882] [info] [SetScriptVars] OK setting fields for: FlashOnDamaged
[22:36:49.882] [info] [MonoDbg] AddEntityToScript - Syncing serialized fields for script: FlashOnDamaged
[22:36:49.882] [info] [SetScriptVars] OK setting fields for: FlashOnDamaged
[22:36:49.882] [info] [MonoDbg] AddEntityToScript - Instantiating and adding script: ShakeSelfOnDamaged to Entity ID: -24
[22:36:49.883] [info] [SetScriptVars] OK setting fields for: ShakeSelfOnDamaged
[22:36:49.883] [info] [MonoDbg] AddEntityToScript - Syncing serialized fields for script: ShakeSelfOnDamaged
[22:36:49.883] [info] [SetScriptVars] OK setting fields for: ShakeSelfOnDamaged
[22:36:49.892] [info] [SOURCE_DETECTOR] C# requested CreateEntity: Prefab = surfaceOctopusParticle
[22:36:49.892] [info] [SOURCE_DETECTOR] Engine creating Entity (Internal)
[22:36:49.892] [info] [CPP ECS] FromJson - Adding component 'Transform' to entity 'surfaceOctopusParticle'
[22:36:49.893] [info] [CPP ECS] FromJson - Adding component 'Variables' to entity 'surfaceOctopusParticle'
[22:36:49.893] [info] [CPP ECS] FromJson - Adding component 'ParticleSystem2D' to entity 'surfaceOctopusParticle'
[22:36:49.893] [error] Entity not found for ID: 0
[22:36:49.899] [error] Entity not found for ID: -26
[22:36:49.911] [error] Entity not found for ID: 0
[22:36:49.912] [error] Entity not found for ID: -26
[22:36:49.924] [error] Entity not found for ID: 0
[22:36:49.925] [error] Entity not found for ID: -26
[22:36:49.925] [info] Collision Enter 2D Event Invoked
[22:36:49.926] [info] Collision Enter 2D Event Invoked
[22:36:49.926] [info] Collision Enter 2D Event Invoked
[22:36:49.926] [info] Collision Enter 2D Event Invoked
[22:36:49.926] [info] Collision Enter 2D Event Invoked
[22:36:49.926] [info] Collision Enter 2D Event Invoked
[22:36:49.926] [info] Collision Enter 2D Event Invoked
[22:36:49.927] [info] Collision Enter 2D Event Invoked
[22:36:49.927] [info] Collision Enter 2D Event Invoked
[22:36:49.927] [info] Collision Enter 2D Event Invoked
[22:36:49.927] [info] Collision Enter 2D Event Invoked
[22:36:49.927] [info] Collision Enter 2D Event Invoked
[22:36:49.927] [info] Collision Enter 2D Event Invoked
[22:36:49.928] [info] Collision Enter 2D Event Invoked
[22:36:49.928] [info] Collision Enter 2D Event Invoked
[22:36:49.940] [error] Entity not found for ID: 0
[22:36:49.941] [error] Entity not found for ID: -28
[22:36:49.941] [error] Entity not found for ID: -26
[22:36:49.941] [error] Entity not found for ID: -29
[22:36:49.956] [error] Entity not found for ID: 0
[22:36:49.957] [error] Entity not found for ID: -28
[22:36:49.957] [error] Entity not found for ID: -26
[22:36:49.957] [error] Entity not found for ID: -29
[22:36:49.971] [error] Entity not found for ID: 0
[22:36:49.972] [error] Entity not found for ID: -28
[22:36:49.972] [error] Entity not found for ID: -26
[22:36:49.972] [error] Entity not found for ID: -29
[22:36:49.986] [error] Entity not found for ID: 0
[22:36:49.987] [error] Entity not found for ID: -28
[22:36:49.987] [error] Entity not found for ID: -26
[22:36:49.987] [error] Entity not found for ID: -29
[22:36:50.000] [error] Entity not found for ID: 0
[22:36:50.001] [error] Entity not found for ID: -28
[22:36:50.001] [error] Entity not found for ID: -26
[22:36:50.001] [error] Entity not found for ID: -29
[22:36:50.016] [error] Entity not found for ID: 0
[22:36:50.017] [error] Entity not found for ID: -28
[22:36:50.017] [error] Entity not found for ID: -26
[22:36:50.017] [error] Entity not found for ID: -29
[22:36:50.031] [error] Entity not found for ID: 0
[22:36:50.032] [error] Entity not found for ID: -28
[22:36:50.033] [error] Entity not found for ID: -26
[22:36:50.033] [error] Entity not found for ID: -29
[22:36:50.046] [error] Entity not found for ID: 0
[22:36:50.047] [error] Entity not found for ID: -28
[22:36:50.047] [error] Entity not found for ID: -26
[22:36:50.047] [error] Entity not found for ID: -29
[22:36:50.061] [error] Entity not found for ID: 0
[22:36:50.061] [error] Entity not found for ID: -28
[22:36:50.062] [error] Entity not found for ID: -26
[22:36:50.062] [error] Entity not found for ID: -29
[22:36:50.076] [error] Entity not found for ID: 0
[22:36:50.077] [error] Entity not found for ID: -28
[22:36:50.077] [error] Entity not found for ID: -26
[22:36:50.077] [error] Entity not found for ID: -29
[22:36:50.091] [error] Entity not found for ID: 0
[22:36:50.092] [error] Entity not found for ID: -28
[22:36:50.092] [error] Entity not found for ID: -26
[22:36:50.092] [error] Entity not found for ID: -29
[22:36:50.107] [error] Entity not found for ID: 0
[22:36:50.108] [error] Entity not found for ID: -28
[22:36:50.108] [error] Entity not found for ID: -26
[22:36:50.108] [error] Entity not found for ID: -29
[22:36:50.123] [error] Entity not found for ID: 0
[22:36:50.124] [error] Entity not found for ID: -28
[22:36:50.124] [error] Entity not found for ID: -26
[22:36:50.124] [error] Entity not found for ID: -29
[22:36:50.140] [error] Entity not found for ID: 0
[22:36:50.141] [error] Entity not found for ID: -28
[22:36:50.141] [error] Entity not found for ID: -26
[22:36:50.141] [error] Entity not found for ID: -29
[22:36:50.157] [error] Entity not found for ID: 0
[22:36:50.157] [error] Entity not found for ID: -28
[22:36:50.157] [error] Entity not found for ID: -26
[22:36:50.158] [error] Entity not found for ID: -29
[22:36:50.173] [error] Entity not found for ID: 0
[22:36:50.174] [error] Entity not found for ID: -28
[22:36:50.174] [error] Entity not found for ID: -26
[22:36:50.174] [error] Entity not found for ID: -29
[22:36:50.190] [error] Entity not found for ID: 0
[22:36:50.191] [error] Entity not found for ID: -28
[22:36:50.191] [error] Entity not found for ID: -26
[22:36:50.191] [error] Entity not found for ID: -29
[22:36:50.206] [error] Entity not found for ID: 0
[22:36:50.207] [error] Entity not found for ID: -28
[22:36:50.207] [error] Entity not found for ID: -26
[22:36:50.207] [error] Entity not found for ID: -29
[22:36:50.223] [error] Entity not found for ID: 0
[22:36:50.224] [error] Entity not found for ID: -28
[22:36:50.224] [error] Entity not found for ID: -26
[22:36:50.224] [error] Entity not found for ID: -29
[22:36:50.240] [error] Entity not found for ID: 0
[22:36:50.241] [error] Entity not found for ID: -28
[22:36:50.241] [error] Entity not found for ID: -26
[22:36:50.241] [error] Entity not found for ID: -29
[22:36:50.257] [error] Entity not found for ID: 0
[22:36:50.258] [error] Entity not found for ID: -28
[22:36:50.258] [error] Entity not found for ID: -26
[22:36:50.258] [error] Entity not found for ID: -29
[22:36:50.274] [error] Entity not found for ID: 0
[22:36:50.275] [error] Entity not found for ID: -28
[22:36:50.275] [error] Entity not found for ID: -26
[22:36:50.275] [error] Entity not found for ID: -29
[22:36:50.290] [error] Entity not found for ID: 0
[22:36:50.291] [error] Entity not found for ID: -28
[22:36:50.291] [error] Entity not found for ID: -26
[22:36:50.291] [error] Entity not found for ID: -29
[22:36:50.307] [error] Entity not found for ID: 0
[22:36:50.308] [error] Entity not found for ID: -28
[22:36:50.308] [error] Entity not found for ID: -26
[22:36:50.308] [error] Entity not found for ID: -29
[22:36:50.324] [error] Entity not found for ID: 0
[22:36:50.325] [error] Entity not found for ID: -28
[22:36:50.325] [error] Entity not found for ID: -26
[22:36:50.325] [error] Entity not found for ID: -29
[22:36:50.341] [error] Entity not found for ID: 0
[22:36:50.341] [error] Entity not found for ID: -28
[22:36:50.341] [error] Entity not found for ID: -26
[22:36:50.342] [error] Entity not found for ID: -29
[22:36:50.357] [error] Entity not found for ID: 0
[22:36:50.357] [error] Entity not found for ID: -28
[22:36:50.357] [error] Entity not found for ID: -26
[22:36:50.358] [error] Entity not found for ID: -29
[22:36:50.373] [error] Entity not found for ID: 0
[22:36:50.374] [error] Entity not found for ID: -28
[22:36:50.374] [error] Entity not found for ID: -26
[22:36:50.374] [error] Entity not found for ID: -29
[22:36:50.390] [error] Entity not found for ID: 0
[22:36:50.390] [error] Entity not found for ID: -28
[22:36:50.391] [error] Entity not found for ID: -26
[22:36:50.391] [error] Entity not found for ID: -29
[22:36:50.407] [info] [SOURCE_DETECTOR] C# requested CreateEntity: Prefab = playerDashParticle
[22:36:50.407] [info] [SOURCE_DETECTOR] Engine creating Entity (Internal)
[22:36:50.407] [info] [CPP ECS] FromJson - Adding component 'Transform' to entity 'playerDashParticle'
[22:36:50.407] [info] [CPP ECS] FromJson - Adding component 'Variables' to entity 'playerDashParticle'
[22:36:50.407] [info] [CPP ECS] FromJson - Adding component 'ParticleSystem2D' to entity 'playerDashParticle'
[22:36:50.408] [error] Entity not found for ID: 0
[22:36:50.409] [error] Entity not found for ID: -28
[22:36:50.409] [error] Entity not found for ID: -29
[22:36:50.409] [info] Collision Enter 2D Event Invoked
[22:36:50.409] [info] Collision Enter 2D Event Invoked
[22:36:50.410] [info] Collision Enter 2D Event Invoked
[22:36:50.410] [info] Collision Enter 2D Event Invoked
[22:36:50.410] [info] Collision Enter 2D Event Invoked
[22:36:50.410] [info] Collision Enter 2D Event Invoked
[22:36:50.410] [info] Collision Enter 2D Event Invoked
[22:36:50.411] [info] Collision Enter 2D Event Invoked
[22:36:50.411] [info] Collision Enter 2D Event Invoked
[22:36:50.411] [info] Collision Enter 2D Event Invoked
[22:36:50.411] [info] Collision Enter 2D Event Invoked
[22:36:50.411] [info] Collision Enter 2D Event Invoked
[22:36:50.411] [info] Collision Enter 2D Event Invoked
[22:36:50.412] [info] Collision Enter 2D Event Invoked
[22:36:50.412] [info] Collision Enter 2D Event Invoked
[22:36:50.412] [info] Collision Enter 2D Event Invoked
[22:36:50.412] [info] Collision Enter 2D Event Invoked
[22:36:50.412] [info] Collision Enter 2D Event Invoked
[22:36:50.412] [info] Collision Enter 2D Event Invoked
[22:36:50.413] [info] Collision Enter 2D Event Invoked
[22:36:50.413] [info] Collision Enter 2D Event Invoked
[22:36:50.413] [info] Collision Enter 2D Event Invoked
[22:36:50.413] [info] Collision Enter 2D Event Invoked
[22:36:50.413] [info] Collision Enter 2D Event Invoked
[22:36:50.413] [info] Collision Enter 2D Event Invoked
[22:36:50.427] [error] Entity not found for ID: 0
[22:36:50.428] [error] Entity not found for ID: -28
[22:36:50.428] [error] Entity not found for ID: -29
[22:36:50.442] [error] Entity not found for ID: 0
[22:36:50.442] [error] Entity not found for ID: -28
[22:36:50.443] [error] Entity not found for ID: -29
[22:36:50.457] [error] Entity not found for ID: 0
[22:36:50.457] [error] Entity not found for ID: -28
[22:36:50.458] [error] Entity not found for ID: -29
[22:36:50.473] [error] Entity not found for ID: 0
[22:36:50.474] [error] Entity not found for ID: -28
[22:36:50.474] [error] Entity not found for ID: -29
[22:36:50.490] [error] Entity not found for ID: 0
[22:36:50.491] [error] Entity not found for ID: -28
[22:36:50.491] [error] Entity not found for ID: -29
[22:36:50.506] [error] Entity not found for ID: 0
[22:36:50.507] [error] Entity not found for ID: -28
[22:36:50.507] [error] Entity not found for ID: -29
[22:36:50.523] [error] Entity not found for ID: 0
[22:36:50.524] [error] Entity not found for ID: -28
[22:36:50.524] [error] Entity not found for ID: -29
[22:36:50.540] [error] Entity not found for ID: 0
[22:36:50.541] [error] Entity not found for ID: -28
[22:36:50.541] [error] Entity not found for ID: -29
[22:36:50.541] [info] Collision Enter 2D Event Invoked
[22:36:50.541] [info] Collision Enter 2D Event Invoked
[22:36:50.542] [info] Collision Enter 2D Event Invoked
[22:36:50.542] [info] Collision Enter 2D Event Invoked
[22:36:50.542] [info] Collision Enter 2D Event Invoked
[22:36:50.542] [info] Collision Enter 2D Event Invoked
[22:36:50.542] [info] Collision Enter 2D Event Invoked
[22:36:50.542] [info] Collision Enter 2D Event Invoked
[22:36:50.543] [info] Collision Enter 2D Event Invoked
[22:36:50.543] [info] Collision Enter 2D Event Invoked
[22:36:50.543] [info] Collision Enter 2D Event Invoked
[22:36:50.543] [info] Collision Enter 2D Event Invoked
[22:36:50.543] [info] Collision Enter 2D Event Invoked
[22:36:50.543] [info] Collision Enter 2D Event Invoked
[22:36:50.544] [info] Collision Enter 2D Event Invoked
[22:36:50.544] [info] Collision Enter 2D Event Invoked
[22:36:50.544] [info] Collision Enter 2D Event Invoked
[22:36:50.544] [info] Collision Enter 2D Event Invoked
[22:36:50.544] [info] Collision Enter 2D Event Invoked
[22:36:50.544] [info] Collision Enter 2D Event Invoked
[22:36:50.545] [info] Collision Enter 2D Event Invoked
[22:36:50.545] [info] Collision Enter 2D Event Invoked
[22:36:50.545] [info] Collision Enter 2D Event Invoked
[22:36:50.545] [info] Collision Enter 2D Event Invoked
[22:36:50.545] [info] Collision Enter 2D Event Invoked
[22:36:50.545] [info] Collision Enter 2D Event Invoked
[22:36:50.546] [info] Collision Enter 2D Event Invoked
[22:36:50.546] [info] Collision Enter 2D Event Invoked
[22:36:50.546] [info] Collision Enter 2D Event Invoked
[22:36:50.546] [info] Collision Enter 2D Event Invoked
[22:36:50.546] [info] Collision Enter 2D Event Invoked
[22:36:50.546] [info] Collision Enter 2D Event Invoked
[22:36:50.546] [info] Collision Enter 2D Event Invoked
[22:36:50.547] [info] Collision Enter 2D Event Invoked
[22:36:50.547] [info] Collision Enter 2D Event Invoked
[22:36:50.547] [info] Collision Enter 2D Event Invoked
[22:36:50.547] [info] Collision Enter 2D Event Invoked
[22:36:50.547] [info] Collision Enter 2D Event Invoked
[22:36:50.547] [info] Collision Enter 2D Event Invoked
[22:36:50.548] [info] Collision Enter 2D Event Invoked
[22:36:50.548] [info] Collision Enter 2D Event Invoked
[22:36:50.548] [info] Collision Enter 2D Event Invoked
[22:36:50.548] [info] Collision Enter 2D Event Invoked
[22:36:50.548] [info] Collision Enter 2D Event Invoked
[22:36:50.548] [info] Collision Enter 2D Event Invoked
[22:36:50.549] [info] Collision Enter 2D Event Invoked
[22:36:50.549] [info] Collision Enter 2D Event Invoked
[22:36:50.549] [info] Collision Enter 2D Event Invoked
[22:36:50.549] [info] Collision Enter 2D Event Invoked
[22:36:50.549] [info] Collision Enter 2D Event Invoked
[22:36:50.549] [info] Collision Enter 2D Event Invoked
[22:36:50.550] [info] Collision Enter 2D Event Invoked
[22:36:50.550] [info] Collision Enter 2D Event Invoked
[22:36:50.550] [info] Collision Enter 2D Event Invoked
[22:36:50.550] [info] Collision Enter 2D Event Invoked
[22:36:50.550] [info] Collision Enter 2D Event Invoked
[22:36:50.550] [info] Collision Enter 2D Event Invoked
[22:36:50.551] [info] Collision Enter 2D Event Invoked
[22:36:50.551] [info] Collision Enter 2D Event Invoked
[22:36:50.551] [info] Collision Enter 2D Event Invoked
[22:36:50.551] [info] Collision Enter 2D Event Invoked
[22:36:50.551] [info] Collision Enter 2D Event Invoked
[22:36:50.551] [info] Collision Enter 2D Event Invoked
[22:36:50.551] [info] Collision Enter 2D Event Invoked
[22:36:50.552] [info] Collision Enter 2D Event Invoked
[22:36:50.552] [info] Collision Enter 2D Event Invoked
[22:36:50.552] [info] Collision Enter 2D Event Invoked
[22:36:50.552] [info] Collision Enter 2D Event Invoked
[22:36:50.552] [info] Collision Enter 2D Event Invoked
[22:36:50.552] [info] Collision Enter 2D Event Invoked
[22:36:50.553] [info] Collision Enter 2D Event Invoked
[22:36:50.553] [info] Collision Enter 2D Event Invoked
[22:36:50.553] [info] Collision Enter 2D Event Invoked
[22:36:50.553] [info] Collision Enter 2D Event Invoked
[22:36:50.553] [info] Collision Enter 2D Event Invoked
[22:36:50.567] [error] Entity not found for ID: 0
[22:36:50.567] [error] Entity not found for ID: -28
[22:36:50.568] [error] Entity not found for ID: -29
[22:36:50.580] [error] Entity not found for ID: 0
[22:36:50.581] [error] Entity not found for ID: -28
[22:36:50.581] [error] Entity not found for ID: -29
[22:36:50.594] [error] Entity not found for ID: 0
[22:36:50.595] [error] Entity not found for ID: -28
[22:36:50.595] [error] Entity not found for ID: -29
[22:36:50.609] [error] Entity not found for ID: 0
[22:36:50.609] [error] Entity not found for ID: -28
[22:36:50.610] [error] Entity not found for ID: -29
[22:36:50.623] [error] Entity not found for ID: 0
[22:36:50.624] [error] Entity not found for ID: -28
[22:36:50.624] [error] Entity not found for ID: -29
[22:36:50.640] [error] Entity not found for ID: 0
[22:36:50.641] [error] Entity not found for ID: -28
[22:36:50.641] [error] Entity not found for ID: -29
[22:36:50.657] [error] Entity not found for ID: 0
[22:36:50.658] [error] Entity not found for ID: -28
[22:36:50.658] [error] Entity not found for ID: -29
[22:36:50.674] [error] Entity not found for ID: 0
[22:36:50.675] [error] Entity not found for ID: -28
[22:36:50.675] [error] Entity not found for ID: -29
[22:36:50.690] [error] Entity not found for ID: 0
[22:36:50.691] [error] Entity not found for ID: -28
[22:36:50.691] [error] Entity not found for ID: -29
[22:36:50.706] [error] Entity not found for ID: 0
[22:36:50.707] [error] Entity not found for ID: -28
[22:36:50.707] [error] Entity not found for ID: -29
[22:36:50.723] [error] Entity not found for ID: 0
[22:36:50.724] [error] Entity not found for ID: -28
[22:36:50.724] [error] Entity not found for ID: -29
[22:36:50.741] [error] Entity not found for ID: 0
[22:36:50.741] [error] Entity not found for ID: -28
[22:36:50.742] [error] Entity not found for ID: -29
[22:36:50.757] [error] Entity not found for ID: 0
[22:36:50.758] [error] Entity not found for ID: -28
[22:36:50.758] [error] Entity not found for ID: -29
[22:36:50.773] [error] Entity not found for ID: 0
[22:36:50.774] [error] Entity not found for ID: -28
[22:36:50.774] [error] Entity not found for ID: -29
[22:36:50.790] [error] Entity not found for ID: 0
[22:36:50.791] [error] Entity not found for ID: -28
[22:36:50.791] [error] Entity not found for ID: -29
[22:36:50.806] [error] Entity not found for ID: 0
[22:36:50.807] [error] Entity not found for ID: -28
[22:36:50.807] [error] Entity not found for ID: -29
[22:36:50.823] [error] Entity not found for ID: 0
[22:36:50.824] [error] Entity not found for ID: -28
[22:36:50.824] [error] Entity not found for ID: -29
[22:36:50.840] [error] Entity not found for ID: 0
[22:36:50.840] [error] Entity not found for ID: -28
[22:36:50.840] [error] Entity not found for ID: -29
[22:36:50.857] [error] Entity not found for ID: 0
[22:36:50.857] [info] [SOURCE_DETECTOR] C# requested CreateEntity: Prefab = SeaCow
[22:36:50.857] [info] [SOURCE_DETECTOR] Engine creating Entity (Internal)
[22:36:50.858] [info] [CPP ECS] FromJson - Adding component 'Transform' to entity 'SeaCow'
[22:36:50.858] [info] [CPP ECS] FromJson - Adding component 'CircleCollider' to entity 'SeaCow'
[22:36:50.858] [info] [CPP ECS] FromJson - Adding component 'Variables' to entity 'SeaCow'
[22:36:50.858] [info] [CPP ECS] FromJson - Adding component 'Script' to entity 'SeaCow'
[22:36:50.858] [info] [CPP ECS] FromJson - Adding component 'SpriteRenderer' to entity 'SeaCow'
[22:36:50.859] [info] [CPP ECS] FromJson - Adding component 'Rigidbody2D' to entity 'SeaCow'
[22:36:50.859] [error] Entity not found for ID: -28
[22:36:50.859] [error] Entity not found for ID: -29
[22:36:50.860] [info] Collision Enter 2D Event Invoked
[22:36:50.860] [info] Collision Enter 2D Event Invoked
[22:36:50.860] [info] Collision Enter 2D Event Invoked
[22:36:50.860] [info] Collision Enter 2D Event Invoked
[22:36:50.874] [info] [MonoDbg] AddEntityToScript - Instantiating and adding script: SpriteAnimation to Entity ID: -12
[22:36:50.875] [info] [SetScriptVars] OK setting fields for: SpriteAnimation
[22:36:50.875] [info] [MonoDbg] AddEntityToScript - Syncing serialized fields for script: SpriteAnimation
[22:36:50.875] [info] [SetScriptVars] OK setting fields for: SpriteAnimation
[22:36:50.875] [info] [MonoDbg] AddEntityToScript - Instantiating and adding script: ChaseController to Entity ID: -12
[22:36:50.875] [info] [SetScriptVars] OK setting fields for: ChaseController
[22:36:50.876] [info] [MonoDbg] AddEntityToScript - Syncing serialized fields for script: ChaseController
[22:36:50.876] [info] [SetScriptVars] OK setting fields for: ChaseController
[22:36:50.876] [info] [MonoDbg] AddEntityToScript - Instantiating and adding script: TargetFacingFlip to Entity ID: -12
[22:36:50.876] [info] [SetScriptVars] OK setting fields for: TargetFacingFlip
[22:36:50.876] [info] [MonoDbg] AddEntityToScript - Syncing serialized fields for script: TargetFacingFlip
[22:36:50.877] [info] [SetScriptVars] OK setting fields for: TargetFacingFlip
[22:36:50.877] [info] [MonoDbg] AddEntityToScript - Instantiating and adding script: SeaCow to Entity ID: -12
[22:36:50.877] [info] [SetScriptVars] OK setting fields for: SeaCow
[22:36:50.877] [info] [MonoDbg] AddEntityToScript - Syncing serialized fields for script: SeaCow
[22:36:50.877] [info] [SetScriptVars] OK setting fields for: SeaCow
[22:36:50.877] [info] [MonoDbg] AddEntityToScript - Instantiating and adding script: HP to Entity ID: -12
[22:36:50.878] [info] [SetScriptVars] OK setting fields for: HP
[22:36:50.878] [info] [MonoDbg] AddEntityToScript - Syncing serialized fields for script: HP
[22:36:50.878] [info] [SetScriptVars] OK setting fields for: HP
[22:36:50.878] [info] [MonoDbg] AddEntityToScript - Instantiating and adding script: ParticleOffset to Entity ID: -12
[22:36:50.878] [info] [SetScriptVars] no group for scriptName: ParticleOffset  groups: 10
[22:36:50.878] [info] [MonoDbg] AddEntityToScript - Syncing serialized fields for script: ParticleOffset
[22:36:50.879] [info] [SetScriptVars] no group for scriptName: ParticleOffset  groups: 10
[22:36:50.879] [info] [MonoDbg] AddEntityToScript - Instantiating and adding script: AttackCollision to Entity ID: -12
[22:36:50.879] [info] [SetScriptVars] OK setting fields for: AttackCollision
[22:36:50.879] [info] [MonoDbg] AddEntityToScript - Syncing serialized fields for script: AttackCollision
[22:36:50.879] [info] [SetScriptVars] OK setting fields for: AttackCollision
[22:36:50.879] [info] [MonoDbg] AddEntityToScript - Instantiating and adding script: ExpDropper to Entity ID: -12
[22:36:50.880] [info] [SetScriptVars] OK setting fields for: ExpDropper
[22:36:50.880] [info] [MonoDbg] AddEntityToScript - Syncing serialized fields for script: ExpDropper
[22:36:50.880] [info] [SetScriptVars] OK setting fields for: ExpDropper
[22:36:50.880] [info] [MonoDbg] AddEntityToScript - Instantiating and adding script: DespawnTimer to Entity ID: -12
[22:36:50.880] [info] [SetScriptVars] OK setting fields for: DespawnTimer
[22:36:50.880] [info] [MonoDbg] AddEntityToScript - Syncing serialized fields for script: DespawnTimer
[22:36:50.880] [info] [SetScriptVars] OK setting fields for: DespawnTimer
[22:36:50.881] [info] [MonoDbg] AddEntityToScript - Instantiating and adding script: FlashOnDamaged to Entity ID: -12
[22:36:50.881] [info] [SetScriptVars] OK setting fields for: FlashOnDamaged
[22:36:50.881] [info] [MonoDbg] AddEntityToScript - Syncing serialized fields for script: FlashOnDamaged
[22:36:50.881] [info] [SetScriptVars] OK setting fields for: FlashOnDamaged
[22:36:50.881] [info] [MonoDbg] AddEntityToScript - Instantiating and adding script: ShakeSelfOnDamaged to Entity ID: -12
[22:36:50.882] [info] [SetScriptVars] OK setting fields for: ShakeSelfOnDamaged
[22:36:50.882] [info] [MonoDbg] AddEntityToScript - Syncing serialized fields for script: ShakeSelfOnDamaged
[22:36:50.882] [info] [SetScriptVars] OK setting fields for: ShakeSelfOnDamaged
[22:36:50.882] [info] [SOURCE_DETECTOR] C# requested CreateEntity: Prefab = enemySwimParticle
[22:36:50.882] [info] [SOURCE_DETECTOR] Engine creating Entity (Internal)
[22:36:50.883] [info] [CPP ECS] FromJson - Adding component 'Transform' to entity 'enemySwimParticle'
[22:36:50.883] [info] [CPP ECS] FromJson - Adding component 'Variables' to entity 'enemySwimParticle'
[22:36:50.883] [info] [CPP ECS] FromJson - Adding component 'ParticleSystem2D' to entity 'enemySwimParticle'
[22:36:50.884] [error] Entity not found for ID: 0
[22:36:50.884] [error] Entity not found for ID: -28
[22:36:50.884] [error] Entity not found for ID: -29
[22:36:50.899] [error] Entity not found for ID: 0
[22:36:50.899] [error] Entity not found for ID: -28
[22:36:50.899] [error] Entity not found for ID: -29
[22:36:50.913] [error] Entity not found for ID: 0
[22:36:50.913] [error] Entity not found for ID: -28
[22:36:50.914] [error] Entity not found for ID: -29
[22:36:50.927] [error] Entity not found for ID: 0
[22:36:50.927] [error] Entity not found for ID: -28
[22:36:50.928] [error] Entity not found for ID: -29
[22:36:50.941] [error] Entity not found for ID: 0
[22:36:50.942] [error] Entity not found for ID: -28
[22:36:50.942] [error] Entity not found for ID: -29
[22:36:50.957] [error] Entity not found for ID: 0
[22:36:50.958] [error] Entity not found for ID: -28
[22:36:50.958] [error] Entity not found for ID: -29
[22:36:50.974] [error] Entity not found for ID: 0
[22:36:50.974] [error] Entity not found for ID: -28
[22:36:50.974] [error] Entity not found for ID: -29
[22:36:50.990] [error] Entity not found for ID: 0
[22:36:50.991] [error] Entity not found for ID: -28
[22:36:50.991] [error] Entity not found for ID: -29
[22:36:51.008] [error] Entity not found for ID: 0
[22:36:51.008] [error] Entity not found for ID: -28
[22:36:51.009] [error] Entity not found for ID: -29
[22:36:51.023] [error] Entity not found for ID: 0
[22:36:51.024] [error] Entity not found for ID: -28
[22:36:51.024] [error] Entity not found for ID: -29
[22:36:51.040] [error] Entity not found for ID: 0
[22:36:51.040] [error] Entity not found for ID: -28
[22:36:51.041] [error] Entity not found for ID: -29
[22:36:51.057] [error] Entity not found for ID: 0
[22:36:51.057] [error] Entity not found for ID: -28
[22:36:51.058] [error] Entity not found for ID: -29
[22:36:51.073] [error] Entity not found for ID: 0
[22:36:51.074] [error] Entity not found for ID: -28
[22:36:51.074] [error] Entity not found for ID: -29
[22:36:51.090] [error] Entity not found for ID: 0
[22:36:51.091] [error] Entity not found for ID: -28
[22:36:51.091] [error] Entity not found for ID: -29
[22:36:51.106] [error] Entity not found for ID: 0
[22:36:51.107] [error] Entity not found for ID: -28
[22:36:51.107] [error] Entity not found for ID: -29
[22:36:51.123] [error] Entity not found for ID: 0
[22:36:51.124] [error] Entity not found for ID: -28
[22:36:51.124] [error] Entity not found for ID: -29
[22:36:51.140] [error] Entity not found for ID: 0
[22:36:51.140] [error] Entity not found for ID: -28
[22:36:51.140] [error] Entity not found for ID: -29
[22:36:51.157] [error] Entity not found for ID: 0
[22:36:51.157] [error] Entity not found for ID: -28
[22:36:51.157] [error] Entity not found for ID: -29
[22:36:51.173] [error] Entity not found for ID: 0
[22:36:51.174] [error] Entity not found for ID: -28
[22:36:51.174] [error] Entity not found for ID: -29
[22:36:51.190] [error] Entity not found for ID: 0
[22:36:51.190] [error] Entity not found for ID: -28
[22:36:51.190] [error] Entity not found for ID: -29
[22:36:51.206] [error] Entity not found for ID: 0
[22:36:51.207] [error] Entity not found for ID: -28
[22:36:51.207] [error] Entity not found for ID: -29
[22:36:51.223] [error] Entity not found for ID: 0
[22:36:51.223] [error] Entity not found for ID: -28
[22:36:51.223] [error] Entity not found for ID: -29
[22:36:51.240] [error] Entity not found for ID: 0
[22:36:51.240] [error] Entity not found for ID: -28
[22:36:51.241] [error] Entity not found for ID: -29
[22:36:51.257] [error] Entity not found for ID: 0
[22:36:51.258] [error] Entity not found for ID: -28
[22:36:51.258] [error] Entity not found for ID: -29
[22:36:51.273] [error] Entity not found for ID: 0
[22:36:51.274] [error] Entity not found for ID: -28
[22:36:51.274] [error] Entity not found for ID: -29
[22:36:51.290] [error] Entity not found for ID: 0
[22:36:51.290] [error] Entity not found for ID: -28
[22:36:51.291] [error] Entity not found for ID: -29
[22:36:51.306] [error] Entity not found for ID: 0
[22:36:51.307] [error] Entity not found for ID: -28
[22:36:51.307] [error] Entity not found for ID: -29
[22:36:51.323] [error] Entity not found for ID: 0
[22:36:51.323] [info] [SOURCE_DETECTOR] C# requested CreateEntity: Prefab = MorayEel
[22:36:51.324] [info] [SOURCE_DETECTOR] Engine creating Entity (Internal)
[22:36:51.324] [info] [CPP ECS] FromJson - Adding component 'Transform' to entity 'MorayEel'
[22:36:51.324] [info] [CPP ECS] FromJson - Adding component 'CircleCollider' to entity 'MorayEel'
[22:36:51.324] [info] [CPP ECS] FromJson - Adding component 'Variables' to entity 'MorayEel'
[22:36:51.324] [info] [CPP ECS] FromJson - Adding component 'Script' to entity 'MorayEel'
[22:36:51.324] [info] [CPP ECS] FromJson - Adding component 'SpriteRenderer' to entity 'MorayEel'
[22:36:51.325] [info] [CPP ECS] FromJson - Adding component 'Rigidbody2D' to entity 'MorayEel'
[22:36:51.325] [info] Script MorayEelSpawnMove found for Entity ID: -27
[22:36:51.325] [info] [SetScriptVars] OK setting fields for: MorayEelSpawnMove
[22:36:51.325] [error] Entity not found for ID: -28
[22:36:51.326] [error] Entity not found for ID: -29
[22:36:51.340] [info] [MonoDbg] AddEntityToScript - Instantiating and adding script: SpriteAnimation to Entity ID: -27
[22:36:51.340] [info] [SetScriptVars] OK setting fields for: SpriteAnimation
[22:36:51.340] [info] [MonoDbg] AddEntityToScript - Syncing serialized fields for script: SpriteAnimation
[22:36:51.341] [info] [SetScriptVars] OK setting fields for: SpriteAnimation
[22:36:51.341] [info] [MonoDbg] AddEntityToScript - Instantiating and adding script: MorayEelSpawnMove to Entity ID: -27
[22:36:51.341] [info] [MonoDbg] AddEntityToScript - Syncing serialized fields for script: MorayEelSpawnMove
[22:36:51.341] [info] [SetScriptVars] OK setting fields for: MorayEelSpawnMove
[22:36:51.341] [info] [MonoDbg] AddEntityToScript - Instantiating and adding script: ChaseController to Entity ID: -27
[22:36:51.342] [info] [SetScriptVars] OK setting fields for: ChaseController
[22:36:51.342] [info] [MonoDbg] AddEntityToScript - Syncing serialized fields for script: ChaseController
[22:36:51.342] [info] [SetScriptVars] OK setting fields for: ChaseController
[22:36:51.342] [info] [MonoDbg] AddEntityToScript - Instantiating and adding script: ChaseAnimation to Entity ID: -27
[22:36:51.342] [info] [SetScriptVars] OK setting fields for: ChaseAnimation
[22:36:51.342] [info] [MonoDbg] AddEntityToScript - Syncing serialized fields for script: ChaseAnimation
[22:36:51.343] [info] [SetScriptVars] OK setting fields for: ChaseAnimation
[22:36:51.343] [info] [MonoDbg] AddEntityToScript - Instantiating and adding script: SmallFryChaseMove to Entity ID: -27
[22:36:51.343] [info] [SetScriptVars] OK setting fields for: SmallFryChaseMove
[22:36:51.343] [info] [MonoDbg] AddEntityToScript - Syncing serialized fields for script: SmallFryChaseMove
[22:36:51.343] [info] [SetScriptVars] OK setting fields for: SmallFryChaseMove
[22:36:51.344] [info] [MonoDbg] AddEntityToScript - Instantiating and adding script: TargetFacingFlip to Entity ID: -27
[22:36:51.344] [info] [SetScriptVars] OK setting fields for: TargetFacingFlip
[22:36:51.344] [info] [MonoDbg] AddEntityToScript - Syncing serialized fields for script: TargetFacingFlip
[22:36:51.344] [info] [SetScriptVars] OK setting fields for: TargetFacingFlip
[22:36:51.344] [info] [MonoDbg] AddEntityToScript - Instantiating and adding script: MorayEel to Entity ID: -27
[22:36:51.344] [info] [SetScriptVars] OK setting fields for: MorayEel
[22:36:51.345] [info] [MonoDbg] AddEntityToScript - Syncing serialized fields for script: MorayEel
[22:36:51.345] [info] [SetScriptVars] OK setting fields for: MorayEel
[22:36:51.345] [info] [MonoDbg] AddEntityToScript - Instantiating and adding script: HP to Entity ID: -27
[22:36:51.345] [info] [SetScriptVars] OK setting fields for: HP
[22:36:51.345] [info] [MonoDbg] AddEntityToScript - Syncing serialized fields for script: HP
[22:36:51.346] [info] [SetScriptVars] OK setting fields for: HP
[22:36:51.346] [info] [MonoDbg] AddEntityToScript - Instantiating and adding script: DespawnTimer to Entity ID: -27
[22:36:51.346] [info] [SetScriptVars] OK setting fields for: DespawnTimer
[22:36:51.346] [info] [MonoDbg] AddEntityToScript - Syncing serialized fields for script: DespawnTimer
[22:36:51.346] [info] [SetScriptVars] OK setting fields for: DespawnTimer
[22:36:51.346] [info] [MonoDbg] AddEntityToScript - Instantiating and adding script: ExpDropper to Entity ID: -27
[22:36:51.347] [info] [SetScriptVars] OK setting fields for: ExpDropper
[22:36:51.347] [info] [MonoDbg] AddEntityToScript - Syncing serialized fields for script: ExpDropper
[22:36:51.347] [info] [SetScriptVars] OK setting fields for: ExpDropper
[22:36:51.347] [info] [MonoDbg] AddEntityToScript - Instantiating and adding script: ParticleOffset to Entity ID: -27
[22:36:51.347] [info] [SetScriptVars] OK setting fields for: ParticleOffset
[22:36:51.347] [info] [MonoDbg] AddEntityToScript - Syncing serialized fields for script: ParticleOffset
[22:36:51.348] [info] [SetScriptVars] OK setting fields for: ParticleOffset
[22:36:51.348] [info] [MonoDbg] AddEntityToScript - Instantiating and adding script: AttackCollision to Entity ID: -27
[22:36:51.348] [info] [SetScriptVars] OK setting fields for: AttackCollision
[22:36:51.348] [info] [MonoDbg] AddEntityToScript - Syncing serialized fields for script: AttackCollision
[22:36:51.348] [info] [SetScriptVars] OK setting fields for: AttackCollision
[22:36:51.349] [info] [MonoDbg] AddEntityToScript - Instantiating and adding script: FlashOnDamaged to Entity ID: -27
[22:36:51.349] [info] [SetScriptVars] OK setting fields for: FlashOnDamaged
[22:36:51.349] [info] [MonoDbg] AddEntityToScript - Syncing serialized fields for script: FlashOnDamaged
[22:36:51.349] [info] [SetScriptVars] OK setting fields for: FlashOnDamaged
[22:36:51.349] [info] [MonoDbg] AddEntityToScript - Instantiating and adding script: ShakeSelfOnDamaged to Entity ID: -27
[22:36:51.349] [info] [SetScriptVars] OK setting fields for: ShakeSelfOnDamaged
[22:36:51.350] [info] [MonoDbg] AddEntityToScript - Syncing serialized fields for script: ShakeSelfOnDamaged
[22:36:51.350] [info] [SetScriptVars] OK setting fields for: ShakeSelfOnDamaged
[22:36:51.350] [info] [SOURCE_DETECTOR] C# requested CreateEntity: Prefab = enemySwimParticle
[22:36:51.350] [info] [SOURCE_DETECTOR] Engine creating Entity (Internal)
[22:36:51.350] [info] [CPP ECS] FromJson - Adding component 'Transform' to entity 'enemySwimParticle'
[22:36:51.351] [info] [CPP ECS] FromJson - Adding component 'Variables' to entity 'enemySwimParticle'
[22:36:51.351] [info] [CPP ECS] FromJson - Adding component 'ParticleSystem2D' to entity 'enemySwimParticle'
[22:36:51.351] [error] Entity not found for ID: 0
[22:36:51.352] [error] Entity not found for ID: -29
[22:36:51.366] [error] Entity not found for ID: 0
[22:36:51.366] [error] Entity not found for ID: -29
[22:36:51.380] [error] Entity not found for ID: 0
[22:36:51.380] [error] Entity not found for ID: -29
[22:36:51.394] [error] Entity not found for ID: 0
[22:36:51.395] [error] Entity not found for ID: -29
[22:36:51.409] [error] Entity not found for ID: 0
[22:36:51.410] [error] Entity not found for ID: -29
[22:36:51.424] [error] Entity not found for ID: 0
[22:36:51.425] [error] Entity not found for ID: -29
[22:36:51.440] [error] Entity not found for ID: 0
[22:36:51.440] [error] Entity not found for ID: -29
[22:36:51.457] [error] Entity not found for ID: 0
[22:36:51.458] [error] Entity not found for ID: -29
[22:36:51.473] [error] Entity not found for ID: 0
[22:36:51.474] [error] Entity not found for ID: -29
[22:36:51.490] [error] Entity not found for ID: 0
[22:36:51.491] [error] Entity not found for ID: -29
[22:36:51.507] [error] Entity not found for ID: 0
[22:36:51.507] [error] Entity not found for ID: -29
[22:36:51.524] [error] Entity not found for ID: 0
[22:36:51.524] [error] Entity not found for ID: -29
[22:36:51.540] [error] Entity not found for ID: 0
[22:36:51.541] [error] Entity not found for ID: -29
[22:36:51.557] [error] Entity not found for ID: 0
[22:36:51.558] [error] Entity not found for ID: -29
[22:36:51.574] [error] Entity not found for ID: 0
[22:36:51.574] [error] Entity not found for ID: -29
[22:36:51.591] [error] Entity not found for ID: 0
[22:36:51.592] [error] Entity not found for ID: -29
[22:36:51.607] [info] [SOURCE_DETECTOR] C# requested CreateEntity: Prefab = playerDashParticle
[22:36:51.607] [info] [SOURCE_DETECTOR] Engine creating Entity (Internal)
[22:36:51.607] [info] [CPP ECS] FromJson - Adding component 'Transform' to entity 'playerDashParticle'
[22:36:51.607] [info] [CPP ECS] FromJson - Adding component 'Variables' to entity 'playerDashParticle'
[22:36:51.607] [info] [CPP ECS] FromJson - Adding component 'ParticleSystem2D' to entity 'playerDashParticle'
[22:36:51.608] [error] Entity not found for ID: 0
[22:36:51.623] [error] Entity not found for ID: 0
[22:36:51.640] [error] Entity not found for ID: 0
[22:36:51.656] [error] Entity not found for ID: 0
[22:36:51.673] [error] Entity not found for ID: 0
[22:36:51.690] [error] Entity not found for ID: 0
[22:36:51.706] [error] Entity not found for ID: 0
[22:36:51.723] [error] Entity not found for ID: 0
[22:36:51.739] [error] Entity not found for ID: 0
[22:36:51.757] [error] Entity not found for ID: 0
[22:36:51.773] [error] Entity not found for ID: 0
[22:36:51.790] [error] Entity not found for ID: 0
[22:36:51.807] [error] Entity not found for ID: 0
[22:36:51.808] [info] Collision Enter 2D Event Invoked
[22:36:51.808] [info] Collision Enter 2D Event Invoked
[22:36:51.808] [info] Collision Enter 2D Event Invoked
[22:36:51.808] [info] Collision Enter 2D Event Invoked
[22:36:51.808] [info] Collision Enter 2D Event Invoked
[22:36:51.809] [info] Collision Enter 2D Event Invoked
[22:36:51.809] [info] Collision Enter 2D Event Invoked
[22:36:51.809] [info] Collision Enter 2D Event Invoked
[22:36:51.809] [info] Collision Enter 2D Event Invoked
[22:36:51.809] [info] Collision Enter 2D Event Invoked
[22:36:51.810] [info] Collision Enter 2D Event Invoked
[22:36:51.810] [info] Collision Enter 2D Event Invoked
[22:36:51.810] [info] Collision Enter 2D Event Invoked
[22:36:51.810] [info] Collision Enter 2D Event Invoked
[22:36:51.823] [error] Entity not found for ID: 0
[22:36:51.840] [error] Entity not found for ID: 0
[22:36:51.857] [error] Entity not found for ID: 0
[22:36:51.857] [info] [SOURCE_DETECTOR] C# requested CreateEntity: Prefab = SeaCow
[22:36:51.858] [info] [SOURCE_DETECTOR] Engine creating Entity (Internal)
[22:36:51.858] [info] [CPP ECS] FromJson - Adding component 'Transform' to entity 'SeaCow'
[22:36:51.858] [info] [CPP ECS] FromJson - Adding component 'CircleCollider' to entity 'SeaCow'
[22:36:51.858] [info] [CPP ECS] FromJson - Adding component 'Variables' to entity 'SeaCow'
[22:36:51.858] [info] [CPP ECS] FromJson - Adding component 'Script' to entity 'SeaCow'
[22:36:51.858] [info] [CPP ECS] FromJson - Adding component 'SpriteRenderer' to entity 'SeaCow'
[22:36:51.859] [info] [CPP ECS] FromJson - Adding component 'Rigidbody2D' to entity 'SeaCow'
[22:36:51.860] [info] Collision Enter 2D Event Invoked
[22:36:51.860] [info] Collision Enter 2D Event Invoked
[22:36:51.860] [info] Collision Enter 2D Event Invoked
[22:36:51.860] [info] Collision Enter 2D Event Invoked
[22:36:51.873] [info] [MonoDbg] AddEntityToScript - Instantiating and adding script: SpriteAnimation to Entity ID: -22
[22:36:51.874] [info] [SetScriptVars] OK setting fields for: SpriteAnimation
[22:36:51.874] [info] [MonoDbg] AddEntityToScript - Syncing serialized fields for script: SpriteAnimation
[22:36:51.874] [info] [SetScriptVars] OK setting fields for: SpriteAnimation
[22:36:51.874] [info] [MonoDbg] AddEntityToScript - Instantiating and adding script: ChaseController to Entity ID: -22
[22:36:51.874] [info] [SetScriptVars] OK setting fields for: ChaseController
[22:36:51.874] [info] [MonoDbg] AddEntityToScript - Syncing serialized fields for script: ChaseController
[22:36:51.875] [info] [SetScriptVars] OK setting fields for: ChaseController
[22:36:51.875] [info] [MonoDbg] AddEntityToScript - Instantiating and adding script: TargetFacingFlip to Entity ID: -22
[22:36:51.875] [info] [SetScriptVars] OK setting fields for: TargetFacingFlip
[22:36:51.875] [info] [MonoDbg] AddEntityToScript - Syncing serialized fields for script: TargetFacingFlip
[22:36:51.875] [info] [SetScriptVars] OK setting fields for: TargetFacingFlip
[22:36:51.875] [info] [MonoDbg] AddEntityToScript - Instantiating and adding script: SeaCow to Entity ID: -22
[22:36:51.876] [info] [SetScriptVars] OK setting fields for: SeaCow
[22:36:51.876] [info] [MonoDbg] AddEntityToScript - Syncing serialized fields for script: SeaCow
[22:36:51.876] [info] [SetScriptVars] OK setting fields for: SeaCow
[22:36:51.876] [info] [MonoDbg] AddEntityToScript - Instantiating and adding script: HP to Entity ID: -22
[22:36:51.876] [info] [SetScriptVars] OK setting fields for: HP
[22:36:51.876] [info] [MonoDbg] AddEntityToScript - Syncing serialized fields for script: HP
[22:36:51.877] [info] [SetScriptVars] OK setting fields for: HP
[22:36:51.877] [info] [MonoDbg] AddEntityToScript - Instantiating and adding script: ParticleOffset to Entity ID: -22
[22:36:51.877] [info] [SetScriptVars] no group for scriptName: ParticleOffset  groups: 10
[22:36:51.877] [info] [MonoDbg] AddEntityToScript - Syncing serialized fields for script: ParticleOffset
[22:36:51.877] [info] [SetScriptVars] no group for scriptName: ParticleOffset  groups: 10
[22:36:51.877] [info] [MonoDbg] AddEntityToScript - Instantiating and adding script: AttackCollision to Entity ID: -22
[22:36:51.878] [info] [SetScriptVars] OK setting fields for: AttackCollision
[22:36:51.878] [info] [MonoDbg] AddEntityToScript - Syncing serialized fields for script: AttackCollision
[22:36:51.878] [info] [SetScriptVars] OK setting fields for: AttackCollision
[22:36:51.878] [info] [MonoDbg] AddEntityToScript - Instantiating and adding script: ExpDropper to Entity ID: -22
[22:36:51.878] [info] [SetScriptVars] OK setting fields for: ExpDropper
[22:36:51.878] [info] [MonoDbg] AddEntityToScript - Syncing serialized fields for script: ExpDropper
[22:36:51.879] [info] [SetScriptVars] OK setting fields for: ExpDropper
[22:36:51.879] [info] [MonoDbg] AddEntityToScript - Instantiating and adding script: DespawnTimer to Entity ID: -22
[22:36:51.879] [info] [SetScriptVars] OK setting fields for: DespawnTimer
[22:36:51.879] [info] [MonoDbg] AddEntityToScript - Syncing serialized fields for script: DespawnTimer
[22:36:51.879] [info] [SetScriptVars] OK setting fields for: DespawnTimer
[22:36:51.879] [info] [MonoDbg] AddEntityToScript - Instantiating and adding script: FlashOnDamaged to Entity ID: -22
[22:36:51.879] [info] [SetScriptVars] OK setting fields for: FlashOnDamaged
[22:36:51.880] [info] [MonoDbg] AddEntityToScript - Syncing serialized fields for script: FlashOnDamaged
[22:36:51.880] [info] [SetScriptVars] OK setting fields for: FlashOnDamaged
[22:36:51.880] [info] [MonoDbg] AddEntityToScript - Instantiating and adding script: ShakeSelfOnDamaged to Entity ID: -22
[22:36:51.880] [info] [SetScriptVars] OK setting fields for: ShakeSelfOnDamaged
[22:36:51.880] [info] [MonoDbg] AddEntityToScript - Syncing serialized fields for script: ShakeSelfOnDamaged
[22:36:51.880] [info] [SetScriptVars] OK setting fields for: ShakeSelfOnDamaged
[22:36:51.881] [info] [SOURCE_DETECTOR] C# requested CreateEntity: Prefab = enemySwimParticle
[22:36:51.881] [info] [SOURCE_DETECTOR] Engine creating Entity (Internal)
[22:36:51.881] [info] [CPP ECS] FromJson - Adding component 'Transform' to entity 'enemySwimParticle'
[22:36:51.881] [info] [CPP ECS] FromJson - Adding component 'Variables' to entity 'enemySwimParticle'
[22:36:51.881] [info] [CPP ECS] FromJson - Adding component 'ParticleSystem2D' to entity 'enemySwimParticle'
[22:36:51.882] [error] Entity not found for ID: 0
[22:36:51.897] [error] Entity not found for ID: 0
[22:36:51.911] [error] Entity not found for ID: 0
[22:36:51.925] [error] Entity not found for ID: 0
[22:36:51.939] [error] Entity not found for ID: 0
[22:36:51.957] [error] Entity not found for ID: 0
[22:36:51.974] [error] Entity not found for ID: 0
[22:36:51.990] [error] Entity not found for ID: 0
[22:36:52.007] [error] Entity not found for ID: 0
[22:36:52.023] [error] Entity not found for ID: 0
[22:36:52.040] [error] Entity not found for ID: 0
[22:36:52.043] [info] Collision Exit 2D Event Invoked
[22:36:52.043] [info] Collision Exit 2D Event Invoked
[22:36:52.043] [info] Collision Exit 2D Event Invoked
[22:36:52.043] [info] Collision Exit 2D Event Invoked
[22:36:52.043] [info] Collision Exit 2D Event Invoked
[22:36:52.044] [info] Collision Exit 2D Event Invoked
[22:36:52.044] [info] Collision Exit 2D Event Invoked
[22:36:52.044] [info] Collision Exit 2D Event Invoked
[22:36:52.044] [info] Collision Exit 2D Event Invoked
[22:36:52.044] [info] Collision Exit 2D Event Invoked
[22:36:52.045] [info] Collision Exit 2D Event Invoked
[22:36:52.045] [info] Collision Exit 2D Event Invoked
[22:36:52.045] [info] Collision Exit 2D Event Invoked
[22:36:52.045] [info] Collision Exit 2D Event Invoked
[22:36:52.045] [info] Collision Exit 2D Event Invoked
[22:36:52.058] [error] Entity not found for ID: 0
[22:36:52.073] [error] Entity not found for ID: 0
[22:36:52.090] [error] Entity not found for ID: 0
[22:36:52.107] [error] Entity not found for ID: 0
[22:36:52.124] [error] Entity not found for ID: 0
[22:36:52.126] [info] Collision Exit 2D Event Invoked
[22:36:52.126] [info] Collision Exit 2D Event Invoked
[22:36:52.127] [info] Collision Exit 2D Event Invoked
[22:36:52.127] [info] Collision Exit 2D Event Invoked
[22:36:52.127] [info] Collision Exit 2D Event Invoked
[22:36:52.127] [info] Collision Exit 2D Event Invoked
[22:36:52.127] [info] Collision Exit 2D Event Invoked
[22:36:52.127] [info] Collision Exit 2D Event Invoked
[22:36:52.128] [info] Collision Exit 2D Event Invoked
[22:36:52.128] [info] Collision Exit 2D Event Invoked
[22:36:52.128] [info] Collision Exit 2D Event Invoked
[22:36:52.141] [error] Entity not found for ID: 0
[22:36:52.156] [error] Entity not found for ID: 0
[22:36:52.173] [error] Entity not found for ID: 0
[22:36:52.190] [error] Entity not found for ID: 0
[22:36:52.207] [error] Entity not found for ID: 0
[22:36:52.223] [error] Entity not found for ID: 0
[22:36:52.239] [error] Entity not found for ID: 0
[22:36:52.257] [error] Entity not found for ID: 0
[22:36:52.273] [error] Entity not found for ID: 0
[22:36:52.274] [info] [SOURCE_DETECTOR] C# requested CreateEntity: Prefab = MorayEel
[22:36:52.274] [info] [SOURCE_DETECTOR] Engine creating Entity (Internal)
[22:36:52.274] [info] [CPP ECS] FromJson - Adding component 'Transform' to entity 'MorayEel'
[22:36:52.274] [info] [CPP ECS] FromJson - Adding component 'CircleCollider' to entity 'MorayEel'
[22:36:52.275] [info] [CPP ECS] FromJson - Adding component 'Variables' to entity 'MorayEel'
[22:36:52.275] [info] [CPP ECS] FromJson - Adding component 'Script' to entity 'MorayEel'
[22:36:52.275] [info] [CPP ECS] FromJson - Adding component 'SpriteRenderer' to entity 'MorayEel'
[22:36:52.275] [info] [CPP ECS] FromJson - Adding component 'Rigidbody2D' to entity 'MorayEel'
[22:36:52.275] [info] Script MorayEelSpawnMove found for Entity ID: -9
[22:36:52.276] [info] [SetScriptVars] OK setting fields for: MorayEelSpawnMove
[22:36:52.290] [info] [MonoDbg] AddEntityToScript - Instantiating and adding script: SpriteAnimation to Entity ID: -9
[22:36:52.290] [info] [SetScriptVars] OK setting fields for: SpriteAnimation
[22:36:52.290] [info] [MonoDbg] AddEntityToScript - Syncing serialized fields for script: SpriteAnimation
[22:36:52.290] [info] [SetScriptVars] OK setting fields for: SpriteAnimation
[22:36:52.290] [info] [MonoDbg] AddEntityToScript - Instantiating and adding script: MorayEelSpawnMove to Entity ID: -9
[22:36:52.291] [info] [MonoDbg] AddEntityToScript - Syncing serialized fields for script: MorayEelSpawnMove
[22:36:52.291] [info] [SetScriptVars] OK setting fields for: MorayEelSpawnMove
[22:36:52.291] [info] [MonoDbg] AddEntityToScript - Instantiating and adding script: ChaseController to Entity ID: -9
[22:36:52.291] [info] [SetScriptVars] OK setting fields for: ChaseController
[22:36:52.291] [info] [MonoDbg] AddEntityToScript - Syncing serialized fields for script: ChaseController
[22:36:52.291] [info] [SetScriptVars] OK setting fields for: ChaseController
[22:36:52.292] [info] [MonoDbg] AddEntityToScript - Instantiating and adding script: ChaseAnimation to Entity ID: -9
[22:36:52.292] [info] [SetScriptVars] OK setting fields for: ChaseAnimation
[22:36:52.292] [info] [MonoDbg] AddEntityToScript - Syncing serialized fields for script: ChaseAnimation
[22:36:52.292] [info] [SetScriptVars] OK setting fields for: ChaseAnimation
[22:36:52.292] [info] [MonoDbg] AddEntityToScript - Instantiating and adding script: SmallFryChaseMove to Entity ID: -9
[22:36:52.292] [info] [SetScriptVars] OK setting fields for: SmallFryChaseMove
[22:36:52.293] [info] [MonoDbg] AddEntityToScript - Syncing serialized fields for script: SmallFryChaseMove
[22:36:52.293] [info] [SetScriptVars] OK setting fields for: SmallFryChaseMove
[22:36:52.293] [info] [MonoDbg] AddEntityToScript - Instantiating and adding script: TargetFacingFlip to Entity ID: -9
[22:36:52.293] [info] [SetScriptVars] OK setting fields for: TargetFacingFlip
[22:36:52.293] [info] [MonoDbg] AddEntityToScript - Syncing serialized fields for script: TargetFacingFlip
[22:36:52.293] [info] [SetScriptVars] OK setting fields for: TargetFacingFlip
[22:36:52.293] [info] [MonoDbg] AddEntityToScript - Instantiating and adding script: MorayEel to Entity ID: -9
[22:36:52.294] [info] [SetScriptVars] OK setting fields for: MorayEel
[22:36:52.294] [info] [MonoDbg] AddEntityToScript - Syncing serialized fields for script: MorayEel
[22:36:52.294] [info] [SetScriptVars] OK setting fields for: MorayEel
[22:36:52.294] [info] [MonoDbg] AddEntityToScript - Instantiating and adding script: HP to Entity ID: -9
[22:36:52.294] [info] [SetScriptVars] OK setting fields for: HP
[22:36:52.294] [info] [MonoDbg] AddEntityToScript - Syncing serialized fields for script: HP
[22:36:52.295] [info] [SetScriptVars] OK setting fields for: HP
[22:36:52.295] [info] [MonoDbg] AddEntityToScript - Instantiating and adding script: DespawnTimer to Entity ID: -9
[22:36:52.295] [info] [SetScriptVars] OK setting fields for: DespawnTimer
[22:36:52.295] [info] [MonoDbg] AddEntityToScript - Syncing serialized fields for script: DespawnTimer
[22:36:52.295] [info] [SetScriptVars] OK setting fields for: DespawnTimer
[22:36:52.295] [info] [MonoDbg] AddEntityToScript - Instantiating and adding script: ExpDropper to Entity ID: -9
[22:36:52.296] [info] [SetScriptVars] OK setting fields for: ExpDropper
[22:36:52.296] [info] [MonoDbg] AddEntityToScript - Syncing serialized fields for script: ExpDropper
[22:36:52.296] [info] [SetScriptVars] OK setting fields for: ExpDropper
[22:36:52.296] [info] [MonoDbg] AddEntityToScript - Instantiating and adding script: ParticleOffset to Entity ID: -9
[22:36:52.296] [info] [SetScriptVars] OK setting fields for: ParticleOffset
[22:36:52.296] [info] [MonoDbg] AddEntityToScript - Syncing serialized fields for script: ParticleOffset
[22:36:52.296] [info] [SetScriptVars] OK setting fields for: ParticleOffset
[22:36:52.297] [info] [MonoDbg] AddEntityToScript - Instantiating and adding script: AttackCollision to Entity ID: -9
[22:36:52.297] [info] [SetScriptVars] OK setting fields for: AttackCollision
[22:36:52.297] [info] [MonoDbg] AddEntityToScript - Syncing serialized fields for script: AttackCollision
[22:36:52.297] [info] [SetScriptVars] OK setting fields for: AttackCollision
[22:36:52.297] [info] [MonoDbg] AddEntityToScript - Instantiating and adding script: FlashOnDamaged to Entity ID: -9
[22:36:52.298] [info] [SetScriptVars] OK setting fields for: FlashOnDamaged
[22:36:52.298] [info] [MonoDbg] AddEntityToScript - Syncing serialized fields for script: FlashOnDamaged
[22:36:52.298] [info] [SetScriptVars] OK setting fields for: FlashOnDamaged
[22:36:52.298] [info] [MonoDbg] AddEntityToScript - Instantiating and adding script: ShakeSelfOnDamaged to Entity ID: -9
[22:36:52.298] [info] [SetScriptVars] OK setting fields for: ShakeSelfOnDamaged
[22:36:52.298] [info] [MonoDbg] AddEntityToScript - Syncing serialized fields for script: ShakeSelfOnDamaged
[22:36:52.299] [info] [SetScriptVars] OK setting fields for: ShakeSelfOnDamaged
[22:36:52.299] [info] [SOURCE_DETECTOR] C# requested CreateEntity: Prefab = enemySwimParticle
[22:36:52.299] [info] [SOURCE_DETECTOR] Engine creating Entity (Internal)
[22:36:52.299] [info] [CPP ECS] FromJson - Adding component 'Transform' to entity 'enemySwimParticle'
[22:36:52.299] [info] [CPP ECS] FromJson - Adding component 'Variables' to entity 'enemySwimParticle'
[22:36:52.300] [info] [CPP ECS] FromJson - Adding component 'ParticleSystem2D' to entity 'enemySwimParticle'
[22:36:52.300] [error] Entity not found for ID: 0
[22:36:52.315] [error] Entity not found for ID: 0
[22:36:52.329] [error] Entity not found for ID: 0
[22:36:52.331] [info] Collision Exit 2D Event Invoked
[22:36:52.331] [info] Collision Exit 2D Event Invoked
[22:36:52.331] [info] Collision Exit 2D Event Invoked
[22:36:52.331] [info] Collision Exit 2D Event Invoked
[22:36:52.332] [info] Collision Exit 2D Event Invoked
[22:36:52.332] [info] Collision Exit 2D Event Invoked
[22:36:52.332] [info] Collision Exit 2D Event Invoked
[22:36:52.332] [info] Collision Exit 2D Event Invoked
[22:36:52.332] [info] Collision Exit 2D Event Invoked
[22:36:52.332] [info] Collision Exit 2D Event Invoked
[22:36:52.333] [info] Collision Exit 2D Event Invoked
[22:36:52.333] [info] Collision Exit 2D Event Invoked
[22:36:52.333] [info] Collision Exit 2D Event Invoked
[22:36:52.333] [info] Collision Exit 2D Event Invoked
[22:36:52.333] [info] Collision Exit 2D Event Invoked
[22:36:52.346] [error] Entity not found for ID: 0
[22:36:52.360] [error] Entity not found for ID: 0
[22:36:52.362] [info] [SOURCE_DETECTOR] C# requested CreateEntity: Prefab = surfaceOctopusParticle
[22:36:52.362] [info] [SOURCE_DETECTOR] Engine creating Entity (Internal)
[22:36:52.362] [info] [CPP ECS] FromJson - Adding component 'Transform' to entity 'surfaceOctopusParticle'
[22:36:52.362] [info] [CPP ECS] FromJson - Adding component 'Variables' to entity 'surfaceOctopusParticle'
[22:36:52.362] [info] [CPP ECS] FromJson - Adding component 'ParticleSystem2D' to entity 'surfaceOctopusParticle'
[22:36:52.363] [info] [SetScriptVars] no group for scriptName: TimedDestruction  groups: 0
[22:36:52.377] [error] Entity not found for ID: 0
[22:36:52.392] [error] Entity not found for ID: 0
[22:36:52.407] [error] Entity not found for ID: 0
[22:36:52.423] [error] Entity not found for ID: 0
[22:36:52.440] [error] Entity not found for ID: 0
[22:36:52.457] [error] Entity not found for ID: 0
[22:36:52.474] [error] Entity not found for ID: 0
[22:36:52.490] [error] Entity not found for ID: 0
[22:36:52.506] [error] Entity not found for ID: 0
[22:36:52.523] [error] Entity not found for ID: 0
[22:36:52.540] [error] Entity not found for ID: 0
[22:36:52.541] [info] Collision Enter 2D Event Invoked
[22:36:52.541] [info] Collision Enter 2D Event Invoked
[22:36:52.541] [info] Collision Enter 2D Event Invoked
[22:36:52.541] [info] Collision Enter 2D Event Invoked
[22:36:52.541] [info] Collision Enter 2D Event Invoked
[22:36:52.541] [info] Collision Enter 2D Event Invoked
[22:36:52.542] [info] Collision Enter 2D Event Invoked
[22:36:52.542] [info] Collision Enter 2D Event Invoked
[22:36:52.542] [info] Collision Enter 2D Event Invoked
[22:36:52.542] [info] Collision Enter 2D Event Invoked
[22:36:52.542] [info] Collision Enter 2D Event Invoked
[22:36:52.542] [info] Collision Enter 2D Event Invoked
[22:36:52.543] [info] Collision Enter 2D Event Invoked
[22:36:52.543] [info] Collision Enter 2D Event Invoked
[22:36:52.543] [info] Collision Enter 2D Event Invoked
[22:36:52.543] [info] [SOURCE_DETECTOR] C# requested CreateEntity: Prefab = PlayerHitEffect
[22:36:52.543] [info] [SOURCE_DETECTOR] Engine creating Entity (Internal)
[22:36:52.544] [info] [CPP ECS] FromJson - Adding component 'Transform' to entity 'PlayerHitEffect'
[22:36:52.544] [info] [CPP ECS] FromJson - Adding component 'Variables' to entity 'PlayerHitEffect'
[22:36:52.544] [info] [SOURCE_DETECTOR] Engine creating Entity (Internal)
[22:36:52.544] [info] [CPP ECS] FromJson - Adding component 'Transform' to entity 'HitEffect1'
[22:36:52.544] [info] [CPP ECS] FromJson - Adding component 'Variables' to entity 'HitEffect1'
[22:36:52.544] [info] [CPP ECS] FromJson - Adding component 'SpriteRenderer' to entity 'HitEffect1'
[22:36:52.545] [info] [CPP ECS] FromJson - Adding component 'Script' to entity 'HitEffect1'
[22:36:52.545] [info] [SOURCE_DETECTOR] Engine creating Entity (Internal)
[22:36:52.545] [info] [CPP ECS] FromJson - Adding component 'Transform' to entity 'HitEffect2'
[22:36:52.545] [info] [CPP ECS] FromJson - Adding component 'Variables' to entity 'HitEffect2'
[22:36:52.545] [info] [CPP ECS] FromJson - Adding component 'SpriteRenderer' to entity 'HitEffect2'
[22:36:52.546] [info] [CPP ECS] FromJson - Adding component 'Script' to entity 'HitEffect2'
[22:36:52.546] [error] Script component not found for Entity ID: -31
[22:36:52.546] [info] [SetScriptVars] no group for scriptName: TimedDestruction  groups: 0
[22:36:52.546] [info] Collision Enter 2D Event Invoked
[22:36:52.546] [info] Collision Enter 2D Event Invoked
[22:36:52.547] [info] Collision Enter 2D Event Invoked
[22:36:52.547] [info] Collision Enter 2D Event Invoked
[22:36:52.547] [info] Collision Enter 2D Event Invoked
[22:36:52.547] [info] Collision Enter 2D Event Invoked
[22:36:52.547] [info] Collision Enter 2D Event Invoked
[22:36:52.547] [info] Collision Enter 2D Event Invoked
[22:36:52.548] [info] Collision Enter 2D Event Invoked
[22:36:52.548] [info] Collision Enter 2D Event Invoked
[22:36:52.548] [info] Collision Enter 2D Event Invoked
[22:36:52.548] [info] Collision Enter 2D Event Invoked
[22:36:52.548] [info] Collision Enter 2D Event Invoked
[22:36:52.548] [info] Collision Enter 2D Event Invoked
[22:36:52.549] [info] Collision Enter 2D Event Invoked
[22:36:52.549] [info] Collision Enter 2D Event Invoked
[22:36:52.549] [info] Collision Enter 2D Event Invoked
[22:36:52.549] [info] Collision Enter 2D Event Invoked
[22:36:52.549] [info] Collision Enter 2D Event Invoked
[22:36:52.563] [info] [MonoDbg] AddEntityToScript - Instantiating and adding script: TransformTween to Entity ID: -32
[22:36:52.563] [info] [SetScriptVars] OK setting fields for: TransformTween
[22:36:52.563] [info] [MonoDbg] AddEntityToScript - Syncing serialized fields for script: TransformTween
[22:36:52.563] [info] [SetScriptVars] OK setting fields for: TransformTween
[22:36:52.564] [info] [MonoDbg] AddEntityToScript - Instantiating and adding script: TransformTween to Entity ID: -33
[22:36:52.564] [info] [SetScriptVars] OK setting fields for: TransformTween
[22:36:52.564] [info] [MonoDbg] AddEntityToScript - Syncing serialized fields for script: TransformTween
[22:36:52.564] [info] [SetScriptVars] OK setting fields for: TransformTween
[22:36:52.564] [error] Entity not found for ID: 0
[22:36:52.566] [error] Entity not found for ID: 0
[22:36:52.566] [error] Entity not found for ID: 0
[22:36:52.566] [info] [SOURCE_DETECTOR] C# requested CreateEntity: Prefab = ExpOrbMedium
[22:36:52.566] [info] [SOURCE_DETECTOR] Engine creating Entity (Internal)
[22:36:52.566] [info] [CPP ECS] FromJson - Adding component 'Transform' to entity 'ExpOrbMedium'
[22:36:52.566] [info] [CPP ECS] FromJson - Adding component 'CircleCollider' to entity 'ExpOrbMedium'
[22:36:52.566] [info] [CPP ECS] FromJson - Adding component 'Variables' to entity 'ExpOrbMedium'
[22:36:52.567] [info] [CPP ECS] FromJson - Adding component 'SpriteRenderer' to entity 'ExpOrbMedium'
[22:36:52.567] [info] [CPP ECS] FromJson - Adding component 'Script' to entity 'ExpOrbMedium'
[22:36:52.567] [info] [SOURCE_DETECTOR] C# requested CreateEntity: Prefab = ExpOrbSmall
[22:36:52.567] [info] [SOURCE_DETECTOR] Engine creating Entity (Internal)
[22:36:52.567] [info] [CPP ECS] FromJson - Adding component 'Transform' to entity 'ExpOrbSmall'
[22:36:52.567] [info] [CPP ECS] FromJson - Adding component 'CircleCollider' to entity 'ExpOrbSmall'
[22:36:52.568] [info] [CPP ECS] FromJson - Adding component 'Variables' to entity 'ExpOrbSmall'
[22:36:52.568] [info] [CPP ECS] FromJson - Adding component 'SpriteRenderer' to entity 'ExpOrbSmall'
[22:36:52.568] [info] [CPP ECS] FromJson - Adding component 'Script' to entity 'ExpOrbSmall'
[22:36:52.568] [info] [SOURCE_DETECTOR] C# requested CreateEntity: Prefab = ExpOrbSmall
[22:36:52.568] [info] [SOURCE_DETECTOR] Engine creating Entity (Internal)
[22:36:52.568] [info] [CPP ECS] FromJson - Adding component 'Transform' to entity 'ExpOrbSmall'
[22:36:52.568] [info] [CPP ECS] FromJson - Adding component 'CircleCollider' to entity 'ExpOrbSmall'
[22:36:52.569] [info] [CPP ECS] FromJson - Adding component 'Variables' to entity 'ExpOrbSmall'
[22:36:52.569] [info] [CPP ECS] FromJson - Adding component 'SpriteRenderer' to entity 'ExpOrbSmall'
[22:36:52.569] [info] [CPP ECS] FromJson - Adding component 'Script' to entity 'ExpOrbSmall'
[22:36:52.569] [info] [SOURCE_DETECTOR] C# requested CreateEntity: Prefab = ExpOrbSmall
[22:36:52.569] [info] [SOURCE_DETECTOR] Engine creating Entity (Internal)
[22:36:52.569] [info] [CPP ECS] FromJson - Adding component 'Transform' to entity 'ExpOrbSmall'
[22:36:52.570] [info] [CPP ECS] FromJson - Adding component 'CircleCollider' to entity 'ExpOrbSmall'
[22:36:52.570] [info] [CPP ECS] FromJson - Adding component 'Variables' to entity 'ExpOrbSmall'
[22:36:52.570] [info] [CPP ECS] FromJson - Adding component 'SpriteRenderer' to entity 'ExpOrbSmall'
[22:36:52.570] [info] [CPP ECS] FromJson - Adding component 'Script' to entity 'ExpOrbSmall'
[22:36:52.570] [info] [SOURCE_DETECTOR] C# requested CreateEntity: Prefab = ExpOrbSmall
[22:36:52.570] [info] [SOURCE_DETECTOR] Engine creating Entity (Internal)
[22:36:52.571] [info] [CPP ECS] FromJson - Adding component 'Transform' to entity 'ExpOrbSmall'
[22:36:52.571] [info] [CPP ECS] FromJson - Adding component 'CircleCollider' to entity 'ExpOrbSmall'
[22:36:52.571] [info] [CPP ECS] FromJson - Adding component 'Variables' to entity 'ExpOrbSmall'
[22:36:52.571] [info] [CPP ECS] FromJson - Adding component 'SpriteRenderer' to entity 'ExpOrbSmall'
[22:36:52.571] [info] [CPP ECS] FromJson - Adding component 'Script' to entity 'ExpOrbSmall'
[22:36:52.571] [info] [SOURCE_DETECTOR] C# requested CreateEntity: Prefab = ExpOrbSmall
[22:36:52.571] [info] [SOURCE_DETECTOR] Engine creating Entity (Internal)
[22:36:52.572] [info] [CPP ECS] FromJson - Adding component 'Transform' to entity 'ExpOrbSmall'
[22:36:52.572] [info] [CPP ECS] FromJson - Adding component 'CircleCollider' to entity 'ExpOrbSmall'
[22:36:52.572] [info] [CPP ECS] FromJson - Adding component 'Variables' to entity 'ExpOrbSmall'
[22:36:52.572] [info] [CPP ECS] FromJson - Adding component 'SpriteRenderer' to entity 'ExpOrbSmall'
[22:36:52.572] [info] [CPP ECS] FromJson - Adding component 'Script' to entity 'ExpOrbSmall'
[22:36:52.572] [info] [SOURCE_DETECTOR] C# requested CreateEntity: Prefab = ExpOrbSmall
[22:36:52.573] [info] [SOURCE_DETECTOR] Engine creating Entity (Internal)
[22:36:52.573] [info] [CPP ECS] FromJson - Adding component 'Transform' to entity 'ExpOrbSmall'
[22:36:52.573] [info] [CPP ECS] FromJson - Adding component 'CircleCollider' to entity 'ExpOrbSmall'
[22:36:52.573] [info] [CPP ECS] FromJson - Adding component 'Variables' to entity 'ExpOrbSmall'
[22:36:52.573] [info] [CPP ECS] FromJson - Adding component 'SpriteRenderer' to entity 'ExpOrbSmall'
[22:36:52.574] [info] [CPP ECS] FromJson - Adding component 'Script' to entity 'ExpOrbSmall'
[22:36:52.574] [info] Collision Enter 2D Event Invoked
[22:36:52.574] [info] Collision Enter 2D Event Invoked
[22:36:52.575] [info] Collision Enter 2D Event Invoked
[22:36:52.575] [info] Collision Enter 2D Event Invoked
[22:36:52.575] [info] Collision Enter 2D Event Invoked
[22:36:52.575] [info] Collision Enter 2D Event Invoked
[22:36:52.575] [info] Collision Enter 2D Event Invoked
[22:36:52.588] [info] [MonoDbg] AddEntityToScript - Instantiating and adding script: ExperiencePoint to Entity ID: -25
[22:36:52.588] [info] [SetScriptVars] OK setting fields for: ExperiencePoint
[22:36:52.588] [info] [MonoDbg] AddEntityToScript - Syncing serialized fields for script: ExperiencePoint
[22:36:52.588] [info] [SetScriptVars] OK setting fields for: ExperiencePoint
[22:36:52.588] [info] [MonoDbg] AddEntityToScript - Instantiating and adding script: ExperiencePoint to Entity ID: -34
[22:36:52.588] [info] [SetScriptVars] OK setting fields for: ExperiencePoint
[22:36:52.589] [info] [MonoDbg] AddEntityToScript - Syncing serialized fields for script: ExperiencePoint
[22:36:52.589] [info] [SetScriptVars] OK setting fields for: ExperiencePoint
[22:36:52.589] [info] [MonoDbg] AddEntityToScript - Instantiating and adding script: ExperiencePoint to Entity ID: -35
[22:36:52.589] [info] [SetScriptVars] OK setting fields for: ExperiencePoint
[22:36:52.589] [info] [MonoDbg] AddEntityToScript - Syncing serialized fields for script: ExperiencePoint
[22:36:52.589] [info] [SetScriptVars] OK setting fields for: ExperiencePoint
[22:36:52.590] [info] [MonoDbg] AddEntityToScript - Instantiating and adding script: ExperiencePoint to Entity ID: -36
[22:36:52.590] [info] [SetScriptVars] OK setting fields for: ExperiencePoint
[22:36:52.590] [info] [MonoDbg] AddEntityToScript - Syncing serialized fields for script: ExperiencePoint
[22:36:52.590] [info] [SetScriptVars] OK setting fields for: ExperiencePoint
[22:36:52.590] [info] [MonoDbg] AddEntityToScript - Instantiating and adding script: ExperiencePoint to Entity ID: -37
[22:36:52.590] [info] [SetScriptVars] OK setting fields for: ExperiencePoint
[22:36:52.591] [info] [MonoDbg] AddEntityToScript - Syncing serialized fields for script: ExperiencePoint
[22:36:52.591] [info] [SetScriptVars] OK setting fields for: ExperiencePoint
[22:36:52.591] [info] [MonoDbg] AddEntityToScript - Instantiating and adding script: ExperiencePoint to Entity ID: -38
[22:36:52.591] [info] [SetScriptVars] OK setting fields for: ExperiencePoint
[22:36:52.591] [info] [MonoDbg] AddEntityToScript - Syncing serialized fields for script: ExperiencePoint
[22:36:52.591] [info] [SetScriptVars] OK setting fields for: ExperiencePoint
[22:36:52.592] [info] [MonoDbg] AddEntityToScript - Instantiating and adding script: ExperiencePoint to Entity ID: -39
[22:36:52.592] [info] [SetScriptVars] OK setting fields for: ExperiencePoint
[22:36:52.592] [info] [MonoDbg] AddEntityToScript - Syncing serialized fields for script: ExperiencePoint
[22:36:52.592] [info] [SetScriptVars] OK setting fields for: ExperiencePoint
[22:36:52.592] [error] Entity not found for ID: 0
[22:36:52.606] [error] Entity not found for ID: 0
[22:36:52.619] [error] Entity not found for ID: 0
[22:36:52.634] [error] Entity not found for ID: 0
[22:36:52.648] [error] Entity not found for ID: 0
[22:36:52.663] [error] Entity not found for ID: 0
[22:36:52.679] [error] Entity not found for ID: 0
[22:36:52.693] [error] Entity not found for ID: 0
[22:36:52.695] [info] Collision Exit 2D Event Invoked
[22:36:52.695] [info] Collision Exit 2D Event Invoked
[22:36:52.695] [info] Collision Exit 2D Event Invoked
[22:36:52.695] [info] Collision Exit 2D Event Invoked
[22:36:52.696] [info] Collision Exit 2D Event Invoked
[22:36:52.696] [info] Collision Exit 2D Event Invoked
[22:36:52.696] [info] Collision Exit 2D Event Invoked
[22:36:52.696] [info] Collision Exit 2D Event Invoked
[22:36:52.697] [info] Collision Exit 2D Event Invoked
[22:36:52.697] [info] Collision Exit 2D Event Invoked
[22:36:52.697] [info] Collision Exit 2D Event Invoked
[22:36:52.697] [info] Collision Exit 2D Event Invoked
[22:36:52.697] [info] Collision Exit 2D Event Invoked
[22:36:52.697] [info] Collision Exit 2D Event Invoked
[22:36:52.697] [info] Collision Exit 2D Event Invoked
[22:36:52.710] [error] Entity not found for ID: 0
[22:36:52.725] [error] Entity not found for ID: 0
[22:36:52.740] [error] Entity not found for ID: 0
[22:36:52.757] [error] Entity not found for ID: 0
[22:36:52.773] [error] Entity not found for ID: 0
[22:36:52.790] [error] Entity not found for ID: 0
[22:36:52.807] [error] Entity not found for ID: 0
[22:36:52.824] [error] Entity not found for ID: 0
[22:36:52.840] [error] Entity not found for ID: 0
[22:36:52.857] [error] Entity not found for ID: 0
[22:36:52.873] [error] Entity not found for ID: 0
[22:36:52.891] [error] Entity not found for ID: 0
[22:36:52.907] [error] Entity not found for ID: 0
[22:36:52.907] [error] Entity not found for ID: -32
[22:36:52.907] [error] Entity not found for ID: -33
[22:36:52.924] [error] Entity not found for ID: 0
[22:36:52.924] [info] [SOURCE_DETECTOR] C# requested CreateEntity: Prefab = SeaCow
[22:36:52.924] [info] [SOURCE_DETECTOR] Engine creating Entity (Internal)
[22:36:52.924] [info] [CPP ECS] FromJson - Adding component 'Transform' to entity 'SeaCow'
[22:36:52.925] [info] [CPP ECS] FromJson - Adding component 'CircleCollider' to entity 'SeaCow'
[22:36:52.925] [info] [CPP ECS] FromJson - Adding component 'Variables' to entity 'SeaCow'
[22:36:52.925] [info] [CPP ECS] FromJson - Adding component 'Script' to entity 'SeaCow'
[22:36:52.925] [info] [CPP ECS] FromJson - Adding component 'SpriteRenderer' to entity 'SeaCow'
[22:36:52.925] [info] [CPP ECS] FromJson - Adding component 'Rigidbody2D' to entity 'SeaCow'
[22:36:52.926] [error] Entity not found for ID: -32
[22:36:52.926] [error] Entity not found for ID: -33
[22:36:52.927] [info] Collision Enter 2D Event Invoked
[22:36:52.927] [info] Collision Enter 2D Event Invoked
[22:36:52.927] [info] Collision Enter 2D Event Invoked
[22:36:52.927] [info] Collision Enter 2D Event Invoked
[22:36:52.940] [info] [MonoDbg] AddEntityToScript - Instantiating and adding script: SpriteAnimation to Entity ID: -24
[22:36:52.940] [info] [SetScriptVars] OK setting fields for: SpriteAnimation
[22:36:52.940] [info] [MonoDbg] AddEntityToScript - Syncing serialized fields for script: SpriteAnimation
[22:36:52.941] [info] [SetScriptVars] OK setting fields for: SpriteAnimation
[22:36:52.941] [info] [MonoDbg] AddEntityToScript - Instantiating and adding script: ChaseController to Entity ID: -24
[22:36:52.941] [info] [SetScriptVars] OK setting fields for: ChaseController
[22:36:52.941] [info] [MonoDbg] AddEntityToScript - Syncing serialized fields for script: ChaseController
[22:36:52.941] [info] [SetScriptVars] OK setting fields for: ChaseController
[22:36:52.941] [info] [MonoDbg] AddEntityToScript - Instantiating and adding script: TargetFacingFlip to Entity ID: -24
[22:36:52.942] [info] [SetScriptVars] OK setting fields for: TargetFacingFlip
[22:36:52.942] [info] [MonoDbg] AddEntityToScript - Syncing serialized fields for script: TargetFacingFlip
[22:36:52.942] [info] [SetScriptVars] OK setting fields for: TargetFacingFlip
[22:36:52.942] [info] [MonoDbg] AddEntityToScript - Instantiating and adding script: SeaCow to Entity ID: -24
[22:36:52.942] [info] [SetScriptVars] OK setting fields for: SeaCow
[22:36:52.942] [info] [MonoDbg] AddEntityToScript - Syncing serialized fields for script: SeaCow
[22:36:52.942] [info] [SetScriptVars] OK setting fields for: SeaCow
[22:36:52.943] [info] [MonoDbg] AddEntityToScript - Instantiating and adding script: HP to Entity ID: -24
[22:36:52.943] [info] [SetScriptVars] OK setting fields for: HP
[22:36:52.943] [info] [MonoDbg] AddEntityToScript - Syncing serialized fields for script: HP
[22:36:52.943] [info] [SetScriptVars] OK setting fields for: HP
[22:36:52.943] [info] [MonoDbg] AddEntityToScript - Instantiating and adding script: ParticleOffset to Entity ID: -24
[22:36:52.944] [info] [SetScriptVars] no group for scriptName: ParticleOffset  groups: 10
[22:36:52.944] [info] [MonoDbg] AddEntityToScript - Syncing serialized fields for script: ParticleOffset
[22:36:52.944] [info] [SetScriptVars] no group for scriptName: ParticleOffset  groups: 10
[22:36:52.944] [info] [MonoDbg] AddEntityToScript - Instantiating and adding script: AttackCollision to Entity ID: -24
[22:36:52.944] [info] [SetScriptVars] OK setting fields for: AttackCollision
[22:36:52.944] [info] [MonoDbg] AddEntityToScript - Syncing serialized fields for script: AttackCollision
[22:36:52.944] [info] [SetScriptVars] OK setting fields for: AttackCollision
[22:36:52.945] [info] [MonoDbg] AddEntityToScript - Instantiating and adding script: ExpDropper to Entity ID: -24
[22:36:52.945] [info] [SetScriptVars] OK setting fields for: ExpDropper
[22:36:52.945] [info] [MonoDbg] AddEntityToScript - Syncing serialized fields for script: ExpDropper
[22:36:52.945] [info] [SetScriptVars] OK setting fields for: ExpDropper
[22:36:52.945] [info] [MonoDbg] AddEntityToScript - Instantiating and adding script: DespawnTimer to Entity ID: -24
[22:36:52.945] [info] [SetScriptVars] OK setting fields for: DespawnTimer
[22:36:52.946] [info] [MonoDbg] AddEntityToScript - Syncing serialized fields for script: DespawnTimer
[22:36:52.946] [info] [SetScriptVars] OK setting fields for: DespawnTimer
[22:36:52.946] [info] [MonoDbg] AddEntityToScript - Instantiating and adding script: FlashOnDamaged to Entity ID: -24
[22:36:52.946] [info] [SetScriptVars] OK setting fields for: FlashOnDamaged
[22:36:52.946] [info] [MonoDbg] AddEntityToScript - Syncing serialized fields for script: FlashOnDamaged
[22:36:52.946] [info] [SetScriptVars] OK setting fields for: FlashOnDamaged
[22:36:52.947] [info] [MonoDbg] AddEntityToScript - Instantiating and adding script: ShakeSelfOnDamaged to Entity ID: -24
[22:36:52.947] [info] [SetScriptVars] OK setting fields for: ShakeSelfOnDamaged
[22:36:52.947] [info] [MonoDbg] AddEntityToScript - Syncing serialized fields for script: ShakeSelfOnDamaged
[22:36:52.947] [info] [SetScriptVars] OK setting fields for: ShakeSelfOnDamaged
[22:36:52.948] [info] [SOURCE_DETECTOR] C# requested CreateEntity: Prefab = enemySwimParticle
[22:36:52.948] [info] [SOURCE_DETECTOR] Engine creating Entity (Internal)
[22:36:52.948] [info] [CPP ECS] FromJson - Adding component 'Transform' to entity 'enemySwimParticle'
[22:36:52.948] [info] [CPP ECS] FromJson - Adding component 'Variables' to entity 'enemySwimParticle'
[22:36:52.948] [info] [CPP ECS] FromJson - Adding component 'ParticleSystem2D' to entity 'enemySwimParticle'
[22:36:52.949] [error] Entity not found for ID: 0
[22:36:52.950] [error] Entity not found for ID: -32
[22:36:52.950] [error] Entity not found for ID: -33
[22:36:52.963] [error] Entity not found for ID: 0
[22:36:52.964] [error] Entity not found for ID: -32
[22:36:52.964] [error] Entity not found for ID: -33
[22:36:52.978] [error] Entity not found for ID: 0
[22:36:52.979] [error] Entity not found for ID: -32
[22:36:52.979] [error] Entity not found for ID: -33
[22:36:52.993] [error] Entity not found for ID: 0
[22:36:52.994] [error] Entity not found for ID: -32
[22:36:52.994] [error] Entity not found for ID: -33
[22:36:53.007] [error] Entity not found for ID: 0
[22:36:53.008] [error] Entity not found for ID: -32
[22:36:53.008] [error] Entity not found for ID: -33
[22:36:53.023] [error] Entity not found for ID: 0
[22:36:53.024] [error] Entity not found for ID: -32
[22:36:53.024] [error] Entity not found for ID: -33
[22:36:53.040] [error] Entity not found for ID: 0
[22:36:53.041] [error] Entity not found for ID: -32
[22:36:53.041] [error] Entity not found for ID: -33
[22:36:53.056] [error] Entity not found for ID: 0
[22:36:53.057] [error] Entity not found for ID: -32
[22:36:53.057] [error] Entity not found for ID: -33
[22:36:53.073] [error] Entity not found for ID: 0
[22:36:53.074] [error] Entity not found for ID: -32
[22:36:53.074] [error] Entity not found for ID: -33
[22:36:53.090] [error] Entity not found for ID: 0
[22:36:53.091] [error] Entity not found for ID: -32
[22:36:53.091] [error] Entity not found for ID: -33
[22:36:53.106] [error] Entity not found for ID: 0
[22:36:53.107] [error] Entity not found for ID: -32
[22:36:53.107] [error] Entity not found for ID: -33
[22:36:53.123] [error] Entity not found for ID: 0
[22:36:53.123] [error] Entity not found for ID: -32
[22:36:53.124] [error] Entity not found for ID: -33
[22:36:53.140] [error] Entity not found for ID: 0
[22:36:53.141] [error] Entity not found for ID: -32
[22:36:53.141] [error] Entity not found for ID: -33
[22:36:53.157] [error] Entity not found for ID: 0
[22:36:53.158] [error] Entity not found for ID: -32
[22:36:53.158] [error] Entity not found for ID: -33
[22:36:53.173] [error] Entity not found for ID: 0
[22:36:53.174] [error] Entity not found for ID: -32
[22:36:53.174] [error] Entity not found for ID: -33
[22:36:53.190] [error] Entity not found for ID: 0
[22:36:53.190] [error] Entity not found for ID: -32
[22:36:53.191] [error] Entity not found for ID: -33
[22:36:53.207] [error] Entity not found for ID: 0
[22:36:53.208] [error] Entity not found for ID: -32
[22:36:53.208] [error] Entity not found for ID: -33
[22:36:53.223] [error] Entity not found for ID: 0
[22:36:53.224] [error] Entity not found for ID: -32
[22:36:53.224] [error] Entity not found for ID: -33
[22:36:53.240] [error] Entity not found for ID: 0
[22:36:53.240] [error] Entity not found for ID: -32
[22:36:53.240] [error] Entity not found for ID: -33
[22:36:53.257] [info] [SOURCE_DETECTOR] C# requested CreateEntity: Prefab = playerDashParticle
[22:36:53.257] [info] [SOURCE_DETECTOR] Engine creating Entity (Internal)
[22:36:53.257] [info] [CPP ECS] FromJson - Adding component 'Transform' to entity 'playerDashParticle'
[22:36:53.258] [info] [CPP ECS] FromJson - Adding component 'Variables' to entity 'playerDashParticle'
[22:36:53.258] [info] [CPP ECS] FromJson - Adding component 'ParticleSystem2D' to entity 'playerDashParticle'
[22:36:53.258] [error] Entity not found for ID: 0
[22:36:53.259] [error] Entity not found for ID: -33
[22:36:53.274] [error] Entity not found for ID: 0
[22:36:53.274] [error] Entity not found for ID: -33
[22:36:53.290] [error] Entity not found for ID: 0
[22:36:53.291] [error] Entity not found for ID: -33
[22:36:53.306] [error] Entity not found for ID: 0
[22:36:53.307] [error] Entity not found for ID: -33
[22:36:53.323] [error] Entity not found for ID: 0
[22:36:53.324] [error] Entity not found for ID: -33
[22:36:53.340] [error] Entity not found for ID: 0
[22:36:53.340] [error] Entity not found for ID: -33
[22:36:53.358] [error] Entity not found for ID: 0
[22:36:53.358] [error] Entity not found for ID: -33
[22:36:53.374] [error] Entity not found for ID: 0
[22:36:53.375] [error] Entity not found for ID: -33
[22:36:53.391] [error] Entity not found for ID: 0
[22:36:53.391] [error] Entity not found for ID: -33
[22:36:53.407] [error] Entity not found for ID: 0
[22:36:53.408] [error] Entity not found for ID: -33
[22:36:53.424] [error] Entity not found for ID: 0
[22:36:53.424] [error] Entity not found for ID: -33
[22:36:53.441] [error] Entity not found for ID: 0
[22:36:53.441] [error] Entity not found for ID: -33
[22:36:53.457] [error] Entity not found for ID: 0
[22:36:53.458] [error] Entity not found for ID: -33
[22:36:53.474] [error] Entity not found for ID: 0
[22:36:53.475] [error] Entity not found for ID: -33
[22:36:53.491] [error] Entity not found for ID: 0
[22:36:53.492] [error] Entity not found for ID: -33
[22:36:53.507] [error] Entity not found for ID: 0
[22:36:53.508] [error] Entity not found for ID: -33
[22:36:53.524] [error] Entity not found for ID: 0
[22:36:53.525] [error] Entity not found for ID: -33
[22:36:53.540] [error] Entity not found for ID: 0
[22:36:53.541] [error] Entity not found for ID: -33
[22:36:53.558] [error] Entity not found for ID: 0
[22:36:53.558] [error] Entity not found for ID: -33
[22:36:53.575] [error] Entity not found for ID: 0
[22:36:53.575] [error] Entity not found for ID: -33
[22:36:53.591] [error] Entity not found for ID: 0
[22:36:53.592] [error] Entity not found for ID: -33
[22:36:53.607] [error] Entity not found for ID: 0
[22:36:53.608] [error] Entity not found for ID: -33
[22:36:53.624] [error] Entity not found for ID: 0
[22:36:53.625] [error] Entity not found for ID: -33
[22:36:53.641] [error] Entity not found for ID: 0
[22:36:53.642] [error] Entity not found for ID: -33
[22:36:53.657] [error] Entity not found for ID: 0
[22:36:53.658] [error] Entity not found for ID: -33
[22:36:53.674] [error] Entity not found for ID: 0
[22:36:53.675] [error] Entity not found for ID: -33
[22:36:53.691] [error] Entity not found for ID: 0
[22:36:53.692] [error] Entity not found for ID: -33
[22:36:53.707] [error] Entity not found for ID: 0
[22:36:53.708] [error] Entity not found for ID: -33
[22:36:53.723] [error] Entity not found for ID: 0
[22:36:53.724] [error] Entity not found for ID: -33
[22:36:53.741] [error] Entity not found for ID: 0
[22:36:53.741] [error] Entity not found for ID: -33
[22:36:53.757] [error] Entity not found for ID: 0
[22:36:53.758] [error] Entity not found for ID: -33
[22:36:53.774] [error] Entity not found for ID: 0
[22:36:53.775] [error] Entity not found for ID: -33
[22:36:53.792] [error] Entity not found for ID: 0
[22:36:53.792] [error] Entity not found for ID: -33
[22:36:53.808] [error] Entity not found for ID: 0
[22:36:53.809] [error] Entity not found for ID: -33
[22:36:53.827] [error] Entity not found for ID: 0
[22:36:53.828] [error] Entity not found for ID: -33
[22:36:53.843] [error] Entity not found for ID: 0
[22:36:53.843] [error] Entity not found for ID: -33
[22:36:53.859] [error] Entity not found for ID: 0
[22:36:53.860] [error] Entity not found for ID: -33
[22:36:53.876] [error] Entity not found for ID: 0
[22:36:53.876] [error] Entity not found for ID: -33
[22:36:53.894] [error] Entity not found for ID: 0
[22:36:53.894] [error] Entity not found for ID: -33
[22:36:53.910] [error] Entity not found for ID: 0
[22:36:53.910] [error] Entity not found for ID: -33
[22:36:53.925] [error] Entity not found for ID: 0
[22:36:53.925] [info] [SOURCE_DETECTOR] C# requested CreateEntity: Prefab = SeaCow
[22:36:53.925] [info] [SOURCE_DETECTOR] Engine creating Entity (Internal)
[22:36:53.926] [info] [CPP ECS] FromJson - Adding component 'Transform' to entity 'SeaCow'
[22:36:53.926] [info] [CPP ECS] FromJson - Adding component 'CircleCollider' to entity 'SeaCow'
[22:36:53.926] [info] [CPP ECS] FromJson - Adding component 'Variables' to entity 'SeaCow'
[22:36:53.926] [info] [CPP ECS] FromJson - Adding component 'Script' to entity 'SeaCow'
[22:36:53.926] [info] [CPP ECS] FromJson - Adding component 'SpriteRenderer' to entity 'SeaCow'
[22:36:53.926] [info] [CPP ECS] FromJson - Adding component 'Rigidbody2D' to entity 'SeaCow'
[22:36:53.941] [info] [MonoDbg] AddEntityToScript - Instantiating and adding script: SpriteAnimation to Entity ID: -33
[22:36:53.941] [info] [SetScriptVars] OK setting fields for: SpriteAnimation
[22:36:53.942] [info] [MonoDbg] AddEntityToScript - Syncing serialized fields for script: SpriteAnimation
[22:36:53.942] [info] [SetScriptVars] OK setting fields for: SpriteAnimation
[22:36:53.942] [info] [MonoDbg] AddEntityToScript - Instantiating and adding script: ChaseController to Entity ID: -33
[22:36:53.942] [info] [SetScriptVars] OK setting fields for: ChaseController
[22:36:53.943] [info] [MonoDbg] AddEntityToScript - Syncing serialized fields for script: ChaseController
[22:36:53.943] [info] [SetScriptVars] OK setting fields for: ChaseController
[22:36:53.943] [info] [MonoDbg] AddEntityToScript - Instantiating and adding script: TargetFacingFlip to Entity ID: -33
[22:36:53.943] [info] [SetScriptVars] OK setting fields for: TargetFacingFlip
[22:36:53.943] [info] [MonoDbg] AddEntityToScript - Syncing serialized fields for script: TargetFacingFlip
[22:36:53.943] [info] [SetScriptVars] OK setting fields for: TargetFacingFlip
[22:36:53.944] [info] [MonoDbg] AddEntityToScript - Instantiating and adding script: SeaCow to Entity ID: -33
[22:36:53.944] [info] [SetScriptVars] OK setting fields for: SeaCow
[22:36:53.944] [info] [MonoDbg] AddEntityToScript - Syncing serialized fields for script: SeaCow
[22:36:53.944] [info] [SetScriptVars] OK setting fields for: SeaCow
[22:36:53.944] [info] [MonoDbg] AddEntityToScript - Instantiating and adding script: HP to Entity ID: -33
[22:36:53.945] [info] [SetScriptVars] OK setting fields for: HP
[22:36:53.945] [info] [MonoDbg] AddEntityToScript - Syncing serialized fields for script: HP
[22:36:53.945] [info] [SetScriptVars] OK setting fields for: HP
[22:36:53.945] [info] [MonoDbg] AddEntityToScript - Instantiating and adding script: ParticleOffset to Entity ID: -33
[22:36:53.945] [info] [SetScriptVars] no group for scriptName: ParticleOffset  groups: 10
[22:36:53.945] [info] [MonoDbg] AddEntityToScript - Syncing serialized fields for script: ParticleOffset
[22:36:53.945] [info] [SetScriptVars] no group for scriptName: ParticleOffset  groups: 10
[22:36:53.946] [info] [MonoDbg] AddEntityToScript - Instantiating and adding script: AttackCollision to Entity ID: -33
[22:36:53.946] [info] [SetScriptVars] OK setting fields for: AttackCollision
[22:36:53.946] [info] [MonoDbg] AddEntityToScript - Syncing serialized fields for script: AttackCollision
[22:36:53.946] [info] [SetScriptVars] OK setting fields for: AttackCollision
[22:36:53.946] [info] [MonoDbg] AddEntityToScript - Instantiating and adding script: ExpDropper to Entity ID: -33
[22:36:53.947] [info] [SetScriptVars] OK setting fields for: ExpDropper
[22:36:53.947] [info] [MonoDbg] AddEntityToScript - Syncing serialized fields for script: ExpDropper
[22:36:53.947] [info] [SetScriptVars] OK setting fields for: ExpDropper
[22:36:53.947] [info] [MonoDbg] AddEntityToScript - Instantiating and adding script: DespawnTimer to Entity ID: -33
[22:36:53.947] [info] [SetScriptVars] OK setting fields for: DespawnTimer
[22:36:53.947] [info] [MonoDbg] AddEntityToScript - Syncing serialized fields for script: DespawnTimer
[22:36:53.948] [info] [SetScriptVars] OK setting fields for: DespawnTimer
[22:36:53.948] [info] [MonoDbg] AddEntityToScript - Instantiating and adding script: FlashOnDamaged to Entity ID: -33
[22:36:53.948] [info] [SetScriptVars] OK setting fields for: FlashOnDamaged
[22:36:53.948] [info] [MonoDbg] AddEntityToScript - Syncing serialized fields for script: FlashOnDamaged
[22:36:53.948] [info] [SetScriptVars] OK setting fields for: FlashOnDamaged
[22:36:53.948] [info] [MonoDbg] AddEntityToScript - Instantiating and adding script: ShakeSelfOnDamaged to Entity ID: -33
[22:36:53.949] [info] [SetScriptVars] OK setting fields for: ShakeSelfOnDamaged
[22:36:53.949] [info] [MonoDbg] AddEntityToScript - Syncing serialized fields for script: ShakeSelfOnDamaged
[22:36:53.949] [info] [SetScriptVars] OK setting fields for: ShakeSelfOnDamaged
[22:36:53.949] [error] Entity not found for ID: 0
[22:36:53.965] [error] Entity not found for ID: 0
[22:36:53.982] [error] Entity not found for ID: 0
[22:36:53.999] [error] Entity not found for ID: 0
[22:36:54.014] [error] Entity not found for ID: 0
[22:36:54.029] [error] Entity not found for ID: 0
[22:36:54.043] [error] Entity not found for ID: 0
[22:36:54.058] [error] Entity not found for ID: 0
[22:36:54.075] [error] Entity not found for ID: 0
[22:36:54.092] [error] Entity not found for ID: 0
[22:36:54.108] [error] Entity not found for ID: 0
[22:36:54.125] [error] Entity not found for ID: 0
[22:36:54.141] [error] Entity not found for ID: 0
[22:36:54.158] [error] Entity not found for ID: 0
[22:36:54.175] [error] Entity not found for ID: 0
[22:36:54.192] [error] Entity not found for ID: 0
[22:36:54.208] [error] Entity not found for ID: 0
[22:36:54.224] [error] Entity not found for ID: 0
[22:36:54.241] [error] Entity not found for ID: 0
[22:36:54.258] [error] Entity not found for ID: 0
[22:36:54.274] [error] Entity not found for ID: 0
[22:36:54.291] [error] Entity not found for ID: 0
[22:36:54.308] [error] Entity not found for ID: 0
[22:36:54.324] [error] Entity not found for ID: 0
[22:36:54.341] [error] Entity not found for ID: 0
[22:36:54.358] [error] Entity not found for ID: 0
[22:36:54.374] [error] Entity not found for ID: 0
[22:36:54.391] [error] Entity not found for ID: 0
[22:36:54.392] [info] [SOURCE_DETECTOR] C# requested CreateEntity: Prefab = MorayEel
[22:36:54.392] [info] [SOURCE_DETECTOR] Engine creating Entity (Internal)
[22:36:54.392] [info] [CPP ECS] FromJson - Adding component 'Transform' to entity 'MorayEel'
[22:36:54.392] [info] [CPP ECS] FromJson - Adding component 'CircleCollider' to entity 'MorayEel'
[22:36:54.393] [info] [CPP ECS] FromJson - Adding component 'Variables' to entity 'MorayEel'
[22:36:54.393] [info] [CPP ECS] FromJson - Adding component 'Script' to entity 'MorayEel'
[22:36:54.393] [info] [CPP ECS] FromJson - Adding component 'SpriteRenderer' to entity 'MorayEel'
[22:36:54.393] [info] [CPP ECS] FromJson - Adding component 'Rigidbody2D' to entity 'MorayEel'
[22:36:54.393] [info] Script MorayEelSpawnMove found for Entity ID: -29
[22:36:54.394] [info] [SetScriptVars] OK setting fields for: MorayEelSpawnMove
[22:36:54.408] [info] [MonoDbg] AddEntityToScript - Instantiating and adding script: SpriteAnimation to Entity ID: -29
[22:36:54.409] [info] [SetScriptVars] OK setting fields for: SpriteAnimation
[22:36:54.409] [info] [MonoDbg] AddEntityToScript - Syncing serialized fields for script: SpriteAnimation
[22:36:54.409] [info] [SetScriptVars] OK setting fields for: SpriteAnimation
[22:36:54.409] [info] [MonoDbg] AddEntityToScript - Instantiating and adding script: MorayEelSpawnMove to Entity ID: -29
[22:36:54.409] [info] [MonoDbg] AddEntityToScript - Syncing serialized fields for script: MorayEelSpawnMove
[22:36:54.409] [info] [SetScriptVars] OK setting fields for: MorayEelSpawnMove
[22:36:54.410] [info] [MonoDbg] AddEntityToScript - Instantiating and adding script: ChaseController to Entity ID: -29
[22:36:54.410] [info] [SetScriptVars] OK setting fields for: ChaseController
[22:36:54.410] [info] [MonoDbg] AddEntityToScript - Syncing serialized fields for script: ChaseController
[22:36:54.410] [info] [SetScriptVars] OK setting fields for: ChaseController
[22:36:54.410] [info] [MonoDbg] AddEntityToScript - Instantiating and adding script: ChaseAnimation to Entity ID: -29
[22:36:54.410] [info] [SetScriptVars] OK setting fields for: ChaseAnimation
[22:36:54.411] [info] [MonoDbg] AddEntityToScript - Syncing serialized fields for script: ChaseAnimation
[22:36:54.411] [info] [SetScriptVars] OK setting fields for: ChaseAnimation
[22:36:54.411] [info] [MonoDbg] AddEntityToScript - Instantiating and adding script: SmallFryChaseMove to Entity ID: -29
[22:36:54.411] [info] [SetScriptVars] OK setting fields for: SmallFryChaseMove
[22:36:54.411] [info] [MonoDbg] AddEntityToScript - Syncing serialized fields for script: SmallFryChaseMove
[22:36:54.412] [info] [SetScriptVars] OK setting fields for: SmallFryChaseMove
[22:36:54.412] [info] [MonoDbg] AddEntityToScript - Instantiating and adding script: TargetFacingFlip to Entity ID: -29
[22:36:54.412] [info] [SetScriptVars] OK setting fields for: TargetFacingFlip
[22:36:54.412] [info] [MonoDbg] AddEntityToScript - Syncing serialized fields for script: TargetFacingFlip
[22:36:54.412] [info] [SetScriptVars] OK setting fields for: TargetFacingFlip
[22:36:54.412] [info] [MonoDbg] AddEntityToScript - Instantiating and adding script: MorayEel to Entity ID: -29
[22:36:54.413] [info] [SetScriptVars] OK setting fields for: MorayEel
[22:36:54.413] [info] [MonoDbg] AddEntityToScript - Syncing serialized fields for script: MorayEel
[22:36:54.413] [info] [SetScriptVars] OK setting fields for: MorayEel
[22:36:54.413] [info] [MonoDbg] AddEntityToScript - Instantiating and adding script: HP to Entity ID: -29
[22:36:54.413] [info] [SetScriptVars] OK setting fields for: HP
[22:36:54.413] [info] [MonoDbg] AddEntityToScript - Syncing serialized fields for script: HP
[22:36:54.414] [info] [SetScriptVars] OK setting fields for: HP
[22:36:54.414] [info] [MonoDbg] AddEntityToScript - Instantiating and adding script: DespawnTimer to Entity ID: -29
[22:36:54.414] [info] [SetScriptVars] OK setting fields for: DespawnTimer
[22:36:54.414] [info] [MonoDbg] AddEntityToScript - Syncing serialized fields for script: DespawnTimer
[22:36:54.414] [info] [SetScriptVars] OK setting fields for: DespawnTimer
[22:36:54.414] [info] [MonoDbg] AddEntityToScript - Instantiating and adding script: ExpDropper to Entity ID: -29
[22:36:54.415] [info] [SetScriptVars] OK setting fields for: ExpDropper
[22:36:54.415] [info] [MonoDbg] AddEntityToScript - Syncing serialized fields for script: ExpDropper
[22:36:54.415] [info] [SetScriptVars] OK setting fields for: ExpDropper
[22:36:54.415] [info] [MonoDbg] AddEntityToScript - Instantiating and adding script: ParticleOffset to Entity ID: -29
[22:36:54.415] [info] [SetScriptVars] OK setting fields for: ParticleOffset
[22:36:54.415] [info] [MonoDbg] AddEntityToScript - Syncing serialized fields for script: ParticleOffset
[22:36:54.416] [info] [SetScriptVars] OK setting fields for: ParticleOffset
[22:36:54.416] [info] [MonoDbg] AddEntityToScript - Instantiating and adding script: AttackCollision to Entity ID: -29
[22:36:54.416] [info] [SetScriptVars] OK setting fields for: AttackCollision
[22:36:54.416] [info] [MonoDbg] AddEntityToScript - Syncing serialized fields for script: AttackCollision
[22:36:54.416] [info] [SetScriptVars] OK setting fields for: AttackCollision
[22:36:54.416] [info] [MonoDbg] AddEntityToScript - Instantiating and adding script: FlashOnDamaged to Entity ID: -29
[22:36:54.417] [info] [SetScriptVars] OK setting fields for: FlashOnDamaged
[22:36:54.417] [info] [MonoDbg] AddEntityToScript - Syncing serialized fields for script: FlashOnDamaged
[22:36:54.417] [info] [SetScriptVars] OK setting fields for: FlashOnDamaged
[22:36:54.417] [info] [MonoDbg] AddEntityToScript - Instantiating and adding script: ShakeSelfOnDamaged to Entity ID: -29
[22:36:54.417] [info] [SetScriptVars] OK setting fields for: ShakeSelfOnDamaged
[22:36:54.418] [info] [MonoDbg] AddEntityToScript - Syncing serialized fields for script: ShakeSelfOnDamaged
[22:36:54.418] [info] [SetScriptVars] OK setting fields for: ShakeSelfOnDamaged
[22:36:54.418] [info] [SOURCE_DETECTOR] C# requested CreateEntity: Prefab = enemySwimParticle
[22:36:54.418] [info] [SOURCE_DETECTOR] Engine creating Entity (Internal)
[22:36:54.418] [info] [CPP ECS] FromJson - Adding component 'Transform' to entity 'enemySwimParticle'
[22:36:54.419] [info] [CPP ECS] FromJson - Adding component 'Variables' to entity 'enemySwimParticle'
[22:36:54.419] [info] [CPP ECS] FromJson - Adding component 'ParticleSystem2D' to entity 'enemySwimParticle'
[22:36:54.419] [error] Entity not found for ID: 0
[22:36:54.434] [error] Entity not found for ID: 0
[22:36:54.449] [error] Entity not found for ID: 0
[22:36:54.464] [error] Entity not found for ID: 0
[22:36:54.479] [error] Entity not found for ID: 0
[22:36:54.494] [error] Entity not found for ID: 0
[22:36:54.511] [error] Entity not found for ID: 0
[22:36:54.526] [error] Entity not found for ID: 0
[22:36:54.544] [error] Entity not found for ID: 0
[22:36:54.559] [error] Entity not found for ID: 0
[22:36:54.575] [error] Entity not found for ID: 0
[22:36:54.592] [error] Entity not found for ID: 0
[22:36:54.608] [error] Entity not found for ID: 0
[22:36:54.624] [error] Entity not found for ID: 0
[22:36:54.641] [error] Entity not found for ID: 0
[22:36:54.658] [error] Entity not found for ID: 0
[22:36:54.674] [error] Entity not found for ID: 0
[22:36:54.691] [error] Entity not found for ID: 0
[22:36:54.708] [error] Entity not found for ID: 0
[22:36:54.724] [error] Entity not found for ID: 0
[22:36:54.741] [error] Entity not found for ID: 0
[22:36:54.758] [error] Entity not found for ID: 0
[22:36:54.775] [error] Entity not found for ID: 0
[22:36:54.792] [error] Entity not found for ID: 0
[22:36:54.809] [error] Entity not found for ID: 0
[22:36:54.824] [error] Entity not found for ID: 0
[22:36:54.841] [error] Entity not found for ID: 0
[22:36:54.858] [error] Entity not found for ID: 0
[22:36:54.874] [error] Entity not found for ID: 0
[22:36:54.891] [error] Entity not found for ID: 0
[22:36:54.907] [error] Entity not found for ID: 0
[22:36:54.924] [error] Entity not found for ID: 0
[22:36:54.925] [info] [SOURCE_DETECTOR] C# requested CreateEntity: Prefab = MorayEelPot
[22:36:54.925] [info] [SOURCE_DETECTOR] Engine creating Entity (Internal)
[22:36:54.925] [info] [CPP ECS] FromJson - Adding component 'Transform' to entity 'MorayEelPot'
[22:36:54.925] [info] [CPP ECS] FromJson - Adding component 'CircleCollider' to entity 'MorayEelPot'
[22:36:54.925] [info] [CPP ECS] FromJson - Adding component 'Variables' to entity 'MorayEelPot'
[22:36:54.926] [info] [CPP ECS] FromJson - Adding component 'Script' to entity 'MorayEelPot'
[22:36:54.926] [info] [CPP ECS] FromJson - Adding component 'SpriteRenderer' to entity 'MorayEelPot'
[22:36:54.926] [info] [CPP ECS] FromJson - Adding component 'Rigidbody2D' to entity 'MorayEelPot'
[22:36:54.927] [info] Collision Enter 2D Event Invoked
[22:36:54.927] [info] Collision Enter 2D Event Invoked
[22:36:54.927] [info] Collision Enter 2D Event Invoked
[22:36:54.928] [info] Collision Enter 2D Event Invoked
[22:36:54.942] [info] [MonoDbg] AddEntityToScript - Instantiating and adding script: MorayEelPot to Entity ID: -40
[22:36:54.942] [info] [SetScriptVars] OK setting fields for: MorayEelPot
[22:36:54.942] [info] [MonoDbg] AddEntityToScript - Syncing serialized fields for script: MorayEelPot
[22:36:54.942] [info] [SetScriptVars] OK setting fields for: MorayEelPot
[22:36:54.942] [info] [MonoDbg] AddEntityToScript - Instantiating and adding script: DespawnTimer to Entity ID: -40
[22:36:54.943] [info] [SetScriptVars] OK setting fields for: DespawnTimer
[22:36:54.943] [info] [MonoDbg] AddEntityToScript - Syncing serialized fields for script: DespawnTimer
[22:36:54.943] [info] [SetScriptVars] OK setting fields for: DespawnTimer
[22:36:54.943] [info] [MonoDbg] AddEntityToScript - Instantiating and adding script: AttackCollision to Entity ID: -40
[22:36:54.943] [info] [SetScriptVars] OK setting fields for: AttackCollision
[22:36:54.943] [info] [MonoDbg] AddEntityToScript - Syncing serialized fields for script: AttackCollision
[22:36:54.943] [info] [SetScriptVars] OK setting fields for: AttackCollision
[22:36:54.944] [info] [MonoDbg] AddEntityToScript - Instantiating and adding script: HP to Entity ID: -40
[22:36:54.944] [info] [SetScriptVars] OK setting fields for: HP
[22:36:54.944] [info] [MonoDbg] AddEntityToScript - Syncing serialized fields for script: HP
[22:36:54.944] [info] [SetScriptVars] OK setting fields for: HP
[22:36:54.944] [info] [MonoDbg] AddEntityToScript - Instantiating and adding script: ExpDropper to Entity ID: -40
[22:36:54.944] [info] [SetScriptVars] OK setting fields for: ExpDropper
[22:36:54.945] [info] [MonoDbg] AddEntityToScript - Syncing serialized fields for script: ExpDropper
[22:36:54.945] [info] [SetScriptVars] OK setting fields for: ExpDropper
[22:36:54.945] [info] [MonoDbg] AddEntityToScript - Instantiating and adding script: FlashOnDamaged to Entity ID: -40
[22:36:54.945] [info] [SetScriptVars] OK setting fields for: FlashOnDamaged
[22:36:54.945] [info] [MonoDbg] AddEntityToScript - Syncing serialized fields for script: FlashOnDamaged
[22:36:54.946] [info] [SetScriptVars] OK setting fields for: FlashOnDamaged
[22:36:54.946] [info] [MonoDbg] AddEntityToScript - Instantiating and adding script: ShakeSelfOnDamaged to Entity ID: -40
[22:36:54.946] [info] [SetScriptVars] OK setting fields for: ShakeSelfOnDamaged
[22:36:54.946] [info] [MonoDbg] AddEntityToScript - Syncing serialized fields for script: ShakeSelfOnDamaged
[22:36:54.946] [info] [SetScriptVars] OK setting fields for: ShakeSelfOnDamaged
[22:36:54.947] [error] Entity not found for ID: 0
[22:36:54.962] [error] Entity not found for ID: 0
[22:36:54.978] [error] Entity not found for ID: 0
[22:36:54.994] [error] Entity not found for ID: 0
[22:36:55.011] [error] Entity not found for ID: 0
[22:36:55.027] [error] Entity not found for ID: 0
[22:36:55.042] [error] Entity not found for ID: 0
[22:36:55.058] [error] Entity not found for ID: 0
[22:36:55.075] [error] Entity not found for ID: 0
[22:36:55.092] [error] Entity not found for ID: 0
[22:36:55.108] [error] Entity not found for ID: 0
[22:36:55.124] [error] Entity not found for ID: 0
[22:36:55.141] [error] Entity not found for ID: 0
[22:36:55.158] [error] Entity not found for ID: 0
[22:36:55.174] [error] Entity not found for ID: 0
[22:36:55.191] [error] Entity not found for ID: 0
[22:36:55.208] [error] Entity not found for ID: 0
[22:36:55.210] [info] Collision Exit 2D Event Invoked
[22:36:55.210] [info] Collision Exit 2D Event Invoked
[22:36:55.210] [info] Collision Exit 2D Event Invoked
[22:36:55.211] [info] Collision Exit 2D Event Invoked
[22:36:55.211] [info] Collision Exit 2D Event Invoked
[22:36:55.211] [info] Collision Exit 2D Event Invoked
[22:36:55.211] [info] Collision Exit 2D Event Invoked
[22:36:55.211] [info] Collision Exit 2D Event Invoked
[22:36:55.212] [info] Collision Exit 2D Event Invoked
[22:36:55.212] [info] Collision Exit 2D Event Invoked
[22:36:55.212] [info] Collision Exit 2D Event Invoked
[22:36:55.212] [info] Collision Exit 2D Event Invoked
[22:36:55.212] [info] Collision Exit 2D Event Invoked
[22:36:55.212] [info] Collision Exit 2D Event Invoked
[22:36:55.213] [info] Collision Exit 2D Event Invoked
[22:36:55.226] [error] Entity not found for ID: 0
[22:36:55.241] [error] Entity not found for ID: 0
[22:36:55.258] [error] Entity not found for ID: 0
[22:36:55.276] [error] Entity not found for ID: 0
[22:36:55.291] [error] Entity not found for ID: 0
[22:36:55.308] [error] Entity not found for ID: 0
[22:36:55.324] [error] Entity not found for ID: 0
[22:36:55.326] [info] Collision Exit 2D Event Invoked
[22:36:55.326] [info] Collision Exit 2D Event Invoked
[22:36:55.326] [info] Collision Exit 2D Event Invoked
[22:36:55.326] [info] Collision Exit 2D Event Invoked
[22:36:55.326] [info] Collision Exit 2D Event Invoked
[22:36:55.326] [info] Collision Exit 2D Event Invoked
[22:36:55.327] [info] Collision Exit 2D Event Invoked
[22:36:55.327] [info] Collision Exit 2D Event Invoked
[22:36:55.327] [info] Collision Exit 2D Event Invoked
[22:36:55.327] [info] Collision Exit 2D Event Invoked
[22:36:55.327] [info] Collision Exit 2D Event Invoked
[22:36:55.341] [error] Entity not found for ID: 0
[22:36:55.358] [error] Entity not found for ID: 0
[22:36:55.358] [info] [SOURCE_DETECTOR] C# requested CreateEntity: Prefab = MorayEel
[22:36:55.359] [info] [SOURCE_DETECTOR] Engine creating Entity (Internal)
[22:36:55.359] [info] [CPP ECS] FromJson - Adding component 'Transform' to entity 'MorayEel'
[22:36:55.359] [info] [CPP ECS] FromJson - Adding component 'CircleCollider' to entity 'MorayEel'
[22:36:55.359] [info] [CPP ECS] FromJson - Adding component 'Variables' to entity 'MorayEel'
[22:36:55.359] [info] [CPP ECS] FromJson - Adding component 'Script' to entity 'MorayEel'
[22:36:55.359] [info] [CPP ECS] FromJson - Adding component 'SpriteRenderer' to entity 'MorayEel'
[22:36:55.360] [info] [CPP ECS] FromJson - Adding component 'Rigidbody2D' to entity 'MorayEel'
[22:36:55.360] [info] Script MorayEelSpawnMove found for Entity ID: -6
[22:36:55.360] [info] [SetScriptVars] OK setting fields for: MorayEelSpawnMove
[22:36:55.374] [info] [MonoDbg] AddEntityToScript - Instantiating and adding script: SpriteAnimation to Entity ID: -6
[22:36:55.375] [info] [SetScriptVars] OK setting fields for: SpriteAnimation
[22:36:55.375] [info] [MonoDbg] AddEntityToScript - Syncing serialized fields for script: SpriteAnimation
[22:36:55.375] [info] [SetScriptVars] OK setting fields for: SpriteAnimation
[22:36:55.375] [info] [MonoDbg] AddEntityToScript - Instantiating and adding script: MorayEelSpawnMove to Entity ID: -6
[22:36:55.375] [info] [MonoDbg] AddEntityToScript - Syncing serialized fields for script: MorayEelSpawnMove
[22:36:55.376] [info] [SetScriptVars] OK setting fields for: MorayEelSpawnMove
[22:36:55.376] [info] [MonoDbg] AddEntityToScript - Instantiating and adding script: ChaseController to Entity ID: -6
[22:36:55.376] [info] [SetScriptVars] OK setting fields for: ChaseController
[22:36:55.376] [info] [MonoDbg] AddEntityToScript - Syncing serialized fields for script: ChaseController
[22:36:55.376] [info] [SetScriptVars] OK setting fields for: ChaseController
[22:36:55.376] [info] [MonoDbg] AddEntityToScript - Instantiating and adding script: ChaseAnimation to Entity ID: -6
[22:36:55.377] [info] [SetScriptVars] OK setting fields for: ChaseAnimation
[22:36:55.377] [info] [MonoDbg] AddEntityToScript - Syncing serialized fields for script: ChaseAnimation
[22:36:55.377] [info] [SetScriptVars] OK setting fields for: ChaseAnimation
[22:36:55.377] [info] [MonoDbg] AddEntityToScript - Instantiating and adding script: SmallFryChaseMove to Entity ID: -6
[22:36:55.377] [info] [SetScriptVars] OK setting fields for: SmallFryChaseMove
[22:36:55.377] [info] [MonoDbg] AddEntityToScript - Syncing serialized fields for script: SmallFryChaseMove
[22:36:55.378] [info] [SetScriptVars] OK setting fields for: SmallFryChaseMove
[22:36:55.378] [info] [MonoDbg] AddEntityToScript - Instantiating and adding script: TargetFacingFlip to Entity ID: -6
[22:36:55.378] [info] [SetScriptVars] OK setting fields for: TargetFacingFlip
[22:36:55.378] [info] [MonoDbg] AddEntityToScript - Syncing serialized fields for script: TargetFacingFlip
[22:36:55.378] [info] [SetScriptVars] OK setting fields for: TargetFacingFlip
[22:36:55.379] [info] [MonoDbg] AddEntityToScript - Instantiating and adding script: MorayEel to Entity ID: -6
[22:36:55.379] [info] [SetScriptVars] OK setting fields for: MorayEel
[22:36:55.379] [info] [MonoDbg] AddEntityToScript - Syncing serialized fields for script: MorayEel
[22:36:55.379] [info] [SetScriptVars] OK setting fields for: MorayEel
[22:36:55.379] [info] [MonoDbg] AddEntityToScript - Instantiating and adding script: HP to Entity ID: -6
[22:36:55.379] [info] [SetScriptVars] OK setting fields for: HP
[22:36:55.380] [info] [MonoDbg] AddEntityToScript - Syncing serialized fields for script: HP
[22:36:55.380] [info] [SetScriptVars] OK setting fields for: HP
[22:36:55.380] [info] [MonoDbg] AddEntityToScript - Instantiating and adding script: DespawnTimer to Entity ID: -6
[22:36:55.380] [info] [SetScriptVars] OK setting fields for: DespawnTimer
[22:36:55.380] [info] [MonoDbg] AddEntityToScript - Syncing serialized fields for script: DespawnTimer
[22:36:55.381] [info] [SetScriptVars] OK setting fields for: DespawnTimer
[22:36:55.381] [info] [MonoDbg] AddEntityToScript - Instantiating and adding script: ExpDropper to Entity ID: -6
[22:36:55.381] [info] [SetScriptVars] OK setting fields for: ExpDropper
[22:36:55.381] [info] [MonoDbg] AddEntityToScript - Syncing serialized fields for script: ExpDropper
[22:36:55.381] [info] [SetScriptVars] OK setting fields for: ExpDropper
[22:36:55.381] [info] [MonoDbg] AddEntityToScript - Instantiating and adding script: ParticleOffset to Entity ID: -6
[22:36:55.382] [info] [SetScriptVars] OK setting fields for: ParticleOffset
[22:36:55.382] [info] [MonoDbg] AddEntityToScript - Syncing serialized fields for script: ParticleOffset
[22:36:55.382] [info] [SetScriptVars] OK setting fields for: ParticleOffset
[22:36:55.382] [info] [MonoDbg] AddEntityToScript - Instantiating and adding script: AttackCollision to Entity ID: -6
[22:36:55.382] [info] [SetScriptVars] OK setting fields for: AttackCollision
[22:36:55.383] [info] [MonoDbg] AddEntityToScript - Syncing serialized fields for script: AttackCollision
[22:36:55.383] [info] [SetScriptVars] OK setting fields for: AttackCollision
[22:36:55.383] [info] [MonoDbg] AddEntityToScript - Instantiating and adding script: FlashOnDamaged to Entity ID: -6
[22:36:55.383] [info] [SetScriptVars] OK setting fields for: FlashOnDamaged
[22:36:55.383] [info] [MonoDbg] AddEntityToScript - Syncing serialized fields for script: FlashOnDamaged
[22:36:55.384] [info] [SetScriptVars] OK setting fields for: FlashOnDamaged
[22:36:55.384] [info] [MonoDbg] AddEntityToScript - Instantiating and adding script: ShakeSelfOnDamaged to Entity ID: -6
[22:36:55.384] [info] [SetScriptVars] OK setting fields for: ShakeSelfOnDamaged
[22:36:55.384] [info] [MonoDbg] AddEntityToScript - Syncing serialized fields for script: ShakeSelfOnDamaged
[22:36:55.384] [info] [SetScriptVars] OK setting fields for: ShakeSelfOnDamaged
[22:36:55.385] [info] [SOURCE_DETECTOR] C# requested CreateEntity: Prefab = enemySwimParticle
[22:36:55.385] [info] [SOURCE_DETECTOR] Engine creating Entity (Internal)
[22:36:55.385] [info] [CPP ECS] FromJson - Adding component 'Transform' to entity 'enemySwimParticle'
[22:36:55.385] [info] [CPP ECS] FromJson - Adding component 'Variables' to entity 'enemySwimParticle'
[22:36:55.385] [info] [CPP ECS] FromJson - Adding component 'ParticleSystem2D' to entity 'enemySwimParticle'
[22:36:55.386] [error] Entity not found for ID: 0
[22:36:55.401] [error] Entity not found for ID: 0
[22:36:55.416] [error] Entity not found for ID: 0
[22:36:55.433] [error] Entity not found for ID: 0
[22:36:55.448] [error] Entity not found for ID: 0
[22:36:55.463] [error] Entity not found for ID: 0
[22:36:55.479] [error] Entity not found for ID: 0
[22:36:55.495] [error] Entity not found for ID: 0
[22:36:55.511] [error] Entity not found for ID: 0
[22:36:55.527] [error] Entity not found for ID: 0
[22:36:55.545] [error] Entity not found for ID: 0
[22:36:55.560] [error] Entity not found for ID: 0
[22:36:55.576] [error] Entity not found for ID: 0
[22:36:55.592] [error] Entity not found for ID: 0
[22:36:55.610] [error] Entity not found for ID: 0
[22:36:55.626] [error] Entity not found for ID: 0
[22:36:55.641] [error] Entity not found for ID: 0
[22:36:55.658] [error] Entity not found for ID: 0
[22:36:55.675] [error] Entity not found for ID: 0
[22:36:55.691] [error] Entity not found for ID: 0
[22:36:55.708] [error] Entity not found for ID: 0
[22:36:55.724] [error] Entity not found for ID: 0
[22:36:55.741] [error] Entity not found for ID: 0
[22:36:55.758] [error] Entity not found for ID: 0
[22:36:55.775] [error] Entity not found for ID: 0
[22:36:55.791] [error] Entity not found for ID: 0
[22:36:55.809] [error] Entity not found for ID: 0
[22:36:55.824] [error] Entity not found for ID: 0
[22:36:55.841] [error] Entity not found for ID: 0
[22:36:55.842] [info] Collision Enter 2D Event Invoked
[22:36:55.843] [info] Collision Enter 2D Event Invoked
[22:36:55.843] [info] Collision Enter 2D Event Invoked
[22:36:55.843] [info] Collision Enter 2D Event Invoked
[22:36:55.843] [info] Collision Enter 2D Event Invoked
[22:36:55.843] [info] Collision Enter 2D Event Invoked
[22:36:55.844] [info] Collision Enter 2D Event Invoked
[22:36:55.844] [info] Collision Enter 2D Event Invoked
[22:36:55.844] [info] Collision Enter 2D Event Invoked
[22:36:55.844] [info] Collision Enter 2D Event Invoked
[22:36:55.844] [info] Collision Enter 2D Event Invoked
[22:36:55.844] [info] Collision Enter 2D Event Invoked
[22:36:55.845] [info] Collision Enter 2D Event Invoked
[22:36:55.845] [info] Collision Enter 2D Event Invoked
[22:36:55.845] [info] Collision Enter 2D Event Invoked
[22:36:55.860] [error] Entity not found for ID: 0
[22:36:55.875] [error] Entity not found for ID: 0
[22:36:55.892] [error] Entity not found for ID: 0
[22:36:55.908] [error] Entity not found for ID: 0
[22:36:55.924] [error] Entity not found for ID: 0
[22:36:55.925] [info] [SOURCE_DETECTOR] C# requested CreateEntity: Prefab = FlapjackOctopus
[22:36:55.926] [info] [SOURCE_DETECTOR] Engine creating Entity (Internal)
[22:36:55.926] [info] [CPP ECS] FromJson - Adding component 'Transform' to entity 'FlapjackOctopus'
[22:36:55.926] [info] [CPP ECS] FromJson - Adding component 'CircleCollider' to entity 'FlapjackOctopus'
[22:36:55.926] [info] [CPP ECS] FromJson - Adding component 'Variables' to entity 'FlapjackOctopus'
[22:36:55.927] [info] [CPP ECS] FromJson - Adding component 'Script' to entity 'FlapjackOctopus'
[22:36:55.927] [info] [CPP ECS] FromJson - Adding component 'SpriteRenderer' to entity 'FlapjackOctopus'
[22:36:55.927] [info] [CPP ECS] FromJson - Adding component 'Rigidbody2D' to entity 'FlapjackOctopus'
[22:36:55.928] [info] Collision Enter 2D Event Invoked
[22:36:55.928] [info] Collision Enter 2D Event Invoked
[22:36:55.928] [info] Collision Enter 2D Event Invoked
[22:36:55.928] [info] Collision Enter 2D Event Invoked
[22:36:55.943] [info] [MonoDbg] AddEntityToScript - Instantiating and adding script: SpriteAnimation to Entity ID: -42
[22:36:55.943] [info] [SetScriptVars] OK setting fields for: SpriteAnimation
[22:36:55.943] [info] [MonoDbg] AddEntityToScript - Syncing serialized fields for script: SpriteAnimation
[22:36:55.944] [info] [SetScriptVars] OK setting fields for: SpriteAnimation
[22:36:55.944] [info] [MonoDbg] AddEntityToScript - Instantiating and adding script: TargetRangeDetector to Entity ID: -42
[22:36:55.944] [info] [SetScriptVars] OK setting fields for: TargetRangeDetector
[22:36:55.944] [info] [MonoDbg] AddEntityToScript - Syncing serialized fields for script: TargetRangeDetector
[22:36:55.944] [info] [SetScriptVars] OK setting fields for: TargetRangeDetector
[22:36:55.944] [info] [MonoDbg] AddEntityToScript - Instantiating and adding script: FlapjackOctopus to Entity ID: -42
[22:36:55.945] [info] [SetScriptVars] OK setting fields for: FlapjackOctopus
[22:36:55.945] [info] [MonoDbg] AddEntityToScript - Syncing serialized fields for script: FlapjackOctopus
[22:36:55.945] [info] [SetScriptVars] OK setting fields for: FlapjackOctopus
[22:36:55.945] [info] [MonoDbg] AddEntityToScript - Instantiating and adding script: HP to Entity ID: -42
[22:36:55.945] [info] [SetScriptVars] OK setting fields for: HP
[22:36:55.946] [info] [MonoDbg] AddEntityToScript - Syncing serialized fields for script: HP
[22:36:55.946] [info] [SetScriptVars] OK setting fields for: HP
[22:36:55.946] [info] [MonoDbg] AddEntityToScript - Instantiating and adding script: ParticleOffset to Entity ID: -42
[22:36:55.946] [info] [SetScriptVars] no group for scriptName: ParticleOffset  groups: 9
[22:36:55.946] [info] [MonoDbg] AddEntityToScript - Syncing serialized fields for script: ParticleOffset
[22:36:55.947] [info] [SetScriptVars] no group for scriptName: ParticleOffset  groups: 9
[22:36:55.947] [info] [MonoDbg] AddEntityToScript - Instantiating and adding script: AttackCollision to Entity ID: -42
[22:36:55.947] [info] [SetScriptVars] OK setting fields for: AttackCollision
[22:36:55.947] [info] [MonoDbg] AddEntityToScript - Syncing serialized fields for script: AttackCollision
[22:36:55.947] [info] [SetScriptVars] OK setting fields for: AttackCollision
[22:36:55.947] [info] [MonoDbg] AddEntityToScript - Instantiating and adding script: ExpDropper to Entity ID: -42
[22:36:55.948] [info] [SetScriptVars] OK setting fields for: ExpDropper
[22:36:55.948] [info] [MonoDbg] AddEntityToScript - Syncing serialized fields for script: ExpDropper
[22:36:55.948] [info] [SetScriptVars] OK setting fields for: ExpDropper
[22:36:55.948] [info] [MonoDbg] AddEntityToScript - Instantiating and adding script: DespawnTimer to Entity ID: -42
[22:36:55.948] [info] [SetScriptVars] OK setting fields for: DespawnTimer
[22:36:55.949] [info] [MonoDbg] AddEntityToScript - Syncing serialized fields for script: DespawnTimer
[22:36:55.949] [info] [SetScriptVars] OK setting fields for: DespawnTimer
[22:36:55.949] [info] [MonoDbg] AddEntityToScript - Instantiating and adding script: FlashOnDamaged to Entity ID: -42
[22:36:55.949] [info] [SetScriptVars] OK setting fields for: FlashOnDamaged
[22:36:55.949] [info] [MonoDbg] AddEntityToScript - Syncing serialized fields for script: FlashOnDamaged
[22:36:55.949] [info] [SetScriptVars] OK setting fields for: FlashOnDamaged
[22:36:55.950] [info] [MonoDbg] AddEntityToScript - Instantiating and adding script: ShakeSelfOnDamaged to Entity ID: -42
[22:36:55.950] [info] [SetScriptVars] OK setting fields for: ShakeSelfOnDamaged
[22:36:55.950] [info] [MonoDbg] AddEntityToScript - Syncing serialized fields for script: ShakeSelfOnDamaged
[22:36:55.950] [info] [SetScriptVars] OK setting fields for: ShakeSelfOnDamaged
[22:36:55.951] [info] [SOURCE_DETECTOR] C# requested CreateEntity: Prefab = surfaceOctopusParticle
[22:36:55.951] [info] [SOURCE_DETECTOR] Engine creating Entity (Internal)
[22:36:55.951] [info] [CPP ECS] FromJson - Adding component 'Transform' to entity 'surfaceOctopusParticle'
[22:36:55.951] [info] [CPP ECS] FromJson - Adding component 'Variables' to entity 'surfaceOctopusParticle'
[22:36:55.951] [info] [CPP ECS] FromJson - Adding component 'ParticleSystem2D' to entity 'surfaceOctopusParticle'
[22:36:55.952] [error] Entity not found for ID: 0
[22:36:55.968] [error] Entity not found for ID: 0
[22:36:55.983] [error] Entity not found for ID: 0
[22:36:55.999] [error] Entity not found for ID: 0
[22:36:56.015] [error] Entity not found for ID: 0
[22:36:56.030] [error] Entity not found for ID: 0
[22:36:56.031] [info] Collision Enter 2D Event Invoked
[22:36:56.031] [info] Collision Enter 2D Event Invoked
[22:36:56.032] [info] Collision Enter 2D Event Invoked
[22:36:56.032] [info] Collision Enter 2D Event Invoked
[22:36:56.032] [info] Collision Enter 2D Event Invoked
[22:36:56.032] [info] Collision Enter 2D Event Invoked
[22:36:56.032] [info] Collision Enter 2D Event Invoked
[22:36:56.032] [info] Collision Enter 2D Event Invoked
[22:36:56.033] [info] Collision Enter 2D Event Invoked
[22:36:56.033] [info] Collision Enter 2D Event Invoked
[22:36:56.033] [info] Collision Enter 2D Event Invoked
[22:36:56.033] [info] Collision Enter 2D Event Invoked
[22:36:56.033] [info] Collision Enter 2D Event Invoked
[22:36:56.033] [info] Collision Enter 2D Event Invoked
[22:36:56.034] [info] Collision Enter 2D Event Invoked
[22:36:56.034] [info] Collision Enter 2D Event Invoked
[22:36:56.034] [info] Collision Enter 2D Event Invoked
[22:36:56.034] [info] Collision Enter 2D Event Invoked
[22:36:56.049] [error] Entity not found for ID: 0
[22:36:56.067] [error] Entity not found for ID: 0
[22:36:56.082] [error] Entity not found for ID: 0
[22:36:56.097] [error] Entity not found for ID: 0
[22:36:56.113] [error] Entity not found for ID: 0
[22:36:56.130] [error] Entity not found for ID: 0
[22:36:56.145] [error] Entity not found for ID: 0
[22:36:56.163] [error] Entity not found for ID: 0
[22:36:56.179] [error] Entity not found for ID: 0
[22:36:56.196] [error] Entity not found for ID: 0
[22:36:56.211] [error] Entity not found for ID: 0
[22:36:56.228] [error] Entity not found for ID: 0
[22:36:56.244] [error] Entity not found for ID: 0
[22:36:56.260] [error] Entity not found for ID: 0
[22:36:56.277] [error] Entity not found for ID: 0
[22:36:56.278] [info] Collision Enter 2D Event Invoked
[22:36:56.278] [info] Collision Enter 2D Event Invoked
[22:36:56.279] [info] Collision Enter 2D Event Invoked
[22:36:56.279] [info] Collision Enter 2D Event Invoked
[22:36:56.279] [info] Collision Enter 2D Event Invoked
[22:36:56.279] [info] Collision Enter 2D Event Invoked
[22:36:56.279] [info] Collision Enter 2D Event Invoked
[22:36:56.280] [info] Collision Enter 2D Event Invoked
[22:36:56.280] [info] Collision Enter 2D Event Invoked
[22:36:56.280] [info] Collision Enter 2D Event Invoked
[22:36:56.280] [info] Collision Enter 2D Event Invoked
[22:36:56.280] [info] Collision Enter 2D Event Invoked
[22:36:56.280] [info] Collision Enter 2D Event Invoked
[22:36:56.281] [info] Collision Enter 2D Event Invoked
[22:36:56.281] [info] Collision Enter 2D Event Invoked
[22:36:56.296] [error] Entity not found for ID: 0
[22:36:56.312] [error] Entity not found for ID: 0
[22:36:56.327] [error] Entity not found for ID: 0
[22:36:56.342] [error] Entity not found for ID: 0
[22:36:56.360] [error] Entity not found for ID: 0
[22:36:56.377] [error] Entity not found for ID: 0
[22:36:56.393] [error] Entity not found for ID: 0
[22:36:56.410] [error] Entity not found for ID: 0
[22:36:56.426] [error] Entity not found for ID: 0
[22:36:56.441] [error] Entity not found for ID: 0
[22:36:56.457] [error] Entity not found for ID: 0
[22:36:56.476] [error] Entity not found for ID: 0
[22:36:56.492] [error] Entity not found for ID: 0
[22:36:56.508] [error] Entity not found for ID: 0
[22:36:56.509] [info] Collision Enter 2D Event Invoked
[22:36:56.510] [info] Collision Enter 2D Event Invoked
[22:36:56.510] [info] Collision Enter 2D Event Invoked
[22:36:56.510] [info] Collision Enter 2D Event Invoked
[22:36:56.510] [info] Collision Enter 2D Event Invoked
[22:36:56.510] [info] Collision Enter 2D Event Invoked
[22:36:56.511] [info] Collision Enter 2D Event Invoked
[22:36:56.511] [info] Collision Enter 2D Event Invoked
[22:36:56.511] [info] Collision Enter 2D Event Invoked
[22:36:56.511] [info] Collision Enter 2D Event Invoked
[22:36:56.511] [info] Collision Enter 2D Event Invoked
[22:36:56.512] [info] Collision Enter 2D Event Invoked
[22:36:56.512] [info] Collision Enter 2D Event Invoked
[22:36:56.512] [info] Collision Enter 2D Event Invoked
[22:36:56.512] [info] Collision Enter 2D Event Invoked
[22:36:56.527] [error] Entity not found for ID: 0
[22:36:56.543] [error] Entity not found for ID: 0
[22:36:56.559] [error] Entity not found for ID: 0
[22:36:56.575] [error] Entity not found for ID: 0
[22:36:56.591] [error] Entity not found for ID: 0
[22:36:56.608] [error] Entity not found for ID: 0
[22:36:56.625] [error] Entity not found for ID: 0
[22:36:56.644] [error] Entity not found for ID: 0
[22:36:56.664] [error] Entity not found for ID: 0
[22:36:56.686] [error] Entity not found for ID: 0
[22:36:56.706] [error] Entity not found for ID: 0
[22:36:56.726] [error] Entity not found for ID: 0
[22:36:56.746] [error] Entity not found for ID: 0
[22:36:56.747] [info] Collision Enter 2D Event Invoked
[22:36:56.747] [info] Collision Enter 2D Event Invoked
[22:36:56.747] [info] Collision Enter 2D Event Invoked
[22:36:56.748] [info] Collision Enter 2D Event Invoked
[22:36:56.748] [info] Collision Enter 2D Event Invoked
[22:36:56.748] [info] Collision Enter 2D Event Invoked
[22:36:56.748] [info] Collision Enter 2D Event Invoked
[22:36:56.748] [info] Collision Enter 2D Event Invoked
[22:36:56.748] [info] Collision Enter 2D Event Invoked
[22:36:56.749] [info] Collision Enter 2D Event Invoked
[22:36:56.749] [info] Collision Enter 2D Event Invoked
[22:36:56.768] [error] Entity not found for ID: 0
[22:36:56.789] [error] Entity not found for ID: 0
[22:36:56.811] [error] Entity not found for ID: 0
[22:36:56.832] [error] Entity not found for ID: 0
[22:36:56.853] [error] Entity not found for ID: 0
[22:36:56.873] [error] Entity not found for ID: 0
[22:36:56.892] [error] Entity not found for ID: 0
[22:36:56.912] [error] Entity not found for ID: 0
[22:36:56.931] [info] [SOURCE_DETECTOR] C# requested CreateEntity: Prefab = playerDashParticle
[22:36:56.931] [info] [SOURCE_DETECTOR] Engine creating Entity (Internal)
[22:36:56.931] [info] [CPP ECS] FromJson - Adding component 'Transform' to entity 'playerDashParticle'
[22:36:56.932] [info] [CPP ECS] FromJson - Adding component 'Variables' to entity 'playerDashParticle'
[22:36:56.932] [info] [CPP ECS] FromJson - Adding component 'ParticleSystem2D' to entity 'playerDashParticle'
[22:36:56.932] [error] Entity not found for ID: 0
[22:36:56.933] [info] [SOURCE_DETECTOR] C# requested CreateEntity: Prefab = SeaCow
[22:36:56.933] [info] [SOURCE_DETECTOR] Engine creating Entity (Internal)
[22:36:56.933] [info] [CPP ECS] FromJson - Adding component 'Transform' to entity 'SeaCow'
[22:36:56.933] [info] [CPP ECS] FromJson - Adding component 'CircleCollider' to entity 'SeaCow'
[22:36:56.933] [info] [CPP ECS] FromJson - Adding component 'Variables' to entity 'SeaCow'
[22:36:56.934] [info] [CPP ECS] FromJson - Adding component 'Script' to entity 'SeaCow'
[22:36:56.934] [info] [CPP ECS] FromJson - Adding component 'SpriteRenderer' to entity 'SeaCow'
[22:36:56.934] [info] [CPP ECS] FromJson - Adding component 'Rigidbody2D' to entity 'SeaCow'
[22:36:56.935] [info] Collision Enter 2D Event Invoked
[22:36:56.935] [info] Collision Enter 2D Event Invoked
[22:36:56.935] [info] Collision Enter 2D Event Invoked
[22:36:56.936] [info] Collision Enter 2D Event Invoked
[22:36:56.954] [info] [MonoDbg] AddEntityToScript - Instantiating and adding script: SpriteAnimation to Entity ID: -44
[22:36:56.954] [info] [SetScriptVars] OK setting fields for: SpriteAnimation
[22:36:56.954] [info] [MonoDbg] AddEntityToScript - Syncing serialized fields for script: SpriteAnimation
[22:36:56.955] [info] [SetScriptVars] OK setting fields for: SpriteAnimation
[22:36:56.955] [info] [MonoDbg] AddEntityToScript - Instantiating and adding script: ChaseController to Entity ID: -44
[22:36:56.955] [info] [SetScriptVars] OK setting fields for: ChaseController
[22:36:56.955] [info] [MonoDbg] AddEntityToScript - Syncing serialized fields for script: ChaseController
[22:36:56.955] [info] [SetScriptVars] OK setting fields for: ChaseController
[22:36:56.955] [info] [MonoDbg] AddEntityToScript - Instantiating and adding script: TargetFacingFlip to Entity ID: -44
[22:36:56.956] [info] [SetScriptVars] OK setting fields for: TargetFacingFlip
[22:36:56.956] [info] [MonoDbg] AddEntityToScript - Syncing serialized fields for script: TargetFacingFlip
[22:36:56.956] [info] [SetScriptVars] OK setting fields for: TargetFacingFlip
[22:36:56.956] [info] [MonoDbg] AddEntityToScript - Instantiating and adding script: SeaCow to Entity ID: -44
[22:36:56.956] [info] [SetScriptVars] OK setting fields for: SeaCow
[22:36:56.957] [info] [MonoDbg] AddEntityToScript - Syncing serialized fields for script: SeaCow
[22:36:56.957] [info] [SetScriptVars] OK setting fields for: SeaCow
[22:36:56.957] [info] [MonoDbg] AddEntityToScript - Instantiating and adding script: HP to Entity ID: -44
[22:36:56.957] [info] [SetScriptVars] OK setting fields for: HP
[22:36:56.957] [info] [MonoDbg] AddEntityToScript - Syncing serialized fields for script: HP
[22:36:56.958] [info] [SetScriptVars] OK setting fields for: HP
[22:36:56.958] [info] [MonoDbg] AddEntityToScript - Instantiating and adding script: ParticleOffset to Entity ID: -44
[22:36:56.958] [info] [SetScriptVars] no group for scriptName: ParticleOffset  groups: 10
[22:36:56.958] [info] [MonoDbg] AddEntityToScript - Syncing serialized fields for script: ParticleOffset
[22:36:56.958] [info] [SetScriptVars] no group for scriptName: ParticleOffset  groups: 10
[22:36:56.958] [info] [MonoDbg] AddEntityToScript - Instantiating and adding script: AttackCollision to Entity ID: -44
[22:36:56.959] [info] [SetScriptVars] OK setting fields for: AttackCollision
[22:36:56.959] [info] [MonoDbg] AddEntityToScript - Syncing serialized fields for script: AttackCollision
[22:36:56.959] [info] [SetScriptVars] OK setting fields for: AttackCollision
[22:36:56.959] [info] [MonoDbg] AddEntityToScript - Instantiating and adding script: ExpDropper to Entity ID: -44
[22:36:56.959] [info] [SetScriptVars] OK setting fields for: ExpDropper
[22:36:56.959] [info] [MonoDbg] AddEntityToScript - Syncing serialized fields for script: ExpDropper
[22:36:56.960] [info] [SetScriptVars] OK setting fields for: ExpDropper
[22:36:56.960] [info] [MonoDbg] AddEntityToScript - Instantiating and adding script: DespawnTimer to Entity ID: -44
[22:36:56.960] [info] [SetScriptVars] OK setting fields for: DespawnTimer
[22:36:56.960] [info] [MonoDbg] AddEntityToScript - Syncing serialized fields for script: DespawnTimer
[22:36:56.960] [info] [SetScriptVars] OK setting fields for: DespawnTimer
[22:36:56.961] [info] [MonoDbg] AddEntityToScript - Instantiating and adding script: FlashOnDamaged to Entity ID: -44
[22:36:56.961] [info] [SetScriptVars] OK setting fields for: FlashOnDamaged
[22:36:56.961] [info] [MonoDbg] AddEntityToScript - Syncing serialized fields for script: FlashOnDamaged
[22:36:56.961] [info] [SetScriptVars] OK setting fields for: FlashOnDamaged
[22:36:56.961] [info] [MonoDbg] AddEntityToScript - Instantiating and adding script: ShakeSelfOnDamaged to Entity ID: -44
[22:36:56.962] [info] [SetScriptVars] OK setting fields for: ShakeSelfOnDamaged
[22:36:56.962] [info] [MonoDbg] AddEntityToScript - Syncing serialized fields for script: ShakeSelfOnDamaged
[22:36:56.962] [info] [SetScriptVars] OK setting fields for: ShakeSelfOnDamaged
[22:36:56.962] [info] [SOURCE_DETECTOR] C# requested CreateEntity: Prefab = enemySwimParticle
[22:36:56.962] [info] [SOURCE_DETECTOR] Engine creating Entity (Internal)
[22:36:56.963] [info] [CPP ECS] FromJson - Adding component 'Transform' to entity 'enemySwimParticle'
[22:36:56.963] [info] [CPP ECS] FromJson - Adding component 'Variables' to entity 'enemySwimParticle'
[22:36:56.963] [info] [CPP ECS] FromJson - Adding component 'ParticleSystem2D' to entity 'enemySwimParticle'
[22:36:56.964] [error] Entity not found for ID: 0
[22:36:56.982] [error] Entity not found for ID: 0
[22:36:57.000] [error] Entity not found for ID: 0
[22:36:57.019] [error] Entity not found for ID: 0
[22:36:57.038] [error] Entity not found for ID: 0
[22:36:57.056] [error] Entity not found for ID: 0
[22:36:57.074] [error] Entity not found for ID: 0
[22:36:57.092] [error] Entity not found for ID: 0
[22:36:57.109] [error] Entity not found for ID: 0
[22:36:57.127] [error] Entity not found for ID: 0
[22:36:57.143] [error] Entity not found for ID: 0
[22:36:57.161] [error] Entity not found for ID: 0
[22:36:57.181] [error] Entity not found for ID: 0
[22:36:57.198] [error] Entity not found for ID: 0
[22:36:57.215] [error] Entity not found for ID: 0
[22:36:57.232] [error] Entity not found for ID: 0
[22:36:57.233] [info] Collision Enter 2D Event Invoked
[22:36:57.234] [info] Collision Enter 2D Event Invoked
[22:36:57.234] [info] Collision Enter 2D Event Invoked
[22:36:57.234] [info] Collision Enter 2D Event Invoked
[22:36:57.234] [info] Collision Enter 2D Event Invoked
[22:36:57.234] [info] Collision Enter 2D Event Invoked
[22:36:57.234] [info] Collision Enter 2D Event Invoked
[22:36:57.235] [info] Collision Enter 2D Event Invoked
[22:36:57.235] [info] Collision Enter 2D Event Invoked
[22:36:57.235] [info] Collision Enter 2D Event Invoked
[22:36:57.235] [info] Collision Enter 2D Event Invoked
[22:36:57.235] [info] Collision Enter 2D Event Invoked
[22:36:57.235] [info] Collision Enter 2D Event Invoked
[22:36:57.236] [info] Collision Enter 2D Event Invoked
[22:36:57.236] [info] Collision Enter 2D Event Invoked
[22:36:57.236] [info] [SOURCE_DETECTOR] C# requested CreateEntity: Prefab = PlayerHitEffect
[22:36:57.236] [info] [SOURCE_DETECTOR] Engine creating Entity (Internal)
[22:36:57.236] [info] [CPP ECS] FromJson - Adding component 'Transform' to entity 'PlayerHitEffect'
[22:36:57.236] [info] [CPP ECS] FromJson - Adding component 'Variables' to entity 'PlayerHitEffect'
[22:36:57.236] [info] [SOURCE_DETECTOR] Engine creating Entity (Internal)
[22:36:57.237] [info] [CPP ECS] FromJson - Adding component 'Transform' to entity 'HitEffect1'
[22:36:57.237] [info] [CPP ECS] FromJson - Adding component 'Variables' to entity 'HitEffect1'
[22:36:57.237] [info] [CPP ECS] FromJson - Adding component 'SpriteRenderer' to entity 'HitEffect1'
[22:36:57.237] [info] [CPP ECS] FromJson - Adding component 'Script' to entity 'HitEffect1'
[22:36:57.237] [info] [SOURCE_DETECTOR] Engine creating Entity (Internal)
[22:36:57.237] [info] [CPP ECS] FromJson - Adding component 'Transform' to entity 'HitEffect2'
[22:36:57.238] [info] [CPP ECS] FromJson - Adding component 'Variables' to entity 'HitEffect2'
[22:36:57.238] [info] [CPP ECS] FromJson - Adding component 'SpriteRenderer' to entity 'HitEffect2'
[22:36:57.238] [info] [CPP ECS] FromJson - Adding component 'Script' to entity 'HitEffect2'
[22:36:57.238] [error] Script component not found for Entity ID: -46
[22:36:57.238] [info] [SetScriptVars] no group for scriptName: TimedDestruction  groups: 0
[22:36:57.239] [info] Collision Enter 2D Event Invoked
[22:36:57.239] [info] Collision Enter 2D Event Invoked
[22:36:57.239] [info] Collision Enter 2D Event Invoked
[22:36:57.239] [info] Collision Enter 2D Event Invoked
[22:36:57.239] [info] Collision Enter 2D Event Invoked
[22:36:57.239] [info] Collision Enter 2D Event Invoked
[22:36:57.239] [info] Collision Enter 2D Event Invoked
[22:36:57.240] [info] Collision Enter 2D Event Invoked
[22:36:57.240] [info] Collision Enter 2D Event Invoked
[22:36:57.240] [info] Collision Enter 2D Event Invoked
[22:36:57.240] [info] Collision Enter 2D Event Invoked
[22:36:57.240] [info] Collision Enter 2D Event Invoked
[22:36:57.240] [info] Collision Enter 2D Event Invoked
[22:36:57.241] [info] Collision Enter 2D Event Invoked
[22:36:57.241] [info] Collision Enter 2D Event Invoked
[22:36:57.241] [info] Collision Enter 2D Event Invoked
[22:36:57.241] [info] Collision Enter 2D Event Invoked
[22:36:57.241] [info] Collision Enter 2D Event Invoked
[22:36:57.241] [info] Collision Enter 2D Event Invoked
[22:36:57.242] [info] Collision Enter 2D Event Invoked
[22:36:57.257] [info] [MonoDbg] AddEntityToScript - Instantiating and adding script: TransformTween to Entity ID: -47
[22:36:57.257] [info] [SetScriptVars] OK setting fields for: TransformTween
[22:36:57.257] [info] [MonoDbg] AddEntityToScript - Syncing serialized fields for script: TransformTween
[22:36:57.258] [info] [SetScriptVars] OK setting fields for: TransformTween
[22:36:57.258] [info] [MonoDbg] AddEntityToScript - Instantiating and adding script: TransformTween to Entity ID: -48
[22:36:57.258] [info] [SetScriptVars] OK setting fields for: TransformTween
[22:36:57.258] [info] [MonoDbg] AddEntityToScript - Syncing serialized fields for script: TransformTween
[22:36:57.259] [info] [SetScriptVars] OK setting fields for: TransformTween
[22:36:57.259] [error] Entity not found for ID: 0
[22:36:57.260] [error] Entity not found for ID: 0
[22:36:57.260] [error] Entity not found for ID: 0
[22:36:57.260] [info] [SOURCE_DETECTOR] C# requested CreateEntity: Prefab = ExpOrbMedium
[22:36:57.260] [info] [SOURCE_DETECTOR] Engine creating Entity (Internal)
[22:36:57.261] [info] [CPP ECS] FromJson - Adding component 'Transform' to entity 'ExpOrbMedium'
[22:36:57.261] [info] [CPP ECS] FromJson - Adding component 'CircleCollider' to entity 'ExpOrbMedium'
[22:36:57.261] [info] [CPP ECS] FromJson - Adding component 'Variables' to entity 'ExpOrbMedium'
[22:36:57.261] [info] [CPP ECS] FromJson - Adding component 'SpriteRenderer' to entity 'ExpOrbMedium'
[22:36:57.261] [info] [CPP ECS] FromJson - Adding component 'Script' to entity 'ExpOrbMedium'
[22:36:57.261] [info] [SOURCE_DETECTOR] C# requested CreateEntity: Prefab = ExpOrbMedium
[22:36:57.261] [info] [SOURCE_DETECTOR] Engine creating Entity (Internal)
[22:36:57.262] [info] [CPP ECS] FromJson - Adding component 'Transform' to entity 'ExpOrbMedium'
[22:36:57.262] [info] [CPP ECS] FromJson - Adding component 'CircleCollider' to entity 'ExpOrbMedium'
[22:36:57.262] [info] [CPP ECS] FromJson - Adding component 'Variables' to entity 'ExpOrbMedium'
[22:36:57.262] [info] [CPP ECS] FromJson - Adding component 'SpriteRenderer' to entity 'ExpOrbMedium'
[22:36:57.262] [info] [CPP ECS] FromJson - Adding component 'Script' to entity 'ExpOrbMedium'
[22:36:57.263] [info] [SOURCE_DETECTOR] C# requested CreateEntity: Prefab = ExpOrbMedium
[22:36:57.263] [info] [SOURCE_DETECTOR] Engine creating Entity (Internal)
[22:36:57.263] [info] [CPP ECS] FromJson - Adding component 'Transform' to entity 'ExpOrbMedium'
[22:36:57.263] [info] [CPP ECS] FromJson - Adding component 'CircleCollider' to entity 'ExpOrbMedium'
[22:36:57.263] [info] [CPP ECS] FromJson - Adding component 'Variables' to entity 'ExpOrbMedium'
[22:36:57.263] [info] [CPP ECS] FromJson - Adding component 'SpriteRenderer' to entity 'ExpOrbMedium'
[22:36:57.264] [info] [CPP ECS] FromJson - Adding component 'Script' to entity 'ExpOrbMedium'
[22:36:57.264] [info] [SOURCE_DETECTOR] C# requested CreateEntity: Prefab = ExpOrbSmall
[22:36:57.264] [info] [SOURCE_DETECTOR] Engine creating Entity (Internal)
[22:36:57.264] [info] [CPP ECS] FromJson - Adding component 'Transform' to entity 'ExpOrbSmall'
[22:36:57.264] [info] [CPP ECS] FromJson - Adding component 'CircleCollider' to entity 'ExpOrbSmall'
[22:36:57.264] [info] [CPP ECS] FromJson - Adding component 'Variables' to entity 'ExpOrbSmall'
[22:36:57.265] [info] [CPP ECS] FromJson - Adding component 'SpriteRenderer' to entity 'ExpOrbSmall'
[22:36:57.265] [info] [CPP ECS] FromJson - Adding component 'Script' to entity 'ExpOrbSmall'
[22:36:57.265] [info] [SOURCE_DETECTOR] C# requested CreateEntity: Prefab = ExpOrbSmall
[22:36:57.265] [info] [SOURCE_DETECTOR] Engine creating Entity (Internal)
[22:36:57.265] [info] [CPP ECS] FromJson - Adding component 'Transform' to entity 'ExpOrbSmall'
[22:36:57.266] [info] [CPP ECS] FromJson - Adding component 'CircleCollider' to entity 'ExpOrbSmall'
[22:36:57.266] [info] [CPP ECS] FromJson - Adding component 'Variables' to entity 'ExpOrbSmall'
[22:36:57.266] [info] [CPP ECS] FromJson - Adding component 'SpriteRenderer' to entity 'ExpOrbSmall'
[22:36:57.266] [info] [CPP ECS] FromJson - Adding component 'Script' to entity 'ExpOrbSmall'
[22:36:57.267] [info] Collision Enter 2D Event Invoked
[22:36:57.267] [info] Collision Enter 2D Event Invoked
[22:36:57.267] [info] Collision Enter 2D Event Invoked
[22:36:57.267] [info] Collision Enter 2D Event Invoked
[22:36:57.268] [info] Collision Enter 2D Event Invoked
[22:36:57.282] [info] [MonoDbg] AddEntityToScript - Instantiating and adding script: ExperiencePoint to Entity ID: -30
[22:36:57.282] [info] [SetScriptVars] OK setting fields for: ExperiencePoint
[22:36:57.282] [info] [MonoDbg] AddEntityToScript - Syncing serialized fields for script: ExperiencePoint
[22:36:57.282] [info] [SetScriptVars] OK setting fields for: ExperiencePoint
[22:36:57.283] [info] [MonoDbg] AddEntityToScript - Instantiating and adding script: ExperiencePoint to Entity ID: -49
[22:36:57.283] [info] [SetScriptVars] OK setting fields for: ExperiencePoint
[22:36:57.283] [info] [MonoDbg] AddEntityToScript - Syncing serialized fields for script: ExperiencePoint
[22:36:57.283] [info] [SetScriptVars] OK setting fields for: ExperiencePoint
[22:36:57.283] [info] [MonoDbg] AddEntityToScript - Instantiating and adding script: ExperiencePoint to Entity ID: -50
[22:36:57.283] [info] [SetScriptVars] OK setting fields for: ExperiencePoint
[22:36:57.284] [info] [MonoDbg] AddEntityToScript - Syncing serialized fields for script: ExperiencePoint
[22:36:57.284] [info] [SetScriptVars] OK setting fields for: ExperiencePoint
[22:36:57.284] [info] [MonoDbg] AddEntityToScript - Instantiating and adding script: ExperiencePoint to Entity ID: -51
[22:36:57.284] [info] [SetScriptVars] OK setting fields for: ExperiencePoint
[22:36:57.284] [info] [MonoDbg] AddEntityToScript - Syncing serialized fields for script: ExperiencePoint
[22:36:57.284] [info] [SetScriptVars] OK setting fields for: ExperiencePoint
[22:36:57.285] [info] [MonoDbg] AddEntityToScript - Instantiating and adding script: ExperiencePoint to Entity ID: -52
[22:36:57.285] [info] [SetScriptVars] OK setting fields for: ExperiencePoint
[22:36:57.285] [info] [MonoDbg] AddEntityToScript - Syncing serialized fields for script: ExperiencePoint
[22:36:57.285] [info] [SetScriptVars] OK setting fields for: ExperiencePoint
[22:36:57.286] [error] Entity not found for ID: 0
[22:36:57.301] [error] Entity not found for ID: 0
[22:36:57.317] [error] Entity not found for ID: 0
[22:36:57.333] [error] Entity not found for ID: 0
[22:36:57.349] [error] Entity not found for ID: 0
[22:36:57.365] [error] Entity not found for ID: 0
[22:36:57.381] [error] Entity not found for ID: 0
[22:36:57.397] [error] Entity not found for ID: 0
[22:36:57.416] [error] Entity not found for ID: 0
[22:36:57.432] [error] Entity not found for ID: 0
[22:36:57.449] [error] Entity not found for ID: 0
[22:36:57.466] [error] Entity not found for ID: 0
[22:36:57.482] [error] Entity not found for ID: 0
[22:36:57.498] [error] Entity not found for ID: 0
[22:36:57.516] [error] Entity not found for ID: 0
[22:36:57.533] [error] Entity not found for ID: 0
[22:36:57.549] [error] Entity not found for ID: 0
[22:36:57.567] [error] Entity not found for ID: 0
[22:36:57.584] [error] Entity not found for ID: 0
[22:36:57.600] [error] Entity not found for ID: 0
[22:36:57.601] [error] Entity not found for ID: -47
[22:36:57.601] [error] Entity not found for ID: -48
[22:36:57.616] [error] Entity not found for ID: 0
[22:36:57.617] [error] Entity not found for ID: -47
[22:36:57.618] [error] Entity not found for ID: -48
[22:36:57.634] [error] Entity not found for ID: 0
[22:36:57.635] [error] Entity not found for ID: -47
[22:36:57.635] [error] Entity not found for ID: -48
[22:36:57.651] [error] Entity not found for ID: 0
[22:36:57.652] [error] Entity not found for ID: -47
[22:36:57.652] [error] Entity not found for ID: -48
[22:36:57.667] [error] Entity not found for ID: 0
[22:36:57.668] [error] Entity not found for ID: -47
[22:36:57.668] [error] Entity not found for ID: -48
[22:36:57.684] [error] Entity not found for ID: 0
[22:36:57.685] [error] Entity not found for ID: -47
[22:36:57.685] [error] Entity not found for ID: -48
[22:36:57.700] [error] Entity not found for ID: 0
[22:36:57.700] [error] Entity not found for ID: -47
[22:36:57.701] [error] Entity not found for ID: -48
[22:36:57.716] [error] Entity not found for ID: 0
[22:36:57.717] [error] Entity not found for ID: -47
[22:36:57.717] [error] Entity not found for ID: -48
[22:36:57.733] [error] Entity not found for ID: 0
[22:36:57.734] [error] Entity not found for ID: -47
[22:36:57.734] [error] Entity not found for ID: -48
[22:36:57.750] [error] Entity not found for ID: 0
[22:36:57.751] [error] Entity not found for ID: -47
[22:36:57.751] [error] Entity not found for ID: -48
[22:36:57.766] [error] Entity not found for ID: 0
[22:36:57.767] [error] Entity not found for ID: -47
[22:36:57.767] [error] Entity not found for ID: -48
[22:36:57.783] [error] Entity not found for ID: 0
[22:36:57.783] [error] Entity not found for ID: -47
[22:36:57.783] [error] Entity not found for ID: -48
[22:36:57.799] [error] Entity not found for ID: 0
[22:36:57.800] [error] Entity not found for ID: -47
[22:36:57.800] [error] Entity not found for ID: -48
[22:36:57.817] [error] Entity not found for ID: 0
[22:36:57.818] [error] Entity not found for ID: -47
[22:36:57.818] [error] Entity not found for ID: -48
[22:36:57.834] [error] Entity not found for ID: 0
[22:36:57.835] [error] Entity not found for ID: -47
[22:36:57.835] [error] Entity not found for ID: -48
[22:36:57.851] [error] Entity not found for ID: 0
[22:36:57.852] [error] Entity not found for ID: -47
[22:36:57.852] [error] Entity not found for ID: -48
[22:36:57.868] [error] Entity not found for ID: 0
[22:36:57.869] [error] Entity not found for ID: -47
[22:36:57.869] [error] Entity not found for ID: -48
[22:36:57.884] [error] Entity not found for ID: 0
[22:36:57.885] [error] Entity not found for ID: -47
[22:36:57.885] [error] Entity not found for ID: -48
[22:36:57.900] [error] Entity not found for ID: 0
[22:36:57.901] [error] Entity not found for ID: -47
[22:36:57.901] [error] Entity not found for ID: -48
[22:36:57.903] [info] Collision Exit 2D Event Invoked
[22:36:57.903] [info] Collision Exit 2D Event Invoked
[22:36:57.903] [info] Collision Exit 2D Event Invoked
[22:36:57.903] [info] Collision Exit 2D Event Invoked
[22:36:57.904] [info] Collision Exit 2D Event Invoked
[22:36:57.904] [info] Collision Exit 2D Event Invoked
[22:36:57.904] [info] Collision Exit 2D Event Invoked
[22:36:57.904] [info] Collision Exit 2D Event Invoked
[22:36:57.904] [info] Collision Exit 2D Event Invoked
[22:36:57.904] [info] Collision Exit 2D Event Invoked
[22:36:57.905] [info] Collision Exit 2D Event Invoked
[22:36:57.919] [error] Entity not found for ID: 0
[22:36:57.919] [error] Entity not found for ID: -47
[22:36:57.920] [error] Entity not found for ID: -48
[22:36:57.920] [info] Collision Enter 2D Event Invoked
[22:36:57.920] [info] Collision Enter 2D Event Invoked
[22:36:57.921] [info] Collision Enter 2D Event Invoked
[22:36:57.921] [info] Collision Enter 2D Event Invoked
[22:36:57.921] [info] Collision Enter 2D Event Invoked
[22:36:57.921] [info] Collision Enter 2D Event Invoked
[22:36:57.921] [info] Collision Enter 2D Event Invoked
[22:36:57.921] [info] Collision Enter 2D Event Invoked
[22:36:57.922] [info] Collision Enter 2D Event Invoked
[22:36:57.922] [info] Collision Enter 2D Event Invoked
[22:36:57.922] [info] Collision Enter 2D Event Invoked
[22:36:57.922] [info] Collision Enter 2D Event Invoked
[22:36:57.922] [info] Collision Enter 2D Event Invoked
[22:36:57.922] [info] Collision Enter 2D Event Invoked
[22:36:57.923] [info] Collision Enter 2D Event Invoked
[22:36:57.923] [info] Collision Enter 2D Event Invoked
[22:36:57.923] [info] Collision Enter 2D Event Invoked
[22:36:57.923] [info] Collision Enter 2D Event Invoked
[22:36:57.923] [info] Collision Enter 2D Event Invoked
[22:36:57.923] [info] Collision Enter 2D Event Invoked
[22:36:57.924] [info] Collision Enter 2D Event Invoked
[22:36:57.924] [info] Collision Enter 2D Event Invoked
[22:36:57.924] [info] Collision Enter 2D Event Invoked
[22:36:57.924] [info] Collision Enter 2D Event Invoked
[22:36:57.924] [info] Collision Enter 2D Event Invoked
[22:36:57.924] [info] Collision Enter 2D Event Invoked
[22:36:57.925] [info] Collision Enter 2D Event Invoked
[22:36:57.925] [info] Collision Enter 2D Event Invoked
[22:36:57.925] [info] Collision Enter 2D Event Invoked
[22:36:57.925] [info] Collision Enter 2D Event Invoked
[22:36:57.925] [info] Collision Enter 2D Event Invoked
[22:36:57.925] [info] Collision Enter 2D Event Invoked
[22:36:57.926] [info] Collision Enter 2D Event Invoked
[22:36:57.926] [info] Collision Enter 2D Event Invoked
[22:36:57.926] [info] Collision Enter 2D Event Invoked
[22:36:57.926] [info] Collision Enter 2D Event Invoked
[22:36:57.926] [info] Collision Enter 2D Event Invoked
[22:36:57.926] [info] Collision Enter 2D Event Invoked
[22:36:57.927] [info] Collision Enter 2D Event Invoked
[22:36:57.927] [info] Collision Enter 2D Event Invoked
[22:36:57.927] [info] Collision Enter 2D Event Invoked
[22:36:57.927] [info] Collision Enter 2D Event Invoked
[22:36:57.927] [info] Collision Enter 2D Event Invoked
[22:36:57.928] [info] Collision Enter 2D Event Invoked
[22:36:57.928] [info] Collision Enter 2D Event Invoked
[22:36:57.928] [info] Collision Enter 2D Event Invoked
[22:36:57.928] [info] Collision Enter 2D Event Invoked
[22:36:57.928] [info] Collision Enter 2D Event Invoked
[22:36:57.928] [info] Collision Enter 2D Event Invoked
[22:36:57.929] [info] Collision Enter 2D Event Invoked
[22:36:57.929] [info] Collision Enter 2D Event Invoked
[22:36:57.929] [info] Collision Enter 2D Event Invoked
[22:36:57.929] [info] Collision Enter 2D Event Invoked
[22:36:57.929] [info] Collision Enter 2D Event Invoked
[22:36:57.929] [info] Collision Enter 2D Event Invoked
[22:36:57.930] [info] Collision Enter 2D Event Invoked
[22:36:57.930] [info] Collision Enter 2D Event Invoked
[22:36:57.930] [info] Collision Enter 2D Event Invoked
[22:36:57.930] [info] Collision Enter 2D Event Invoked
[22:36:57.930] [info] Collision Enter 2D Event Invoked
[22:36:57.931] [info] Collision Enter 2D Event Invoked
[22:36:57.931] [info] Collision Enter 2D Event Invoked
[22:36:57.931] [info] Collision Enter 2D Event Invoked
[22:36:57.931] [info] Collision Enter 2D Event Invoked
[22:36:57.931] [info] Collision Enter 2D Event Invoked
[22:36:57.931] [info] Collision Enter 2D Event Invoked
[22:36:57.932] [info] Collision Enter 2D Event Invoked
[22:36:57.932] [info] Collision Enter 2D Event Invoked
[22:36:57.932] [info] Collision Enter 2D Event Invoked
[22:36:57.932] [info] Collision Enter 2D Event Invoked
[22:36:57.932] [info] Collision Enter 2D Event Invoked
[22:36:57.932] [info] Collision Enter 2D Event Invoked
[22:36:57.933] [info] Collision Enter 2D Event Invoked
[22:36:57.933] [info] Collision Enter 2D Event Invoked
[22:36:57.933] [info] Collision Enter 2D Event Invoked
[22:36:57.948] [error] Entity not found for ID: 0
[22:36:57.948] [error] Entity not found for ID: -47
[22:36:57.949] [error] Entity not found for ID: -48
[22:36:57.949] [info] Collision Enter 2D Event Invoked
[22:36:57.949] [info] Collision Enter 2D Event Invoked
[22:36:57.949] [info] Collision Enter 2D Event Invoked
[22:36:57.949] [info] Collision Enter 2D Event Invoked
[22:36:57.950] [info] Collision Enter 2D Event Invoked
[22:36:57.950] [info] Collision Enter 2D Event Invoked
[22:36:57.950] [info] Collision Enter 2D Event Invoked
[22:36:57.950] [info] Collision Enter 2D Event Invoked
[22:36:57.950] [info] Collision Enter 2D Event Invoked
[22:36:57.951] [info] Collision Enter 2D Event Invoked
[22:36:57.951] [info] Collision Enter 2D Event Invoked
[22:36:57.951] [info] Collision Enter 2D Event Invoked
[22:36:57.951] [info] Collision Enter 2D Event Invoked
[22:36:57.951] [info] Collision Enter 2D Event Invoked
[22:36:57.951] [info] Collision Enter 2D Event Invoked
[22:36:57.952] [info] Collision Enter 2D Event Invoked
[22:36:57.952] [info] Collision Enter 2D Event Invoked
[22:36:57.952] [info] Collision Enter 2D Event Invoked
[22:36:57.952] [info] Collision Enter 2D Event Invoked
[22:36:57.952] [info] Collision Enter 2D Event Invoked
[22:36:57.953] [info] Collision Enter 2D Event Invoked
[22:36:57.953] [info] Collision Enter 2D Event Invoked
[22:36:57.953] [info] Collision Enter 2D Event Invoked
[22:36:57.953] [info] Collision Enter 2D Event Invoked
[22:36:57.953] [info] Collision Enter 2D Event Invoked
[22:36:57.953] [info] Collision Enter 2D Event Invoked
[22:36:57.954] [info] Collision Enter 2D Event Invoked
[22:36:57.954] [info] Collision Enter 2D Event Invoked
[22:36:57.954] [info] Collision Enter 2D Event Invoked
[22:36:57.954] [info] Collision Enter 2D Event Invoked
[22:36:57.954] [info] Collision Enter 2D Event Invoked
[22:36:57.954] [info] Collision Enter 2D Event Invoked
[22:36:57.955] [info] Collision Enter 2D Event Invoked
[22:36:57.955] [info] Collision Enter 2D Event Invoked
[22:36:57.955] [info] Collision Enter 2D Event Invoked
[22:36:57.955] [info] Collision Enter 2D Event Invoked
[22:36:57.955] [info] Collision Enter 2D Event Invoked
[22:36:57.955] [info] Collision Enter 2D Event Invoked
[22:36:57.956] [info] Collision Enter 2D Event Invoked
[22:36:57.956] [info] Collision Enter 2D Event Invoked
[22:36:57.956] [info] Collision Enter 2D Event Invoked
[22:36:57.956] [info] Collision Enter 2D Event Invoked
[22:36:57.956] [info] Collision Enter 2D Event Invoked
[22:36:57.956] [info] Collision Enter 2D Event Invoked
[22:36:57.957] [info] Collision Enter 2D Event Invoked
[22:36:57.957] [info] Collision Enter 2D Event Invoked
[22:36:57.957] [info] Collision Enter 2D Event Invoked
[22:36:57.957] [info] Collision Enter 2D Event Invoked
[22:36:57.957] [info] Collision Enter 2D Event Invoked
[22:36:57.957] [info] Collision Enter 2D Event Invoked
[22:36:57.972] [error] Entity not found for ID: 0
[22:36:57.972] [error] Entity not found for ID: -47
[22:36:57.972] [error] Entity not found for ID: -48
[22:36:57.988] [error] Entity not found for ID: 0
[22:36:57.989] [info] [SOURCE_DETECTOR] C# requested CreateEntity: Prefab = SeaCow
[22:36:57.989] [info] [SOURCE_DETECTOR] Engine creating Entity (Internal)
[22:36:57.989] [info] [CPP ECS] FromJson - Adding component 'Transform' to entity 'SeaCow'
[22:36:57.989] [info] [CPP ECS] FromJson - Adding component 'CircleCollider' to entity 'SeaCow'
[22:36:57.990] [info] [CPP ECS] FromJson - Adding component 'Variables' to entity 'SeaCow'
[22:36:57.990] [info] [CPP ECS] FromJson - Adding component 'Script' to entity 'SeaCow'
[22:36:57.990] [info] [CPP ECS] FromJson - Adding component 'SpriteRenderer' to entity 'SeaCow'
[22:36:57.990] [info] [CPP ECS] FromJson - Adding component 'Rigidbody2D' to entity 'SeaCow'
[22:36:57.991] [error] Entity not found for ID: -47
[22:36:57.991] [error] Entity not found for ID: -48
[22:36:57.992] [info] Collision Enter 2D Event Invoked
[22:36:57.992] [info] Collision Enter 2D Event Invoked
[22:36:57.992] [info] Collision Enter 2D Event Invoked
[22:36:57.992] [info] Collision Enter 2D Event Invoked
[22:36:58.008] [info] [MonoDbg] AddEntityToScript - Instantiating and adding script: SpriteAnimation to Entity ID: -22
[22:36:58.008] [info] [SetScriptVars] OK setting fields for: SpriteAnimation
[22:36:58.008] [info] [MonoDbg] AddEntityToScript - Syncing serialized fields for script: SpriteAnimation
[22:36:58.008] [info] [SetScriptVars] OK setting fields for: SpriteAnimation
[22:36:58.008] [info] [MonoDbg] AddEntityToScript - Instantiating and adding script: ChaseController to Entity ID: -22
[22:36:58.009] [info] [SetScriptVars] OK setting fields for: ChaseController
[22:36:58.009] [info] [MonoDbg] AddEntityToScript - Syncing serialized fields for script: ChaseController
[22:36:58.009] [info] [SetScriptVars] OK setting fields for: ChaseController
[22:36:58.009] [info] [MonoDbg] AddEntityToScript - Instantiating and adding script: TargetFacingFlip to Entity ID: -22
[22:36:58.009] [info] [SetScriptVars] OK setting fields for: TargetFacingFlip
[22:36:58.009] [info] [MonoDbg] AddEntityToScript - Syncing serialized fields for script: TargetFacingFlip
[22:36:58.010] [info] [SetScriptVars] OK setting fields for: TargetFacingFlip
[22:36:58.010] [info] [MonoDbg] AddEntityToScript - Instantiating and adding script: SeaCow to Entity ID: -22
[22:36:58.010] [info] [SetScriptVars] OK setting fields for: SeaCow
[22:36:58.010] [info] [MonoDbg] AddEntityToScript - Syncing serialized fields for script: SeaCow
[22:36:58.010] [info] [SetScriptVars] OK setting fields for: SeaCow
[22:36:58.010] [info] [MonoDbg] AddEntityToScript - Instantiating and adding script: HP to Entity ID: -22
[22:36:58.011] [info] [SetScriptVars] OK setting fields for: HP
[22:36:58.011] [info] [MonoDbg] AddEntityToScript - Syncing serialized fields for script: HP
[22:36:58.011] [info] [SetScriptVars] OK setting fields for: HP
[22:36:58.011] [info] [MonoDbg] AddEntityToScript - Instantiating and adding script: ParticleOffset to Entity ID: -22
[22:36:58.011] [info] [SetScriptVars] no group for scriptName: ParticleOffset  groups: 10
[22:36:58.012] [info] [MonoDbg] AddEntityToScript - Syncing serialized fields for script: ParticleOffset
[22:36:58.012] [info] [SetScriptVars] no group for scriptName: ParticleOffset  groups: 10
[22:36:58.012] [info] [MonoDbg] AddEntityToScript - Instantiating and adding script: AttackCollision to Entity ID: -22
[22:36:58.012] [info] [SetScriptVars] OK setting fields for: AttackCollision
[22:36:58.012] [info] [MonoDbg] AddEntityToScript - Syncing serialized fields for script: AttackCollision
[22:36:58.012] [info] [SetScriptVars] OK setting fields for: AttackCollision
[22:36:58.013] [info] [MonoDbg] AddEntityToScript - Instantiating and adding script: ExpDropper to Entity ID: -22
[22:36:58.013] [info] [SetScriptVars] OK setting fields for: ExpDropper
[22:36:58.013] [info] [MonoDbg] AddEntityToScript - Syncing serialized fields for script: ExpDropper
[22:36:58.013] [info] [SetScriptVars] OK setting fields for: ExpDropper
[22:36:58.013] [info] [MonoDbg] AddEntityToScript - Instantiating and adding script: DespawnTimer to Entity ID: -22
[22:36:58.014] [info] [SetScriptVars] OK setting fields for: DespawnTimer
[22:36:58.014] [info] [MonoDbg] AddEntityToScript - Syncing serialized fields for script: DespawnTimer
[22:36:58.014] [info] [SetScriptVars] OK setting fields for: DespawnTimer
[22:36:58.014] [info] [MonoDbg] AddEntityToScript - Instantiating and adding script: FlashOnDamaged to Entity ID: -22
[22:36:58.014] [info] [SetScriptVars] OK setting fields for: FlashOnDamaged
[22:36:58.014] [info] [MonoDbg] AddEntityToScript - Syncing serialized fields for script: FlashOnDamaged
[22:36:58.015] [info] [SetScriptVars] OK setting fields for: FlashOnDamaged
[22:36:58.015] [info] [MonoDbg] AddEntityToScript - Instantiating and adding script: ShakeSelfOnDamaged to Entity ID: -22
[22:36:58.015] [info] [SetScriptVars] OK setting fields for: ShakeSelfOnDamaged
[22:36:58.015] [info] [MonoDbg] AddEntityToScript - Syncing serialized fields for script: ShakeSelfOnDamaged
[22:36:58.015] [info] [SetScriptVars] OK setting fields for: ShakeSelfOnDamaged
[22:36:58.016] [info] [SOURCE_DETECTOR] C# requested CreateEntity: Prefab = enemySwimParticle
[22:36:58.016] [info] [SOURCE_DETECTOR] Engine creating Entity (Internal)
[22:36:58.016] [info] [CPP ECS] FromJson - Adding component 'Transform' to entity 'enemySwimParticle'
[22:36:58.016] [info] [CPP ECS] FromJson - Adding component 'Variables' to entity 'enemySwimParticle'
[22:36:58.017] [info] [CPP ECS] FromJson - Adding component 'ParticleSystem2D' to entity 'enemySwimParticle'
[22:36:58.017] [error] Entity not found for ID: 0
[22:36:58.018] [error] Entity not found for ID: -47
[22:36:58.018] [error] Entity not found for ID: -48
[22:36:58.033] [error] Entity not found for ID: 0
[22:36:58.034] [error] Entity not found for ID: -47
[22:36:58.034] [error] Entity not found for ID: -48
[22:36:58.051] [error] Entity not found for ID: 0
[22:36:58.051] [error] Entity not found for ID: -47
[22:36:58.052] [error] Entity not found for ID: -48
[22:36:58.071] [error] Entity not found for ID: 0
[22:36:58.072] [error] Entity not found for ID: -47
[22:36:58.072] [error] Entity not found for ID: -48
[22:36:58.088] [error] Entity not found for ID: 0
[22:36:58.088] [error] Entity not found for ID: -47
[22:36:58.088] [error] Entity not found for ID: -48
[22:36:58.105] [error] Entity not found for ID: 0
[22:36:58.105] [error] Entity not found for ID: -47
[22:36:58.105] [error] Entity not found for ID: -48
[22:36:58.121] [error] Entity not found for ID: 0
[22:36:58.121] [error] Entity not found for ID: -47
[22:36:58.122] [error] Entity not found for ID: -48
[22:36:58.138] [error] Entity not found for ID: 0
[22:36:58.139] [error] Entity not found for ID: -47
[22:36:58.139] [error] Entity not found for ID: -48
[22:36:58.157] [error] Entity not found for ID: 0
[22:36:58.157] [error] Entity not found for ID: -47
[22:36:58.157] [error] Entity not found for ID: -48
[22:36:58.173] [error] Entity not found for ID: 0
[22:36:58.174] [error] Entity not found for ID: -47
[22:36:58.174] [error] Entity not found for ID: -48
[22:36:58.190] [error] Entity not found for ID: 0
[22:36:58.191] [error] Entity not found for ID: -47
[22:36:58.191] [error] Entity not found for ID: -48
[22:36:58.207] [error] Entity not found for ID: 0
[22:36:58.207] [error] Entity not found for ID: -47
[22:36:58.207] [error] Entity not found for ID: -48
[22:36:58.223] [error] Entity not found for ID: 0
[22:36:58.224] [error] Entity not found for ID: -47
[22:36:58.224] [error] Entity not found for ID: -48
[22:36:58.240] [error] Entity not found for ID: 0
[22:36:58.241] [error] Entity not found for ID: -47
[22:36:58.241] [error] Entity not found for ID: -48
[22:36:58.258] [error] Entity not found for ID: 0
[22:36:58.259] [error] Entity not found for ID: -47
[22:36:58.259] [error] Entity not found for ID: -48
[22:36:58.275] [error] Entity not found for ID: 0
[22:36:58.276] [error] Entity not found for ID: -47
[22:36:58.276] [error] Entity not found for ID: -48
[22:36:58.292] [error] Entity not found for ID: 0
[22:36:58.292] [error] Entity not found for ID: -47
[22:36:58.293] [error] Entity not found for ID: -48
[22:36:58.308] [error] Entity not found for ID: 0
[22:36:58.309] [error] Entity not found for ID: -47
[22:36:58.309] [error] Entity not found for ID: -48
[22:36:58.324] [error] Entity not found for ID: 0
[22:36:58.325] [error] Entity not found for ID: -47
[22:36:58.325] [error] Entity not found for ID: -48
[22:36:58.340] [error] Entity not found for ID: 0
[22:36:58.341] [error] Entity not found for ID: -47
[22:36:58.341] [error] Entity not found for ID: -48
[22:36:58.357] [error] Entity not found for ID: 0
[22:36:58.358] [error] Entity not found for ID: -47
[22:36:58.358] [error] Entity not found for ID: -48
[22:36:58.375] [error] Entity not found for ID: 0
[22:36:58.376] [error] Entity not found for ID: -47
[22:36:58.376] [error] Entity not found for ID: -48
[22:36:58.391] [error] Entity not found for ID: 0
[22:36:58.392] [error] Entity not found for ID: -47
[22:36:58.392] [error] Entity not found for ID: -48
[22:36:58.408] [error] Entity not found for ID: 0
[22:36:58.409] [info] [SOURCE_DETECTOR] C# requested CreateEntity: Prefab = MorayEel
[22:36:58.409] [info] [SOURCE_DETECTOR] Engine creating Entity (Internal)
[22:36:58.409] [info] [CPP ECS] FromJson - Adding component 'Transform' to entity 'MorayEel'
[22:36:58.409] [info] [CPP ECS] FromJson - Adding component 'CircleCollider' to entity 'MorayEel'
[22:36:58.410] [info] [CPP ECS] FromJson - Adding component 'Variables' to entity 'MorayEel'
[22:36:58.410] [info] [CPP ECS] FromJson - Adding component 'Script' to entity 'MorayEel'
[22:36:58.410] [info] [CPP ECS] FromJson - Adding component 'SpriteRenderer' to entity 'MorayEel'
[22:36:58.410] [info] [CPP ECS] FromJson - Adding component 'Rigidbody2D' to entity 'MorayEel'
[22:36:58.410] [info] Script MorayEelSpawnMove found for Entity ID: -13
[22:36:58.411] [info] [SetScriptVars] OK setting fields for: MorayEelSpawnMove
[22:36:58.411] [info] [SOURCE_DETECTOR] C# requested CreateEntity: Prefab = MorayEel
[22:36:58.411] [info] [SOURCE_DETECTOR] Engine creating Entity (Internal)
[22:36:58.411] [info] [CPP ECS] FromJson - Adding component 'Transform' to entity 'MorayEel'
[22:36:58.411] [info] [CPP ECS] FromJson - Adding component 'CircleCollider' to entity 'MorayEel'
[22:36:58.412] [info] [CPP ECS] FromJson - Adding component 'Variables' to entity 'MorayEel'
[22:36:58.412] [info] [CPP ECS] FromJson - Adding component 'Script' to entity 'MorayEel'
[22:36:58.412] [info] [CPP ECS] FromJson - Adding component 'SpriteRenderer' to entity 'MorayEel'
[22:36:58.412] [info] [CPP ECS] FromJson - Adding component 'Rigidbody2D' to entity 'MorayEel'
[22:36:58.413] [info] Script MorayEelSpawnMove found for Entity ID: -46
[22:36:58.413] [info] [SetScriptVars] OK setting fields for: MorayEelSpawnMove
[22:36:58.413] [error] Entity not found for ID: -47
[22:36:58.413] [error] Entity not found for ID: -48
[22:36:58.429] [info] [MonoDbg] AddEntityToScript - Instantiating and adding script: SpriteAnimation to Entity ID: -13
[22:36:58.429] [info] [SetScriptVars] OK setting fields for: SpriteAnimation
[22:36:58.429] [info] [MonoDbg] AddEntityToScript - Syncing serialized fields for script: SpriteAnimation
[22:36:58.429] [info] [SetScriptVars] OK setting fields for: SpriteAnimation
[22:36:58.430] [info] [MonoDbg] AddEntityToScript - Instantiating and adding script: MorayEelSpawnMove to Entity ID: -13
[22:36:58.430] [info] [MonoDbg] AddEntityToScript - Syncing serialized fields for script: MorayEelSpawnMove
[22:36:58.430] [info] [SetScriptVars] OK setting fields for: MorayEelSpawnMove
[22:36:58.430] [info] [MonoDbg] AddEntityToScript - Instantiating and adding script: ChaseController to Entity ID: -13
[22:36:58.430] [info] [SetScriptVars] OK setting fields for: ChaseController
[22:36:58.431] [info] [MonoDbg] AddEntityToScript - Syncing serialized fields for script: ChaseController
[22:36:58.431] [info] [SetScriptVars] OK setting fields for: ChaseController
[22:36:58.431] [info] [MonoDbg] AddEntityToScript - Instantiating and adding script: ChaseAnimation to Entity ID: -13
[22:36:58.431] [info] [SetScriptVars] OK setting fields for: ChaseAnimation
[22:36:58.431] [info] [MonoDbg] AddEntityToScript - Syncing serialized fields for script: ChaseAnimation
[22:36:58.432] [info] [SetScriptVars] OK setting fields for: ChaseAnimation
[22:36:58.432] [info] [MonoDbg] AddEntityToScript - Instantiating and adding script: SmallFryChaseMove to Entity ID: -13
[22:36:58.432] [info] [SetScriptVars] OK setting fields for: SmallFryChaseMove
[22:36:58.432] [info] [MonoDbg] AddEntityToScript - Syncing serialized fields for script: SmallFryChaseMove
[22:36:58.432] [info] [SetScriptVars] OK setting fields for: SmallFryChaseMove
[22:36:58.433] [info] [MonoDbg] AddEntityToScript - Instantiating and adding script: TargetFacingFlip to Entity ID: -13
[22:36:58.433] [info] [SetScriptVars] OK setting fields for: TargetFacingFlip
[22:36:58.433] [info] [MonoDbg] AddEntityToScript - Syncing serialized fields for script: TargetFacingFlip
[22:36:58.433] [info] [SetScriptVars] OK setting fields for: TargetFacingFlip
[22:36:58.433] [info] [MonoDbg] AddEntityToScript - Instantiating and adding script: MorayEel to Entity ID: -13
[22:36:58.434] [info] [SetScriptVars] OK setting fields for: MorayEel
[22:36:58.434] [info] [MonoDbg] AddEntityToScript - Syncing serialized fields for script: MorayEel
[22:36:58.434] [info] [SetScriptVars] OK setting fields for: MorayEel
[22:36:58.434] [info] [MonoDbg] AddEntityToScript - Instantiating and adding script: HP to Entity ID: -13
[22:36:58.434] [info] [SetScriptVars] OK setting fields for: HP
[22:36:58.434] [info] [MonoDbg] AddEntityToScript - Syncing serialized fields for script: HP
[22:36:58.435] [info] [SetScriptVars] OK setting fields for: HP
[22:36:58.435] [info] [MonoDbg] AddEntityToScript - Instantiating and adding script: DespawnTimer to Entity ID: -13
[22:36:58.435] [info] [SetScriptVars] OK setting fields for: DespawnTimer
[22:36:58.435] [info] [MonoDbg] AddEntityToScript - Syncing serialized fields for script: DespawnTimer
[22:36:58.435] [info] [SetScriptVars] OK setting fields for: DespawnTimer
[22:36:58.436] [info] [MonoDbg] AddEntityToScript - Instantiating and adding script: ExpDropper to Entity ID: -13
[22:36:58.436] [info] [SetScriptVars] OK setting fields for: ExpDropper
[22:36:58.436] [info] [MonoDbg] AddEntityToScript - Syncing serialized fields for script: ExpDropper
[22:36:58.436] [info] [SetScriptVars] OK setting fields for: ExpDropper
[22:36:58.436] [info] [MonoDbg] AddEntityToScript - Instantiating and adding script: ParticleOffset to Entity ID: -13
[22:36:58.436] [info] [SetScriptVars] OK setting fields for: ParticleOffset
[22:36:58.437] [info] [MonoDbg] AddEntityToScript - Syncing serialized fields for script: ParticleOffset
[22:36:58.437] [info] [SetScriptVars] OK setting fields for: ParticleOffset
[22:36:58.437] [info] [MonoDbg] AddEntityToScript - Instantiating and adding script: AttackCollision to Entity ID: -13
[22:36:58.437] [info] [SetScriptVars] OK setting fields for: AttackCollision
[22:36:58.437] [info] [MonoDbg] AddEntityToScript - Syncing serialized fields for script: AttackCollision
[22:36:58.438] [info] [SetScriptVars] OK setting fields for: AttackCollision
[22:36:58.438] [info] [MonoDbg] AddEntityToScript - Instantiating and adding script: FlashOnDamaged to Entity ID: -13
[22:36:58.438] [info] [SetScriptVars] OK setting fields for: FlashOnDamaged
[22:36:58.438] [info] [MonoDbg] AddEntityToScript - Syncing serialized fields for script: FlashOnDamaged
[22:36:58.438] [info] [SetScriptVars] OK setting fields for: FlashOnDamaged
[22:36:58.439] [info] [MonoDbg] AddEntityToScript - Instantiating and adding script: ShakeSelfOnDamaged to Entity ID: -13
[22:36:58.439] [info] [SetScriptVars] OK setting fields for: ShakeSelfOnDamaged
[22:36:58.439] [info] [MonoDbg] AddEntityToScript - Syncing serialized fields for script: ShakeSelfOnDamaged
[22:36:58.439] [info] [SetScriptVars] OK setting fields for: ShakeSelfOnDamaged
[22:36:58.439] [info] [MonoDbg] AddEntityToScript - Instantiating and adding script: SpriteAnimation to Entity ID: -46
[22:36:58.440] [info] [SetScriptVars] OK setting fields for: SpriteAnimation
[22:36:58.440] [info] [MonoDbg] AddEntityToScript - Syncing serialized fields for script: SpriteAnimation
[22:36:58.440] [info] [SetScriptVars] OK setting fields for: SpriteAnimation
[22:36:58.440] [info] [MonoDbg] AddEntityToScript - Instantiating and adding script: MorayEelSpawnMove to Entity ID: -46
[22:36:58.440] [info] [MonoDbg] AddEntityToScript - Syncing serialized fields for script: MorayEelSpawnMove
[22:36:58.441] [info] [SetScriptVars] OK setting fields for: MorayEelSpawnMove
[22:36:58.441] [info] [MonoDbg] AddEntityToScript - Instantiating and adding script: ChaseController to Entity ID: -46
[22:36:58.441] [info] [SetScriptVars] OK setting fields for: ChaseController
[22:36:58.441] [info] [MonoDbg] AddEntityToScript - Syncing serialized fields for script: ChaseController
[22:36:58.441] [info] [SetScriptVars] OK setting fields for: ChaseController
[22:36:58.442] [info] [MonoDbg] AddEntityToScript - Instantiating and adding script: ChaseAnimation to Entity ID: -46
[22:36:58.442] [info] [SetScriptVars] OK setting fields for: ChaseAnimation
[22:36:58.442] [info] [MonoDbg] AddEntityToScript - Syncing serialized fields for script: ChaseAnimation
[22:36:58.442] [info] [SetScriptVars] OK setting fields for: ChaseAnimation
[22:36:58.442] [info] [MonoDbg] AddEntityToScript - Instantiating and adding script: SmallFryChaseMove to Entity ID: -46
[22:36:58.443] [info] [SetScriptVars] OK setting fields for: SmallFryChaseMove
[22:36:58.443] [info] [MonoDbg] AddEntityToScript - Syncing serialized fields for script: SmallFryChaseMove
[22:36:58.443] [info] [SetScriptVars] OK setting fields for: SmallFryChaseMove
[22:36:58.443] [info] [MonoDbg] AddEntityToScript - Instantiating and adding script: TargetFacingFlip to Entity ID: -46
[22:36:58.443] [info] [SetScriptVars] OK setting fields for: TargetFacingFlip
[22:36:58.443] [info] [MonoDbg] AddEntityToScript - Syncing serialized fields for script: TargetFacingFlip
[22:36:58.444] [info] [SetScriptVars] OK setting fields for: TargetFacingFlip
[22:36:58.444] [info] [MonoDbg] AddEntityToScript - Instantiating and adding script: MorayEel to Entity ID: -46
[22:36:58.444] [info] [SetScriptVars] OK setting fields for: MorayEel
[22:36:58.444] [info] [MonoDbg] AddEntityToScript - Syncing serialized fields for script: MorayEel
[22:36:58.444] [info] [SetScriptVars] OK setting fields for: MorayEel
[22:36:58.445] [info] [MonoDbg] AddEntityToScript - Instantiating and adding script: HP to Entity ID: -46
[22:36:58.445] [info] [SetScriptVars] OK setting fields for: HP
[22:36:58.445] [info] [MonoDbg] AddEntityToScript - Syncing serialized fields for script: HP
[22:36:58.445] [info] [SetScriptVars] OK setting fields for: HP
[22:36:58.445] [info] [MonoDbg] AddEntityToScript - Instantiating and adding script: DespawnTimer to Entity ID: -46
[22:36:58.446] [info] [SetScriptVars] OK setting fields for: DespawnTimer
[22:36:58.446] [info] [MonoDbg] AddEntityToScript - Syncing serialized fields for script: DespawnTimer
[22:36:58.446] [info] [SetScriptVars] OK setting fields for: DespawnTimer
[22:36:58.446] [info] [MonoDbg] AddEntityToScript - Instantiating and adding script: ExpDropper to Entity ID: -46
[22:36:58.446] [info] [SetScriptVars] OK setting fields for: ExpDropper
[22:36:58.447] [info] [MonoDbg] AddEntityToScript - Syncing serialized fields for script: ExpDropper
[22:36:58.447] [info] [SetScriptVars] OK setting fields for: ExpDropper
[22:36:58.447] [info] [MonoDbg] AddEntityToScript - Instantiating and adding script: ParticleOffset to Entity ID: -46
[22:36:58.447] [info] [SetScriptVars] OK setting fields for: ParticleOffset
[22:36:58.447] [info] [MonoDbg] AddEntityToScript - Syncing serialized fields for script: ParticleOffset
[22:36:58.448] [info] [SetScriptVars] OK setting fields for: ParticleOffset
[22:36:58.448] [info] [MonoDbg] AddEntityToScript - Instantiating and adding script: AttackCollision to Entity ID: -46
[22:36:58.448] [info] [SetScriptVars] OK setting fields for: AttackCollision
[22:36:58.448] [info] [MonoDbg] AddEntityToScript - Syncing serialized fields for script: AttackCollision
[22:36:58.448] [info] [SetScriptVars] OK setting fields for: AttackCollision
[22:36:58.449] [info] [MonoDbg] AddEntityToScript - Instantiating and adding script: FlashOnDamaged to Entity ID: -46
[22:36:58.449] [info] [SetScriptVars] OK setting fields for: FlashOnDamaged
[22:36:58.449] [info] [MonoDbg] AddEntityToScript - Syncing serialized fields for script: FlashOnDamaged
[22:36:58.449] [info] [SetScriptVars] OK setting fields for: FlashOnDamaged
[22:36:58.450] [info] [MonoDbg] AddEntityToScript - Instantiating and adding script: ShakeSelfOnDamaged to Entity ID: -46
[22:36:58.450] [info] [SetScriptVars] OK setting fields for: ShakeSelfOnDamaged
[22:36:58.450] [info] [MonoDbg] AddEntityToScript - Syncing serialized fields for script: ShakeSelfOnDamaged
[22:36:58.450] [info] [SetScriptVars] OK setting fields for: ShakeSelfOnDamaged
[22:36:58.451] [info] [SOURCE_DETECTOR] C# requested CreateEntity: Prefab = enemySwimParticle
[22:36:58.451] [info] [SOURCE_DETECTOR] Engine creating Entity (Internal)
[22:36:58.451] [info] [CPP ECS] FromJson - Adding component 'Transform' to entity 'enemySwimParticle'
[22:36:58.451] [info] [CPP ECS] FromJson - Adding component 'Variables' to entity 'enemySwimParticle'
[22:36:58.452] [info] [CPP ECS] FromJson - Adding component 'ParticleSystem2D' to entity 'enemySwimParticle'
[22:36:58.452] [info] [SOURCE_DETECTOR] C# requested CreateEntity: Prefab = enemySwimParticle
[22:36:58.452] [info] [SOURCE_DETECTOR] Engine creating Entity (Internal)
[22:36:58.453] [info] [CPP ECS] FromJson - Adding component 'Transform' to entity 'enemySwimParticle'
[22:36:58.453] [info] [CPP ECS] FromJson - Adding component 'Variables' to entity 'enemySwimParticle'
[22:36:58.453] [info] [CPP ECS] FromJson - Adding component 'ParticleSystem2D' to entity 'enemySwimParticle'
[22:36:58.453] [error] Entity not found for ID: 0
[22:36:58.455] [info] Collision Enter 2D Event Invoked
[22:36:58.455] [info] Collision Enter 2D Event Invoked
[22:36:58.456] [info] Collision Enter 2D Event Invoked
[22:36:58.456] [info] Collision Enter 2D Event Invoked
[22:36:58.456] [info] Collision Enter 2D Event Invoked
[22:36:58.456] [info] Collision Enter 2D Event Invoked
[22:36:58.456] [info] Collision Enter 2D Event Invoked
[22:36:58.457] [info] Collision Enter 2D Event Invoked
[22:36:58.457] [info] Collision Enter 2D Event Invoked
[22:36:58.457] [info] Collision Enter 2D Event Invoked
[22:36:58.457] [info] Collision Enter 2D Event Invoked
[22:36:58.457] [info] Collision Enter 2D Event Invoked
[22:36:58.458] [info] Collision Enter 2D Event Invoked
[22:36:58.458] [info] Collision Enter 2D Event Invoked
[22:36:58.458] [info] Collision Enter 2D Event Invoked
[22:36:58.472] [error] Entity not found for ID: 0
[22:36:58.488] [error] Entity not found for ID: 0
[22:36:58.504] [error] Entity not found for ID: 0
[22:36:58.521] [error] Entity not found for ID: 0
[22:36:58.524] [info] Collision Exit 2D Event Invoked
[22:36:58.524] [info] Collision Exit 2D Event Invoked
[22:36:58.524] [info] Collision Exit 2D Event Invoked
[22:36:58.524] [info] Collision Exit 2D Event Invoked
[22:36:58.524] [info] Collision Exit 2D Event Invoked
[22:36:58.525] [info] Collision Exit 2D Event Invoked
[22:36:58.525] [info] Collision Exit 2D Event Invoked
[22:36:58.525] [info] Collision Exit 2D Event Invoked
[22:36:58.525] [info] Collision Exit 2D Event Invoked
[22:36:58.525] [info] Collision Exit 2D Event Invoked
[22:36:58.526] [info] Collision Exit 2D Event Invoked
[22:36:58.526] [info] Collision Exit 2D Event Invoked
[22:36:58.526] [info] Collision Exit 2D Event Invoked
[22:36:58.526] [info] Collision Exit 2D Event Invoked
[22:36:58.527] [info] Collision Exit 2D Event Invoked
[22:36:58.542] [error] Entity not found for ID: 0
[22:36:58.561] [error] Entity not found for ID: 0
[22:36:58.581] [error] Entity not found for ID: 0
[22:36:58.599] [error] Entity not found for ID: 0
[22:36:58.616] [error] Entity not found for ID: 0
[22:36:58.634] [error] Entity not found for ID: 0
[22:36:58.651] [error] Entity not found for ID: 0
[22:36:58.667] [error] Entity not found for ID: 0
[22:36:58.684] [error] Entity not found for ID: 0
[22:36:58.700] [error] Entity not found for ID: 0
[22:36:58.717] [error] Entity not found for ID: 0
[22:36:58.734] [error] Entity not found for ID: 0
[22:36:58.751] [error] Entity not found for ID: 0
[22:36:58.769] [error] Entity not found for ID: 0
[22:36:58.785] [error] Entity not found for ID: 0
[22:36:58.800] [error] Entity not found for ID: 0
[22:36:58.816] [error] Entity not found for ID: 0
[22:36:58.834] [error] Entity not found for ID: 0
[22:36:58.851] [error] Entity not found for ID: 0
[22:36:58.867] [error] Entity not found for ID: 0
[22:36:58.883] [error] Entity not found for ID: 0
[22:36:58.899] [error] Entity not found for ID: 0
[22:36:58.916] [error] Entity not found for ID: 0
[22:36:58.933] [error] Entity not found for ID: 0
[22:36:58.935] [info] Collision Exit 2D Event Invoked
[22:36:58.935] [info] Collision Exit 2D Event Invoked
[22:36:58.936] [info] Collision Exit 2D Event Invoked
[22:36:58.936] [info] Collision Exit 2D Event Invoked
[22:36:58.936] [info] Collision Exit 2D Event Invoked
[22:36:58.936] [info] Collision Exit 2D Event Invoked
[22:36:58.937] [info] Collision Exit 2D Event Invoked
[22:36:58.937] [info] Collision Exit 2D Event Invoked
[22:36:58.937] [info] Collision Exit 2D Event Invoked
[22:36:58.937] [info] Collision Exit 2D Event Invoked
[22:36:58.937] [info] Collision Exit 2D Event Invoked
[22:36:58.938] [info] Collision Exit 2D Event Invoked
[22:36:58.938] [info] Collision Exit 2D Event Invoked
[22:36:58.938] [info] Collision Exit 2D Event Invoked
[22:36:58.938] [info] Collision Exit 2D Event Invoked
[22:36:58.938] [info] Collision Exit 2D Event Invoked
[22:36:58.939] [info] Collision Exit 2D Event Invoked
[22:36:58.939] [info] Collision Exit 2D Event Invoked
[22:36:58.939] [info] Collision Exit 2D Event Invoked
[22:36:58.939] [info] Collision Exit 2D Event Invoked
[22:36:58.939] [info] Collision Exit 2D Event Invoked
[22:36:58.939] [info] Collision Exit 2D Event Invoked
[22:36:58.940] [info] Collision Exit 2D Event Invoked
[22:36:58.940] [info] Collision Exit 2D Event Invoked
[22:36:58.940] [info] Collision Exit 2D Event Invoked
[22:36:58.940] [info] Collision Exit 2D Event Invoked
[22:36:58.940] [info] Collision Exit 2D Event Invoked
[22:36:58.941] [info] Collision Exit 2D Event Invoked
[22:36:58.941] [info] Collision Exit 2D Event Invoked
[22:36:58.941] [info] Collision Exit 2D Event Invoked
[22:36:58.941] [info] Collision Exit 2D Event Invoked
[22:36:58.941] [info] Collision Exit 2D Event Invoked
[22:36:58.941] [info] Collision Exit 2D Event Invoked
[22:36:58.956] [error] Entity not found for ID: 0
[22:36:58.957] [info] Collision Enter 2D Event Invoked
[22:36:58.957] [info] Collision Enter 2D Event Invoked
[22:36:58.957] [info] Collision Enter 2D Event Invoked
[22:36:58.958] [info] Collision Enter 2D Event Invoked
[22:36:58.958] [info] Collision Enter 2D Event Invoked
[22:36:58.958] [info] Collision Enter 2D Event Invoked
[22:36:58.958] [info] Collision Enter 2D Event Invoked
[22:36:58.958] [info] Collision Enter 2D Event Invoked
[22:36:58.959] [info] Collision Enter 2D Event Invoked
[22:36:58.959] [info] Collision Enter 2D Event Invoked
[22:36:58.959] [info] Collision Enter 2D Event Invoked
[22:36:58.959] [info] Collision Enter 2D Event Invoked
[22:36:58.959] [info] Collision Enter 2D Event Invoked
[22:36:58.960] [info] Collision Enter 2D Event Invoked
[22:36:58.960] [info] Collision Enter 2D Event Invoked
[22:36:58.974] [error] Entity not found for ID: 0
[22:36:58.991] [error] Entity not found for ID: 0
[22:36:58.992] [info] [SOURCE_DETECTOR] C# requested CreateEntity: Prefab = SeaCow
[22:36:58.992] [info] [SOURCE_DETECTOR] Engine creating Entity (Internal)
[22:36:58.992] [info] [CPP ECS] FromJson - Adding component 'Transform' to entity 'SeaCow'
[22:36:58.992] [info] [CPP ECS] FromJson - Adding component 'CircleCollider' to entity 'SeaCow'
[22:36:58.993] [info] [CPP ECS] FromJson - Adding component 'Variables' to entity 'SeaCow'
[22:36:58.993] [info] [CPP ECS] FromJson - Adding component 'Script' to entity 'SeaCow'
[22:36:58.993] [info] [CPP ECS] FromJson - Adding component 'SpriteRenderer' to entity 'SeaCow'
[22:36:58.993] [info] [CPP ECS] FromJson - Adding component 'Rigidbody2D' to entity 'SeaCow'
[22:36:58.994] [info] Collision Enter 2D Event Invoked
[22:36:58.995] [info] Collision Enter 2D Event Invoked
[22:36:58.995] [info] Collision Enter 2D Event Invoked
[22:36:58.995] [info] Collision Enter 2D Event Invoked
[22:36:58.996] [info] Collision Exit 2D Event Invoked
[22:36:58.996] [info] Collision Exit 2D Event Invoked
[22:36:58.997] [info] Collision Exit 2D Event Invoked
[22:36:58.997] [info] Collision Exit 2D Event Invoked
[22:36:58.997] [info] Collision Exit 2D Event Invoked
[22:36:58.997] [info] Collision Exit 2D Event Invoked
[22:36:58.997] [info] Collision Exit 2D Event Invoked
[22:36:58.997] [info] Collision Exit 2D Event Invoked
[22:36:58.998] [info] Collision Exit 2D Event Invoked
[22:36:58.998] [info] Collision Exit 2D Event Invoked
[22:36:58.998] [info] Collision Exit 2D Event Invoked
[22:36:58.998] [info] Collision Exit 2D Event Invoked
[22:36:58.998] [info] Collision Exit 2D Event Invoked
[22:36:58.999] [info] Collision Exit 2D Event Invoked
[22:36:58.999] [info] Collision Exit 2D Event Invoked
[22:36:59.012] [info] [MonoDbg] AddEntityToScript - Instantiating and adding script: SpriteAnimation to Entity ID: -30
[22:36:59.012] [info] [SetScriptVars] OK setting fields for: SpriteAnimation
[22:36:59.012] [info] [MonoDbg] AddEntityToScript - Syncing serialized fields for script: SpriteAnimation
[22:36:59.013] [info] [SetScriptVars] OK setting fields for: SpriteAnimation
[22:36:59.013] [info] [MonoDbg] AddEntityToScript - Instantiating and adding script: ChaseController to Entity ID: -30
[22:36:59.013] [info] [SetScriptVars] OK setting fields for: ChaseController
[22:36:59.013] [info] [MonoDbg] AddEntityToScript - Syncing serialized fields for script: ChaseController
[22:36:59.013] [info] [SetScriptVars] OK setting fields for: ChaseController
[22:36:59.013] [info] [MonoDbg] AddEntityToScript - Instantiating and adding script: TargetFacingFlip to Entity ID: -30
[22:36:59.014] [info] [SetScriptVars] OK setting fields for: TargetFacingFlip
[22:36:59.014] [info] [MonoDbg] AddEntityToScript - Syncing serialized fields for script: TargetFacingFlip
[22:36:59.014] [info] [SetScriptVars] OK setting fields for: TargetFacingFlip
[22:36:59.014] [info] [MonoDbg] AddEntityToScript - Instantiating and adding script: SeaCow to Entity ID: -30
[22:36:59.014] [info] [SetScriptVars] OK setting fields for: SeaCow
[22:36:59.014] [info] [MonoDbg] AddEntityToScript - Syncing serialized fields for script: SeaCow
[22:36:59.015] [info] [SetScriptVars] OK setting fields for: SeaCow
[22:36:59.015] [info] [MonoDbg] AddEntityToScript - Instantiating and adding script: HP to Entity ID: -30
[22:36:59.015] [info] [SetScriptVars] OK setting fields for: HP
[22:36:59.015] [info] [MonoDbg] AddEntityToScript - Syncing serialized fields for script: HP
[22:36:59.015] [info] [SetScriptVars] OK setting fields for: HP
[22:36:59.015] [info] [MonoDbg] AddEntityToScript - Instantiating and adding script: ParticleOffset to Entity ID: -30
[22:36:59.016] [info] [SetScriptVars] no group for scriptName: ParticleOffset  groups: 10
[22:36:59.016] [info] [MonoDbg] AddEntityToScript - Syncing serialized fields for script: ParticleOffset
[22:36:59.016] [info] [SetScriptVars] no group for scriptName: ParticleOffset  groups: 10
[22:36:59.016] [info] [MonoDbg] AddEntityToScript - Instantiating and adding script: AttackCollision to Entity ID: -30
[22:36:59.016] [info] [SetScriptVars] OK setting fields for: AttackCollision
[22:36:59.017] [info] [MonoDbg] AddEntityToScript - Syncing serialized fields for script: AttackCollision
[22:36:59.017] [info] [SetScriptVars] OK setting fields for: AttackCollision
[22:36:59.017] [info] [MonoDbg] AddEntityToScript - Instantiating and adding script: ExpDropper to Entity ID: -30
[22:36:59.017] [info] [SetScriptVars] OK setting fields for: ExpDropper
[22:36:59.017] [info] [MonoDbg] AddEntityToScript - Syncing serialized fields for script: ExpDropper
[22:36:59.017] [info] [SetScriptVars] OK setting fields for: ExpDropper
[22:36:59.018] [info] [MonoDbg] AddEntityToScript - Instantiating and adding script: DespawnTimer to Entity ID: -30
[22:36:59.018] [info] [SetScriptVars] OK setting fields for: DespawnTimer
[22:36:59.018] [info] [MonoDbg] AddEntityToScript - Syncing serialized fields for script: DespawnTimer
[22:36:59.018] [info] [SetScriptVars] OK setting fields for: DespawnTimer
[22:36:59.018] [info] [MonoDbg] AddEntityToScript - Instantiating and adding script: FlashOnDamaged to Entity ID: -30
[22:36:59.019] [info] [SetScriptVars] OK setting fields for: FlashOnDamaged
[22:36:59.019] [info] [MonoDbg] AddEntityToScript - Syncing serialized fields for script: FlashOnDamaged
[22:36:59.019] [info] [SetScriptVars] OK setting fields for: FlashOnDamaged
[22:36:59.019] [info] [MonoDbg] AddEntityToScript - Instantiating and adding script: ShakeSelfOnDamaged to Entity ID: -30
[22:36:59.019] [info] [SetScriptVars] OK setting fields for: ShakeSelfOnDamaged
[22:36:59.019] [info] [MonoDbg] AddEntityToScript - Syncing serialized fields for script: ShakeSelfOnDamaged
[22:36:59.020] [info] [SetScriptVars] OK setting fields for: ShakeSelfOnDamaged
[22:36:59.020] [info] [SOURCE_DETECTOR] C# requested CreateEntity: Prefab = enemySwimParticle
[22:36:59.020] [info] [SOURCE_DETECTOR] Engine creating Entity (Internal)
[22:36:59.020] [info] [CPP ECS] FromJson - Adding component 'Transform' to entity 'enemySwimParticle'
[22:36:59.021] [info] [CPP ECS] FromJson - Adding component 'Variables' to entity 'enemySwimParticle'
[22:36:59.021] [info] [CPP ECS] FromJson - Adding component 'ParticleSystem2D' to entity 'enemySwimParticle'
[22:36:59.021] [error] Entity not found for ID: 0
[22:36:59.039] [error] Entity not found for ID: 0
[22:36:59.053] [error] Entity not found for ID: 0
[22:36:59.069] [error] Entity not found for ID: 0
[22:36:59.085] [error] Entity not found for ID: 0
[22:36:59.101] [error] Entity not found for ID: 0
[22:36:59.118] [error] Entity not found for ID: 0
[22:36:59.135] [error] Entity not found for ID: 0
[22:36:59.153] [error] Entity not found for ID: 0
[22:36:59.169] [error] Entity not found for ID: 0
[22:36:59.185] [error] Entity not found for ID: 0
[22:36:59.201] [error] Entity not found for ID: 0
[22:36:59.202] [info] Collision Enter 2D Event Invoked
[22:36:59.203] [info] Collision Enter 2D Event Invoked
[22:36:59.203] [info] Collision Enter 2D Event Invoked
[22:36:59.203] [info] Collision Enter 2D Event Invoked
[22:36:59.203] [info] Collision Enter 2D Event Invoked
[22:36:59.204] [info] Collision Enter 2D Event Invoked
[22:36:59.204] [info] Collision Enter 2D Event Invoked
[22:36:59.204] [info] Collision Enter 2D Event Invoked
[22:36:59.204] [info] Collision Enter 2D Event Invoked
[22:36:59.204] [info] Collision Enter 2D Event Invoked
[22:36:59.205] [info] Collision Enter 2D Event Invoked
[22:36:59.205] [info] Collision Enter 2D Event Invoked
[22:36:59.205] [info] Collision Enter 2D Event Invoked
[22:36:59.205] [info] Collision Enter 2D Event Invoked
[22:36:59.205] [info] Collision Enter 2D Event Invoked
[22:36:59.206] [info] [SOURCE_DETECTOR] C# requested CreateEntity: Prefab = PlayerHitEffect
[22:36:59.206] [info] [SOURCE_DETECTOR] Engine creating Entity (Internal)
[22:36:59.206] [info] [CPP ECS] FromJson - Adding component 'Transform' to entity 'PlayerHitEffect'
[22:36:59.206] [info] [CPP ECS] FromJson - Adding component 'Variables' to entity 'PlayerHitEffect'
[22:36:59.206] [info] [SOURCE_DETECTOR] Engine creating Entity (Internal)
[22:36:59.207] [info] [CPP ECS] FromJson - Adding component 'Transform' to entity 'HitEffect1'
[22:36:59.207] [info] [CPP ECS] FromJson - Adding component 'Variables' to entity 'HitEffect1'
[22:36:59.207] [info] [CPP ECS] FromJson - Adding component 'SpriteRenderer' to entity 'HitEffect1'
[22:36:59.207] [info] [CPP ECS] FromJson - Adding component 'Script' to entity 'HitEffect1'
[22:36:59.207] [info] [SOURCE_DETECTOR] Engine creating Entity (Internal)
[22:36:59.208] [info] [CPP ECS] FromJson - Adding component 'Transform' to entity 'HitEffect2'
[22:36:59.208] [info] [CPP ECS] FromJson - Adding component 'Variables' to entity 'HitEffect2'
[22:36:59.208] [info] [CPP ECS] FromJson - Adding component 'SpriteRenderer' to entity 'HitEffect2'
[22:36:59.208] [info] [CPP ECS] FromJson - Adding component 'Script' to entity 'HitEffect2'
[22:36:59.209] [error] Script component not found for Entity ID: -50
[22:36:59.209] [info] [SetScriptVars] no group for scriptName: TimedDestruction  groups: 0
[22:36:59.209] [info] Collision Enter 2D Event Invoked
[22:36:59.209] [info] Collision Enter 2D Event Invoked
[22:36:59.209] [info] Collision Enter 2D Event Invoked
[22:36:59.209] [info] Collision Enter 2D Event Invoked
[22:36:59.210] [info] Collision Enter 2D Event Invoked
[22:36:59.210] [info] Collision Enter 2D Event Invoked
[22:36:59.210] [info] Collision Enter 2D Event Invoked
[22:36:59.210] [info] Collision Enter 2D Event Invoked
[22:36:59.210] [info] Collision Enter 2D Event Invoked
[22:36:59.211] [info] Collision Enter 2D Event Invoked
[22:36:59.211] [info] Collision Enter 2D Event Invoked
[22:36:59.211] [info] Collision Enter 2D Event Invoked
[22:36:59.211] [info] Collision Enter 2D Event Invoked
[22:36:59.211] [info] Collision Enter 2D Event Invoked
[22:36:59.211] [info] Collision Enter 2D Event Invoked
[22:36:59.212] [info] Collision Enter 2D Event Invoked
[22:36:59.212] [info] Collision Enter 2D Event Invoked
[22:36:59.212] [info] Collision Enter 2D Event Invoked
[22:36:59.212] [info] Collision Enter 2D Event Invoked
[22:36:59.212] [info] Collision Enter 2D Event Invoked
[22:36:59.228] [info] [MonoDbg] AddEntityToScript - Instantiating and adding script: TransformTween to Entity ID: -51
[22:36:59.228] [info] [SetScriptVars] OK setting fields for: TransformTween
[22:36:59.228] [info] [MonoDbg] AddEntityToScript - Syncing serialized fields for script: TransformTween
[22:36:59.228] [info] [SetScriptVars] OK setting fields for: TransformTween
[22:36:59.229] [info] [MonoDbg] AddEntityToScript - Instantiating and adding script: TransformTween to Entity ID: -52
[22:36:59.229] [info] [SetScriptVars] OK setting fields for: TransformTween
[22:36:59.229] [info] [MonoDbg] AddEntityToScript - Syncing serialized fields for script: TransformTween
[22:36:59.229] [info] [SetScriptVars] OK setting fields for: TransformTween
[22:36:59.230] [error] Entity not found for ID: 0
[22:36:59.230] [error] Entity not found for ID: 0
[22:36:59.231] [error] Entity not found for ID: 0
[22:36:59.231] [info] [SOURCE_DETECTOR] C# requested CreateEntity: Prefab = ExpOrbMedium
[22:36:59.231] [info] [SOURCE_DETECTOR] Engine creating Entity (Internal)
[22:36:59.231] [info] [CPP ECS] FromJson - Adding component 'Transform' to entity 'ExpOrbMedium'
[22:36:59.231] [info] [CPP ECS] FromJson - Adding component 'CircleCollider' to entity 'ExpOrbMedium'
[22:36:59.232] [info] [CPP ECS] FromJson - Adding component 'Variables' to entity 'ExpOrbMedium'
[22:36:59.232] [info] [CPP ECS] FromJson - Adding component 'SpriteRenderer' to entity 'ExpOrbMedium'
[22:36:59.232] [info] [CPP ECS] FromJson - Adding component 'Script' to entity 'ExpOrbMedium'
[22:36:59.232] [info] [SOURCE_DETECTOR] C# requested CreateEntity: Prefab = ExpOrbMedium
[22:36:59.232] [info] [SOURCE_DETECTOR] Engine creating Entity (Internal)
[22:36:59.233] [info] [CPP ECS] FromJson - Adding component 'Transform' to entity 'ExpOrbMedium'
[22:36:59.233] [info] [CPP ECS] FromJson - Adding component 'CircleCollider' to entity 'ExpOrbMedium'
[22:36:59.233] [info] [CPP ECS] FromJson - Adding component 'Variables' to entity 'ExpOrbMedium'
[22:36:59.233] [info] [CPP ECS] FromJson - Adding component 'SpriteRenderer' to entity 'ExpOrbMedium'
[22:36:59.233] [info] [CPP ECS] FromJson - Adding component 'Script' to entity 'ExpOrbMedium'
[22:36:59.234] [info] [SOURCE_DETECTOR] C# requested CreateEntity: Prefab = ExpOrbMedium
[22:36:59.234] [info] [SOURCE_DETECTOR] Engine creating Entity (Internal)
[22:36:59.234] [info] [CPP ECS] FromJson - Adding component 'Transform' to entity 'ExpOrbMedium'
[22:36:59.234] [info] [CPP ECS] FromJson - Adding component 'CircleCollider' to entity 'ExpOrbMedium'
[22:36:59.234] [info] [CPP ECS] FromJson - Adding component 'Variables' to entity 'ExpOrbMedium'
[22:36:59.234] [info] [CPP ECS] FromJson - Adding component 'SpriteRenderer' to entity 'ExpOrbMedium'
[22:36:59.235] [info] [CPP ECS] FromJson - Adding component 'Script' to entity 'ExpOrbMedium'
[22:36:59.235] [info] [SOURCE_DETECTOR] C# requested CreateEntity: Prefab = ExpOrbSmall
[22:36:59.235] [info] [SOURCE_DETECTOR] Engine creating Entity (Internal)
[22:36:59.235] [info] [CPP ECS] FromJson - Adding component 'Transform' to entity 'ExpOrbSmall'
[22:36:59.235] [info] [CPP ECS] FromJson - Adding component 'CircleCollider' to entity 'ExpOrbSmall'
[22:36:59.236] [info] [CPP ECS] FromJson - Adding component 'Variables' to entity 'ExpOrbSmall'
[22:36:59.236] [info] [CPP ECS] FromJson - Adding component 'SpriteRenderer' to entity 'ExpOrbSmall'
[22:36:59.236] [info] [CPP ECS] FromJson - Adding component 'Script' to entity 'ExpOrbSmall'
[22:36:59.236] [info] [SOURCE_DETECTOR] C# requested CreateEntity: Prefab = ExpOrbSmall
[22:36:59.236] [info] [SOURCE_DETECTOR] Engine creating Entity (Internal)
[22:36:59.237] [info] [CPP ECS] FromJson - Adding component 'Transform' to entity 'ExpOrbSmall'
[22:36:59.237] [info] [CPP ECS] FromJson - Adding component 'CircleCollider' to entity 'ExpOrbSmall'
[22:36:59.237] [info] [CPP ECS] FromJson - Adding component 'Variables' to entity 'ExpOrbSmall'
[22:36:59.237] [info] [CPP ECS] FromJson - Adding component 'SpriteRenderer' to entity 'ExpOrbSmall'
[22:36:59.237] [info] [CPP ECS] FromJson - Adding component 'Script' to entity 'ExpOrbSmall'
[22:36:59.238] [info] Collision Enter 2D Event Invoked
[22:36:59.238] [info] Collision Enter 2D Event Invoked
[22:36:59.239] [info] Collision Enter 2D Event Invoked
[22:36:59.239] [info] Collision Enter 2D Event Invoked
[22:36:59.239] [info] Collision Enter 2D Event Invoked
[22:36:59.253] [info] [MonoDbg] AddEntityToScript - Instantiating and adding script: ExperiencePoint to Entity ID: -19
[22:36:59.253] [info] [SetScriptVars] OK setting fields for: ExperiencePoint
[22:36:59.254] [info] [MonoDbg] AddEntityToScript - Syncing serialized fields for script: ExperiencePoint
[22:36:59.254] [info] [SetScriptVars] OK setting fields for: ExperiencePoint
[22:36:59.254] [info] [MonoDbg] AddEntityToScript - Instantiating and adding script: ExperiencePoint to Entity ID: -53
[22:36:59.254] [info] [SetScriptVars] OK setting fields for: ExperiencePoint
[22:36:59.254] [info] [MonoDbg] AddEntityToScript - Syncing serialized fields for script: ExperiencePoint
[22:36:59.254] [info] [SetScriptVars] OK setting fields for: ExperiencePoint
[22:36:59.254] [info] [MonoDbg] AddEntityToScript - Instantiating and adding script: ExperiencePoint to Entity ID: -54
[22:36:59.255] [info] [SetScriptVars] OK setting fields for: ExperiencePoint
[22:36:59.255] [info] [MonoDbg] AddEntityToScript - Syncing serialized fields for script: ExperiencePoint
[22:36:59.255] [info] [SetScriptVars] OK setting fields for: ExperiencePoint
[22:36:59.255] [info] [MonoDbg] AddEntityToScript - Instantiating and adding script: ExperiencePoint to Entity ID: -55
[22:36:59.255] [info] [SetScriptVars] OK setting fields for: ExperiencePoint
[22:36:59.256] [info] [MonoDbg] AddEntityToScript - Syncing serialized fields for script: ExperiencePoint
[22:36:59.256] [info] [SetScriptVars] OK setting fields for: ExperiencePoint
[22:36:59.256] [info] [MonoDbg] AddEntityToScript - Instantiating and adding script: ExperiencePoint to Entity ID: -56
[22:36:59.256] [info] [SetScriptVars] OK setting fields for: ExperiencePoint
[22:36:59.256] [info] [MonoDbg] AddEntityToScript - Syncing serialized fields for script: ExperiencePoint
[22:36:59.257] [info] [SetScriptVars] OK setting fields for: ExperiencePoint
[22:36:59.257] [error] Entity not found for ID: 0
[22:36:59.273] [error] Entity not found for ID: 0
[22:36:59.288] [error] Entity not found for ID: 0
[22:36:59.303] [error] Entity not found for ID: 0
[22:36:59.318] [error] Entity not found for ID: 0
[22:36:59.334] [error] Entity not found for ID: 0
[22:36:59.350] [error] Entity not found for ID: 0
[22:36:59.367] [error] Entity not found for ID: 0
[22:36:59.383] [error] Entity not found for ID: 0
[22:36:59.400] [error] Entity not found for ID: 0
[22:36:59.417] [error] Entity not found for ID: 0
[22:36:59.433] [error] Entity not found for ID: 0
[22:36:59.449] [error] Entity not found for ID: 0
[22:36:59.465] [error] Entity not found for ID: 0
[22:36:59.480] [error] Entity not found for ID: 0
[22:36:59.496] [error] Entity not found for ID: 0
[22:36:59.512] [error] Entity not found for ID: 0
[22:36:59.528] [error] Entity not found for ID: 0
[22:36:59.544] [error] Entity not found for ID: 0
[22:36:59.560] [error] Entity not found for ID: 0
[22:36:59.561] [info] Collision Enter 2D Event Invoked
[22:36:59.561] [info] Collision Enter 2D Event Invoked
[22:36:59.561] [info] Collision Enter 2D Event Invoked
[22:36:59.562] [info] Collision Enter 2D Event Invoked
[22:36:59.562] [info] Collision Enter 2D Event Invoked
[22:36:59.562] [info] Collision Enter 2D Event Invoked
[22:36:59.562] [info] Collision Enter 2D Event Invoked
[22:36:59.562] [info] Collision Enter 2D Event Invoked
[22:36:59.563] [info] Collision Enter 2D Event Invoked
[22:36:59.563] [info] Collision Enter 2D Event Invoked
[22:36:59.563] [info] Collision Enter 2D Event Invoked
[22:36:59.563] [info] Collision Enter 2D Event Invoked
[22:36:59.563] [info] Collision Enter 2D Event Invoked
[22:36:59.563] [info] Collision Enter 2D Event Invoked
[22:36:59.564] [info] Collision Enter 2D Event Invoked
[22:36:59.579] [error] Entity not found for ID: 0
[22:36:59.580] [error] Entity not found for ID: -51
[22:36:59.581] [info] Collision Enter 2D Event Invoked
[22:36:59.581] [info] Collision Enter 2D Event Invoked
[22:36:59.581] [info] Collision Enter 2D Event Invoked
[22:36:59.582] [info] Collision Enter 2D Event Invoked
[22:36:59.582] [info] Collision Enter 2D Event Invoked
[22:36:59.582] [info] Collision Enter 2D Event Invoked
[22:36:59.582] [info] Collision Enter 2D Event Invoked
[22:36:59.582] [info] Collision Enter 2D Event Invoked
[22:36:59.582] [info] Collision Enter 2D Event Invoked
[22:36:59.583] [info] Collision Enter 2D Event Invoked
[22:36:59.583] [info] Collision Enter 2D Event Invoked
[22:36:59.583] [info] Collision Enter 2D Event Invoked
[22:36:59.583] [info] Collision Enter 2D Event Invoked
[22:36:59.583] [info] Collision Enter 2D Event Invoked
[22:36:59.584] [info] Collision Enter 2D Event Invoked
[22:36:59.584] [info] Collision Enter 2D Event Invoked
[22:36:59.584] [info] Collision Enter 2D Event Invoked
[22:36:59.584] [info] Collision Enter 2D Event Invoked
[22:36:59.600] [error] Entity not found for ID: 0
[22:36:59.600] [error] Entity not found for ID: -52
[22:36:59.600] [error] Entity not found for ID: -51
[22:36:59.617] [error] Entity not found for ID: 0
[22:36:59.618] [error] Entity not found for ID: -52
[22:36:59.618] [error] Entity not found for ID: -51
[22:36:59.636] [error] Entity not found for ID: 0
[22:36:59.637] [error] Entity not found for ID: -52
[22:36:59.637] [error] Entity not found for ID: -51
[22:36:59.653] [error] Entity not found for ID: 0
[22:36:59.654] [error] Entity not found for ID: -52
[22:36:59.655] [error] Entity not found for ID: -51
[22:36:59.671] [error] Entity not found for ID: 0
[22:36:59.672] [error] Entity not found for ID: -52
[22:36:59.672] [error] Entity not found for ID: -51
[22:36:59.688] [error] Entity not found for ID: 0
[22:36:59.689] [error] Entity not found for ID: -52
[22:36:59.689] [error] Entity not found for ID: -51
[22:36:59.705] [error] Entity not found for ID: 0
[22:36:59.706] [error] Entity not found for ID: -52
[22:36:59.706] [error] Entity not found for ID: -51
[22:36:59.707] [info] Collision Enter 2D Event Invoked
[22:36:59.707] [info] Collision Enter 2D Event Invoked
[22:36:59.707] [info] Collision Enter 2D Event Invoked
[22:36:59.708] [info] Collision Enter 2D Event Invoked
[22:36:59.708] [info] Collision Enter 2D Event Invoked
[22:36:59.708] [info] Collision Enter 2D Event Invoked
[22:36:59.708] [info] Collision Enter 2D Event Invoked
[22:36:59.708] [info] Collision Enter 2D Event Invoked
[22:36:59.709] [info] Collision Enter 2D Event Invoked
[22:36:59.709] [info] Collision Enter 2D Event Invoked
[22:36:59.709] [info] Collision Enter 2D Event Invoked
[22:36:59.709] [info] Collision Enter 2D Event Invoked
[22:36:59.710] [info] Collision Enter 2D Event Invoked
[22:36:59.710] [info] Collision Enter 2D Event Invoked
[22:36:59.710] [info] Collision Enter 2D Event Invoked
[22:36:59.710] [info] Collision Enter 2D Event Invoked
[22:36:59.710] [info] Collision Enter 2D Event Invoked
[22:36:59.710] [info] Collision Enter 2D Event Invoked
[22:36:59.725] [error] Entity not found for ID: 0
[22:36:59.726] [error] Entity not found for ID: -52
[22:36:59.726] [error] Entity not found for ID: -51
[22:36:59.741] [error] Entity not found for ID: 0
[22:36:59.741] [error] Entity not found for ID: -52
[22:36:59.742] [error] Entity not found for ID: -51
[22:36:59.757] [error] Entity not found for ID: 0
[22:36:59.758] [error] Entity not found for ID: -52
[22:36:59.758] [error] Entity not found for ID: -51
[22:36:59.774] [error] Entity not found for ID: 0
[22:36:59.775] [error] Entity not found for ID: -52
[22:36:59.775] [error] Entity not found for ID: -51
[22:36:59.791] [error] Entity not found for ID: 0
[22:36:59.791] [error] Entity not found for ID: -52
[22:36:59.792] [error] Entity not found for ID: -51
[22:36:59.809] [error] Entity not found for ID: 0
[22:36:59.809] [error] Entity not found for ID: -52
[22:36:59.809] [error] Entity not found for ID: -51
[22:36:59.825] [error] Entity not found for ID: 0
[22:36:59.826] [error] Entity not found for ID: -52
[22:36:59.826] [error] Entity not found for ID: -51
[22:36:59.841] [error] Entity not found for ID: 0
[22:36:59.842] [error] Entity not found for ID: -52
[22:36:59.842] [error] Entity not found for ID: -51
[22:36:59.858] [error] Entity not found for ID: 0
[22:36:59.859] [error] Entity not found for ID: -52
[22:36:59.859] [error] Entity not found for ID: -51
[22:36:59.861] [info] Collision Exit 2D Event Invoked
[22:36:59.861] [info] Collision Exit 2D Event Invoked
[22:36:59.862] [info] Collision Exit 2D Event Invoked
[22:36:59.862] [info] Collision Exit 2D Event Invoked
[22:36:59.862] [info] Collision Exit 2D Event Invoked
[22:36:59.862] [info] Collision Exit 2D Event Invoked
[22:36:59.862] [info] Collision Exit 2D Event Invoked
[22:36:59.863] [info] Collision Exit 2D Event Invoked
[22:36:59.863] [info] Collision Exit 2D Event Invoked
[22:36:59.863] [info] Collision Exit 2D Event Invoked
[22:36:59.863] [info] Collision Exit 2D Event Invoked
[22:36:59.863] [info] Collision Exit 2D Event Invoked
[22:36:59.864] [info] Collision Exit 2D Event Invoked
[22:36:59.864] [info] Collision Exit 2D Event Invoked
[22:36:59.864] [info] Collision Exit 2D Event Invoked
[22:36:59.864] [info] Collision Exit 2D Event Invoked
[22:36:59.864] [info] Collision Exit 2D Event Invoked
[22:36:59.864] [info] Collision Exit 2D Event Invoked
[22:36:59.878] [error] Entity not found for ID: 0
[22:36:59.879] [error] Entity not found for ID: -52
[22:36:59.879] [error] Entity not found for ID: -51
[22:36:59.896] [error] Entity not found for ID: 0
[22:36:59.897] [error] Entity not found for ID: -52
[22:36:59.897] [error] Entity not found for ID: -51
[22:36:59.917] [error] Entity not found for ID: 0
[22:36:59.918] [error] Entity not found for ID: -52
[22:36:59.918] [error] Entity not found for ID: -51
[22:36:59.920] [info] Collision Exit 2D Event Invoked
[22:36:59.920] [info] Collision Exit 2D Event Invoked
[22:36:59.921] [info] Collision Exit 2D Event Invoked
[22:36:59.921] [info] Collision Exit 2D Event Invoked
[22:36:59.921] [info] Collision Exit 2D Event Invoked
[22:36:59.921] [info] Collision Exit 2D Event Invoked
[22:36:59.921] [info] Collision Exit 2D Event Invoked
[22:36:59.922] [info] Collision Exit 2D Event Invoked
[22:36:59.922] [info] Collision Exit 2D Event Invoked
[22:36:59.922] [info] Collision Exit 2D Event Invoked
[22:36:59.922] [info] Collision Exit 2D Event Invoked
[22:36:59.922] [info] Collision Exit 2D Event Invoked
[22:36:59.923] [info] Collision Exit 2D Event Invoked
[22:36:59.923] [info] Collision Exit 2D Event Invoked
[22:36:59.923] [info] Collision Exit 2D Event Invoked
[22:36:59.923] [info] Collision Exit 2D Event Invoked
[22:36:59.923] [info] Collision Exit 2D Event Invoked
[22:36:59.923] [info] Collision Exit 2D Event Invoked
[22:36:59.942] [error] Entity not found for ID: 0
[22:36:59.943] [error] Entity not found for ID: -52
[22:36:59.943] [error] Entity not found for ID: -51
[22:36:59.962] [error] Entity not found for ID: 0
[22:36:59.963] [error] Entity not found for ID: -52
[22:36:59.963] [error] Entity not found for ID: -51
[22:36:59.984] [error] Entity not found for ID: 0
[22:36:59.984] [error] Entity not found for ID: -52
[22:36:59.985] [error] Entity not found for ID: -51
[22:37:00.005] [error] Entity not found for ID: 0
[22:37:00.006] [error] Entity not found for ID: -52
[22:37:00.006] [error] Entity not found for ID: -51
[22:37:00.026] [error] Entity not found for ID: 0
[22:37:00.027] [error] Entity not found for ID: -52
[22:37:00.027] [error] Entity not found for ID: -51
[22:37:00.046] [error] Entity not found for ID: 0
[22:37:00.047] [error] Entity not found for ID: -52
[22:37:00.047] [error] Entity not found for ID: -51
[22:37:00.066] [error] Entity not found for ID: 0
[22:37:00.066] [info] [SOURCE_DETECTOR] C# requested CreateEntity: Prefab = FlapjackOctopus
[22:37:00.066] [info] [SOURCE_DETECTOR] Engine creating Entity (Internal)
[22:37:00.067] [info] [CPP ECS] FromJson - Adding component 'Transform' to entity 'FlapjackOctopus'
[22:37:00.067] [info] [CPP ECS] FromJson - Adding component 'CircleCollider' to entity 'FlapjackOctopus'
[22:37:00.067] [info] [CPP ECS] FromJson - Adding component 'Variables' to entity 'FlapjackOctopus'
[22:37:00.067] [info] [CPP ECS] FromJson - Adding component 'Script' to entity 'FlapjackOctopus'
[22:37:00.067] [info] [CPP ECS] FromJson - Adding component 'SpriteRenderer' to entity 'FlapjackOctopus'
[22:37:00.068] [info] [CPP ECS] FromJson - Adding component 'Rigidbody2D' to entity 'FlapjackOctopus'
[22:37:00.068] [error] Entity not found for ID: -52
[22:37:00.068] [error] Entity not found for ID: -51
[22:37:00.069] [info] Collision Enter 2D Event Invoked
[22:37:00.070] [info] Collision Enter 2D Event Invoked
[22:37:00.070] [info] Collision Enter 2D Event Invoked
[22:37:00.070] [info] Collision Enter 2D Event Invoked
[22:37:00.087] [info] [MonoDbg] AddEntityToScript - Instantiating and adding script: SpriteAnimation to Entity ID: -18
[22:37:00.088] [info] [SetScriptVars] OK setting fields for: SpriteAnimation
[22:37:00.088] [info] [MonoDbg] AddEntityToScript - Syncing serialized fields for script: SpriteAnimation
[22:37:00.088] [info] [SetScriptVars] OK setting fields for: SpriteAnimation
[22:37:00.088] [info] [MonoDbg] AddEntityToScript - Instantiating and adding script: TargetRangeDetector to Entity ID: -18
[22:37:00.088] [info] [SetScriptVars] OK setting fields for: TargetRangeDetector
[22:37:00.089] [info] [MonoDbg] AddEntityToScript - Syncing serialized fields for script: TargetRangeDetector
[22:37:00.089] [info] [SetScriptVars] OK setting fields for: TargetRangeDetector
[22:37:00.089] [info] [MonoDbg] AddEntityToScript - Instantiating and adding script: FlapjackOctopus to Entity ID: -18
[22:37:00.089] [info] [SetScriptVars] OK setting fields for: FlapjackOctopus
[22:37:00.089] [info] [MonoDbg] AddEntityToScript - Syncing serialized fields for script: FlapjackOctopus
[22:37:00.090] [info] [SetScriptVars] OK setting fields for: FlapjackOctopus
[22:37:00.090] [info] [MonoDbg] AddEntityToScript - Instantiating and adding script: HP to Entity ID: -18
[22:37:00.090] [info] [SetScriptVars] OK setting fields for: HP
[22:37:00.090] [info] [MonoDbg] AddEntityToScript - Syncing serialized fields for script: HP
[22:37:00.090] [info] [SetScriptVars] OK setting fields for: HP
[22:37:00.091] [info] [MonoDbg] AddEntityToScript - Instantiating and adding script: ParticleOffset to Entity ID: -18
[22:37:00.091] [info] [SetScriptVars] no group for scriptName: ParticleOffset  groups: 9
[22:37:00.091] [info] [MonoDbg] AddEntityToScript - Syncing serialized fields for script: ParticleOffset
[22:37:00.091] [info] [SetScriptVars] no group for scriptName: ParticleOffset  groups: 9
[22:37:00.091] [info] [MonoDbg] AddEntityToScript - Instantiating and adding script: AttackCollision to Entity ID: -18
[22:37:00.092] [info] [SetScriptVars] OK setting fields for: AttackCollision
[22:37:00.092] [info] [MonoDbg] AddEntityToScript - Syncing serialized fields for script: AttackCollision
[22:37:00.092] [info] [SetScriptVars] OK setting fields for: AttackCollision
[22:37:00.092] [info] [MonoDbg] AddEntityToScript - Instantiating and adding script: ExpDropper to Entity ID: -18
[22:37:00.092] [info] [SetScriptVars] OK setting fields for: ExpDropper
[22:37:00.092] [info] [MonoDbg] AddEntityToScript - Syncing serialized fields for script: ExpDropper
[22:37:00.093] [info] [SetScriptVars] OK setting fields for: ExpDropper
[22:37:00.093] [info] [MonoDbg] AddEntityToScript - Instantiating and adding script: DespawnTimer to Entity ID: -18
[22:37:00.093] [info] [SetScriptVars] OK setting fields for: DespawnTimer
[22:37:00.093] [info] [MonoDbg] AddEntityToScript - Syncing serialized fields for script: DespawnTimer
[22:37:00.093] [info] [SetScriptVars] OK setting fields for: DespawnTimer
[22:37:00.093] [info] [MonoDbg] AddEntityToScript - Instantiating and adding script: FlashOnDamaged to Entity ID: -18
[22:37:00.094] [info] [SetScriptVars] OK setting fields for: FlashOnDamaged
[22:37:00.094] [info] [MonoDbg] AddEntityToScript - Syncing serialized fields for script: FlashOnDamaged
[22:37:00.094] [info] [SetScriptVars] OK setting fields for: FlashOnDamaged
[22:37:00.094] [info] [MonoDbg] AddEntityToScript - Instantiating and adding script: ShakeSelfOnDamaged to Entity ID: -18
[22:37:00.094] [info] [SetScriptVars] OK setting fields for: ShakeSelfOnDamaged
[22:37:00.095] [info] [MonoDbg] AddEntityToScript - Syncing serialized fields for script: ShakeSelfOnDamaged
[22:37:00.095] [info] [SetScriptVars] OK setting fields for: ShakeSelfOnDamaged
[22:37:00.095] [info] [SOURCE_DETECTOR] C# requested CreateEntity: Prefab = surfaceOctopusParticle
[22:37:00.095] [info] [SOURCE_DETECTOR] Engine creating Entity (Internal)
[22:37:00.095] [info] [CPP ECS] FromJson - Adding component 'Transform' to entity 'surfaceOctopusParticle'
[22:37:00.096] [info] [CPP ECS] FromJson - Adding component 'Variables' to entity 'surfaceOctopusParticle'
[22:37:00.096] [info] [CPP ECS] FromJson - Adding component 'ParticleSystem2D' to entity 'surfaceOctopusParticle'
[22:37:00.097] [error] Entity not found for ID: 0
[22:37:00.097] [error] Entity not found for ID: -52
[22:37:00.097] [error] Entity not found for ID: -51
[22:37:00.116] [error] Entity not found for ID: 0
[22:37:00.116] [error] Entity not found for ID: -52
[22:37:00.117] [error] Entity not found for ID: -51
[22:37:00.134] [error] Entity not found for ID: 0
[22:37:00.135] [error] Entity not found for ID: -52
[22:37:00.135] [error] Entity not found for ID: -51
[22:37:00.153] [error] Entity not found for ID: 0
[22:37:00.153] [error] Entity not found for ID: -52
[22:37:00.153] [error] Entity not found for ID: -51
[22:37:00.154] [info] Collision Enter 2D Event Invoked
[22:37:00.154] [info] Collision Enter 2D Event Invoked
[22:37:00.154] [info] Collision Enter 2D Event Invoked
[22:37:00.155] [info] Collision Enter 2D Event Invoked
[22:37:00.155] [info] Collision Enter 2D Event Invoked
[22:37:00.155] [info] Collision Enter 2D Event Invoked
[22:37:00.155] [info] Collision Enter 2D Event Invoked
[22:37:00.155] [info] Collision Enter 2D Event Invoked
[22:37:00.156] [info] Collision Enter 2D Event Invoked
[22:37:00.156] [info] Collision Enter 2D Event Invoked
[22:37:00.156] [info] Collision Enter 2D Event Invoked
[22:37:00.156] [info] Collision Enter 2D Event Invoked
[22:37:00.156] [info] Collision Enter 2D Event Invoked
[22:37:00.157] [info] Collision Enter 2D Event Invoked
[22:37:00.157] [info] Collision Enter 2D Event Invoked
[22:37:00.157] [info] Collision Enter 2D Event Invoked
[22:37:00.157] [info] Collision Enter 2D Event Invoked
[22:37:00.157] [info] Collision Enter 2D Event Invoked
[22:37:00.157] [info] Collision Enter 2D Event Invoked
[22:37:00.158] [info] Collision Enter 2D Event Invoked
[22:37:00.158] [info] Collision Enter 2D Event Invoked
[22:37:00.158] [info] Collision Enter 2D Event Invoked
[22:37:00.158] [info] Collision Enter 2D Event Invoked
[22:37:00.158] [info] Collision Enter 2D Event Invoked
[22:37:00.159] [info] Collision Enter 2D Event Invoked
[22:37:00.159] [info] Collision Enter 2D Event Invoked
[22:37:00.159] [info] Collision Enter 2D Event Invoked
[22:37:00.159] [info] Collision Enter 2D Event Invoked
[22:37:00.159] [info] Collision Enter 2D Event Invoked
[22:37:00.159] [info] Collision Enter 2D Event Invoked
[22:37:00.160] [info] Collision Enter 2D Event Invoked
[22:37:00.160] [info] Collision Enter 2D Event Invoked
[22:37:00.160] [info] Collision Enter 2D Event Invoked
[22:37:00.160] [info] Collision Enter 2D Event Invoked
[22:37:00.160] [info] Collision Enter 2D Event Invoked
[22:37:00.161] [info] Collision Enter 2D Event Invoked
[22:37:00.161] [info] Collision Enter 2D Event Invoked
[22:37:00.161] [info] Collision Enter 2D Event Invoked
[22:37:00.161] [info] Collision Enter 2D Event Invoked
[22:37:00.161] [info] Collision Enter 2D Event Invoked
[22:37:00.161] [info] Collision Enter 2D Event Invoked
[22:37:00.162] [info] Collision Enter 2D Event Invoked
[22:37:00.162] [info] Collision Enter 2D Event Invoked
[22:37:00.162] [info] Collision Enter 2D Event Invoked
[22:37:00.162] [info] Collision Enter 2D Event Invoked
[22:37:00.162] [info] Collision Enter 2D Event Invoked
[22:37:00.163] [info] Collision Enter 2D Event Invoked
[22:37:00.163] [info] Collision Enter 2D Event Invoked
[22:37:00.163] [info] Collision Enter 2D Event Invoked
[22:37:00.163] [info] Collision Enter 2D Event Invoked
[22:37:00.163] [info] Collision Enter 2D Event Invoked
[22:37:00.163] [info] Collision Enter 2D Event Invoked
[22:37:00.164] [info] Collision Enter 2D Event Invoked
[22:37:00.164] [info] Collision Enter 2D Event Invoked
[22:37:00.164] [info] Collision Enter 2D Event Invoked
[22:37:00.164] [info] Collision Enter 2D Event Invoked
[22:37:00.164] [info] Collision Enter 2D Event Invoked
[22:37:00.165] [info] Collision Enter 2D Event Invoked
[22:37:00.165] [info] Collision Enter 2D Event Invoked
[22:37:00.165] [info] Collision Enter 2D Event Invoked
[22:37:00.165] [info] Collision Enter 2D Event Invoked
[22:37:00.165] [info] Collision Enter 2D Event Invoked
[22:37:00.166] [info] Collision Enter 2D Event Invoked
[22:37:00.166] [info] Collision Enter 2D Event Invoked
[22:37:00.166] [info] Collision Enter 2D Event Invoked
[22:37:00.166] [info] Collision Enter 2D Event Invoked
[22:37:00.166] [info] Collision Enter 2D Event Invoked
[22:37:00.166] [info] Collision Enter 2D Event Invoked
[22:37:00.167] [info] Collision Enter 2D Event Invoked
[22:37:00.167] [info] Collision Enter 2D Event Invoked
[22:37:00.167] [info] Collision Enter 2D Event Invoked
[22:37:00.167] [info] Collision Enter 2D Event Invoked
[22:37:00.167] [info] Collision Enter 2D Event Invoked
[22:37:00.168] [info] Collision Enter 2D Event Invoked
[22:37:00.168] [info] Collision Enter 2D Event Invoked
[22:37:00.185] [error] Entity not found for ID: 0
[22:37:00.185] [error] Entity not found for ID: -52
[22:37:00.185] [error] Entity not found for ID: -51
[22:37:00.201] [info] [SOURCE_DETECTOR] C# requested CreateEntity: Prefab = Roe
[22:37:00.201] [info] [SOURCE_DETECTOR] Engine creating Entity (Internal)
[22:37:00.201] [info] [CPP ECS] FromJson - Adding component 'Transform' to entity 'Roe'
[22:37:00.202] [info] [CPP ECS] FromJson - Adding component 'Variables' to entity 'Roe'
[22:37:00.202] [info] [CPP ECS] FromJson - Adding component 'Script' to entity 'Roe'
[22:37:00.202] [info] [CPP ECS] FromJson - Adding component 'SpriteRenderer' to entity 'Roe'
[22:37:00.202] [info] Script TrailFollower found for Entity ID: -51
[22:37:00.203] [info] [SetScriptVars] OK setting fields for: TrailFollower
[22:37:00.203] [error] Entity not found for ID: 0
[22:37:00.203] [error] Entity not found for ID: -52
[22:37:00.204] [info] Collision Enter 2D Event Invoked
[22:37:00.205] [info] Collision Enter 2D Event Invoked
[22:37:00.205] [info] Collision Enter 2D Event Invoked
[22:37:00.205] [info] Collision Enter 2D Event Invoked
[22:37:00.205] [info] Collision Enter 2D Event Invoked
[22:37:00.206] [info] Collision Enter 2D Event Invoked
[22:37:00.206] [info] Collision Enter 2D Event Invoked
[22:37:00.206] [info] Collision Enter 2D Event Invoked
[22:37:00.206] [info] Collision Enter 2D Event Invoked
[22:37:00.206] [info] Collision Enter 2D Event Invoked
[22:37:00.207] [info] Collision Enter 2D Event Invoked
[22:37:00.207] [info] Collision Enter 2D Event Invoked
[22:37:00.207] [info] Collision Enter 2D Event Invoked
[22:37:00.207] [info] Collision Enter 2D Event Invoked
[22:37:00.207] [info] Collision Enter 2D Event Invoked
[22:37:00.208] [info] Collision Enter 2D Event Invoked
[22:37:00.208] [info] Collision Enter 2D Event Invoked
[22:37:00.208] [info] Collision Enter 2D Event Invoked
[22:37:00.208] [info] Collision Enter 2D Event Invoked
[22:37:00.208] [info] Collision Enter 2D Event Invoked
[22:37:00.209] [info] Collision Enter 2D Event Invoked
[22:37:00.209] [info] Collision Enter 2D Event Invoked
[22:37:00.209] [info] Collision Enter 2D Event Invoked
[22:37:00.209] [info] Collision Enter 2D Event Invoked
[22:37:00.209] [info] Collision Enter 2D Event Invoked
[22:37:00.210] [info] Collision Enter 2D Event Invoked
[22:37:00.210] [info] Collision Enter 2D Event Invoked
[22:37:00.210] [info] Collision Enter 2D Event Invoked
[22:37:00.210] [info] Collision Enter 2D Event Invoked
[22:37:00.211] [info] Collision Enter 2D Event Invoked
[22:37:00.211] [info] Collision Enter 2D Event Invoked
[22:37:00.211] [info] Collision Enter 2D Event Invoked
[22:37:00.211] [info] Collision Enter 2D Event Invoked
[22:37:00.211] [info] Collision Enter 2D Event Invoked
[22:37:00.211] [info] Collision Enter 2D Event Invoked
[22:37:00.212] [info] Collision Enter 2D Event Invoked
[22:37:00.212] [info] Collision Enter 2D Event Invoked
[22:37:00.212] [info] Collision Enter 2D Event Invoked
[22:37:00.212] [info] Collision Enter 2D Event Invoked
[22:37:00.212] [info] Collision Enter 2D Event Invoked
[22:37:00.213] [info] Collision Enter 2D Event Invoked
[22:37:00.213] [info] Collision Enter 2D Event Invoked
[22:37:00.213] [info] Collision Enter 2D Event Invoked
[22:37:00.213] [info] Collision Enter 2D Event Invoked
[22:37:00.213] [info] Collision Enter 2D Event Invoked
[22:37:00.214] [info] Collision Enter 2D Event Invoked
[22:37:00.214] [info] Collision Enter 2D Event Invoked
[22:37:00.214] [info] Collision Enter 2D Event Invoked
[22:37:00.214] [info] Collision Enter 2D Event Invoked
[22:37:00.214] [info] Collision Enter 2D Event Invoked
[22:37:00.231] [info] [MonoDbg] AddEntityToScript - Instantiating and adding script: TrailFollower to Entity ID: -51
[22:37:00.231] [info] [MonoDbg] AddEntityToScript - Syncing serialized fields for script: TrailFollower
[22:37:00.232] [info] [SetScriptVars] OK setting fields for: TrailFollower
[22:37:00.232] [info] [MonoDbg] AddEntityToScript - Instantiating and adding script: LevelingComponent to Entity ID: -51
[22:37:00.232] [info] [SetScriptVars] OK setting fields for: LevelingComponent
[22:37:00.232] [info] [MonoDbg] AddEntityToScript - Syncing serialized fields for script: LevelingComponent
[22:37:00.233] [info] [SetScriptVars] OK setting fields for: LevelingComponent
[22:37:00.233] [info] [MonoDbg] AddEntityToScript - Instantiating and adding script: RoeStateComponent to Entity ID: -51
[22:37:00.233] [info] [SetScriptVars] OK setting fields for: RoeStateComponent
[22:37:00.233] [info] [MonoDbg] AddEntityToScript - Syncing serialized fields for script: RoeStateComponent
[22:37:00.233] [info] [SetScriptVars] OK setting fields for: RoeStateComponent
[22:37:00.234] [info] [MonoDbg] AddEntityToScript - Instantiating and adding script: SpriteAnimation to Entity ID: -51
[22:37:00.234] [info] [SetScriptVars] OK setting fields for: SpriteAnimation
[22:37:00.234] [info] [MonoDbg] AddEntityToScript - Syncing serialized fields for script: SpriteAnimation
[22:37:00.234] [info] [SetScriptVars] OK setting fields for: SpriteAnimation
[22:37:00.235] [error] Entity not found for ID: 0
[22:37:00.235] [error] Entity not found for ID: -52
[22:37:00.253] [error] Entity not found for ID: 0
[22:37:00.253] [error] Entity not found for ID: -52
[22:37:00.271] [error] Entity not found for ID: 0
[22:37:00.272] [error] Entity not found for ID: -52
[22:37:00.290] [error] Entity not found for ID: 0
[22:37:00.291] [error] Entity not found for ID: -52
[22:37:00.309] [error] Entity not found for ID: 0
[22:37:00.310] [error] Entity not found for ID: -52
[22:37:00.327] [error] Entity not found for ID: 0
[22:37:00.328] [error] Entity not found for ID: -52
[22:37:00.345] [error] Entity not found for ID: 0
[22:37:00.345] [error] Entity not found for ID: -52
[22:37:00.363] [error] Entity not found for ID: 0
[22:37:00.363] [error] Entity not found for ID: -52
[22:37:00.382] [error] Entity not found for ID: 0
[22:37:00.383] [error] Entity not found for ID: -52
[22:37:00.401] [error] Entity not found for ID: 0
[22:37:00.402] [error] Entity not found for ID: -52
[22:37:00.402] [info] Collision Enter 2D Event Invoked
[22:37:00.403] [info] Collision Enter 2D Event Invoked
[22:37:00.403] [info] Collision Enter 2D Event Invoked
[22:37:00.403] [info] Collision Enter 2D Event Invoked
[22:37:00.403] [info] Collision Enter 2D Event Invoked
[22:37:00.403] [info] Collision Enter 2D Event Invoked
[22:37:00.403] [info] Collision Enter 2D Event Invoked
[22:37:00.404] [info] Collision Enter 2D Event Invoked
[22:37:00.404] [info] Collision Enter 2D Event Invoked
[22:37:00.404] [info] Collision Enter 2D Event Invoked
[22:37:00.404] [info] Collision Enter 2D Event Invoked
[22:37:00.404] [info] Collision Enter 2D Event Invoked
[22:37:00.404] [info] Collision Enter 2D Event Invoked
[22:37:00.405] [info] Collision Enter 2D Event Invoked
[22:37:00.405] [info] Collision Enter 2D Event Invoked
[22:37:00.405] [info] Collision Enter 2D Event Invoked
[22:37:00.405] [info] Collision Enter 2D Event Invoked
[22:37:00.405] [info] Collision Enter 2D Event Invoked
[22:37:00.423] [error] Entity not found for ID: 0
[22:37:00.424] [error] Entity not found for ID: -52
[22:37:00.442] [error] Entity not found for ID: 0
[22:37:00.443] [error] Entity not found for ID: -52
[22:37:00.462] [info] [SOURCE_DETECTOR] C# requested CreateEntity: Prefab = playerDashParticle
[22:37:00.462] [info] [SOURCE_DETECTOR] Engine creating Entity (Internal)
[22:37:00.462] [info] [CPP ECS] FromJson - Adding component 'Transform' to entity 'playerDashParticle'
[22:37:00.462] [info] [CPP ECS] FromJson - Adding component 'Variables' to entity 'playerDashParticle'
[22:37:00.462] [info] [CPP ECS] FromJson - Adding component 'ParticleSystem2D' to entity 'playerDashParticle'
[22:37:00.463] [error] Entity not found for ID: 0
[22:37:00.481] [error] Entity not found for ID: 0
[22:37:00.499] [error] Entity not found for ID: 0
[22:37:00.518] [error] Entity not found for ID: 0
[22:37:00.536] [error] Entity not found for ID: 0
[22:37:00.537] [info] Collision Enter 2D Event Invoked
[22:37:00.537] [info] Collision Enter 2D Event Invoked
[22:37:00.537] [info] Collision Enter 2D Event Invoked
[22:37:00.538] [info] Collision Enter 2D Event Invoked
[22:37:00.538] [info] Collision Enter 2D Event Invoked
[22:37:00.538] [info] Collision Enter 2D Event Invoked
[22:37:00.538] [info] Collision Enter 2D Event Invoked
[22:37:00.538] [info] Collision Enter 2D Event Invoked
[22:37:00.539] [info] Collision Enter 2D Event Invoked
[22:37:00.539] [info] Collision Enter 2D Event Invoked
[22:37:00.539] [info] Collision Enter 2D Event Invoked
[22:37:00.539] [info] Collision Enter 2D Event Invoked
[22:37:00.539] [info] Collision Enter 2D Event Invoked
[22:37:00.539] [info] Collision Enter 2D Event Invoked
[22:37:00.539] [info] Collision Enter 2D Event Invoked
[22:37:00.556] [error] Entity not found for ID: 0
[22:37:00.573] [error] Entity not found for ID: 0
[22:37:00.591] [error] Entity not found for ID: 0
[22:37:00.608] [error] Entity not found for ID: 0
[22:37:00.625] [error] Entity not found for ID: 0
[22:37:00.642] [error] Entity not found for ID: 0
[22:37:00.662] [error] Entity not found for ID: 0
[22:37:00.679] [error] Entity not found for ID: 0
[22:37:00.696] [error] Entity not found for ID: 0
[22:37:00.714] [error] Entity not found for ID: 0
[22:37:00.715] [info] Collision Enter 2D Event Invoked
[22:37:00.715] [info] Collision Enter 2D Event Invoked
[22:37:00.715] [info] Collision Enter 2D Event Invoked
[22:37:00.716] [info] Collision Enter 2D Event Invoked
[22:37:00.716] [info] Collision Enter 2D Event Invoked
[22:37:00.716] [info] Collision Enter 2D Event Invoked
[22:37:00.716] [info] Collision Enter 2D Event Invoked
[22:37:00.716] [info] Collision Enter 2D Event Invoked
[22:37:00.716] [info] Collision Enter 2D Event Invoked
[22:37:00.717] [info] Collision Enter 2D Event Invoked
[22:37:00.717] [info] Collision Enter 2D Event Invoked
[22:37:00.717] [info] Collision Enter 2D Event Invoked
[22:37:00.717] [info] Collision Enter 2D Event Invoked
[22:37:00.717] [info] Collision Enter 2D Event Invoked
[22:37:00.718] [info] Collision Enter 2D Event Invoked
[22:37:00.718] [info] Collision Enter 2D Event Invoked
[22:37:00.718] [info] Collision Enter 2D Event Invoked
[22:37:00.718] [info] Collision Enter 2D Event Invoked
[22:37:00.734] [error] Entity not found for ID: 0
[22:37:00.751] [error] Entity not found for ID: 0
[22:37:00.769] [error] Entity not found for ID: 0
[22:37:00.785] [error] Entity not found for ID: 0
[22:37:00.802] [error] Entity not found for ID: 0
[22:37:00.819] [error] Entity not found for ID: 0
[22:37:00.838] [error] Entity not found for ID: 0
[22:37:00.856] [error] Entity not found for ID: 0
[22:37:00.875] [error] Entity not found for ID: 0
[22:37:00.893] [error] Entity not found for ID: 0
[22:37:00.911] [error] Entity not found for ID: 0
[22:37:00.930] [error] Entity not found for ID: 0
[22:37:00.950] [error] Entity not found for ID: 0
[22:37:00.953] [info] Collision Exit 2D Event Invoked
[22:37:00.953] [info] Collision Exit 2D Event Invoked
[22:37:00.953] [info] Collision Exit 2D Event Invoked
[22:37:00.953] [info] Collision Exit 2D Event Invoked
[22:37:00.954] [info] Collision Exit 2D Event Invoked
[22:37:00.954] [info] Collision Exit 2D Event Invoked
[22:37:00.954] [info] Collision Exit 2D Event Invoked
[22:37:00.954] [info] Collision Exit 2D Event Invoked
[22:37:00.954] [info] Collision Exit 2D Event Invoked
[22:37:00.955] [info] Collision Exit 2D Event Invoked
[22:37:00.955] [info] Collision Exit 2D Event Invoked
[22:37:00.955] [info] Collision Exit 2D Event Invoked
[22:37:00.955] [info] Collision Exit 2D Event Invoked
[22:37:00.955] [info] Collision Exit 2D Event Invoked
[22:37:00.956] [info] Collision Exit 2D Event Invoked
[22:37:00.970] [error] Entity not found for ID: 0
[22:37:00.988] [error] Entity not found for ID: 0
[22:37:01.006] [error] Entity not found for ID: 0
[22:37:01.023] [error] Entity not found for ID: 0
[22:37:01.025] [info] Collision Exit 2D Event Invoked
[22:37:01.026] [info] Collision Exit 2D Event Invoked
[22:37:01.026] [info] Collision Exit 2D Event Invoked
[22:37:01.026] [info] Collision Exit 2D Event Invoked
[22:37:01.026] [info] Collision Exit 2D Event Invoked
[22:37:01.026] [info] Collision Exit 2D Event Invoked
[22:37:01.027] [info] Collision Exit 2D Event Invoked
[22:37:01.027] [info] Collision Exit 2D Event Invoked
[22:37:01.027] [info] Collision Exit 2D Event Invoked
[22:37:01.027] [info] Collision Exit 2D Event Invoked
[22:37:01.027] [info] Collision Exit 2D Event Invoked
[22:37:01.028] [info] Collision Exit 2D Event Invoked
[22:37:01.028] [info] Collision Exit 2D Event Invoked
[22:37:01.028] [info] Collision Exit 2D Event Invoked
[22:37:01.028] [info] Collision Exit 2D Event Invoked
[22:37:01.028] [info] Collision Exit 2D Event Invoked
[22:37:01.028] [info] Collision Exit 2D Event Invoked
[22:37:01.029] [info] Collision Exit 2D Event Invoked
[22:37:01.043] [error] Entity not found for ID: 0
[22:37:01.045] [info] Collision Exit 2D Event Invoked
[22:37:01.046] [info] Collision Exit 2D Event Invoked
[22:37:01.046] [info] Collision Exit 2D Event Invoked
[22:37:01.046] [info] Collision Exit 2D Event Invoked
[22:37:01.046] [info] Collision Exit 2D Event Invoked
[22:37:01.046] [info] Collision Exit 2D Event Invoked
[22:37:01.046] [info] Collision Exit 2D Event Invoked
[22:37:01.047] [info] Collision Exit 2D Event Invoked
[22:37:01.047] [info] Collision Exit 2D Event Invoked
[22:37:01.047] [info] Collision Exit 2D Event Invoked
[22:37:01.047] [info] Collision Exit 2D Event Invoked
[22:37:01.047] [info] Collision Exit 2D Event Invoked
[22:37:01.048] [info] Collision Exit 2D Event Invoked
[22:37:01.048] [info] Collision Exit 2D Event Invoked
[22:37:01.048] [info] Collision Exit 2D Event Invoked
[22:37:01.048] [info] Collision Exit 2D Event Invoked
[22:37:01.048] [info] Collision Exit 2D Event Invoked
[22:37:01.049] [info] Collision Exit 2D Event Invoked
[22:37:01.063] [error] Entity not found for ID: 0
[22:37:01.063] [info] [SOURCE_DETECTOR] C# requested CreateEntity: Prefab = SeaCow
[22:37:01.063] [info] [SOURCE_DETECTOR] Engine creating Entity (Internal)
[22:37:01.064] [info] [CPP ECS] FromJson - Adding component 'Transform' to entity 'SeaCow'
[22:37:01.064] [info] [CPP ECS] FromJson - Adding component 'CircleCollider' to entity 'SeaCow'
[22:37:01.064] [info] [CPP ECS] FromJson - Adding component 'Variables' to entity 'SeaCow'
[22:37:01.064] [info] [CPP ECS] FromJson - Adding component 'Script' to entity 'SeaCow'
[22:37:01.064] [info] [CPP ECS] FromJson - Adding component 'SpriteRenderer' to entity 'SeaCow'
[22:37:01.065] [info] [CPP ECS] FromJson - Adding component 'Rigidbody2D' to entity 'SeaCow'
[22:37:01.066] [info] Collision Enter 2D Event Invoked
[22:37:01.066] [info] Collision Enter 2D Event Invoked
[22:37:01.066] [info] Collision Enter 2D Event Invoked
[22:37:01.066] [info] Collision Enter 2D Event Invoked
[22:37:01.082] [info] [MonoDbg] AddEntityToScript - Instantiating and adding script: SpriteAnimation to Entity ID: -32
[22:37:01.083] [info] [SetScriptVars] OK setting fields for: SpriteAnimation
[22:37:01.083] [info] [MonoDbg] AddEntityToScript - Syncing serialized fields for script: SpriteAnimation
[22:37:01.083] [info] [SetScriptVars] OK setting fields for: SpriteAnimation
[22:37:01.083] [info] [MonoDbg] AddEntityToScript - Instantiating and adding script: ChaseController to Entity ID: -32
[22:37:01.083] [info] [SetScriptVars] OK setting fields for: ChaseController
[22:37:01.084] [info] [MonoDbg] AddEntityToScript - Syncing serialized fields for script: ChaseController
[22:37:01.084] [info] [SetScriptVars] OK setting fields for: ChaseController
[22:37:01.084] [info] [MonoDbg] AddEntityToScript - Instantiating and adding script: TargetFacingFlip to Entity ID: -32
[22:37:01.084] [info] [SetScriptVars] OK setting fields for: TargetFacingFlip
[22:37:01.084] [info] [MonoDbg] AddEntityToScript - Syncing serialized fields for script: TargetFacingFlip
[22:37:01.084] [info] [SetScriptVars] OK setting fields for: TargetFacingFlip
[22:37:01.085] [info] [MonoDbg] AddEntityToScript - Instantiating and adding script: SeaCow to Entity ID: -32
[22:37:01.085] [info] [SetScriptVars] OK setting fields for: SeaCow
[22:37:01.085] [info] [MonoDbg] AddEntityToScript - Syncing serialized fields for script: SeaCow
[22:37:01.085] [info] [SetScriptVars] OK setting fields for: SeaCow
[22:37:01.085] [info] [MonoDbg] AddEntityToScript - Instantiating and adding script: HP to Entity ID: -32
[22:37:01.086] [info] [SetScriptVars] OK setting fields for: HP
[22:37:01.086] [info] [MonoDbg] AddEntityToScript - Syncing serialized fields for script: HP
[22:37:01.086] [info] [SetScriptVars] OK setting fields for: HP
[22:37:01.086] [info] [MonoDbg] AddEntityToScript - Instantiating and adding script: ParticleOffset to Entity ID: -32
[22:37:01.086] [info] [SetScriptVars] no group for scriptName: ParticleOffset  groups: 10
[22:37:01.087] [info] [MonoDbg] AddEntityToScript - Syncing serialized fields for script: ParticleOffset
[22:37:01.087] [info] [SetScriptVars] no group for scriptName: ParticleOffset  groups: 10
[22:37:01.087] [info] [MonoDbg] AddEntityToScript - Instantiating and adding script: AttackCollision to Entity ID: -32
[22:37:01.087] [info] [SetScriptVars] OK setting fields for: AttackCollision
[22:37:01.087] [info] [MonoDbg] AddEntityToScript - Syncing serialized fields for script: AttackCollision
[22:37:01.087] [info] [SetScriptVars] OK setting fields for: AttackCollision
[22:37:01.088] [info] [MonoDbg] AddEntityToScript - Instantiating and adding script: ExpDropper to Entity ID: -32
[22:37:01.088] [info] [SetScriptVars] OK setting fields for: ExpDropper
[22:37:01.088] [info] [MonoDbg] AddEntityToScript - Syncing serialized fields for script: ExpDropper
[22:37:01.088] [info] [SetScriptVars] OK setting fields for: ExpDropper
[22:37:01.088] [info] [MonoDbg] AddEntityToScript - Instantiating and adding script: DespawnTimer to Entity ID: -32
[22:37:01.089] [info] [SetScriptVars] OK setting fields for: DespawnTimer
[22:37:01.089] [info] [MonoDbg] AddEntityToScript - Syncing serialized fields for script: DespawnTimer
[22:37:01.089] [info] [SetScriptVars] OK setting fields for: DespawnTimer
[22:37:01.089] [info] [MonoDbg] AddEntityToScript - Instantiating and adding script: FlashOnDamaged to Entity ID: -32
[22:37:01.089] [info] [SetScriptVars] OK setting fields for: FlashOnDamaged
[22:37:01.089] [info] [MonoDbg] AddEntityToScript - Syncing serialized fields for script: FlashOnDamaged
[22:37:01.090] [info] [SetScriptVars] OK setting fields for: FlashOnDamaged
[22:37:01.090] [info] [MonoDbg] AddEntityToScript - Instantiating and adding script: ShakeSelfOnDamaged to Entity ID: -32
[22:37:01.090] [info] [SetScriptVars] OK setting fields for: ShakeSelfOnDamaged
[22:37:01.090] [info] [MonoDbg] AddEntityToScript - Syncing serialized fields for script: ShakeSelfOnDamaged
[22:37:01.090] [info] [SetScriptVars] OK setting fields for: ShakeSelfOnDamaged
[22:37:01.091] [info] [SOURCE_DETECTOR] C# requested CreateEntity: Prefab = enemySwimParticle
[22:37:01.091] [info] [SOURCE_DETECTOR] Engine creating Entity (Internal)
[22:37:01.091] [info] [CPP ECS] FromJson - Adding component 'Transform' to entity 'enemySwimParticle'
[22:37:01.091] [info] [CPP ECS] FromJson - Adding component 'Variables' to entity 'enemySwimParticle'
[22:37:01.091] [info] [CPP ECS] FromJson - Adding component 'ParticleSystem2D' to entity 'enemySwimParticle'
[22:37:01.092] [error] Entity not found for ID: 0
[22:37:01.109] [error] Entity not found for ID: 0
[22:37:01.127] [error] Entity not found for ID: 0
[22:37:01.143] [error] Entity not found for ID: 0
[22:37:01.144] [info] Collision Enter 2D Event Invoked
[22:37:01.144] [info] Collision Enter 2D Event Invoked
[22:37:01.144] [info] Collision Enter 2D Event Invoked
[22:37:01.145] [info] Collision Enter 2D Event Invoked
[22:37:01.145] [info] Collision Enter 2D Event Invoked
[22:37:01.145] [info] Collision Enter 2D Event Invoked
[22:37:01.145] [info] Collision Enter 2D Event Invoked
[22:37:01.145] [info] Collision Enter 2D Event Invoked
[22:37:01.146] [info] Collision Enter 2D Event Invoked
[22:37:01.146] [info] Collision Enter 2D Event Invoked
[22:37:01.146] [info] Collision Enter 2D Event Invoked
[22:37:01.146] [info] Collision Enter 2D Event Invoked
[22:37:01.146] [info] Collision Enter 2D Event Invoked
[22:37:01.147] [info] Collision Enter 2D Event Invoked
[22:37:01.147] [info] Collision Enter 2D Event Invoked
[22:37:01.147] [info] [SOURCE_DETECTOR] C# requested CreateEntity: Prefab = PlayerHitEffect
[22:37:01.147] [info] [SOURCE_DETECTOR] Engine creating Entity (Internal)
[22:37:01.147] [info] [CPP ECS] FromJson - Adding component 'Transform' to entity 'PlayerHitEffect'
[22:37:01.147] [info] [CPP ECS] FromJson - Adding component 'Variables' to entity 'PlayerHitEffect'
[22:37:01.148] [info] [SOURCE_DETECTOR] Engine creating Entity (Internal)
[22:37:01.148] [info] [CPP ECS] FromJson - Adding component 'Transform' to entity 'HitEffect1'
[22:37:01.148] [info] [CPP ECS] FromJson - Adding component 'Variables' to entity 'HitEffect1'
[22:37:01.148] [info] [CPP ECS] FromJson - Adding component 'SpriteRenderer' to entity 'HitEffect1'
[22:37:01.148] [info] [CPP ECS] FromJson - Adding component 'Script' to entity 'HitEffect1'
[22:37:01.149] [info] [SOURCE_DETECTOR] Engine creating Entity (Internal)
[22:37:01.149] [info] [CPP ECS] FromJson - Adding component 'Transform' to entity 'HitEffect2'
[22:37:01.149] [info] [CPP ECS] FromJson - Adding component 'Variables' to entity 'HitEffect2'
[22:37:01.149] [info] [CPP ECS] FromJson - Adding component 'SpriteRenderer' to entity 'HitEffect2'
[22:37:01.149] [info] [CPP ECS] FromJson - Adding component 'Script' to entity 'HitEffect2'
[22:37:01.150] [error] Script component not found for Entity ID: -53
[22:37:01.150] [info] [SetScriptVars] no group for scriptName: TimedDestruction  groups: 0
[22:37:01.150] [info] Collision Enter 2D Event Invoked
[22:37:01.150] [info] Collision Enter 2D Event Invoked
[22:37:01.150] [info] Collision Enter 2D Event Invoked
[22:37:01.150] [info] Collision Enter 2D Event Invoked
[22:37:01.151] [info] Collision Enter 2D Event Invoked
[22:37:01.151] [info] Collision Enter 2D Event Invoked
[22:37:01.151] [info] Collision Enter 2D Event Invoked
[22:37:01.151] [info] Collision Enter 2D Event Invoked
[22:37:01.151] [info] Collision Enter 2D Event Invoked
[22:37:01.151] [info] Collision Enter 2D Event Invoked
[22:37:01.152] [info] Collision Enter 2D Event Invoked
[22:37:01.152] [info] Collision Enter 2D Event Invoked
[22:37:01.152] [info] Collision Enter 2D Event Invoked
[22:37:01.152] [info] Collision Enter 2D Event Invoked
[22:37:01.152] [info] Collision Enter 2D Event Invoked
[22:37:01.153] [info] Collision Enter 2D Event Invoked
[22:37:01.153] [info] Collision Enter 2D Event Invoked
[22:37:01.153] [info] Collision Enter 2D Event Invoked
[22:37:01.153] [info] Collision Enter 2D Event Invoked
[22:37:01.153] [info] Collision Enter 2D Event Invoked
[22:37:01.169] [info] [MonoDbg] AddEntityToScript - Instantiating and adding script: TransformTween to Entity ID: -54
[22:37:01.169] [info] [SetScriptVars] OK setting fields for: TransformTween
[22:37:01.169] [info] [MonoDbg] AddEntityToScript - Syncing serialized fields for script: TransformTween
[22:37:01.170] [info] [SetScriptVars] OK setting fields for: TransformTween
[22:37:01.170] [info] [MonoDbg] AddEntityToScript - Instantiating and adding script: TransformTween to Entity ID: -55
[22:37:01.170] [info] [SetScriptVars] OK setting fields for: TransformTween
[22:37:01.170] [info] [MonoDbg] AddEntityToScript - Syncing serialized fields for script: TransformTween
[22:37:01.170] [info] [SetScriptVars] OK setting fields for: TransformTween
[22:37:01.171] [error] Entity not found for ID: 0
[22:37:01.172] [error] Entity not found for ID: 0
[22:37:01.172] [error] Entity not found for ID: 0
[22:37:01.173] [info] [SOURCE_DETECTOR] C# requested CreateEntity: Prefab = ExpOrbMedium
[22:37:01.173] [info] [SOURCE_DETECTOR] Engine creating Entity (Internal)
[22:37:01.173] [info] [CPP ECS] FromJson - Adding component 'Transform' to entity 'ExpOrbMedium'
[22:37:01.173] [info] [CPP ECS] FromJson - Adding component 'CircleCollider' to entity 'ExpOrbMedium'
[22:37:01.173] [info] [CPP ECS] FromJson - Adding component 'Variables' to entity 'ExpOrbMedium'
[22:37:01.173] [info] [CPP ECS] FromJson - Adding component 'SpriteRenderer' to entity 'ExpOrbMedium'
[22:37:01.174] [info] [CPP ECS] FromJson - Adding component 'Script' to entity 'ExpOrbMedium'
[22:37:01.174] [info] [SOURCE_DETECTOR] C# requested CreateEntity: Prefab = ExpOrbMedium
[22:37:01.174] [info] [SOURCE_DETECTOR] Engine creating Entity (Internal)
[22:37:01.174] [info] [CPP ECS] FromJson - Adding component 'Transform' to entity 'ExpOrbMedium'
[22:37:01.174] [info] [CPP ECS] FromJson - Adding component 'CircleCollider' to entity 'ExpOrbMedium'
[22:37:01.174] [info] [CPP ECS] FromJson - Adding component 'Variables' to entity 'ExpOrbMedium'
[22:37:01.175] [info] [CPP ECS] FromJson - Adding component 'SpriteRenderer' to entity 'ExpOrbMedium'
[22:37:01.175] [info] [CPP ECS] FromJson - Adding component 'Script' to entity 'ExpOrbMedium'
[22:37:01.175] [info] [SOURCE_DETECTOR] C# requested CreateEntity: Prefab = ExpOrbMedium
[22:37:01.175] [info] [SOURCE_DETECTOR] Engine creating Entity (Internal)
[22:37:01.175] [info] [CPP ECS] FromJson - Adding component 'Transform' to entity 'ExpOrbMedium'
[22:37:01.176] [info] [CPP ECS] FromJson - Adding component 'CircleCollider' to entity 'ExpOrbMedium'
[22:37:01.176] [info] [CPP ECS] FromJson - Adding component 'Variables' to entity 'ExpOrbMedium'
[22:37:01.176] [info] [CPP ECS] FromJson - Adding component 'SpriteRenderer' to entity 'ExpOrbMedium'
[22:37:01.176] [info] [CPP ECS] FromJson - Adding component 'Script' to entity 'ExpOrbMedium'
[22:37:01.177] [info] [SOURCE_DETECTOR] C# requested CreateEntity: Prefab = ExpOrbSmall
[22:37:01.177] [info] [SOURCE_DETECTOR] Engine creating Entity (Internal)
[22:37:01.177] [info] [CPP ECS] FromJson - Adding component 'Transform' to entity 'ExpOrbSmall'
[22:37:01.177] [info] [CPP ECS] FromJson - Adding component 'CircleCollider' to entity 'ExpOrbSmall'
[22:37:01.177] [info] [CPP ECS] FromJson - Adding component 'Variables' to entity 'ExpOrbSmall'
[22:37:01.177] [info] [CPP ECS] FromJson - Adding component 'SpriteRenderer' to entity 'ExpOrbSmall'
[22:37:01.178] [info] [CPP ECS] FromJson - Adding component 'Script' to entity 'ExpOrbSmall'
[22:37:01.178] [info] [SOURCE_DETECTOR] C# requested CreateEntity: Prefab = ExpOrbSmall
[22:37:01.178] [info] [SOURCE_DETECTOR] Engine creating Entity (Internal)
[22:37:01.178] [info] [CPP ECS] FromJson - Adding component 'Transform' to entity 'ExpOrbSmall'
[22:37:01.178] [info] [CPP ECS] FromJson - Adding component 'CircleCollider' to entity 'ExpOrbSmall'
[22:37:01.178] [info] [CPP ECS] FromJson - Adding component 'Variables' to entity 'ExpOrbSmall'
[22:37:01.179] [info] [CPP ECS] FromJson - Adding component 'SpriteRenderer' to entity 'ExpOrbSmall'
[22:37:01.179] [info] [CPP ECS] FromJson - Adding component 'Script' to entity 'ExpOrbSmall'
[22:37:01.180] [info] Collision Enter 2D Event Invoked
[22:37:01.180] [info] Collision Enter 2D Event Invoked
[22:37:01.180] [info] Collision Enter 2D Event Invoked
[22:37:01.180] [info] Collision Enter 2D Event Invoked
[22:37:01.180] [info] Collision Enter 2D Event Invoked
[22:37:01.195] [info] [MonoDbg] AddEntityToScript - Instantiating and adding script: ExperiencePoint to Entity ID: -56
[22:37:01.196] [info] [SetScriptVars] OK setting fields for: ExperiencePoint
[22:37:01.196] [info] [MonoDbg] AddEntityToScript - Syncing serialized fields for script: ExperiencePoint
[22:37:01.196] [info] [SetScriptVars] OK setting fields for: ExperiencePoint
[22:37:01.196] [info] [MonoDbg] AddEntityToScript - Instantiating and adding script: ExperiencePoint to Entity ID: -20
[22:37:01.197] [info] [SetScriptVars] OK setting fields for: ExperiencePoint
[22:37:01.197] [info] [MonoDbg] AddEntityToScript - Syncing serialized fields for script: ExperiencePoint
[22:37:01.197] [info] [SetScriptVars] OK setting fields for: ExperiencePoint
[22:37:01.197] [info] [MonoDbg] AddEntityToScript - Instantiating and adding script: ExperiencePoint to Entity ID: -31
[22:37:01.197] [info] [SetScriptVars] OK setting fields for: ExperiencePoint
[22:37:01.198] [info] [MonoDbg] AddEntityToScript - Syncing serialized fields for script: ExperiencePoint
[22:37:01.198] [info] [SetScriptVars] OK setting fields for: ExperiencePoint
[22:37:01.198] [info] [MonoDbg] AddEntityToScript - Instantiating and adding script: ExperiencePoint to Entity ID: -57
[22:37:01.198] [info] [SetScriptVars] OK setting fields for: ExperiencePoint
[22:37:01.198] [info] [MonoDbg] AddEntityToScript - Syncing serialized fields for script: ExperiencePoint
[22:37:01.199] [info] [SetScriptVars] OK setting fields for: ExperiencePoint
[22:37:01.199] [info] [MonoDbg] AddEntityToScript - Instantiating and adding script: ExperiencePoint to Entity ID: -58
[22:37:01.199] [info] [SetScriptVars] OK setting fields for: ExperiencePoint
[22:37:01.199] [info] [MonoDbg] AddEntityToScript - Syncing serialized fields for script: ExperiencePoint
[22:37:01.199] [info] [SetScriptVars] OK setting fields for: ExperiencePoint
[22:37:01.200] [error] Entity not found for ID: 0
[22:37:01.216] [error] Entity not found for ID: 0
[22:37:01.233] [error] Entity not found for ID: 0
[22:37:01.251] [error] Entity not found for ID: 0
[22:37:01.252] [info] Collision Enter 2D Event Invoked
[22:37:01.252] [info] Collision Enter 2D Event Invoked
[22:37:01.253] [info] Collision Enter 2D Event Invoked
[22:37:01.253] [info] Collision Enter 2D Event Invoked
[22:37:01.253] [info] Collision Enter 2D Event Invoked
[22:37:01.253] [info] Collision Enter 2D Event Invoked
[22:37:01.253] [info] Collision Enter 2D Event Invoked
[22:37:01.254] [info] Collision Enter 2D Event Invoked
[22:37:01.254] [info] Collision Enter 2D Event Invoked
[22:37:01.254] [info] Collision Enter 2D Event Invoked
[22:37:01.254] [info] Collision Enter 2D Event Invoked
[22:37:01.254] [info] Collision Enter 2D Event Invoked
[22:37:01.255] [info] Collision Enter 2D Event Invoked
[22:37:01.255] [info] Collision Enter 2D Event Invoked
[22:37:01.271] [error] Entity not found for ID: 0
[22:37:01.288] [error] Entity not found for ID: 0
[22:37:01.304] [error] Entity not found for ID: 0
[22:37:01.321] [error] Entity not found for ID: 0
[22:37:01.339] [error] Entity not found for ID: 0
[22:37:01.358] [error] Entity not found for ID: 0
[22:37:01.378] [error] Entity not found for ID: 0
[22:37:01.397] [error] Entity not found for ID: 0
[22:37:01.416] [error] Entity not found for ID: 0
[22:37:01.435] [error] Entity not found for ID: 0
[22:37:01.454] [error] Entity not found for ID: 0
[22:37:01.473] [error] Entity not found for ID: 0
[22:37:01.491] [error] Entity not found for ID: 0
[22:37:01.511] [error] Entity not found for ID: 0
[22:37:01.528] [error] Entity not found for ID: 0
[22:37:01.546] [error] Entity not found for ID: 0
[22:37:01.547] [error] Entity not found for ID: -55
[22:37:01.547] [error] Entity not found for ID: -54
[22:37:01.564] [error] Entity not found for ID: 0
[22:37:01.565] [info] [SOURCE_DETECTOR] C# requested CreateEntity: Prefab = MorayEel
[22:37:01.565] [info] [SOURCE_DETECTOR] Engine creating Entity (Internal)
[22:37:01.565] [info] [CPP ECS] FromJson - Adding component 'Transform' to entity 'MorayEel'
[22:37:01.565] [info] [CPP ECS] FromJson - Adding component 'CircleCollider' to entity 'MorayEel'
[22:37:01.565] [info] [CPP ECS] FromJson - Adding component 'Variables' to entity 'MorayEel'
[22:37:01.566] [info] [CPP ECS] FromJson - Adding component 'Script' to entity 'MorayEel'
[22:37:01.566] [info] [CPP ECS] FromJson - Adding component 'SpriteRenderer' to entity 'MorayEel'
[22:37:01.566] [info] [CPP ECS] FromJson - Adding component 'Rigidbody2D' to entity 'MorayEel'
[22:37:01.566] [info] Script MorayEelSpawnMove found for Entity ID: -24
[22:37:01.566] [info] [SetScriptVars] OK setting fields for: MorayEelSpawnMove
[22:37:01.567] [info] [SOURCE_DETECTOR] C# requested CreateEntity: Prefab = MorayEel
[22:37:01.567] [info] [SOURCE_DETECTOR] Engine creating Entity (Internal)
[22:37:01.567] [info] [CPP ECS] FromJson - Adding component 'Transform' to entity 'MorayEel'
[22:37:01.567] [info] [CPP ECS] FromJson - Adding component 'CircleCollider' to entity 'MorayEel'
[22:37:01.567] [info] [CPP ECS] FromJson - Adding component 'Variables' to entity 'MorayEel'
[22:37:01.568] [info] [CPP ECS] FromJson - Adding component 'Script' to entity 'MorayEel'
[22:37:01.568] [info] [CPP ECS] FromJson - Adding component 'SpriteRenderer' to entity 'MorayEel'
[22:37:01.568] [info] [CPP ECS] FromJson - Adding component 'Rigidbody2D' to entity 'MorayEel'
[22:37:01.568] [info] Script MorayEelSpawnMove found for Entity ID: -53
[22:37:01.569] [info] [SetScriptVars] OK setting fields for: MorayEelSpawnMove
[22:37:01.569] [error] Entity not found for ID: -55
[22:37:01.569] [error] Entity not found for ID: -54
[22:37:01.586] [info] [MonoDbg] AddEntityToScript - Instantiating and adding script: SpriteAnimation to Entity ID: -24
[22:37:01.586] [info] [SetScriptVars] OK setting fields for: SpriteAnimation
[22:37:01.586] [info] [MonoDbg] AddEntityToScript - Syncing serialized fields for script: SpriteAnimation
[22:37:01.587] [info] [SetScriptVars] OK setting fields for: SpriteAnimation
[22:37:01.587] [info] [MonoDbg] AddEntityToScript - Instantiating and adding script: MorayEelSpawnMove to Entity ID: -24
[22:37:01.587] [info] [MonoDbg] AddEntityToScript - Syncing serialized fields for script: MorayEelSpawnMove
[22:37:01.587] [info] [SetScriptVars] OK setting fields for: MorayEelSpawnMove
[22:37:01.587] [info] [MonoDbg] AddEntityToScript - Instantiating and adding script: ChaseController to Entity ID: -24
[22:37:01.587] [info] [SetScriptVars] OK setting fields for: ChaseController
[22:37:01.588] [info] [MonoDbg] AddEntityToScript - Syncing serialized fields for script: ChaseController
[22:37:01.588] [info] [SetScriptVars] OK setting fields for: ChaseController
[22:37:01.588] [info] [MonoDbg] AddEntityToScript - Instantiating and adding script: ChaseAnimation to Entity ID: -24
[22:37:01.588] [info] [SetScriptVars] OK setting fields for: ChaseAnimation
[22:37:01.588] [info] [MonoDbg] AddEntityToScript - Syncing serialized fields for script: ChaseAnimation
[22:37:01.589] [info] [SetScriptVars] OK setting fields for: ChaseAnimation
[22:37:01.589] [info] [MonoDbg] AddEntityToScript - Instantiating and adding script: SmallFryChaseMove to Entity ID: -24
[22:37:01.589] [info] [SetScriptVars] OK setting fields for: SmallFryChaseMove
[22:37:01.589] [info] [MonoDbg] AddEntityToScript - Syncing serialized fields for script: SmallFryChaseMove
[22:37:01.589] [info] [SetScriptVars] OK setting fields for: SmallFryChaseMove
[22:37:01.589] [info] [MonoDbg] AddEntityToScript - Instantiating and adding script: TargetFacingFlip to Entity ID: -24
[22:37:01.590] [info] [SetScriptVars] OK setting fields for: TargetFacingFlip
[22:37:01.590] [info] [MonoDbg] AddEntityToScript - Syncing serialized fields for script: TargetFacingFlip
[22:37:01.590] [info] [SetScriptVars] OK setting fields for: TargetFacingFlip
[22:37:01.590] [info] [MonoDbg] AddEntityToScript - Instantiating and adding script: MorayEel to Entity ID: -24
[22:37:01.590] [info] [SetScriptVars] OK setting fields for: MorayEel
[22:37:01.591] [info] [MonoDbg] AddEntityToScript - Syncing serialized fields for script: MorayEel
[22:37:01.591] [info] [SetScriptVars] OK setting fields for: MorayEel
[22:37:01.591] [info] [MonoDbg] AddEntityToScript - Instantiating and adding script: HP to Entity ID: -24
[22:37:01.591] [info] [SetScriptVars] OK setting fields for: HP
[22:37:01.591] [info] [MonoDbg] AddEntityToScript - Syncing serialized fields for script: HP
[22:37:01.592] [info] [SetScriptVars] OK setting fields for: HP
[22:37:01.592] [info] [MonoDbg] AddEntityToScript - Instantiating and adding script: DespawnTimer to Entity ID: -24
[22:37:01.592] [info] [SetScriptVars] OK setting fields for: DespawnTimer
[22:37:01.592] [info] [MonoDbg] AddEntityToScript - Syncing serialized fields for script: DespawnTimer
[22:37:01.592] [info] [SetScriptVars] OK setting fields for: DespawnTimer
[22:37:01.592] [info] [MonoDbg] AddEntityToScript - Instantiating and adding script: ExpDropper to Entity ID: -24
[22:37:01.593] [info] [SetScriptVars] OK setting fields for: ExpDropper
[22:37:01.593] [info] [MonoDbg] AddEntityToScript - Syncing serialized fields for script: ExpDropper
[22:37:01.593] [info] [SetScriptVars] OK setting fields for: ExpDropper
[22:37:01.593] [info] [MonoDbg] AddEntityToScript - Instantiating and adding script: ParticleOffset to Entity ID: -24
[22:37:01.593] [info] [SetScriptVars] OK setting fields for: ParticleOffset
[22:37:01.593] [info] [MonoDbg] AddEntityToScript - Syncing serialized fields for script: ParticleOffset
[22:37:01.594] [info] [SetScriptVars] OK setting fields for: ParticleOffset
[22:37:01.594] [info] [MonoDbg] AddEntityToScript - Instantiating and adding script: AttackCollision to Entity ID: -24
[22:37:01.594] [info] [SetScriptVars] OK setting fields for: AttackCollision
[22:37:01.594] [info] [MonoDbg] AddEntityToScript - Syncing serialized fields for script: AttackCollision
[22:37:01.594] [info] [SetScriptVars] OK setting fields for: AttackCollision
[22:37:01.594] [info] [MonoDbg] AddEntityToScript - Instantiating and adding script: FlashOnDamaged to Entity ID: -24
[22:37:01.595] [info] [SetScriptVars] OK setting fields for: FlashOnDamaged
[22:37:01.595] [info] [MonoDbg] AddEntityToScript - Syncing serialized fields for script: FlashOnDamaged
[22:37:01.595] [info] [SetScriptVars] OK setting fields for: FlashOnDamaged
[22:37:01.595] [info] [MonoDbg] AddEntityToScript - Instantiating and adding script: ShakeSelfOnDamaged to Entity ID: -24
[22:37:01.595] [info] [SetScriptVars] OK setting fields for: ShakeSelfOnDamaged
[22:37:01.596] [info] [MonoDbg] AddEntityToScript - Syncing serialized fields for script: ShakeSelfOnDamaged
[22:37:01.596] [info] [SetScriptVars] OK setting fields for: ShakeSelfOnDamaged
[22:37:01.596] [info] [MonoDbg] AddEntityToScript - Instantiating and adding script: SpriteAnimation to Entity ID: -53
[22:37:01.596] [info] [SetScriptVars] OK setting fields for: SpriteAnimation
[22:37:01.596] [info] [MonoDbg] AddEntityToScript - Syncing serialized fields for script: SpriteAnimation
[22:37:01.597] [info] [SetScriptVars] OK setting fields for: SpriteAnimation
[22:37:01.597] [info] [MonoDbg] AddEntityToScript - Instantiating and adding script: MorayEelSpawnMove to Entity ID: -53
[22:37:01.597] [info] [MonoDbg] AddEntityToScript - Syncing serialized fields for script: MorayEelSpawnMove
[22:37:01.597] [info] [SetScriptVars] OK setting fields for: MorayEelSpawnMove
[22:37:01.597] [info] [MonoDbg] AddEntityToScript - Instantiating and adding script: ChaseController to Entity ID: -53
[22:37:01.598] [info] [SetScriptVars] OK setting fields for: ChaseController
[22:37:01.598] [info] [MonoDbg] AddEntityToScript - Syncing serialized fields for script: ChaseController
[22:37:01.598] [info] [SetScriptVars] OK setting fields for: ChaseController
[22:37:01.598] [info] [MonoDbg] AddEntityToScript - Instantiating and adding script: ChaseAnimation to Entity ID: -53
[22:37:01.598] [info] [SetScriptVars] OK setting fields for: ChaseAnimation
[22:37:01.599] [info] [MonoDbg] AddEntityToScript - Syncing serialized fields for script: ChaseAnimation
[22:37:01.599] [info] [SetScriptVars] OK setting fields for: ChaseAnimation
[22:37:01.599] [info] [MonoDbg] AddEntityToScript - Instantiating and adding script: SmallFryChaseMove to Entity ID: -53
[22:37:01.599] [info] [SetScriptVars] OK setting fields for: SmallFryChaseMove
[22:37:01.599] [info] [MonoDbg] AddEntityToScript - Syncing serialized fields for script: SmallFryChaseMove
[22:37:01.600] [info] [SetScriptVars] OK setting fields for: SmallFryChaseMove
[22:37:01.600] [info] [MonoDbg] AddEntityToScript - Instantiating and adding script: TargetFacingFlip to Entity ID: -53
[22:37:01.600] [info] [SetScriptVars] OK setting fields for: TargetFacingFlip
[22:37:01.600] [info] [MonoDbg] AddEntityToScript - Syncing serialized fields for script: TargetFacingFlip
[22:37:01.600] [info] [SetScriptVars] OK setting fields for: TargetFacingFlip
[22:37:01.601] [info] [MonoDbg] AddEntityToScript - Instantiating and adding script: MorayEel to Entity ID: -53
[22:37:01.601] [info] [SetScriptVars] OK setting fields for: MorayEel
[22:37:01.601] [info] [MonoDbg] AddEntityToScript - Syncing serialized fields for script: MorayEel
[22:37:01.601] [info] [SetScriptVars] OK setting fields for: MorayEel
[22:37:01.601] [info] [MonoDbg] AddEntityToScript - Instantiating and adding script: HP to Entity ID: -53
[22:37:01.602] [info] [SetScriptVars] OK setting fields for: HP
[22:37:01.602] [info] [MonoDbg] AddEntityToScript - Syncing serialized fields for script: HP
[22:37:01.602] [info] [SetScriptVars] OK setting fields for: HP
[22:37:01.602] [info] [MonoDbg] AddEntityToScript - Instantiating and adding script: DespawnTimer to Entity ID: -53
[22:37:01.602] [info] [SetScriptVars] OK setting fields for: DespawnTimer
[22:37:01.602] [info] [MonoDbg] AddEntityToScript - Syncing serialized fields for script: DespawnTimer
[22:37:01.603] [info] [SetScriptVars] OK setting fields for: DespawnTimer
[22:37:01.603] [info] [MonoDbg] AddEntityToScript - Instantiating and adding script: ExpDropper to Entity ID: -53
[22:37:01.603] [info] [SetScriptVars] OK setting fields for: ExpDropper
[22:37:01.603] [info] [MonoDbg] AddEntityToScript - Syncing serialized fields for script: ExpDropper
[22:37:01.603] [info] [SetScriptVars] OK setting fields for: ExpDropper
[22:37:01.604] [info] [MonoDbg] AddEntityToScript - Instantiating and adding script: ParticleOffset to Entity ID: -53
[22:37:01.604] [info] [SetScriptVars] OK setting fields for: ParticleOffset
[22:37:01.604] [info] [MonoDbg] AddEntityToScript - Syncing serialized fields for script: ParticleOffset
[22:37:01.604] [info] [SetScriptVars] OK setting fields for: ParticleOffset
[22:37:01.604] [info] [MonoDbg] AddEntityToScript - Instantiating and adding script: AttackCollision to Entity ID: -53
[22:37:01.604] [info] [SetScriptVars] OK setting fields for: AttackCollision
[22:37:01.605] [info] [MonoDbg] AddEntityToScript - Syncing serialized fields for script: AttackCollision
[22:37:01.605] [info] [SetScriptVars] OK setting fields for: AttackCollision
[22:37:01.605] [info] [MonoDbg] AddEntityToScript - Instantiating and adding script: FlashOnDamaged to Entity ID: -53
[22:37:01.605] [info] [SetScriptVars] OK setting fields for: FlashOnDamaged
[22:37:01.605] [info] [MonoDbg] AddEntityToScript - Syncing serialized fields for script: FlashOnDamaged
[22:37:01.605] [info] [SetScriptVars] OK setting fields for: FlashOnDamaged
[22:37:01.605] [info] [MonoDbg] AddEntityToScript - Instantiating and adding script: ShakeSelfOnDamaged to Entity ID: -53
[22:37:01.606] [info] [SetScriptVars] OK setting fields for: ShakeSelfOnDamaged
[22:37:01.606] [info] [MonoDbg] AddEntityToScript - Syncing serialized fields for script: ShakeSelfOnDamaged
[22:37:01.606] [info] [SetScriptVars] OK setting fields for: ShakeSelfOnDamaged
[22:37:01.606] [info] [SOURCE_DETECTOR] C# requested CreateEntity: Prefab = enemySwimParticle
[22:37:01.607] [info] [SOURCE_DETECTOR] Engine creating Entity (Internal)
[22:37:01.607] [info] [CPP ECS] FromJson - Adding component 'Transform' to entity 'enemySwimParticle'
[22:37:01.607] [info] [CPP ECS] FromJson - Adding component 'Variables' to entity 'enemySwimParticle'
[22:37:01.607] [info] [CPP ECS] FromJson - Adding component 'ParticleSystem2D' to entity 'enemySwimParticle'
[22:37:01.608] [info] [SOURCE_DETECTOR] C# requested CreateEntity: Prefab = enemySwimParticle
[22:37:01.608] [info] [SOURCE_DETECTOR] Engine creating Entity (Internal)
[22:37:01.608] [info] [CPP ECS] FromJson - Adding component 'Transform' to entity 'enemySwimParticle'
[22:37:01.608] [info] [CPP ECS] FromJson - Adding component 'Variables' to entity 'enemySwimParticle'
[22:37:01.608] [info] [CPP ECS] FromJson - Adding component 'ParticleSystem2D' to entity 'enemySwimParticle'
[22:37:01.609] [error] Entity not found for ID: 0
[22:37:01.612] [info] Collision Exit 2D Event Invoked
[22:37:01.612] [info] Collision Exit 2D Event Invoked
[22:37:01.612] [info] Collision Exit 2D Event Invoked
[22:37:01.612] [info] Collision Exit 2D Event Invoked
[22:37:01.612] [info] Collision Exit 2D Event Invoked
[22:37:01.613] [info] Collision Exit 2D Event Invoked
[22:37:01.613] [info] Collision Exit 2D Event Invoked
[22:37:01.613] [info] Collision Exit 2D Event Invoked
[22:37:01.613] [info] Collision Exit 2D Event Invoked
[22:37:01.614] [info] Collision Exit 2D Event Invoked
[22:37:01.614] [info] Collision Exit 2D Event Invoked
[22:37:01.614] [info] Collision Exit 2D Event Invoked
[22:37:01.614] [info] Collision Exit 2D Event Invoked
[22:37:01.614] [info] Collision Exit 2D Event Invoked
[22:37:01.614] [info] Collision Exit 2D Event Invoked
[22:37:01.629] [error] Entity not found for ID: 0
[22:37:01.645] [error] Entity not found for ID: 0
[22:37:01.662] [error] Entity not found for ID: 0
[22:37:01.680] [error] Entity not found for ID: 0
[22:37:01.698] [error] Entity not found for ID: 0
[22:37:01.716] [error] Entity not found for ID: 0
[22:37:01.734] [error] Entity not found for ID: 0
[22:37:01.752] [error] Entity not found for ID: 0
[22:37:01.753] [info] [SOURCE_DETECTOR] C# requested CreateEntity: Prefab = surfaceOctopusParticle
[22:37:01.753] [info] [SOURCE_DETECTOR] Engine creating Entity (Internal)
[22:37:01.753] [info] [CPP ECS] FromJson - Adding component 'Transform' to entity 'surfaceOctopusParticle'
[22:37:01.754] [info] [CPP ECS] FromJson - Adding component 'Variables' to entity 'surfaceOctopusParticle'
[22:37:01.754] [info] [CPP ECS] FromJson - Adding component 'ParticleSystem2D' to entity 'surfaceOctopusParticle'
[22:37:01.754] [info] [SetScriptVars] no group for scriptName: TimedDestruction  groups: 0
[22:37:01.772] [error] Entity not found for ID: 0
[22:37:01.789] [error] Entity not found for ID: 0
[22:37:01.806] [error] Entity not found for ID: 0
[22:37:01.823] [error] Entity not found for ID: 0
[22:37:01.840] [error] Entity not found for ID: 0
[22:37:01.842] [info] Collision Exit 2D Event Invoked
[22:37:01.842] [info] Collision Exit 2D Event Invoked
[22:37:01.843] [info] Collision Exit 2D Event Invoked
[22:37:01.843] [info] Collision Exit 2D Event Invoked
[22:37:01.843] [info] Collision Exit 2D Event Invoked
[22:37:01.843] [info] Collision Exit 2D Event Invoked
[22:37:01.843] [info] Collision Exit 2D Event Invoked
[22:37:01.843] [info] Collision Exit 2D Event Invoked
[22:37:01.844] [info] Collision Exit 2D Event Invoked
[22:37:01.844] [info] Collision Exit 2D Event Invoked
[22:37:01.844] [info] Collision Exit 2D Event Invoked
[22:37:01.844] [info] Collision Exit 2D Event Invoked
[22:37:01.844] [info] Collision Exit 2D Event Invoked
[22:37:01.844] [info] Collision Exit 2D Event Invoked
[22:37:01.845] [info] Collision Exit 2D Event Invoked
[22:37:01.860] [error] Entity not found for ID: 0
[22:37:01.879] [error] Entity not found for ID: 0
[22:37:01.898] [error] Entity not found for ID: 0
[22:37:01.915] [error] Entity not found for ID: 0
[22:37:01.934] [error] Entity not found for ID: 0
[22:37:01.951] [error] Entity not found for ID: 0
[22:37:01.969] [error] Entity not found for ID: 0
[22:37:01.985] [error] Entity not found for ID: 0
[22:37:02.002] [error] Entity not found for ID: 0
[22:37:02.021] [error] Entity not found for ID: 0
[22:37:02.039] [error] Entity not found for ID: 0
[22:37:02.056] [error] Entity not found for ID: 0
[22:37:02.074] [error] Entity not found for ID: 0
[22:37:02.092] [error] Entity not found for ID: 0
[22:37:02.109] [error] Entity not found for ID: 0
[22:37:02.126] [error] Entity not found for ID: 0
[22:37:02.126] [info] [SOURCE_DETECTOR] C# requested CreateEntity: Prefab = FlapjackOctopus
[22:37:02.126] [info] [SOURCE_DETECTOR] Engine creating Entity (Internal)
[22:37:02.127] [info] [CPP ECS] FromJson - Adding component 'Transform' to entity 'FlapjackOctopus'
[22:37:02.127] [info] [CPP ECS] FromJson - Adding component 'CircleCollider' to entity 'FlapjackOctopus'
[22:37:02.127] [info] [CPP ECS] FromJson - Adding component 'Variables' to entity 'FlapjackOctopus'
[22:37:02.127] [info] [CPP ECS] FromJson - Adding component 'Script' to entity 'FlapjackOctopus'
[22:37:02.127] [info] [CPP ECS] FromJson - Adding component 'SpriteRenderer' to entity 'FlapjackOctopus'
[22:37:02.128] [info] [CPP ECS] FromJson - Adding component 'Rigidbody2D' to entity 'FlapjackOctopus'
[22:37:02.129] [info] Collision Enter 2D Event Invoked
[22:37:02.129] [info] Collision Enter 2D Event Invoked
[22:37:02.129] [info] Collision Enter 2D Event Invoked
[22:37:02.129] [info] Collision Enter 2D Event Invoked
[22:37:02.145] [info] [MonoDbg] AddEntityToScript - Instantiating and adding script: SpriteAnimation to Entity ID: -59
[22:37:02.145] [info] [SetScriptVars] OK setting fields for: SpriteAnimation
[22:37:02.145] [info] [MonoDbg] AddEntityToScript - Syncing serialized fields for script: SpriteAnimation
[22:37:02.145] [info] [SetScriptVars] OK setting fields for: SpriteAnimation
[22:37:02.146] [info] [MonoDbg] AddEntityToScript - Instantiating and adding script: TargetRangeDetector to Entity ID: -59
[22:37:02.146] [info] [SetScriptVars] OK setting fields for: TargetRangeDetector
[22:37:02.146] [info] [MonoDbg] AddEntityToScript - Syncing serialized fields for script: TargetRangeDetector
[22:37:02.146] [info] [SetScriptVars] OK setting fields for: TargetRangeDetector
[22:37:02.146] [info] [MonoDbg] AddEntityToScript - Instantiating and adding script: FlapjackOctopus to Entity ID: -59
[22:37:02.147] [info] [SetScriptVars] OK setting fields for: FlapjackOctopus
[22:37:02.147] [info] [MonoDbg] AddEntityToScript - Syncing serialized fields for script: FlapjackOctopus
[22:37:02.147] [info] [SetScriptVars] OK setting fields for: FlapjackOctopus
[22:37:02.147] [info] [MonoDbg] AddEntityToScript - Instantiating and adding script: HP to Entity ID: -59
[22:37:02.147] [info] [SetScriptVars] OK setting fields for: HP
[22:37:02.147] [info] [MonoDbg] AddEntityToScript - Syncing serialized fields for script: HP
[22:37:02.148] [info] [SetScriptVars] OK setting fields for: HP
[22:37:02.148] [info] [MonoDbg] AddEntityToScript - Instantiating and adding script: ParticleOffset to Entity ID: -59
[22:37:02.148] [info] [SetScriptVars] no group for scriptName: ParticleOffset  groups: 9
[22:37:02.148] [info] [MonoDbg] AddEntityToScript - Syncing serialized fields for script: ParticleOffset
[22:37:02.148] [info] [SetScriptVars] no group for scriptName: ParticleOffset  groups: 9
[22:37:02.148] [info] [MonoDbg] AddEntityToScript - Instantiating and adding script: AttackCollision to Entity ID: -59
[22:37:02.149] [info] [SetScriptVars] OK setting fields for: AttackCollision
[22:37:02.149] [info] [MonoDbg] AddEntityToScript - Syncing serialized fields for script: AttackCollision
[22:37:02.149] [info] [SetScriptVars] OK setting fields for: AttackCollision
[22:37:02.149] [info] [MonoDbg] AddEntityToScript - Instantiating and adding script: ExpDropper to Entity ID: -59
[22:37:02.150] [info] [SetScriptVars] OK setting fields for: ExpDropper
[22:37:02.150] [info] [MonoDbg] AddEntityToScript - Syncing serialized fields for script: ExpDropper
[22:37:02.150] [info] [SetScriptVars] OK setting fields for: ExpDropper
[22:37:02.150] [info] [MonoDbg] AddEntityToScript - Instantiating and adding script: DespawnTimer to Entity ID: -59
[22:37:02.150] [info] [SetScriptVars] OK setting fields for: DespawnTimer
[22:37:02.150] [info] [MonoDbg] AddEntityToScript - Syncing serialized fields for script: DespawnTimer
[22:37:02.151] [info] [SetScriptVars] OK setting fields for: DespawnTimer
[22:37:02.151] [info] [MonoDbg] AddEntityToScript - Instantiating and adding script: FlashOnDamaged to Entity ID: -59
[22:37:02.151] [info] [SetScriptVars] OK setting fields for: FlashOnDamaged
[22:37:02.151] [info] [MonoDbg] AddEntityToScript - Syncing serialized fields for script: FlashOnDamaged
[22:37:02.151] [info] [SetScriptVars] OK setting fields for: FlashOnDamaged
[22:37:02.152] [info] [MonoDbg] AddEntityToScript - Instantiating and adding script: ShakeSelfOnDamaged to Entity ID: -59
[22:37:02.152] [info] [SetScriptVars] OK setting fields for: ShakeSelfOnDamaged
[22:37:02.152] [info] [MonoDbg] AddEntityToScript - Syncing serialized fields for script: ShakeSelfOnDamaged
[22:37:02.152] [info] [SetScriptVars] OK setting fields for: ShakeSelfOnDamaged
[22:37:02.152] [info] [SOURCE_DETECTOR] C# requested CreateEntity: Prefab = surfaceOctopusParticle
[22:37:02.153] [info] [SOURCE_DETECTOR] Engine creating Entity (Internal)
[22:37:02.153] [info] [CPP ECS] FromJson - Adding component 'Transform' to entity 'surfaceOctopusParticle'
[22:37:02.153] [info] [CPP ECS] FromJson - Adding component 'Variables' to entity 'surfaceOctopusParticle'
[22:37:02.153] [info] [CPP ECS] FromJson - Adding component 'ParticleSystem2D' to entity 'surfaceOctopusParticle'
[22:37:02.154] [error] Entity not found for ID: 0
[22:37:02.171] [error] Entity not found for ID: 0
[22:37:02.187] [error] Entity not found for ID: 0
[22:37:02.204] [error] Entity not found for ID: 0
[22:37:02.220] [error] Entity not found for ID: 0
[22:37:02.238] [error] Entity not found for ID: 0
[22:37:02.239] [info] Collision Enter 2D Event Invoked
[22:37:02.240] [info] Collision Enter 2D Event Invoked
[22:37:02.240] [info] Collision Enter 2D Event Invoked
[22:37:02.240] [info] Collision Enter 2D Event Invoked
[22:37:02.240] [info] Collision Enter 2D Event Invoked
[22:37:02.240] [info] Collision Enter 2D Event Invoked
[22:37:02.241] [info] Collision Enter 2D Event Invoked
[22:37:02.241] [info] Collision Enter 2D Event Invoked
[22:37:02.241] [info] Collision Enter 2D Event Invoked
[22:37:02.241] [info] Collision Enter 2D Event Invoked
[22:37:02.241] [info] Collision Enter 2D Event Invoked
[22:37:02.242] [info] Collision Enter 2D Event Invoked
[22:37:02.242] [info] Collision Enter 2D Event Invoked
[22:37:02.260] [error] Entity not found for ID: 0
[22:37:02.260] [error] Entity not found for ID: 0
[22:37:02.263] [info] Collision Exit 2D Event Invoked
[22:37:02.263] [info] Collision Exit 2D Event Invoked
[22:37:02.264] [info] Collision Exit 2D Event Invoked
[22:37:02.264] [info] Collision Exit 2D Event Invoked
[22:37:02.264] [info] Collision Exit 2D Event Invoked
[22:37:02.264] [info] Collision Exit 2D Event Invoked
[22:37:02.264] [info] Collision Exit 2D Event Invoked
[22:37:02.264] [info] Collision Exit 2D Event Invoked
[22:37:02.265] [info] Collision Exit 2D Event Invoked
[22:37:02.265] [info] Collision Exit 2D Event Invoked
[22:37:02.265] [info] Collision Exit 2D Event Invoked
[22:37:02.265] [info] Collision Exit 2D Event Invoked
[22:37:02.265] [info] Collision Exit 2D Event Invoked
[22:37:02.280] [error] Entity not found for ID: 0
[22:37:02.281] [error] Entity not found for ID: 0
[22:37:02.298] [error] Entity not found for ID: 0
[22:37:02.298] [error] Entity not found for ID: 0
[22:37:02.315] [error] Entity not found for ID: 0
[22:37:02.315] [error] Entity not found for ID: 0
[22:37:02.332] [error] Entity not found for ID: 0
[22:37:02.333] [error] Entity not found for ID: 0
[22:37:02.350] [error] Entity not found for ID: 0
[22:37:02.350] [error] Entity not found for ID: 0
[22:37:02.368] [error] Entity not found for ID: 0
[22:37:02.368] [error] Entity not found for ID: 0
[22:37:02.385] [error] Entity not found for ID: 0
[22:37:02.386] [error] Entity not found for ID: 0
[22:37:02.402] [error] Entity not found for ID: 0
[22:37:02.402] [error] Entity not found for ID: 0
[22:37:02.419] [error] Entity not found for ID: 0
[22:37:02.420] [error] Entity not found for ID: 0
[22:37:02.437] [error] Entity not found for ID: 0
[22:37:02.438] [error] Entity not found for ID: 0
[22:37:02.455] [error] Entity not found for ID: 0
[22:37:02.455] [error] Entity not found for ID: 0
[22:37:02.457] [info] Collision Exit 2D Event Invoked
[22:37:02.457] [info] Collision Exit 2D Event Invoked
[22:37:02.458] [info] Collision Exit 2D Event Invoked
[22:37:02.458] [info] Collision Exit 2D Event Invoked
[22:37:02.458] [info] Collision Exit 2D Event Invoked
[22:37:02.458] [info] Collision Exit 2D Event Invoked
[22:37:02.458] [info] Collision Exit 2D Event Invoked
[22:37:02.459] [info] Collision Exit 2D Event Invoked
[22:37:02.459] [info] Collision Exit 2D Event Invoked
[22:37:02.459] [info] Collision Exit 2D Event Invoked
[22:37:02.459] [info] Collision Exit 2D Event Invoked
[22:37:02.459] [info] Collision Exit 2D Event Invoked
[22:37:02.460] [info] Collision Exit 2D Event Invoked
[22:37:02.460] [info] Collision Exit 2D Event Invoked
[22:37:02.460] [info] Collision Exit 2D Event Invoked
[22:37:02.475] [error] Entity not found for ID: 0
[22:37:02.475] [error] Entity not found for ID: 0
[22:37:02.493] [error] Entity not found for ID: 0
[22:37:02.494] [error] Entity not found for ID: 0
[22:37:02.511] [error] Entity not found for ID: 0
[22:37:02.511] [error] Entity not found for ID: 0
[22:37:02.529] [error] Entity not found for ID: 0
[22:37:02.529] [error] Entity not found for ID: 0
[22:37:02.547] [error] Entity not found for ID: 0
[22:37:02.547] [error] Entity not found for ID: 0
[22:37:02.564] [error] Entity not found for ID: 0
[22:37:02.564] [error] Entity not found for ID: 0
[22:37:02.581] [error] Entity not found for ID: 0
[22:37:02.582] [error] Entity not found for ID: 0
[22:37:02.599] [error] Entity not found for ID: 0
[22:37:02.600] [error] Entity not found for ID: 0
[22:37:02.617] [error] Entity not found for ID: 0
[22:37:02.617] [error] Entity not found for ID: 0
[22:37:02.635] [error] Entity not found for ID: 0
[22:37:02.635] [error] Entity not found for ID: 0
[22:37:02.653] [error] Entity not found for ID: 0
[22:37:02.653] [error] Entity not found for ID: 0
[22:37:02.670] [error] Entity not found for ID: 0
[22:37:02.670] [error] Entity not found for ID: 0
[22:37:02.687] [error] Entity not found for ID: 0
[22:37:02.688] [error] Entity not found for ID: 0
[22:37:02.705] [error] Entity not found for ID: 0
[22:37:02.705] [error] Entity not found for ID: 0
[22:37:02.723] [error] Entity not found for ID: 0
[22:37:02.723] [error] Entity not found for ID: 0
[22:37:02.739] [error] Entity not found for ID: 0
[22:37:02.740] [error] Entity not found for ID: 0
[22:37:02.757] [error] Entity not found for ID: 0
[22:37:02.757] [error] Entity not found for ID: 0
[22:37:02.775] [error] Entity not found for ID: 0
[22:37:02.775] [error] Entity not found for ID: 0
[22:37:02.793] [error] Entity not found for ID: 0
[22:37:02.793] [error] Entity not found for ID: 0
[22:37:02.811] [error] Entity not found for ID: 0
[22:37:02.811] [error] Entity not found for ID: 0
[22:37:02.829] [error] Entity not found for ID: 0
[22:37:02.829] [error] Entity not found for ID: 0
[22:37:02.847] [error] Entity not found for ID: 0
[22:37:02.847] [error] Entity not found for ID: 0
[22:37:02.849] [info] Collision Enter 2D Event Invoked
[22:37:02.849] [info] Collision Enter 2D Event Invoked
[22:37:02.849] [info] Collision Enter 2D Event Invoked
[22:37:02.849] [info] Collision Enter 2D Event Invoked
[22:37:02.849] [info] Collision Enter 2D Event Invoked
[22:37:02.849] [info] Collision Enter 2D Event Invoked
[22:37:02.850] [info] Collision Enter 2D Event Invoked
[22:37:02.850] [info] Collision Enter 2D Event Invoked
[22:37:02.850] [info] Collision Enter 2D Event Invoked
[22:37:02.850] [info] Collision Enter 2D Event Invoked
[22:37:02.850] [info] Collision Enter 2D Event Invoked
[22:37:02.851] [info] Collision Enter 2D Event Invoked
[22:37:02.851] [info] Collision Enter 2D Event Invoked
[22:37:02.851] [info] Collision Enter 2D Event Invoked
[22:37:02.851] [info] Collision Enter 2D Event Invoked
[22:37:02.868] [error] Entity not found for ID: 0
[22:37:02.868] [error] Entity not found for ID: 0
[22:37:02.886] [error] Entity not found for ID: 0
[22:37:02.886] [error] Entity not found for ID: 0
[22:37:02.905] [error] Entity not found for ID: 0
[22:37:02.905] [error] Entity not found for ID: 0
[22:37:02.924] [error] Entity not found for ID: 0
[22:37:02.924] [error] Entity not found for ID: 0
[22:37:02.941] [error] Entity not found for ID: 0
[22:37:02.941] [error] Entity not found for ID: 0
[22:37:02.943] [info] Collision Enter 2D Event Invoked
[22:37:02.943] [info] Collision Enter 2D Event Invoked
[22:37:02.943] [info] Collision Enter 2D Event Invoked
[22:37:02.943] [info] Collision Enter 2D Event Invoked
[22:37:02.943] [info] Collision Enter 2D Event Invoked
[22:37:02.943] [info] Collision Enter 2D Event Invoked
[22:37:02.944] [info] Collision Enter 2D Event Invoked
[22:37:02.944] [info] Collision Enter 2D Event Invoked
[22:37:02.944] [info] Collision Enter 2D Event Invoked
[22:37:02.944] [info] Collision Enter 2D Event Invoked
[22:37:02.944] [info] Collision Enter 2D Event Invoked
[22:37:02.945] [info] Collision Enter 2D Event Invoked
[22:37:02.945] [info] Collision Enter 2D Event Invoked
[22:37:02.945] [info] Collision Enter 2D Event Invoked
[22:37:02.945] [info] Collision Enter 2D Event Invoked
[22:37:02.945] [info] Collision Enter 2D Event Invoked
[22:37:02.946] [info] Collision Enter 2D Event Invoked
[22:37:02.946] [info] Collision Enter 2D Event Invoked
[22:37:02.963] [error] Entity not found for ID: 0
[22:37:02.964] [error] Entity not found for ID: 0
[22:37:02.965] [info] Collision Enter 2D Event Invoked
[22:37:02.965] [info] Collision Enter 2D Event Invoked
[22:37:02.965] [info] Collision Enter 2D Event Invoked
[22:37:02.965] [info] Collision Enter 2D Event Invoked
[22:37:02.966] [info] Collision Enter 2D Event Invoked
[22:37:02.966] [info] Collision Enter 2D Event Invoked
[22:37:02.966] [info] Collision Enter 2D Event Invoked
[22:37:02.966] [info] Collision Enter 2D Event Invoked
[22:37:02.966] [info] Collision Enter 2D Event Invoked
[22:37:02.967] [info] Collision Enter 2D Event Invoked
[22:37:02.967] [info] Collision Enter 2D Event Invoked
[22:37:02.967] [info] Collision Enter 2D Event Invoked
[22:37:02.967] [info] Collision Enter 2D Event Invoked
[22:37:02.967] [info] Collision Enter 2D Event Invoked
[22:37:02.968] [info] Collision Enter 2D Event Invoked
[22:37:02.983] [error] Entity not found for ID: 0
[22:37:02.983] [error] Entity not found for ID: 0
[22:37:03.001] [error] Entity not found for ID: 0
[22:37:03.001] [error] Entity not found for ID: 0
[22:37:03.003] [info] Collision Enter 2D Event Invoked
[22:37:03.003] [info] Collision Enter 2D Event Invoked
[22:37:03.003] [info] Collision Enter 2D Event Invoked
[22:37:03.003] [info] Collision Enter 2D Event Invoked
[22:37:03.003] [info] Collision Enter 2D Event Invoked
[22:37:03.004] [info] Collision Enter 2D Event Invoked
[22:37:03.004] [info] Collision Enter 2D Event Invoked
[22:37:03.004] [info] Collision Enter 2D Event Invoked
[22:37:03.004] [info] Collision Enter 2D Event Invoked
[22:37:03.004] [info] Collision Enter 2D Event Invoked
[22:37:03.005] [info] Collision Enter 2D Event Invoked
[22:37:03.005] [info] Collision Enter 2D Event Invoked
[22:37:03.005] [info] Collision Enter 2D Event Invoked
[22:37:03.005] [info] Collision Enter 2D Event Invoked
[22:37:03.005] [info] Collision Enter 2D Event Invoked
[22:37:03.006] [info] Collision Enter 2D Event Invoked
[22:37:03.006] [info] Collision Enter 2D Event Invoked
[22:37:03.006] [info] Collision Enter 2D Event Invoked
[22:37:03.023] [error] Entity not found for ID: 0
[22:37:03.023] [error] Entity not found for ID: 0
[22:37:03.042] [error] Entity not found for ID: 0
[22:37:03.043] [error] Entity not found for ID: 0
[22:37:03.062] [error] Entity not found for ID: 0
[22:37:03.062] [error] Entity not found for ID: 0
[22:37:03.079] [error] Entity not found for ID: 0
[22:37:03.080] [error] Entity not found for ID: 0
[22:37:03.097] [error] Entity not found for ID: 0
[22:37:03.097] [error] Entity not found for ID: 0
[22:37:03.117] [error] Entity not found for ID: 0
[22:37:03.117] [error] Entity not found for ID: 0
[22:37:03.135] [error] Entity not found for ID: 0
[22:37:03.135] [error] Entity not found for ID: 0
[22:37:03.153] [error] Entity not found for ID: 0
[22:37:03.153] [error] Entity not found for ID: 0
[22:37:03.153] [info] [SOURCE_DETECTOR] C# requested CreateEntity: Prefab = SeaCow
[22:37:03.153] [info] [SOURCE_DETECTOR] Engine creating Entity (Internal)
[22:37:03.154] [info] [CPP ECS] FromJson - Adding component 'Transform' to entity 'SeaCow'
[22:37:03.154] [info] [CPP ECS] FromJson - Adding component 'CircleCollider' to entity 'SeaCow'
[22:37:03.154] [info] [CPP ECS] FromJson - Adding component 'Variables' to entity 'SeaCow'
[22:37:03.154] [info] [CPP ECS] FromJson - Adding component 'Script' to entity 'SeaCow'
[22:37:03.154] [info] [CPP ECS] FromJson - Adding component 'SpriteRenderer' to entity 'SeaCow'
[22:37:03.155] [info] [CPP ECS] FromJson - Adding component 'Rigidbody2D' to entity 'SeaCow'
[22:37:03.156] [info] Collision Enter 2D Event Invoked
[22:37:03.156] [info] Collision Enter 2D Event Invoked
[22:37:03.156] [info] Collision Enter 2D Event Invoked
[22:37:03.157] [info] Collision Enter 2D Event Invoked
[22:37:03.173] [info] [MonoDbg] AddEntityToScript - Instantiating and adding script: SpriteAnimation to Entity ID: -51
[22:37:03.173] [info] [SetScriptVars] OK setting fields for: SpriteAnimation
[22:37:03.174] [info] [MonoDbg] AddEntityToScript - Syncing serialized fields for script: SpriteAnimation
[22:37:03.174] [info] [SetScriptVars] OK setting fields for: SpriteAnimation
[22:37:03.174] [info] [MonoDbg] AddEntityToScript - Instantiating and adding script: ChaseController to Entity ID: -51
[22:37:03.174] [info] [SetScriptVars] OK setting fields for: ChaseController
[22:37:03.174] [info] [MonoDbg] AddEntityToScript - Syncing serialized fields for script: ChaseController
[22:37:03.174] [info] [SetScriptVars] OK setting fields for: ChaseController
[22:37:03.175] [info] [MonoDbg] AddEntityToScript - Instantiating and adding script: TargetFacingFlip to Entity ID: -51
[22:37:03.175] [info] [SetScriptVars] OK setting fields for: TargetFacingFlip
[22:37:03.175] [info] [MonoDbg] AddEntityToScript - Syncing serialized fields for script: TargetFacingFlip
[22:37:03.175] [info] [SetScriptVars] OK setting fields for: TargetFacingFlip
[22:37:03.175] [info] [MonoDbg] AddEntityToScript - Instantiating and adding script: SeaCow to Entity ID: -51
[22:37:03.176] [info] [SetScriptVars] OK setting fields for: SeaCow
[22:37:03.176] [info] [MonoDbg] AddEntityToScript - Syncing serialized fields for script: SeaCow
[22:37:03.176] [info] [SetScriptVars] OK setting fields for: SeaCow
[22:37:03.176] [info] [MonoDbg] AddEntityToScript - Instantiating and adding script: HP to Entity ID: -51
[22:37:03.176] [info] [SetScriptVars] OK setting fields for: HP
[22:37:03.177] [info] [MonoDbg] AddEntityToScript - Syncing serialized fields for script: HP
[22:37:03.177] [info] [SetScriptVars] OK setting fields for: HP
[22:37:03.177] [info] [MonoDbg] AddEntityToScript - Instantiating and adding script: ParticleOffset to Entity ID: -51
[22:37:03.177] [info] [SetScriptVars] no group for scriptName: ParticleOffset  groups: 10
[22:37:03.177] [info] [MonoDbg] AddEntityToScript - Syncing serialized fields for script: ParticleOffset
[22:37:03.177] [info] [SetScriptVars] no group for scriptName: ParticleOffset  groups: 10
[22:37:03.177] [info] [MonoDbg] AddEntityToScript - Instantiating and adding script: AttackCollision to Entity ID: -51
[22:37:03.178] [info] [SetScriptVars] OK setting fields for: AttackCollision
[22:37:03.178] [info] [MonoDbg] AddEntityToScript - Syncing serialized fields for script: AttackCollision
[22:37:03.178] [info] [SetScriptVars] OK setting fields for: AttackCollision
[22:37:03.178] [info] [MonoDbg] AddEntityToScript - Instantiating and adding script: ExpDropper to Entity ID: -51
[22:37:03.178] [info] [SetScriptVars] OK setting fields for: ExpDropper
[22:37:03.179] [info] [MonoDbg] AddEntityToScript - Syncing serialized fields for script: ExpDropper
[22:37:03.179] [info] [SetScriptVars] OK setting fields for: ExpDropper
[22:37:03.179] [info] [MonoDbg] AddEntityToScript - Instantiating and adding script: DespawnTimer to Entity ID: -51
[22:37:03.179] [info] [SetScriptVars] OK setting fields for: DespawnTimer
[22:37:03.179] [info] [MonoDbg] AddEntityToScript - Syncing serialized fields for script: DespawnTimer
[22:37:03.180] [info] [SetScriptVars] OK setting fields for: DespawnTimer
[22:37:03.180] [info] [MonoDbg] AddEntityToScript - Instantiating and adding script: FlashOnDamaged to Entity ID: -51
[22:37:03.180] [info] [SetScriptVars] OK setting fields for: FlashOnDamaged
[22:37:03.180] [info] [MonoDbg] AddEntityToScript - Syncing serialized fields for script: FlashOnDamaged
[22:37:03.180] [info] [SetScriptVars] OK setting fields for: FlashOnDamaged
[22:37:03.181] [info] [MonoDbg] AddEntityToScript - Instantiating and adding script: ShakeSelfOnDamaged to Entity ID: -51
[22:37:03.181] [info] [SetScriptVars] OK setting fields for: ShakeSelfOnDamaged
[22:37:03.181] [info] [MonoDbg] AddEntityToScript - Syncing serialized fields for script: ShakeSelfOnDamaged
[22:37:03.181] [info] [SetScriptVars] OK setting fields for: ShakeSelfOnDamaged
[22:37:03.182] [info] [SOURCE_DETECTOR] C# requested CreateEntity: Prefab = enemySwimParticle
[22:37:03.182] [info] [SOURCE_DETECTOR] Engine creating Entity (Internal)
[22:37:03.182] [info] [CPP ECS] FromJson - Adding component 'Transform' to entity 'enemySwimParticle'
[22:37:03.182] [info] [CPP ECS] FromJson - Adding component 'Variables' to entity 'enemySwimParticle'
[22:37:03.182] [info] [CPP ECS] FromJson - Adding component 'ParticleSystem2D' to entity 'enemySwimParticle'
[22:37:03.183] [error] Entity not found for ID: 0
[22:37:03.183] [error] Entity not found for ID: 0
[22:37:03.202] [error] Entity not found for ID: 0
[22:37:03.202] [error] Entity not found for ID: 0
[22:37:03.219] [error] Entity not found for ID: 0
[22:37:03.219] [error] Entity not found for ID: 0
[22:37:03.236] [info] [SOURCE_DETECTOR] C# requested CreateEntity: Prefab = playerDashParticle
[22:37:03.237] [info] [SOURCE_DETECTOR] Engine creating Entity (Internal)
[22:37:03.237] [info] [CPP ECS] FromJson - Adding component 'Transform' to entity 'playerDashParticle'
[22:37:03.237] [info] [CPP ECS] FromJson - Adding component 'Variables' to entity 'playerDashParticle'
[22:37:03.237] [info] [CPP ECS] FromJson - Adding component 'ParticleSystem2D' to entity 'playerDashParticle'
[22:37:03.238] [error] Entity not found for ID: 0
[22:37:03.238] [error] Entity not found for ID: 0
[22:37:03.257] [error] Entity not found for ID: 0
[22:37:03.257] [error] Entity not found for ID: 0
[22:37:03.275] [error] Entity not found for ID: 0
[22:37:03.275] [error] Entity not found for ID: 0
[22:37:03.293] [error] Entity not found for ID: 0
[22:37:03.294] [error] Entity not found for ID: 0
[22:37:03.314] [error] Entity not found for ID: 0
[22:37:03.314] [error] Entity not found for ID: 0
[22:37:03.333] [error] Entity not found for ID: 0
[22:37:03.333] [error] Entity not found for ID: 0
[22:37:03.351] [error] Entity not found for ID: 0
[22:37:03.351] [error] Entity not found for ID: 0
[22:37:03.369] [error] Entity not found for ID: 0
[22:37:03.369] [error] Entity not found for ID: 0
[22:37:03.387] [error] Entity not found for ID: 0
[22:37:03.387] [error] Entity not found for ID: 0
[22:37:03.405] [error] Entity not found for ID: 0
[22:37:03.405] [error] Entity not found for ID: 0
[22:37:03.424] [error] Entity not found for ID: 0
[22:37:03.424] [error] Entity not found for ID: 0
[22:37:03.442] [error] Entity not found for ID: 0
[22:37:03.442] [error] Entity not found for ID: 0
[22:37:03.460] [error] Entity not found for ID: 0
[22:37:03.460] [error] Entity not found for ID: 0
[22:37:03.479] [error] Entity not found for ID: 0
[22:37:03.479] [error] Entity not found for ID: 0
[22:37:03.499] [error] Entity not found for ID: 0
[22:37:03.500] [error] Entity not found for ID: 0
[22:37:03.518] [error] Entity not found for ID: 0
[22:37:03.518] [error] Entity not found for ID: 0
[22:37:03.536] [error] Entity not found for ID: 0
[22:37:03.536] [error] Entity not found for ID: 0
[22:37:03.554] [error] Entity not found for ID: 0
[22:37:03.554] [error] Entity not found for ID: 0
[22:37:03.572] [error] Entity not found for ID: 0
[22:37:03.572] [error] Entity not found for ID: 0
[22:37:03.589] [error] Entity not found for ID: 0
[22:37:03.590] [error] Entity not found for ID: 0
[22:37:03.607] [error] Entity not found for ID: 0
[22:37:03.607] [error] Entity not found for ID: 0
[22:37:03.625] [error] Entity not found for ID: 0
[22:37:03.625] [error] Entity not found for ID: 0
[22:37:03.643] [error] Entity not found for ID: 0
[22:37:03.643] [error] Entity not found for ID: 0
[22:37:03.661] [error] Entity not found for ID: 0
[22:37:03.661] [error] Entity not found for ID: 0
[22:37:03.679] [error] Entity not found for ID: 0
[22:37:03.680] [error] Entity not found for ID: 0
[22:37:03.698] [error] Entity not found for ID: 0
[22:37:03.699] [error] Entity not found for ID: 0
[22:37:03.717] [error] Entity not found for ID: 0
[22:37:03.717] [error] Entity not found for ID: 0
[22:37:03.736] [error] Entity not found for ID: 0
[22:37:03.736] [error] Entity not found for ID: 0
[22:37:03.755] [error] Entity not found for ID: 0
[22:37:03.755] [error] Entity not found for ID: 0
[22:37:03.773] [error] Entity not found for ID: 0
[22:37:03.773] [error] Entity not found for ID: 0
[22:37:03.792] [error] Entity not found for ID: 0
[22:37:03.792] [error] Entity not found for ID: 0
[22:37:03.812] [error] Entity not found for ID: 0
[22:37:03.812] [error] Entity not found for ID: 0
[22:37:03.831] [error] Entity not found for ID: 0
[22:37:03.831] [error] Entity not found for ID: 0
[22:37:03.850] [error] Entity not found for ID: 0
[22:37:03.850] [error] Entity not found for ID: 0
[22:37:03.868] [error] Entity not found for ID: 0
[22:37:03.868] [error] Entity not found for ID: 0
[22:37:03.886] [error] Entity not found for ID: 0
[22:37:03.886] [error] Entity not found for ID: 0
[22:37:03.904] [error] Entity not found for ID: 0
[22:37:03.904] [error] Entity not found for ID: 0
[22:37:03.922] [error] Entity not found for ID: 0
[22:37:03.923] [error] Entity not found for ID: 0
[22:37:03.942] [error] Entity not found for ID: 0
[22:37:03.942] [error] Entity not found for ID: 0
[22:37:03.961] [error] Entity not found for ID: 0
[22:37:03.961] [error] Entity not found for ID: 0
[22:37:03.979] [error] Entity not found for ID: 0
[22:37:03.979] [error] Entity not found for ID: 0
[22:37:03.998] [error] Entity not found for ID: 0
[22:37:03.998] [error] Entity not found for ID: 0
[22:37:04.018] [error] Entity not found for ID: 0
[22:37:04.018] [error] Entity not found for ID: 0
[22:37:04.019] [info] [SOURCE_DETECTOR] C# requested CreateEntity: Prefab = surfaceOctopusParticle
[22:37:04.019] [info] [SOURCE_DETECTOR] Engine creating Entity (Internal)
[22:37:04.019] [info] [CPP ECS] FromJson - Adding component 'Transform' to entity 'surfaceOctopusParticle'
[22:37:04.020] [info] [CPP ECS] FromJson - Adding component 'Variables' to entity 'surfaceOctopusParticle'
[22:37:04.020] [info] [CPP ECS] FromJson - Adding component 'ParticleSystem2D' to entity 'surfaceOctopusParticle'
[22:37:04.020] [info] [SetScriptVars] no group for scriptName: TimedDestruction  groups: 0
[22:37:04.021] [info] Collision Enter 2D Event Invoked
[22:37:04.021] [info] Collision Enter 2D Event Invoked
[22:37:04.021] [info] Collision Enter 2D Event Invoked
[22:37:04.022] [info] Collision Enter 2D Event Invoked
[22:37:04.022] [info] Collision Enter 2D Event Invoked
[22:37:04.022] [info] Collision Enter 2D Event Invoked
[22:37:04.022] [info] Collision Enter 2D Event Invoked
[22:37:04.022] [info] Collision Enter 2D Event Invoked
[22:37:04.023] [info] Collision Enter 2D Event Invoked
[22:37:04.023] [info] Collision Enter 2D Event Invoked
[22:37:04.023] [info] Collision Enter 2D Event Invoked
[22:37:04.023] [info] Collision Enter 2D Event Invoked
[22:37:04.023] [info] Collision Enter 2D Event Invoked
[22:37:04.024] [info] Collision Enter 2D Event Invoked
[22:37:04.024] [info] Collision Enter 2D Event Invoked
[22:37:04.042] [error] Entity not found for ID: 0
[22:37:04.042] [error] Entity not found for ID: 0
[22:37:04.060] [error] Entity not found for ID: 0
[22:37:04.061] [error] Entity not found for ID: 0
[22:37:04.062] [info] Collision Enter 2D Event Invoked
[22:37:04.062] [info] Collision Enter 2D Event Invoked
[22:37:04.062] [info] Collision Enter 2D Event Invoked
[22:37:04.063] [info] Collision Enter 2D Event Invoked
[22:37:04.063] [info] Collision Enter 2D Event Invoked
[22:37:04.063] [info] Collision Enter 2D Event Invoked
[22:37:04.063] [info] Collision Enter 2D Event Invoked
[22:37:04.063] [info] Collision Enter 2D Event Invoked
[22:37:04.064] [info] Collision Enter 2D Event Invoked
[22:37:04.064] [info] Collision Enter 2D Event Invoked
[22:37:04.064] [info] Collision Enter 2D Event Invoked
[22:37:04.064] [info] Collision Enter 2D Event Invoked
[22:37:04.064] [info] Collision Enter 2D Event Invoked
[22:37:04.065] [info] Collision Enter 2D Event Invoked
[22:37:04.065] [info] Collision Enter 2D Event Invoked
[22:37:04.065] [info] Collision Enter 2D Event Invoked
[22:37:04.065] [info] Collision Enter 2D Event Invoked
[22:37:04.065] [info] Collision Enter 2D Event Invoked
[22:37:04.066] [info] Collision Enter 2D Event Invoked
[22:37:04.066] [info] Collision Enter 2D Event Invoked
[22:37:04.066] [info] Collision Enter 2D Event Invoked
[22:37:04.066] [info] Collision Enter 2D Event Invoked
[22:37:04.066] [info] Collision Enter 2D Event Invoked
[22:37:04.067] [info] Collision Enter 2D Event Invoked
[22:37:04.067] [info] Collision Enter 2D Event Invoked
[22:37:04.067] [info] Collision Enter 2D Event Invoked
[22:37:04.067] [info] Collision Enter 2D Event Invoked
[22:37:04.067] [info] Collision Enter 2D Event Invoked
[22:37:04.068] [info] Collision Enter 2D Event Invoked
[22:37:04.068] [info] Collision Enter 2D Event Invoked
[22:37:04.068] [info] Collision Enter 2D Event Invoked
[22:37:04.068] [info] Collision Enter 2D Event Invoked
[22:37:04.068] [info] Collision Enter 2D Event Invoked
[22:37:04.068] [info] Collision Enter 2D Event Invoked
[22:37:04.069] [info] Collision Enter 2D Event Invoked
[22:37:04.069] [info] Collision Enter 2D Event Invoked
[22:37:04.069] [info] Collision Enter 2D Event Invoked
[22:37:04.069] [info] Collision Enter 2D Event Invoked
[22:37:04.069] [info] Collision Enter 2D Event Invoked
[22:37:04.070] [info] Collision Enter 2D Event Invoked
[22:37:04.070] [info] Collision Enter 2D Event Invoked
[22:37:04.070] [info] Collision Enter 2D Event Invoked
[22:37:04.070] [info] Collision Enter 2D Event Invoked
[22:37:04.071] [info] Collision Enter 2D Event Invoked
[22:37:04.071] [info] Collision Enter 2D Event Invoked
[22:37:04.071] [info] Collision Enter 2D Event Invoked
[22:37:04.071] [info] Collision Enter 2D Event Invoked
[22:37:04.071] [info] Collision Enter 2D Event Invoked
[22:37:04.072] [info] Collision Enter 2D Event Invoked
[22:37:04.072] [info] Collision Enter 2D Event Invoked
[22:37:04.072] [info] Collision Enter 2D Event Invoked
[22:37:04.072] [info] Collision Enter 2D Event Invoked
[22:37:04.072] [info] Collision Enter 2D Event Invoked
[22:37:04.073] [info] Collision Enter 2D Event Invoked
[22:37:04.073] [info] Collision Enter 2D Event Invoked
[22:37:04.073] [info] Collision Enter 2D Event Invoked
[22:37:04.073] [info] Collision Enter 2D Event Invoked
[22:37:04.073] [info] Collision Enter 2D Event Invoked
[22:37:04.073] [info] Collision Enter 2D Event Invoked
[22:37:04.074] [info] Collision Enter 2D Event Invoked
[22:37:04.074] [info] Collision Enter 2D Event Invoked
[22:37:04.074] [info] Collision Enter 2D Event Invoked
[22:37:04.074] [info] Collision Enter 2D Event Invoked
[22:37:04.074] [info] Collision Enter 2D Event Invoked
[22:37:04.075] [info] Collision Enter 2D Event Invoked
[22:37:04.075] [info] Collision Enter 2D Event Invoked
[22:37:04.075] [info] Collision Enter 2D Event Invoked
[22:37:04.075] [info] Collision Enter 2D Event Invoked
[22:37:04.075] [info] Collision Enter 2D Event Invoked
[22:37:04.075] [info] Collision Enter 2D Event Invoked
[22:37:04.076] [info] Collision Enter 2D Event Invoked
[22:37:04.076] [info] Collision Enter 2D Event Invoked
[22:37:04.076] [info] Collision Enter 2D Event Invoked
[22:37:04.076] [info] Collision Enter 2D Event Invoked
[22:37:04.076] [info] Collision Enter 2D Event Invoked
[22:37:04.097] [error] Entity not found for ID: 0
[22:37:04.097] [error] Entity not found for ID: 0
[22:37:04.099] [info] Collision Enter 2D Event Invoked
[22:37:04.099] [info] Collision Enter 2D Event Invoked
[22:37:04.100] [info] Collision Enter 2D Event Invoked
[22:37:04.100] [info] Collision Enter 2D Event Invoked
[22:37:04.100] [info] Collision Enter 2D Event Invoked
[22:37:04.100] [info] Collision Enter 2D Event Invoked
[22:37:04.100] [info] Collision Enter 2D Event Invoked
[22:37:04.101] [info] Collision Enter 2D Event Invoked
[22:37:04.101] [info] Collision Enter 2D Event Invoked
[22:37:04.101] [info] Collision Enter 2D Event Invoked
[22:37:04.101] [info] Collision Enter 2D Event Invoked
[22:37:04.102] [info] Collision Enter 2D Event Invoked
[22:37:04.102] [info] Collision Enter 2D Event Invoked
[22:37:04.102] [info] Collision Enter 2D Event Invoked
[22:37:04.102] [info] Collision Enter 2D Event Invoked
[22:37:04.102] [info] Collision Enter 2D Event Invoked
[22:37:04.103] [info] Collision Enter 2D Event Invoked
[22:37:04.103] [info] Collision Enter 2D Event Invoked
[22:37:04.103] [info] Collision Enter 2D Event Invoked
[22:37:04.103] [info] Collision Enter 2D Event Invoked
[22:37:04.103] [info] Collision Enter 2D Event Invoked
[22:37:04.103] [info] Collision Enter 2D Event Invoked
[22:37:04.104] [info] Collision Enter 2D Event Invoked
[22:37:04.104] [info] Collision Enter 2D Event Invoked
[22:37:04.104] [info] Collision Enter 2D Event Invoked
[22:37:04.104] [info] Collision Enter 2D Event Invoked
[22:37:04.104] [info] Collision Enter 2D Event Invoked
[22:37:04.105] [info] Collision Enter 2D Event Invoked
[22:37:04.105] [info] Collision Enter 2D Event Invoked
[22:37:04.105] [info] Collision Enter 2D Event Invoked
[22:37:04.105] [info] Collision Enter 2D Event Invoked
[22:37:04.105] [info] Collision Enter 2D Event Invoked
[22:37:04.105] [info] Collision Enter 2D Event Invoked
[22:37:04.106] [info] Collision Enter 2D Event Invoked
[22:37:04.106] [info] Collision Enter 2D Event Invoked
[22:37:04.106] [info] Collision Enter 2D Event Invoked
[22:37:04.106] [info] Collision Enter 2D Event Invoked
[22:37:04.106] [info] Collision Enter 2D Event Invoked
[22:37:04.107] [info] Collision Enter 2D Event Invoked
[22:37:04.107] [info] Collision Enter 2D Event Invoked
[22:37:04.107] [info] Collision Enter 2D Event Invoked
[22:37:04.107] [info] Collision Enter 2D Event Invoked
[22:37:04.107] [info] Collision Enter 2D Event Invoked
[22:37:04.108] [info] Collision Enter 2D Event Invoked
[22:37:04.108] [info] Collision Enter 2D Event Invoked
[22:37:04.108] [info] Collision Enter 2D Event Invoked
[22:37:04.108] [info] Collision Enter 2D Event Invoked
[22:37:04.108] [info] Collision Enter 2D Event Invoked
[22:37:04.108] [info] Collision Enter 2D Event Invoked
[22:37:04.109] [info] Collision Enter 2D Event Invoked
[22:37:04.125] [error] Entity not found for ID: 0
[22:37:04.125] [error] Entity not found for ID: 0
[22:37:04.143] [error] Entity not found for ID: 0
[22:37:04.143] [error] Entity not found for ID: 0
[22:37:04.144] [info] [SOURCE_DETECTOR] C# requested CreateEntity: Prefab = FlapjackOctopus
[22:37:04.144] [info] [SOURCE_DETECTOR] Engine creating Entity (Internal)
[22:37:04.144] [info] [CPP ECS] FromJson - Adding component 'Transform' to entity 'FlapjackOctopus'
[22:37:04.144] [info] [CPP ECS] FromJson - Adding component 'CircleCollider' to entity 'FlapjackOctopus'
[22:37:04.144] [info] [CPP ECS] FromJson - Adding component 'Variables' to entity 'FlapjackOctopus'
[22:37:04.145] [info] [CPP ECS] FromJson - Adding component 'Script' to entity 'FlapjackOctopus'
[22:37:04.145] [info] [CPP ECS] FromJson - Adding component 'SpriteRenderer' to entity 'FlapjackOctopus'
[22:37:04.145] [info] [CPP ECS] FromJson - Adding component 'Rigidbody2D' to entity 'FlapjackOctopus'
[22:37:04.146] [info] Collision Enter 2D Event Invoked
[22:37:04.147] [info] Collision Enter 2D Event Invoked
[22:37:04.147] [info] Collision Enter 2D Event Invoked
[22:37:04.147] [info] Collision Enter 2D Event Invoked
[22:37:04.163] [info] [MonoDbg] AddEntityToScript - Instantiating and adding script: SpriteAnimation to Entity ID: -28
[22:37:04.163] [info] [SetScriptVars] OK setting fields for: SpriteAnimation
[22:37:04.164] [info] [MonoDbg] AddEntityToScript - Syncing serialized fields for script: SpriteAnimation
[22:37:04.164] [info] [SetScriptVars] OK setting fields for: SpriteAnimation
[22:37:04.164] [info] [MonoDbg] AddEntityToScript - Instantiating and adding script: TargetRangeDetector to Entity ID: -28
[22:37:04.164] [info] [SetScriptVars] OK setting fields for: TargetRangeDetector
[22:37:04.164] [info] [MonoDbg] AddEntityToScript - Syncing serialized fields for script: TargetRangeDetector
[22:37:04.165] [info] [SetScriptVars] OK setting fields for: TargetRangeDetector
[22:37:04.165] [info] [MonoDbg] AddEntityToScript - Instantiating and adding script: FlapjackOctopus to Entity ID: -28
[22:37:04.165] [info] [SetScriptVars] OK setting fields for: FlapjackOctopus
[22:37:04.165] [info] [MonoDbg] AddEntityToScript - Syncing serialized fields for script: FlapjackOctopus
[22:37:04.165] [info] [SetScriptVars] OK setting fields for: FlapjackOctopus
[22:37:04.166] [info] [MonoDbg] AddEntityToScript - Instantiating and adding script: HP to Entity ID: -28
[22:37:04.166] [info] [SetScriptVars] OK setting fields for: HP
[22:37:04.166] [info] [MonoDbg] AddEntityToScript - Syncing serialized fields for script: HP
[22:37:04.166] [info] [SetScriptVars] OK setting fields for: HP
[22:37:04.167] [info] [MonoDbg] AddEntityToScript - Instantiating and adding script: ParticleOffset to Entity ID: -28
[22:37:04.167] [info] [SetScriptVars] no group for scriptName: ParticleOffset  groups: 9
[22:37:04.167] [info] [MonoDbg] AddEntityToScript - Syncing serialized fields for script: ParticleOffset
[22:37:04.167] [info] [SetScriptVars] no group for scriptName: ParticleOffset  groups: 9
[22:37:04.167] [info] [MonoDbg] AddEntityToScript - Instantiating and adding script: AttackCollision to Entity ID: -28
[22:37:04.167] [info] [SetScriptVars] OK setting fields for: AttackCollision
[22:37:04.168] [info] [MonoDbg] AddEntityToScript - Syncing serialized fields for script: AttackCollision
[22:37:04.168] [info] [SetScriptVars] OK setting fields for: AttackCollision
[22:37:04.168] [info] [MonoDbg] AddEntityToScript - Instantiating and adding script: ExpDropper to Entity ID: -28
[22:37:04.168] [info] [SetScriptVars] OK setting fields for: ExpDropper
[22:37:04.168] [info] [MonoDbg] AddEntityToScript - Syncing serialized fields for script: ExpDropper
[22:37:04.168] [info] [SetScriptVars] OK setting fields for: ExpDropper
[22:37:04.169] [info] [MonoDbg] AddEntityToScript - Instantiating and adding script: DespawnTimer to Entity ID: -28
[22:37:04.169] [info] [SetScriptVars] OK setting fields for: DespawnTimer
[22:37:04.169] [info] [MonoDbg] AddEntityToScript - Syncing serialized fields for script: DespawnTimer
[22:37:04.169] [info] [SetScriptVars] OK setting fields for: DespawnTimer
[22:37:04.169] [info] [MonoDbg] AddEntityToScript - Instantiating and adding script: FlashOnDamaged to Entity ID: -28
[22:37:04.170] [info] [SetScriptVars] OK setting fields for: FlashOnDamaged
[22:37:04.170] [info] [MonoDbg] AddEntityToScript - Syncing serialized fields for script: FlashOnDamaged
[22:37:04.170] [info] [SetScriptVars] OK setting fields for: FlashOnDamaged
[22:37:04.170] [info] [MonoDbg] AddEntityToScript - Instantiating and adding script: ShakeSelfOnDamaged to Entity ID: -28
[22:37:04.170] [info] [SetScriptVars] OK setting fields for: ShakeSelfOnDamaged
[22:37:04.171] [info] [MonoDbg] AddEntityToScript - Syncing serialized fields for script: ShakeSelfOnDamaged
[22:37:04.171] [info] [SetScriptVars] OK setting fields for: ShakeSelfOnDamaged
[22:37:04.171] [info] [SOURCE_DETECTOR] C# requested CreateEntity: Prefab = surfaceOctopusParticle
[22:37:04.171] [info] [SOURCE_DETECTOR] Engine creating Entity (Internal)
[22:37:04.171] [info] [CPP ECS] FromJson - Adding component 'Transform' to entity 'surfaceOctopusParticle'
[22:37:04.172] [info] [CPP ECS] FromJson - Adding component 'Variables' to entity 'surfaceOctopusParticle'
[22:37:04.172] [info] [CPP ECS] FromJson - Adding component 'ParticleSystem2D' to entity 'surfaceOctopusParticle'
[22:37:04.173] [error] Entity not found for ID: 0
[22:37:04.173] [error] Entity not found for ID: 0
[22:37:04.190] [error] Entity not found for ID: 0
[22:37:04.191] [error] Entity not found for ID: 0
[22:37:04.192] [info] Collision Enter 2D Event Invoked
[22:37:04.192] [info] Collision Enter 2D Event Invoked
[22:37:04.192] [info] Collision Enter 2D Event Invoked
[22:37:04.193] [info] Collision Enter 2D Event Invoked
[22:37:04.193] [info] Collision Enter 2D Event Invoked
[22:37:04.193] [info] Collision Enter 2D Event Invoked
[22:37:04.193] [info] Collision Enter 2D Event Invoked
[22:37:04.193] [info] Collision Enter 2D Event Invoked
[22:37:04.193] [info] Collision Enter 2D Event Invoked
[22:37:04.194] [info] Collision Enter 2D Event Invoked
[22:37:04.194] [info] Collision Enter 2D Event Invoked
[22:37:04.194] [info] Collision Enter 2D Event Invoked
[22:37:04.194] [info] Collision Enter 2D Event Invoked
[22:37:04.194] [info] Collision Enter 2D Event Invoked
[22:37:04.195] [info] Collision Enter 2D Event Invoked
[22:37:04.195] [info] [SOURCE_DETECTOR] C# requested CreateEntity: Prefab = PlayerHitEffect
[22:37:04.195] [info] [SOURCE_DETECTOR] Engine creating Entity (Internal)
[22:37:04.195] [info] [CPP ECS] FromJson - Adding component 'Transform' to entity 'PlayerHitEffect'
[22:37:04.195] [info] [CPP ECS] FromJson - Adding component 'Variables' to entity 'PlayerHitEffect'
[22:37:04.195] [info] [SOURCE_DETECTOR] Engine creating Entity (Internal)
[22:37:04.196] [info] [CPP ECS] FromJson - Adding component 'Transform' to entity 'HitEffect1'
[22:37:04.196] [info] [CPP ECS] FromJson - Adding component 'Variables' to entity 'HitEffect1'
[22:37:04.196] [info] [CPP ECS] FromJson - Adding component 'SpriteRenderer' to entity 'HitEffect1'
[22:37:04.196] [info] [CPP ECS] FromJson - Adding component 'Script' to entity 'HitEffect1'
[22:37:04.197] [info] [SOURCE_DETECTOR] Engine creating Entity (Internal)
[22:37:04.197] [info] [CPP ECS] FromJson - Adding component 'Transform' to entity 'HitEffect2'
[22:37:04.197] [info] [CPP ECS] FromJson - Adding component 'Variables' to entity 'HitEffect2'
[22:37:04.197] [info] [CPP ECS] FromJson - Adding component 'SpriteRenderer' to entity 'HitEffect2'
[22:37:04.197] [info] [CPP ECS] FromJson - Adding component 'Script' to entity 'HitEffect2'
[22:37:04.198] [error] Script component not found for Entity ID: -56
[22:37:04.198] [info] [SetScriptVars] no group for scriptName: TimedDestruction  groups: 0
[22:37:04.198] [info] Collision Enter 2D Event Invoked
[22:37:04.198] [info] Collision Enter 2D Event Invoked
[22:37:04.199] [info] Collision Enter 2D Event Invoked
[22:37:04.199] [info] Collision Enter 2D Event Invoked
[22:37:04.199] [info] Collision Enter 2D Event Invoked
[22:37:04.199] [info] Collision Enter 2D Event Invoked
[22:37:04.200] [info] Collision Enter 2D Event Invoked
[22:37:04.200] [info] Collision Enter 2D Event Invoked
[22:37:04.200] [info] Collision Enter 2D Event Invoked
[22:37:04.200] [info] Collision Enter 2D Event Invoked
[22:37:04.200] [info] Collision Enter 2D Event Invoked
[22:37:04.200] [info] Collision Enter 2D Event Invoked
[22:37:04.201] [info] Collision Enter 2D Event Invoked
[22:37:04.201] [info] Collision Enter 2D Event Invoked
[22:37:04.201] [info] Collision Enter 2D Event Invoked
[22:37:04.201] [info] Collision Enter 2D Event Invoked
[22:37:04.202] [info] Collision Enter 2D Event Invoked
[22:37:04.202] [info] Collision Enter 2D Event Invoked
[22:37:04.202] [info] Collision Enter 2D Event Invoked
[22:37:04.219] [info] [MonoDbg] AddEntityToScript - Instantiating and adding script: TransformTween to Entity ID: -20
[22:37:04.220] [info] [SetScriptVars] OK setting fields for: TransformTween
[22:37:04.220] [info] [MonoDbg] AddEntityToScript - Syncing serialized fields for script: TransformTween
[22:37:04.220] [info] [SetScriptVars] OK setting fields for: TransformTween
[22:37:04.221] [info] [MonoDbg] AddEntityToScript - Instantiating and adding script: TransformTween to Entity ID: -31
[22:37:04.221] [info] [SetScriptVars] OK setting fields for: TransformTween
[22:37:04.221] [info] [MonoDbg] AddEntityToScript - Syncing serialized fields for script: TransformTween
[22:37:04.221] [info] [SetScriptVars] OK setting fields for: TransformTween
[22:37:04.222] [error] Entity not found for ID: 0
[22:37:04.222] [error] Entity not found for ID: 0
[22:37:04.223] [error] Entity not found for ID: 0
[22:37:04.223] [error] Entity not found for ID: 0
[22:37:04.223] [info] [SOURCE_DETECTOR] C# requested CreateEntity: Prefab = ExpOrbMedium
[22:37:04.224] [info] [SOURCE_DETECTOR] Engine creating Entity (Internal)
[22:37:04.224] [info] [CPP ECS] FromJson - Adding component 'Transform' to entity 'ExpOrbMedium'
[22:37:04.224] [info] [CPP ECS] FromJson - Adding component 'CircleCollider' to entity 'ExpOrbMedium'
[22:37:04.224] [info] [CPP ECS] FromJson - Adding component 'Variables' to entity 'ExpOrbMedium'
[22:37:04.224] [info] [CPP ECS] FromJson - Adding component 'SpriteRenderer' to entity 'ExpOrbMedium'
[22:37:04.224] [info] [CPP ECS] FromJson - Adding component 'Script' to entity 'ExpOrbMedium'
[22:37:04.225] [info] [SOURCE_DETECTOR] C# requested CreateEntity: Prefab = ExpOrbSmall
[22:37:04.225] [info] [SOURCE_DETECTOR] Engine creating Entity (Internal)
[22:37:04.225] [info] [CPP ECS] FromJson - Adding component 'Transform' to entity 'ExpOrbSmall'
[22:37:04.225] [info] [CPP ECS] FromJson - Adding component 'CircleCollider' to entity 'ExpOrbSmall'
[22:37:04.225] [info] [CPP ECS] FromJson - Adding component 'Variables' to entity 'ExpOrbSmall'
[22:37:04.226] [info] [CPP ECS] FromJson - Adding component 'SpriteRenderer' to entity 'ExpOrbSmall'
[22:37:04.226] [info] [CPP ECS] FromJson - Adding component 'Script' to entity 'ExpOrbSmall'
[22:37:04.226] [info] [SOURCE_DETECTOR] C# requested CreateEntity: Prefab = ExpOrbSmall
[22:37:04.226] [info] [SOURCE_DETECTOR] Engine creating Entity (Internal)
[22:37:04.226] [info] [CPP ECS] FromJson - Adding component 'Transform' to entity 'ExpOrbSmall'
[22:37:04.227] [info] [CPP ECS] FromJson - Adding component 'CircleCollider' to entity 'ExpOrbSmall'
[22:37:04.227] [info] [CPP ECS] FromJson - Adding component 'Variables' to entity 'ExpOrbSmall'
[22:37:04.227] [info] [CPP ECS] FromJson - Adding component 'SpriteRenderer' to entity 'ExpOrbSmall'
[22:37:04.227] [info] [CPP ECS] FromJson - Adding component 'Script' to entity 'ExpOrbSmall'
[22:37:04.228] [info] [SOURCE_DETECTOR] C# requested CreateEntity: Prefab = ExpOrbSmall
[22:37:04.228] [info] [SOURCE_DETECTOR] Engine creating Entity (Internal)
[22:37:04.228] [info] [CPP ECS] FromJson - Adding component 'Transform' to entity 'ExpOrbSmall'
[22:37:04.228] [info] [CPP ECS] FromJson - Adding component 'CircleCollider' to entity 'ExpOrbSmall'
[22:37:04.228] [info] [CPP ECS] FromJson - Adding component 'Variables' to entity 'ExpOrbSmall'
[22:37:04.228] [info] [CPP ECS] FromJson - Adding component 'SpriteRenderer' to entity 'ExpOrbSmall'
[22:37:04.229] [info] [CPP ECS] FromJson - Adding component 'Script' to entity 'ExpOrbSmall'
[22:37:04.229] [info] [SOURCE_DETECTOR] C# requested CreateEntity: Prefab = ExpOrbSmall
[22:37:04.229] [info] [SOURCE_DETECTOR] Engine creating Entity (Internal)
[22:37:04.229] [info] [CPP ECS] FromJson - Adding component 'Transform' to entity 'ExpOrbSmall'
[22:37:04.230] [info] [CPP ECS] FromJson - Adding component 'CircleCollider' to entity 'ExpOrbSmall'
[22:37:04.230] [info] [CPP ECS] FromJson - Adding component 'Variables' to entity 'ExpOrbSmall'
[22:37:04.230] [info] [CPP ECS] FromJson - Adding component 'SpriteRenderer' to entity 'ExpOrbSmall'
[22:37:04.230] [info] [CPP ECS] FromJson - Adding component 'Script' to entity 'ExpOrbSmall'
[22:37:04.230] [info] [SOURCE_DETECTOR] C# requested CreateEntity: Prefab = ExpOrbSmall
[22:37:04.231] [info] [SOURCE_DETECTOR] Engine creating Entity (Internal)
[22:37:04.231] [info] [CPP ECS] FromJson - Adding component 'Transform' to entity 'ExpOrbSmall'
[22:37:04.231] [info] [CPP ECS] FromJson - Adding component 'CircleCollider' to entity 'ExpOrbSmall'
[22:37:04.231] [info] [CPP ECS] FromJson - Adding component 'Variables' to entity 'ExpOrbSmall'
[22:37:04.231] [info] [CPP ECS] FromJson - Adding component 'SpriteRenderer' to entity 'ExpOrbSmall'
[22:37:04.232] [info] [CPP ECS] FromJson - Adding component 'Script' to entity 'ExpOrbSmall'
[22:37:04.232] [info] [SOURCE_DETECTOR] C# requested CreateEntity: Prefab = ExpOrbSmall
[22:37:04.232] [info] [SOURCE_DETECTOR] Engine creating Entity (Internal)
[22:37:04.232] [info] [CPP ECS] FromJson - Adding component 'Transform' to entity 'ExpOrbSmall'
[22:37:04.232] [info] [CPP ECS] FromJson - Adding component 'CircleCollider' to entity 'ExpOrbSmall'
[22:37:04.233] [info] [CPP ECS] FromJson - Adding component 'Variables' to entity 'ExpOrbSmall'
[22:37:04.233] [info] [CPP ECS] FromJson - Adding component 'SpriteRenderer' to entity 'ExpOrbSmall'
[22:37:04.233] [info] [CPP ECS] FromJson - Adding component 'Script' to entity 'ExpOrbSmall'
[22:37:04.234] [info] Collision Enter 2D Event Invoked
[22:37:04.234] [info] Collision Enter 2D Event Invoked
[22:37:04.235] [info] Collision Enter 2D Event Invoked
[22:37:04.235] [info] Collision Enter 2D Event Invoked
[22:37:04.235] [info] Collision Enter 2D Event Invoked
[22:37:04.235] [info] Collision Enter 2D Event Invoked
[22:37:04.235] [info] Collision Enter 2D Event Invoked
[22:37:04.252] [info] [MonoDbg] AddEntityToScript - Instantiating and adding script: ExperiencePoint to Entity ID: -57
[22:37:04.252] [info] [SetScriptVars] OK setting fields for: ExperiencePoint
[22:37:04.252] [info] [MonoDbg] AddEntityToScript - Syncing serialized fields for script: ExperiencePoint
[22:37:04.252] [info] [SetScriptVars] OK setting fields for: ExperiencePoint
[22:37:04.253] [info] [MonoDbg] AddEntityToScript - Instantiating and adding script: ExperiencePoint to Entity ID: -58
[22:37:04.253] [info] [SetScriptVars] OK setting fields for: ExperiencePoint
[22:37:04.253] [info] [MonoDbg] AddEntityToScript - Syncing serialized fields for script: ExperiencePoint
[22:37:04.253] [info] [SetScriptVars] OK setting fields for: ExperiencePoint
[22:37:04.254] [info] [MonoDbg] AddEntityToScript - Instantiating and adding script: ExperiencePoint to Entity ID: -43
[22:37:04.254] [info] [SetScriptVars] OK setting fields for: ExperiencePoint
[22:37:04.254] [info] [MonoDbg] AddEntityToScript - Syncing serialized fields for script: ExperiencePoint
[22:37:04.254] [info] [SetScriptVars] OK setting fields for: ExperiencePoint
[22:37:04.254] [info] [MonoDbg] AddEntityToScript - Instantiating and adding script: ExperiencePoint to Entity ID: -63
[22:37:04.255] [info] [SetScriptVars] OK setting fields for: ExperiencePoint
[22:37:04.255] [info] [MonoDbg] AddEntityToScript - Syncing serialized fields for script: ExperiencePoint
[22:37:04.255] [info] [SetScriptVars] OK setting fields for: ExperiencePoint
[22:37:04.255] [info] [MonoDbg] AddEntityToScript - Instantiating and adding script: ExperiencePoint to Entity ID: -64
[22:37:04.255] [info] [SetScriptVars] OK setting fields for: ExperiencePoint
[22:37:04.256] [info] [MonoDbg] AddEntityToScript - Syncing serialized fields for script: ExperiencePoint
[22:37:04.256] [info] [SetScriptVars] OK setting fields for: ExperiencePoint
[22:37:04.256] [info] [MonoDbg] AddEntityToScript - Instantiating and adding script: ExperiencePoint to Entity ID: -65
[22:37:04.256] [info] [SetScriptVars] OK setting fields for: ExperiencePoint
[22:37:04.256] [info] [MonoDbg] AddEntityToScript - Syncing serialized fields for script: ExperiencePoint
[22:37:04.257] [info] [SetScriptVars] OK setting fields for: ExperiencePoint
[22:37:04.257] [info] [MonoDbg] AddEntityToScript - Instantiating and adding script: ExperiencePoint to Entity ID: -66
[22:37:04.257] [info] [SetScriptVars] OK setting fields for: ExperiencePoint
[22:37:04.257] [info] [MonoDbg] AddEntityToScript - Syncing serialized fields for script: ExperiencePoint
[22:37:04.257] [info] [SetScriptVars] OK setting fields for: ExperiencePoint
[22:37:04.258] [error] Entity not found for ID: 0
[22:37:04.258] [error] Entity not found for ID: 0
[22:37:04.279] [error] Entity not found for ID: 0
[22:37:04.280] [error] Entity not found for ID: 0
[22:37:04.296] [error] Entity not found for ID: 0
[22:37:04.297] [error] Entity not found for ID: 0
[22:37:04.315] [error] Entity not found for ID: 0
[22:37:04.315] [error] Entity not found for ID: 0
[22:37:04.334] [error] Entity not found for ID: 0
[22:37:04.334] [error] Entity not found for ID: 0
[22:37:04.353] [error] Entity not found for ID: 0
[22:37:04.353] [error] Entity not found for ID: 0
[22:37:04.372] [error] Entity not found for ID: 0
[22:37:04.373] [error] Entity not found for ID: 0
[22:37:04.376] [info] Collision Exit 2D Event Invoked
[22:37:04.376] [info] Collision Exit 2D Event Invoked
[22:37:04.376] [info] Collision Exit 2D Event Invoked
[22:37:04.377] [info] Collision Exit 2D Event Invoked
[22:37:04.377] [info] Collision Exit 2D Event Invoked
[22:37:04.377] [info] Collision Exit 2D Event Invoked
[22:37:04.377] [info] Collision Exit 2D Event Invoked
[22:37:04.378] [info] Collision Exit 2D Event Invoked
[22:37:04.378] [info] Collision Exit 2D Event Invoked
[22:37:04.378] [info] Collision Exit 2D Event Invoked
[22:37:04.378] [info] Collision Exit 2D Event Invoked
[22:37:04.378] [info] Collision Exit 2D Event Invoked
[22:37:04.379] [info] Collision Exit 2D Event Invoked
[22:37:04.379] [info] Collision Exit 2D Event Invoked
[22:37:04.379] [info] Collision Exit 2D Event Invoked
[22:37:04.394] [error] Entity not found for ID: 0
[22:37:04.394] [error] Entity not found for ID: 0
[22:37:04.412] [error] Entity not found for ID: 0
[22:37:04.412] [error] Entity not found for ID: 0
[22:37:04.430] [error] Entity not found for ID: 0
[22:37:04.430] [error] Entity not found for ID: 0
[22:37:04.448] [error] Entity not found for ID: 0
[22:37:04.448] [error] Entity not found for ID: 0
[22:37:04.468] [error] Entity not found for ID: 0
[22:37:04.468] [error] Entity not found for ID: 0
[22:37:04.486] [error] Entity not found for ID: 0
[22:37:04.486] [error] Entity not found for ID: 0
[22:37:04.504] [error] Entity not found for ID: 0
[22:37:04.504] [error] Entity not found for ID: 0
[22:37:04.521] [error] Entity not found for ID: 0
[22:37:04.522] [error] Entity not found for ID: 0
[22:37:04.541] [error] Entity not found for ID: 0
[22:37:04.541] [error] Entity not found for ID: 0
[22:37:04.562] [error] Entity not found for ID: 0
[22:37:04.562] [error] Entity not found for ID: 0
[22:37:04.581] [error] Entity not found for ID: 0
[22:37:04.581] [error] Entity not found for ID: 0
[22:37:04.582] [error] Entity not found for ID: -31
[22:37:04.582] [error] Entity not found for ID: -20
[22:37:04.599] [error] Entity not found for ID: 0
[22:37:04.600] [error] Entity not found for ID: 0
[22:37:04.600] [error] Entity not found for ID: -31
[22:37:04.600] [error] Entity not found for ID: -20
[22:37:04.618] [error] Entity not found for ID: 0
[22:37:04.618] [error] Entity not found for ID: 0
[22:37:04.619] [error] Entity not found for ID: -31
[22:37:04.619] [error] Entity not found for ID: -20
[22:37:04.637] [error] Entity not found for ID: 0
[22:37:04.637] [error] Entity not found for ID: 0
[22:37:04.638] [error] Entity not found for ID: -31
[22:37:04.638] [error] Entity not found for ID: -20
[22:37:04.657] [error] Entity not found for ID: 0
[22:37:04.657] [error] Entity not found for ID: 0
[22:37:04.658] [error] Entity not found for ID: -31
[22:37:04.658] [error] Entity not found for ID: -20
[22:37:04.658] [info] [SOURCE_DETECTOR] C# requested CreateEntity: Prefab = MorayEel
[22:37:04.658] [info] [SOURCE_DETECTOR] Engine creating Entity (Internal)
[22:37:04.659] [info] [CPP ECS] FromJson - Adding component 'Transform' to entity 'MorayEel'
[22:37:04.659] [info] [CPP ECS] FromJson - Adding component 'CircleCollider' to entity 'MorayEel'
[22:37:04.659] [info] [CPP ECS] FromJson - Adding component 'Variables' to entity 'MorayEel'
[22:37:04.659] [info] [CPP ECS] FromJson - Adding component 'Script' to entity 'MorayEel'
[22:37:04.659] [info] [CPP ECS] FromJson - Adding component 'SpriteRenderer' to entity 'MorayEel'
[22:37:04.660] [info] [CPP ECS] FromJson - Adding component 'Rigidbody2D' to entity 'MorayEel'
[22:37:04.660] [info] Script MorayEelSpawnMove found for Entity ID: -42
[22:37:04.660] [info] [SetScriptVars] OK setting fields for: MorayEelSpawnMove
[22:37:04.660] [info] [SOURCE_DETECTOR] C# requested CreateEntity: Prefab = MorayEel
[22:37:04.661] [info] [SOURCE_DETECTOR] Engine creating Entity (Internal)
[22:37:04.661] [info] [CPP ECS] FromJson - Adding component 'Transform' to entity 'MorayEel'
[22:37:04.661] [info] [CPP ECS] FromJson - Adding component 'CircleCollider' to entity 'MorayEel'
[22:37:04.661] [info] [CPP ECS] FromJson - Adding component 'Variables' to entity 'MorayEel'
[22:37:04.661] [info] [CPP ECS] FromJson - Adding component 'Script' to entity 'MorayEel'
[22:37:04.662] [info] [CPP ECS] FromJson - Adding component 'SpriteRenderer' to entity 'MorayEel'
[22:37:04.662] [info] [CPP ECS] FromJson - Adding component 'Rigidbody2D' to entity 'MorayEel'
[22:37:04.662] [info] Script MorayEelSpawnMove found for Entity ID: -8
[22:37:04.662] [info] [SetScriptVars] OK setting fields for: MorayEelSpawnMove
[22:37:04.682] [info] [MonoDbg] AddEntityToScript - Instantiating and adding script: SpriteAnimation to Entity ID: -42
[22:37:04.682] [info] [SetScriptVars] OK setting fields for: SpriteAnimation
[22:37:04.682] [info] [MonoDbg] AddEntityToScript - Syncing serialized fields for script: SpriteAnimation
[22:37:04.683] [info] [SetScriptVars] OK setting fields for: SpriteAnimation
[22:37:04.683] [info] [MonoDbg] AddEntityToScript - Instantiating and adding script: MorayEelSpawnMove to Entity ID: -42
[22:37:04.683] [info] [MonoDbg] AddEntityToScript - Syncing serialized fields for script: MorayEelSpawnMove
[22:37:04.683] [info] [SetScriptVars] OK setting fields for: MorayEelSpawnMove
[22:37:04.683] [info] [MonoDbg] AddEntityToScript - Instantiating and adding script: ChaseController to Entity ID: -42
[22:37:04.684] [info] [SetScriptVars] OK setting fields for: ChaseController
[22:37:04.684] [info] [MonoDbg] AddEntityToScript - Syncing serialized fields for script: ChaseController
[22:37:04.684] [info] [SetScriptVars] OK setting fields for: ChaseController
[22:37:04.684] [info] [MonoDbg] AddEntityToScript - Instantiating and adding script: ChaseAnimation to Entity ID: -42
[22:37:04.685] [info] [SetScriptVars] OK setting fields for: ChaseAnimation
[22:37:04.685] [info] [MonoDbg] AddEntityToScript - Syncing serialized fields for script: ChaseAnimation
[22:37:04.685] [info] [SetScriptVars] OK setting fields for: ChaseAnimation
[22:37:04.685] [info] [MonoDbg] AddEntityToScript - Instantiating and adding script: SmallFryChaseMove to Entity ID: -42
[22:37:04.685] [info] [SetScriptVars] OK setting fields for: SmallFryChaseMove
[22:37:04.686] [info] [MonoDbg] AddEntityToScript - Syncing serialized fields for script: SmallFryChaseMove
[22:37:04.686] [info] [SetScriptVars] OK setting fields for: SmallFryChaseMove
[22:37:04.686] [info] [MonoDbg] AddEntityToScript - Instantiating and adding script: TargetFacingFlip to Entity ID: -42
[22:37:04.686] [info] [SetScriptVars] OK setting fields for: TargetFacingFlip
[22:37:04.686] [info] [MonoDbg] AddEntityToScript - Syncing serialized fields for script: TargetFacingFlip
[22:37:04.687] [info] [SetScriptVars] OK setting fields for: TargetFacingFlip
[22:37:04.687] [info] [MonoDbg] AddEntityToScript - Instantiating and adding script: MorayEel to Entity ID: -42
[22:37:04.687] [info] [SetScriptVars] OK setting fields for: MorayEel
[22:37:04.687] [info] [MonoDbg] AddEntityToScript - Syncing serialized fields for script: MorayEel
[22:37:04.687] [info] [SetScriptVars] OK setting fields for: MorayEel
[22:37:04.687] [info] [MonoDbg] AddEntityToScript - Instantiating and adding script: HP to Entity ID: -42
[22:37:04.688] [info] [SetScriptVars] OK setting fields for: HP
[22:37:04.688] [info] [MonoDbg] AddEntityToScript - Syncing serialized fields for script: HP
[22:37:04.688] [info] [SetScriptVars] OK setting fields for: HP
[22:37:04.688] [info] [MonoDbg] AddEntityToScript - Instantiating and adding script: DespawnTimer to Entity ID: -42
[22:37:04.688] [info] [SetScriptVars] OK setting fields for: DespawnTimer
[22:37:04.689] [info] [MonoDbg] AddEntityToScript - Syncing serialized fields for script: DespawnTimer
[22:37:04.689] [info] [SetScriptVars] OK setting fields for: DespawnTimer
[22:37:04.689] [info] [MonoDbg] AddEntityToScript - Instantiating and adding script: ExpDropper to Entity ID: -42
[22:37:04.689] [info] [SetScriptVars] OK setting fields for: ExpDropper
[22:37:04.689] [info] [MonoDbg] AddEntityToScript - Syncing serialized fields for script: ExpDropper
[22:37:04.690] [info] [SetScriptVars] OK setting fields for: ExpDropper
[22:37:04.690] [info] [MonoDbg] AddEntityToScript - Instantiating and adding script: ParticleOffset to Entity ID: -42
[22:37:04.690] [info] [SetScriptVars] OK setting fields for: ParticleOffset
[22:37:04.690] [info] [MonoDbg] AddEntityToScript - Syncing serialized fields for script: ParticleOffset
[22:37:04.690] [info] [SetScriptVars] OK setting fields for: ParticleOffset
[22:37:04.690] [info] [MonoDbg] AddEntityToScript - Instantiating and adding script: AttackCollision to Entity ID: -42
[22:37:04.691] [info] [SetScriptVars] OK setting fields for: AttackCollision
[22:37:04.691] [info] [MonoDbg] AddEntityToScript - Syncing serialized fields for script: AttackCollision
[22:37:04.691] [info] [SetScriptVars] OK setting fields for: AttackCollision
[22:37:04.691] [info] [MonoDbg] AddEntityToScript - Instantiating and adding script: FlashOnDamaged to Entity ID: -42
[22:37:04.691] [info] [SetScriptVars] OK setting fields for: FlashOnDamaged
[22:37:04.692] [info] [MonoDbg] AddEntityToScript - Syncing serialized fields for script: FlashOnDamaged
[22:37:04.692] [info] [SetScriptVars] OK setting fields for: FlashOnDamaged
[22:37:04.692] [info] [MonoDbg] AddEntityToScript - Instantiating and adding script: ShakeSelfOnDamaged to Entity ID: -42
[22:37:04.692] [info] [SetScriptVars] OK setting fields for: ShakeSelfOnDamaged
[22:37:04.692] [info] [MonoDbg] AddEntityToScript - Syncing serialized fields for script: ShakeSelfOnDamaged
[22:37:04.693] [info] [SetScriptVars] OK setting fields for: ShakeSelfOnDamaged
[22:37:04.693] [info] [MonoDbg] AddEntityToScript - Instantiating and adding script: SpriteAnimation to Entity ID: -8
[22:37:04.693] [info] [SetScriptVars] OK setting fields for: SpriteAnimation
[22:37:04.693] [info] [MonoDbg] AddEntityToScript - Syncing serialized fields for script: SpriteAnimation
[22:37:04.693] [info] [SetScriptVars] OK setting fields for: SpriteAnimation
[22:37:04.694] [info] [MonoDbg] AddEntityToScript - Instantiating and adding script: MorayEelSpawnMove to Entity ID: -8
[22:37:04.694] [info] [MonoDbg] AddEntityToScript - Syncing serialized fields for script: MorayEelSpawnMove
[22:37:04.694] [info] [SetScriptVars] OK setting fields for: MorayEelSpawnMove
[22:37:04.694] [info] [MonoDbg] AddEntityToScript - Instantiating and adding script: ChaseController to Entity ID: -8
[22:37:04.694] [info] [SetScriptVars] OK setting fields for: ChaseController
[22:37:04.695] [info] [MonoDbg] AddEntityToScript - Syncing serialized fields for script: ChaseController
[22:37:04.695] [info] [SetScriptVars] OK setting fields for: ChaseController
[22:37:04.695] [info] [MonoDbg] AddEntityToScript - Instantiating and adding script: ChaseAnimation to Entity ID: -8
[22:37:04.695] [info] [SetScriptVars] OK setting fields for: ChaseAnimation
[22:37:04.695] [info] [MonoDbg] AddEntityToScript - Syncing serialized fields for script: ChaseAnimation
[22:37:04.696] [info] [SetScriptVars] OK setting fields for: ChaseAnimation
[22:37:04.696] [info] [MonoDbg] AddEntityToScript - Instantiating and adding script: SmallFryChaseMove to Entity ID: -8
[22:37:04.696] [info] [SetScriptVars] OK setting fields for: SmallFryChaseMove
[22:37:04.696] [info] [MonoDbg] AddEntityToScript - Syncing serialized fields for script: SmallFryChaseMove
[22:37:04.696] [info] [SetScriptVars] OK setting fields for: SmallFryChaseMove
[22:37:04.697] [info] [MonoDbg] AddEntityToScript - Instantiating and adding script: TargetFacingFlip to Entity ID: -8
[22:37:04.697] [info] [SetScriptVars] OK setting fields for: TargetFacingFlip
[22:37:04.697] [info] [MonoDbg] AddEntityToScript - Syncing serialized fields for script: TargetFacingFlip
[22:37:04.697] [info] [SetScriptVars] OK setting fields for: TargetFacingFlip
[22:37:04.697] [info] [MonoDbg] AddEntityToScript - Instantiating and adding script: MorayEel to Entity ID: -8
[22:37:04.698] [info] [SetScriptVars] OK setting fields for: MorayEel
[22:37:04.698] [info] [MonoDbg] AddEntityToScript - Syncing serialized fields for script: MorayEel
[22:37:04.698] [info] [SetScriptVars] OK setting fields for: MorayEel
[22:37:04.698] [info] [MonoDbg] AddEntityToScript - Instantiating and adding script: HP to Entity ID: -8
[22:37:04.698] [info] [SetScriptVars] OK setting fields for: HP
[22:37:04.699] [info] [MonoDbg] AddEntityToScript - Syncing serialized fields for script: HP
[22:37:04.699] [info] [SetScriptVars] OK setting fields for: HP
[22:37:04.699] [info] [MonoDbg] AddEntityToScript - Instantiating and adding script: DespawnTimer to Entity ID: -8
[22:37:04.699] [info] [SetScriptVars] OK setting fields for: DespawnTimer
[22:37:04.699] [info] [MonoDbg] AddEntityToScript - Syncing serialized fields for script: DespawnTimer
[22:37:04.699] [info] [SetScriptVars] OK setting fields for: DespawnTimer
[22:37:04.700] [info] [MonoDbg] AddEntityToScript - Instantiating and adding script: ExpDropper to Entity ID: -8
[22:37:04.700] [info] [SetScriptVars] OK setting fields for: ExpDropper
[22:37:04.700] [info] [MonoDbg] AddEntityToScript - Syncing serialized fields for script: ExpDropper
[22:37:04.700] [info] [SetScriptVars] OK setting fields for: ExpDropper
[22:37:04.701] [info] [MonoDbg] AddEntityToScript - Instantiating and adding script: ParticleOffset to Entity ID: -8
[22:37:04.701] [info] [SetScriptVars] OK setting fields for: ParticleOffset
[22:37:04.701] [info] [MonoDbg] AddEntityToScript - Syncing serialized fields for script: ParticleOffset
[22:37:04.701] [info] [SetScriptVars] OK setting fields for: ParticleOffset
[22:37:04.701] [info] [MonoDbg] AddEntityToScript - Instantiating and adding script: AttackCollision to Entity ID: -8
[22:37:04.702] [info] [SetScriptVars] OK setting fields for: AttackCollision
[22:37:04.702] [info] [MonoDbg] AddEntityToScript - Syncing serialized fields for script: AttackCollision
[22:37:04.702] [info] [SetScriptVars] OK setting fields for: AttackCollision
[22:37:04.702] [info] [MonoDbg] AddEntityToScript - Instantiating and adding script: FlashOnDamaged to Entity ID: -8
[22:37:04.702] [info] [SetScriptVars] OK setting fields for: FlashOnDamaged
[22:37:04.702] [info] [MonoDbg] AddEntityToScript - Syncing serialized fields for script: FlashOnDamaged
[22:37:04.703] [info] [SetScriptVars] OK setting fields for: FlashOnDamaged
[22:37:04.703] [info] [MonoDbg] AddEntityToScript - Instantiating and adding script: ShakeSelfOnDamaged to Entity ID: -8
[22:37:04.703] [info] [SetScriptVars] OK setting fields for: ShakeSelfOnDamaged
[22:37:04.703] [info] [MonoDbg] AddEntityToScript - Syncing serialized fields for script: ShakeSelfOnDamaged
[22:37:04.703] [info] [SetScriptVars] OK setting fields for: ShakeSelfOnDamaged
[22:37:04.704] [info] [SOURCE_DETECTOR] C# requested CreateEntity: Prefab = enemySwimParticle
[22:37:04.704] [info] [SOURCE_DETECTOR] Engine creating Entity (Internal)
[22:37:04.704] [info] [CPP ECS] FromJson - Adding component 'Transform' to entity 'enemySwimParticle'
[22:37:04.704] [info] [CPP ECS] FromJson - Adding component 'Variables' to entity 'enemySwimParticle'
[22:37:04.705] [info] [CPP ECS] FromJson - Adding component 'ParticleSystem2D' to entity 'enemySwimParticle'
[22:37:04.705] [info] [SOURCE_DETECTOR] C# requested CreateEntity: Prefab = enemySwimParticle
[22:37:04.705] [info] [SOURCE_DETECTOR] Engine creating Entity (Internal)
[22:37:04.706] [info] [CPP ECS] FromJson - Adding component 'Transform' to entity 'enemySwimParticle'
[22:37:04.706] [info] [CPP ECS] FromJson - Adding component 'Variables' to entity 'enemySwimParticle'
[22:37:04.706] [info] [CPP ECS] FromJson - Adding component 'ParticleSystem2D' to entity 'enemySwimParticle'
[22:37:04.707] [error] Entity not found for ID: 0
[22:37:04.707] [error] Entity not found for ID: 0
[22:37:04.707] [error] Entity not found for ID: -31
[22:37:04.708] [error] Entity not found for ID: -20
[22:37:04.725] [error] Entity not found for ID: 0
[22:37:04.725] [error] Entity not found for ID: 0
[22:37:04.726] [error] Entity not found for ID: -31
[22:37:04.726] [error] Entity not found for ID: -20
[22:37:04.743] [error] Entity not found for ID: 0
[22:37:04.743] [error] Entity not found for ID: 0
[22:37:04.744] [error] Entity not found for ID: -31
[22:37:04.744] [error] Entity not found for ID: -20
[22:37:04.763] [error] Entity not found for ID: 0
[22:37:04.763] [error] Entity not found for ID: 0
[22:37:04.764] [error] Entity not found for ID: -31
[22:37:04.764] [error] Entity not found for ID: -20
[22:37:04.782] [error] Entity not found for ID: 0
[22:37:04.782] [error] Entity not found for ID: 0
[22:37:04.783] [error] Entity not found for ID: -31
[22:37:04.783] [error] Entity not found for ID: -20
[22:37:04.801] [error] Entity not found for ID: 0
[22:37:04.801] [error] Entity not found for ID: 0
[22:37:04.802] [error] Entity not found for ID: -31
[22:37:04.802] [error] Entity not found for ID: -20
[22:37:04.819] [error] Entity not found for ID: 0
[22:37:04.819] [error] Entity not found for ID: 0
[22:37:04.820] [error] Entity not found for ID: -31
[22:37:04.820] [error] Entity not found for ID: -20
[22:37:04.838] [error] Entity not found for ID: 0
[22:37:04.838] [error] Entity not found for ID: 0
[22:37:04.838] [error] Entity not found for ID: -31
[22:37:04.839] [error] Entity not found for ID: -20
[22:37:04.857] [error] Entity not found for ID: 0
[22:37:04.857] [error] Entity not found for ID: 0
[22:37:04.858] [error] Entity not found for ID: -31
[22:37:04.858] [error] Entity not found for ID: -20
[22:37:04.877] [error] Entity not found for ID: 0
[22:37:04.877] [error] Entity not found for ID: 0
[22:37:04.878] [error] Entity not found for ID: -31
[22:37:04.878] [error] Entity not found for ID: -20
[22:37:04.896] [error] Entity not found for ID: 0
[22:37:04.896] [error] Entity not found for ID: 0
[22:37:04.897] [error] Entity not found for ID: -31
[22:37:04.897] [error] Entity not found for ID: -20
[22:37:04.915] [error] Entity not found for ID: 0
[22:37:04.915] [error] Entity not found for ID: 0
[22:37:04.916] [error] Entity not found for ID: -31
[22:37:04.916] [error] Entity not found for ID: -20
[22:37:04.934] [error] Entity not found for ID: 0
[22:37:04.934] [error] Entity not found for ID: 0
[22:37:04.935] [error] Entity not found for ID: -31
[22:37:04.935] [error] Entity not found for ID: -20
[22:37:04.953] [error] Entity not found for ID: 0
[22:37:04.953] [error] Entity not found for ID: 0
[22:37:04.954] [error] Entity not found for ID: -31
[22:37:04.954] [error] Entity not found for ID: -20
[22:37:04.972] [error] Entity not found for ID: 0
[22:37:04.972] [error] Entity not found for ID: 0
[22:37:04.973] [error] Entity not found for ID: -31
[22:37:04.973] [error] Entity not found for ID: -20
[22:37:04.990] [error] Entity not found for ID: 0
[22:37:04.991] [error] Entity not found for ID: 0
[22:37:04.991] [error] Entity not found for ID: -31
[22:37:04.992] [error] Entity not found for ID: -20
[22:37:05.014] [error] Entity not found for ID: 0
[22:37:05.015] [error] Entity not found for ID: 0
[22:37:05.015] [error] Entity not found for ID: -31
[22:37:05.016] [error] Entity not found for ID: -20
[22:37:05.033] [error] Entity not found for ID: 0
[22:37:05.033] [error] Entity not found for ID: 0
[22:37:05.034] [error] Entity not found for ID: -31
[22:37:05.034] [error] Entity not found for ID: -20
[22:37:05.051] [error] Entity not found for ID: 0
[22:37:05.052] [error] Entity not found for ID: 0
[22:37:05.052] [error] Entity not found for ID: -31
[22:37:05.052] [error] Entity not found for ID: -20
[22:37:05.070] [error] Entity not found for ID: 0
[22:37:05.070] [error] Entity not found for ID: 0
[22:37:05.071] [error] Entity not found for ID: -31
[22:37:05.071] [error] Entity not found for ID: -20
[22:37:05.089] [error] Entity not found for ID: 0
[22:37:05.089] [error] Entity not found for ID: 0
[22:37:05.090] [error] Entity not found for ID: -31
[22:37:05.090] [error] Entity not found for ID: -20
[22:37:05.091] [info] Collision Enter 2D Event Invoked
[22:37:05.091] [info] Collision Enter 2D Event Invoked
[22:37:05.091] [info] Collision Enter 2D Event Invoked
[22:37:05.091] [info] Collision Enter 2D Event Invoked
[22:37:05.092] [info] Collision Enter 2D Event Invoked
[22:37:05.092] [info] Collision Enter 2D Event Invoked
[22:37:05.092] [info] Collision Enter 2D Event Invoked
[22:37:05.092] [info] Collision Enter 2D Event Invoked
[22:37:05.092] [info] Collision Enter 2D Event Invoked
[22:37:05.093] [info] Collision Enter 2D Event Invoked
[22:37:05.093] [info] Collision Enter 2D Event Invoked
[22:37:05.093] [info] Collision Enter 2D Event Invoked
[22:37:05.093] [info] Collision Enter 2D Event Invoked
[22:37:05.093] [info] Collision Enter 2D Event Invoked
[22:37:05.094] [info] Collision Enter 2D Event Invoked
[22:37:05.111] [error] Entity not found for ID: 0
[22:37:05.111] [error] Entity not found for ID: 0
[22:37:05.112] [error] Entity not found for ID: -31
[22:37:05.112] [error] Entity not found for ID: -20
[22:37:05.130] [error] Entity not found for ID: 0
[22:37:05.130] [error] Entity not found for ID: 0
[22:37:05.131] [error] Entity not found for ID: -31
[22:37:05.131] [error] Entity not found for ID: -20
[22:37:05.148] [error] Entity not found for ID: 0
[22:37:05.149] [error] Entity not found for ID: 0
[22:37:05.149] [error] Entity not found for ID: -31
[22:37:05.149] [error] Entity not found for ID: -20
[22:37:05.168] [error] Entity not found for ID: 0
[22:37:05.168] [error] Entity not found for ID: 0
[22:37:05.169] [error] Entity not found for ID: -31
[22:37:05.169] [error] Entity not found for ID: -20
[22:37:05.187] [error] Entity not found for ID: 0
[22:37:05.187] [error] Entity not found for ID: 0
[22:37:05.187] [error] Entity not found for ID: -31
[22:37:05.188] [error] Entity not found for ID: -20
[22:37:05.205] [error] Entity not found for ID: 0
[22:37:05.205] [error] Entity not found for ID: 0
[22:37:05.205] [info] [SOURCE_DETECTOR] C# requested CreateEntity: Prefab = SeaCow
[22:37:05.206] [info] [SOURCE_DETECTOR] Engine creating Entity (Internal)
[22:37:05.206] [info] [CPP ECS] FromJson - Adding component 'Transform' to entity 'SeaCow'
[22:37:05.206] [info] [CPP ECS] FromJson - Adding component 'CircleCollider' to entity 'SeaCow'
[22:37:05.206] [info] [CPP ECS] FromJson - Adding component 'Variables' to entity 'SeaCow'
[22:37:05.207] [info] [CPP ECS] FromJson - Adding component 'Script' to entity 'SeaCow'
[22:37:05.207] [info] [CPP ECS] FromJson - Adding component 'SpriteRenderer' to entity 'SeaCow'
[22:37:05.207] [info] [CPP ECS] FromJson - Adding component 'Rigidbody2D' to entity 'SeaCow'
[22:37:05.208] [error] Entity not found for ID: -31
[22:37:05.225] [info] [MonoDbg] AddEntityToScript - Instantiating and adding script: SpriteAnimation to Entity ID: -20
[22:37:05.225] [info] [SetScriptVars] OK setting fields for: SpriteAnimation
[22:37:05.225] [info] [MonoDbg] AddEntityToScript - Syncing serialized fields for script: SpriteAnimation
[22:37:05.226] [info] [SetScriptVars] OK setting fields for: SpriteAnimation
[22:37:05.226] [info] [MonoDbg] AddEntityToScript - Instantiating and adding script: ChaseController to Entity ID: -20
[22:37:05.226] [info] [SetScriptVars] OK setting fields for: ChaseController
[22:37:05.226] [info] [MonoDbg] AddEntityToScript - Syncing serialized fields for script: ChaseController
[22:37:05.226] [info] [SetScriptVars] OK setting fields for: ChaseController
[22:37:05.226] [info] [MonoDbg] AddEntityToScript - Instantiating and adding script: TargetFacingFlip to Entity ID: -20
[22:37:05.227] [info] [SetScriptVars] OK setting fields for: TargetFacingFlip
[22:37:05.227] [info] [MonoDbg] AddEntityToScript - Syncing serialized fields for script: TargetFacingFlip
[22:37:05.227] [info] [SetScriptVars] OK setting fields for: TargetFacingFlip
[22:37:05.227] [info] [MonoDbg] AddEntityToScript - Instantiating and adding script: SeaCow to Entity ID: -20
[22:37:05.227] [info] [SetScriptVars] OK setting fields for: SeaCow
[22:37:05.228] [info] [MonoDbg] AddEntityToScript - Syncing serialized fields for script: SeaCow
[22:37:05.228] [info] [SetScriptVars] OK setting fields for: SeaCow
[22:37:05.228] [info] [MonoDbg] AddEntityToScript - Instantiating and adding script: HP to Entity ID: -20
[22:37:05.228] [info] [SetScriptVars] OK setting fields for: HP
[22:37:05.229] [info] [MonoDbg] AddEntityToScript - Syncing serialized fields for script: HP
[22:37:05.229] [info] [SetScriptVars] OK setting fields for: HP
[22:37:05.229] [info] [MonoDbg] AddEntityToScript - Instantiating and adding script: ParticleOffset to Entity ID: -20
[22:37:05.229] [info] [SetScriptVars] no group for scriptName: ParticleOffset  groups: 10
[22:37:05.229] [info] [MonoDbg] AddEntityToScript - Syncing serialized fields for script: ParticleOffset
[22:37:05.229] [info] [SetScriptVars] no group for scriptName: ParticleOffset  groups: 10
[22:37:05.230] [info] [MonoDbg] AddEntityToScript - Instantiating and adding script: AttackCollision to Entity ID: -20
[22:37:05.230] [info] [SetScriptVars] OK setting fields for: AttackCollision
[22:37:05.230] [info] [MonoDbg] AddEntityToScript - Syncing serialized fields for script: AttackCollision
[22:37:05.230] [info] [SetScriptVars] OK setting fields for: AttackCollision
[22:37:05.230] [info] [MonoDbg] AddEntityToScript - Instantiating and adding script: ExpDropper to Entity ID: -20
[22:37:05.231] [info] [SetScriptVars] OK setting fields for: ExpDropper
[22:37:05.231] [info] [MonoDbg] AddEntityToScript - Syncing serialized fields for script: ExpDropper
[22:37:05.231] [info] [SetScriptVars] OK setting fields for: ExpDropper
[22:37:05.231] [info] [MonoDbg] AddEntityToScript - Instantiating and adding script: DespawnTimer to Entity ID: -20
[22:37:05.231] [info] [SetScriptVars] OK setting fields for: DespawnTimer
[22:37:05.232] [info] [MonoDbg] AddEntityToScript - Syncing serialized fields for script: DespawnTimer
[22:37:05.232] [info] [SetScriptVars] OK setting fields for: DespawnTimer
[22:37:05.232] [info] [MonoDbg] AddEntityToScript - Instantiating and adding script: FlashOnDamaged to Entity ID: -20
[22:37:05.232] [info] [SetScriptVars] OK setting fields for: FlashOnDamaged
[22:37:05.232] [info] [MonoDbg] AddEntityToScript - Syncing serialized fields for script: FlashOnDamaged
[22:37:05.233] [info] [SetScriptVars] OK setting fields for: FlashOnDamaged
[22:37:05.233] [info] [MonoDbg] AddEntityToScript - Instantiating and adding script: ShakeSelfOnDamaged to Entity ID: -20
[22:37:05.233] [info] [SetScriptVars] OK setting fields for: ShakeSelfOnDamaged
[22:37:05.233] [info] [MonoDbg] AddEntityToScript - Syncing serialized fields for script: ShakeSelfOnDamaged
[22:37:05.234] [info] [SetScriptVars] OK setting fields for: ShakeSelfOnDamaged
[22:37:05.234] [error] Entity not found for ID: 0
[22:37:05.234] [error] Entity not found for ID: 0
[22:37:05.235] [error] Entity not found for ID: -31
[22:37:05.253] [error] Entity not found for ID: 0
[22:37:05.253] [error] Entity not found for ID: 0
[22:37:05.254] [error] Entity not found for ID: -31
[22:37:05.271] [error] Entity not found for ID: 0
[22:37:05.271] [error] Entity not found for ID: 0
[22:37:05.271] [error] Entity not found for ID: -31
[22:37:05.289] [error] Entity not found for ID: 0
[22:37:05.289] [error] Entity not found for ID: 0
[22:37:05.290] [error] Entity not found for ID: -31
[22:37:05.307] [error] Entity not found for ID: 0
[22:37:05.307] [error] Entity not found for ID: 0
[22:37:05.308] [error] Entity not found for ID: -31
[22:37:05.457] [error] Entity not found for ID: 0
[22:37:05.458] [error] Entity not found for ID: 0
[22:37:05.458] [error] Entity not found for ID: -31
[22:37:05.475] [error] Entity not found for ID: 0
[22:37:05.475] [error] Entity not found for ID: 0
[22:37:05.476] [error] Entity not found for ID: -31
[22:37:05.524] [info] Logger finalized.
