[22:46:20.082] [info] Logger initialized.
[22:46:20.103] [info] Use Adapter:NVIDIA GeForce RTX 3060 Laptop GPU
[22:46:20.401] [info] FeatureLevel : 12.2
[22:46:20.401] [info] dx device create success!!
[22:46:20.449] [info] dx command create success!!
[22:46:20.449] [info] dx descriptor heap rtv create success!!
[22:46:20.449] [info] dx descriptor heap cbv,srv,uav create success!!
[22:46:20.449] [info] dx descriptor heap dsv create success!!
[22:46:20.693] [info] dx swap chain create success!!
[22:46:20.709] [info] [Load Resource] type:Shader, path:"./Packages/Shader/Render/Line/Line2D.vs.hlsl", profile:"vs_6_0"
[22:46:20.716] [info] [Load Resource] type:Shader, path:"./Packages/Shader/Render/Line/Line2D.ps.hlsl", profile:"ps_6_0"
[22:46:20.735] [info] [Load Resource] type:Shader, path:"Packages/Shader/Render/Sprite/Sprite.vs.hlsl", profile:"vs_6_0"
[22:46:20.755] [info] [Load Resource] type:Shader, path:"Packages/Shader/Render/Sprite/Sprite.ps.hlsl", profile:"ps_6_0"
[22:46:20.769] [info] [Load Resource] type:Shader, path:"Packages/Shader/Render/Text/Text.vs.hlsl", profile:"vs_6_0"
[22:46:20.791] [info] [Load Resource] type:Shader, path:"Packages/Shader/Render/Text/Text.ps.hlsl", profile:"ps_6_0"
[22:46:20.821] [info] [Load Resource] type:Shader, path:"Packages/Shader/Render/ParticleSystem2D/ParticleSystem2D.vs.hlsl", profile:"vs_6_0"
[22:46:20.833] [info] [Load Resource] type:Shader, path:"Packages/Shader/Render/ParticleSystem2D/ParticleSystem2D.ps.hlsl", profile:"ps_6_0"
[22:46:20.861] [info] [Load Resource] type:Shader, path:"./Packages/Shader/Render/Line/Line3D.vs.hlsl", profile:"vs_6_0"
[22:46:20.868] [info] [Load Resource] type:Shader, path:"./Packages/Shader/Render/Line/Line3D.ps.hlsl", profile:"ps_6_0"
[22:46:20.883] [info] [Load Resource] type:Shader, path:"Packages/Shader/Render/Skybox/Skybox.vs.hlsl", profile:"vs_6_0"
[22:46:20.892] [info] [Load Resource] type:Shader, path:"Packages/Shader/Render/Skybox/Skybox.ps.hlsl", profile:"ps_6_0"
[22:46:20.911] [info] [Load Resource] type:Shader, path:"./Packages/Shader/Render/Mesh/Mesh.vs.hlsl", profile:"vs_6_0"
[22:46:20.929] [info] [Load Resource] type:Shader, path:"./Packages/Shader/Render/Mesh/Mesh.ps.hlsl", profile:"ps_6_0"
[22:46:20.944] [info] [Load Resource] type:Shader, path:"./Packages/Shader/Render/Mesh/DissolveMesh.vs.hlsl", profile:"vs_6_0"
[22:46:20.962] [info] [Load Resource] type:Shader, path:"./Packages/Shader/Render/Mesh/DissolveMesh.ps.hlsl", profile:"ps_6_0"
[22:46:20.991] [info] [Load Resource] type:Shader, path:"./Packages/Shader/Render/Mesh/SkinMesh.vs.hlsl", profile:"vs_6_0"
[22:46:21.005] [info] [Load Resource] type:Shader, path:"./Packages/Shader/Render/Mesh/SkinMesh.ps.hlsl", profile:"ps_6_0"
[22:46:21.023] [info] [Load Resource] type:Shader, path:"Packages/Shader/Render/Effect/Effect.vs.hlsl", profile:"vs_6_0"
[22:46:21.039] [info] [Load Resource] type:Shader, path:"Packages/Shader/Render/Effect/Effect.ps.hlsl", profile:"ps_6_0"
[22:46:21.079] [info] [Load Resource] type:Shader, path:"Packages/Shader/Render/ParticleSystem/ParticleSystem.vs.hlsl", profile:"vs_6_0"
[22:46:21.092] [info] [Load Resource] type:Shader, path:"Packages/Shader/Render/ParticleSystem/ParticleSystem.ps.hlsl", profile:"ps_6_0"
[22:46:21.130] [info] [Load Resource] type:Shader, path:"./Packages/Shader/Render/Grass/Grass.as.hlsl", profile:"as_6_5"
[22:46:21.177] [info] [Load Resource] type:Shader, path:"./Packages/Shader/Render/Grass/Grass.ms.hlsl", profile:"ms_6_5"
[22:46:21.191] [info] [Load Resource] type:Shader, path:"./Packages/Shader/Render/Grass/Grass.ps.hlsl", profile:"ps_6_0"
[22:46:21.210] [info] [Load Resource] type:Shader, path:"./Packages/Shader/Render/Line/Gizmo3D.vs.hlsl", profile:"vs_6_0"
[22:46:21.216] [info] [Load Resource] type:Shader, path:"./Packages/Shader/Render/Line/Gizmo3D.ps.hlsl", profile:"ps_6_0"
[22:46:21.233] [info] [Load Resource] type:Shader, path:"./Packages/Shader/Render/Line/Gizmo3D.vs.hlsl", profile:"vs_6_0"
[22:46:21.239] [info] [Load Resource] type:Shader, path:"./Packages/Shader/Render/Line/Gizmo3D.ps.hlsl", profile:"ps_6_0"
[22:46:21.276] [info] [Load Resource] type:Shader, path:"Packages/Shader/PostProcess/PerObject/Lighting/Lighting.cs.hlsl", profile:"cs_6_6"
[22:46:21.292] [info] [Load Resource] type:Shader, path:"Packages/Shader/PostProcess/PerObject/Grayscale/Grayscale.cs.hlsl", profile:"cs_6_6"
[22:46:21.308] [info] [Load Resource] type:Shader, path:"Packages/Shader/PostProcess/PerObject/TerrainBrush/TerrainBrush.cs.hlsl", profile:"cs_6_6"
[22:46:21.323] [info] [Load Resource] type:Shader, path:"Packages/Shader/PostProcess/PerObject/VoxelTerrainBrush/VoxelTerrainBrush.cs.hlsl", profile:"cs_6_6"
[22:46:21.339] [info] [Load Resource] type:Shader, path:"./Packages/Shader/PostProcess/PerObject/GaussianBlur/GaussianBlur.cs.hlsl", profile:"cs_6_6"
[22:46:21.341] [info] [Bloom] Initializing PostProcessBloom...
[22:46:21.352] [info] [Load Resource] type:Shader, path:"Packages/Shader/PostProcess/PerObject/Bloom/BloomExtract.cs.hlsl", profile:"cs_6_6"
[22:46:21.366] [info] [Load Resource] type:Shader, path:"./Packages/Shader/PostProcess/PerObject/GaussianBlur/GaussianBlur.cs.hlsl", profile:"cs_6_6"
[22:46:21.374] [info] [Load Resource] type:Shader, path:"Packages/Shader/PostProcess/PerObject/Bloom/BloomComposite.cs.hlsl", profile:"cs_6_6"
[22:46:21.387] [info] [Load Resource] type:Shader, path:"Packages/Shader/PostProcess/PerObject/RadialBlur/RadialBlurPerObject.cs.hlsl", profile:"cs_6_6"
[22:46:21.409] [info] [Load Resource] type:Shader, path:"./Packages/Shader/PostProcess/Screen/ShadowMap/ShadowMap.cs.hlsl", profile:"cs_6_6"
[22:46:21.424] [info] [Load Resource] type:Shader, path:"./Packages/Shader/PostProcess/Screen/Fog/Fog.cs.hlsl", profile:"cs_6_6"
[22:46:21.433] [info] [Load Resource] type:Shader, path:"Packages/Shader/PostProcess/Screen/Grayscale/Grayscale.cs.hlsl", profile:"cs_6_6"
[22:46:21.445] [info] [Load Resource] type:Shader, path:"Packages/Shader/PostProcess/Screen/RadialBlur/RadialBlur.cs.hlsl", profile:"cs_6_6"
[22:46:21.478] [info] [Load Resource] type:Shader, path:"Packages/Shader/PostProcess/Screen/WaterCausticsLightShafts/WaterCausticsLightShafts.cs.hlsl", profile:"cs_6_6"
[22:46:21.495] [info] [Load Resource] type:Shader, path:"Packages/Shader/PostProcess/Screen/WaterDepthFogVignette/WaterDepthFogVignette.cs.hlsl", profile:"cs_6_6"
[22:46:21.511] [info] [Load Resource] type:Shader, path:"Packages/Shader/PostProcess/Screen/WaterColorGrading/WaterColorGrading.cs.hlsl", profile:"cs_6_6"
[22:46:21.525] [info] [Load Resource] type:Shader, path:"Packages/Shader/PostProcess/Screen/WaterDistortion/WaterDistortion.cs.hlsl", profile:"cs_6_6"
[22:46:21.537] [info] [Load Resource] type:Shader, path:"Packages/Shader/PostProcess/Screen/Fisheye/Fisheye.cs.hlsl", profile:"cs_6_6"
[22:46:21.547] [info] [Load Resource] type:Shader, path:"Packages/Shader/PostProcess/Screen/Pixelate/Pixelate.cs.hlsl", profile:"cs_6_6"
[22:46:21.563] [info] [Success Texture Info] Path: "./Packages/Textures/white.png"
[22:46:21.563] [info]  - DescriptorIndex: 0
[22:46:21.563] [info] AssetCollection: Scanning directory: ./Packages/
[22:46:21.568] [info] AssetCollection: Found 125 assets in ./Packages/
[22:46:21.569] [info] [Load] [Model] - Starting load: "./Packages/Models/BackgroundObjects/Bush2.obj" (ext: ".obj")
[22:46:21.569] [info] [Load] [Model] - Starting load: "./Packages/Models/BackgroundObjects/Bush1.obj" (ext: ".obj")
[22:46:21.569] [info] [Load] [Model] - Starting load: "./Packages/Models/BackgroundObjects/Grass1.obj" (ext: ".obj")
[22:46:21.569] [info] [Load] [Model] - Starting load: "./Packages/Models/BackgroundObjects/Bush3.obj" (ext: ".obj")
[22:46:21.575] [info] [Success Texture Info] Path: "./Packages/Textures/Dirt.jpg"
[22:46:21.575] [info]  - DescriptorIndex: 1
[22:46:21.577] [info] [Success Texture Info] Path: "./Packages/Textures/Grass.jpg"
[22:46:21.577] [info]  - DescriptorIndex: 2
[22:46:21.582] [info] [Success Texture Info] Path: "./Packages/Textures/ImGui/FileIcons/FileIcon.png"
[22:46:21.582] [info]  - DescriptorIndex: 3
[22:46:21.584] [info]   Mesh[0]: "Grass1_Cube", Vertices: 152, Bones: 0
[22:46:21.584] [info]   Mesh[0]: "Bush3_Icosphere.004", Vertices: 72, Bones: 0
[22:46:21.584] [info]   Mesh[0]: "Bush1_Icosphere", Vertices: 113, Bones: 0
[22:46:21.585] [info] [Load] [Model] - Finished: "./Packages/Models/BackgroundObjects/Grass1.obj", Total Meshes: 1, Total Clips: 0
[22:46:21.585] [info]   Mesh[0]: "Bush2_Icosphere.002", Vertices: 172, Bones: 0
[22:46:21.585] [info]   Mesh[1]: "Tree.002", Vertices: 138, Bones: 0
[22:46:21.585] [info] [Load] [Model] - Starting load: "./Packages/Models/BackgroundObjects/Grass2.obj" (ext: ".obj")
[22:46:21.585] [info]   Mesh[1]: "Tree", Vertices: 83, Bones: 0
[22:46:21.586] [info]   Mesh[1]: "Tree.001", Vertices: 222, Bones: 0
[22:46:21.586] [info] [Load] [Model] - Finished: "./Packages/Models/BackgroundObjects/Bush3.obj", Total Meshes: 2, Total Clips: 0
[22:46:21.586] [info] [Load] [Model] - Finished: "./Packages/Models/BackgroundObjects/Bush1.obj", Total Meshes: 2, Total Clips: 0
[22:46:21.587] [info] [Load] [Model] - Starting load: "./Packages/Models/BackgroundObjects/Grass3.obj" (ext: ".obj")
[22:46:21.587] [info] [Load] [Model] - Starting load: "./Packages/Models/BackgroundObjects/Rock1.obj" (ext: ".obj")
[22:46:21.587] [info] [Load] [Model] - Finished: "./Packages/Models/BackgroundObjects/Bush2.obj", Total Meshes: 2, Total Clips: 0
[22:46:21.587] [info] [Load] [Model] - Starting load: "./Packages/Models/BackgroundObjects/Rock2.obj" (ext: ".obj")
[22:46:21.593] [info] [Success Texture Info] Path: "./Packages/Textures/ImGui/FileIcons/FolderIcon.png"
[22:46:21.594] [info]  - DescriptorIndex: 4
[22:46:21.597] [info]   Mesh[0]: "Grass2_Cube.003", Vertices: 366, Bones: 0
[22:46:21.598] [info] [Load] [Model] - Finished: "./Packages/Models/BackgroundObjects/Grass2.obj", Total Meshes: 1, Total Clips: 0
[22:46:21.598] [info] [Load] [Model] - Starting load: "./Packages/Models/BackgroundObjects/Rock3.obj" (ext: ".obj")
[22:46:21.599] [info]   Mesh[0]: "Icosphere_Icosphere.002", Vertices: 102, Bones: 0
[22:46:21.599] [info]   Mesh[0]: "Rock_Icosphere.001", Vertices: 98, Bones: 0
[22:46:21.599] [info] [Load] [Model] - Finished: "./Packages/Models/BackgroundObjects/Rock2.obj", Total Meshes: 1, Total Clips: 0
[22:46:21.600] [info]   Mesh[0]: "Grass3_Cube.003", Vertices: 364, Bones: 0
[22:46:21.600] [info] [Load] [Model] - Starting load: "./Packages/Models/BackgroundObjects/Tree1.obj" (ext: ".obj")
[22:46:21.600] [info] [Load] [Model] - Finished: "./Packages/Models/BackgroundObjects/Rock1.obj", Total Meshes: 1, Total Clips: 0
[22:46:21.601] [info] [Load] [Model] - Finished: "./Packages/Models/BackgroundObjects/Grass3.obj", Total Meshes: 1, Total Clips: 0
[22:46:21.601] [info] [Load] [Model] - Starting load: "./Packages/Models/BackgroundObjects/Tree2.obj" (ext: ".obj")
[22:46:21.601] [info] [Load] [Model] - Starting load: "./Packages/Models/BackgroundObjects/Tree3.obj" (ext: ".obj")
[22:46:21.604] [info] [Success Texture Info] Path: "./Packages/Textures/ImGui/FileIcons/lets-icons-sound-none-256.png"
[22:46:21.604] [info]  - DescriptorIndex: 5
[22:46:21.608] [info]   Mesh[0]: "Rock3_Icosphere", Vertices: 84, Bones: 0
[22:46:21.609] [info] [Load] [Model] - Finished: "./Packages/Models/BackgroundObjects/Rock3.obj", Total Meshes: 1, Total Clips: 0
[22:46:21.609] [info] [Load] [Model] - Starting load: "./Packages/Models/BackgroundObjects/Tree4.obj" (ext: ".obj")
[22:46:21.612] [info]   Mesh[0]: "Tree1_Icosphere.002", Vertices: 518, Bones: 0
[22:46:21.612] [info]   Mesh[1]: "Tree.003", Vertices: 356, Bones: 0
[22:46:21.613] [info]   Mesh[0]: "Tree2_Icosphere.001", Vertices: 536, Bones: 0
[22:46:21.613] [info] [Load] [Model] - Finished: "./Packages/Models/BackgroundObjects/Tree1.obj", Total Meshes: 2, Total Clips: 0
[22:46:21.613] [info]   Mesh[0]: "Tree3_Icosphere.001", Vertices: 598, Bones: 0
[22:46:21.614] [info] [Load] [Model] - Starting load: "./Packages/Models/Human/sneakWalk.gltf" (ext: ".gltf")
[22:46:21.614] [info]   Mesh[1]: "Tree.004", Vertices: 550, Bones: 0
[22:46:21.614] [info]   Mesh[1]: "Leaves.008", Vertices: 118, Bones: 0
[22:46:21.615] [info] [Load] [Model] - Finished: "./Packages/Models/BackgroundObjects/Tree2.obj", Total Meshes: 2, Total Clips: 0
[22:46:21.615] [info] [Load] [Model] - Finished: "./Packages/Models/BackgroundObjects/Tree3.obj", Total Meshes: 2, Total Clips: 0
[22:46:21.615] [info] [Load] [Model] - Starting load: "./Packages/Models/Human/walk.gltf" (ext: ".gltf")
[22:46:21.615] [info] [Load] [Model] - Starting load: "./Packages/Models/primitive/cube.obj" (ext: ".obj")
[22:46:21.621] [info]   Mesh[0]: "Tree4_Cylinder.003", Vertices: 665, Bones: 0
[22:46:21.622] [info]   Mesh[1]: "Leaves.009", Vertices: 1035, Bones: 0
[22:46:21.622] [info]   Mesh[0]: "Cube", Vertices: 24, Bones: 0
[22:46:21.623] [info] [Load] [Model] - Finished: "./Packages/Models/BackgroundObjects/Tree4.obj", Total Meshes: 2, Total Clips: 0
[22:46:21.623] [info] [Load] [Model] - Finished: "./Packages/Models/primitive/cube.obj", Total Meshes: 1, Total Clips: 0
[22:46:21.624] [info] [Load] [Model] - Starting load: "./Packages/Models/primitive/frontToPlane.obj" (ext: ".obj")
[22:46:21.624] [info] [Load] [Model] - Starting load: "./Packages/Models/primitive/cylinder.obj" (ext: ".obj")
[22:46:21.634] [info]   Mesh[0]: "frontToPlane", Vertices: 4, Bones: 0
[22:46:21.634] [info]   Mesh[0]: "円柱", Vertices: 130, Bones: 0
[22:46:21.635] [info] [Load] [Model] - Finished: "./Packages/Models/primitive/frontToPlane.obj", Total Meshes: 1, Total Clips: 0
[22:46:21.635] [info] [Load] [Model] - Finished: "./Packages/Models/primitive/cylinder.obj", Total Meshes: 1, Total Clips: 0
[22:46:21.636] [info] [Load] [Model] - Starting load: "./Packages/Models/primitive/sphere.obj" (ext: ".obj")
[22:46:21.636] [info] [Load] [Model] - Starting load: "./Packages/Models/primitive/plane.obj" (ext: ".obj")
[22:46:21.637] [info]   Mesh[0]: "Retopology_hp_Plane.002", Vertices: 13538, Bones: 55
[22:46:21.639] [info] [Success Texture Info] Path: "./Packages/Textures/ImGui/FileIcons/ObjIcon.png"
[22:46:21.639] [info]  - DescriptorIndex: 6
[22:46:21.641] [info]   Mesh[0]: "Retopology_hp_Plane.002", Vertices: 13538, Bones: 55
[22:46:21.641] [info] [Load] [AnimationClip] - name:"Armature|mixamo.com|Layer0", hash: 95722531, duration: 1.03s
[22:46:21.643] [info] [Load] [Model] - Finished: "./Packages/Models/Human/walk.gltf", Total Meshes: 1, Total Clips: 1
[22:46:21.644] [info] [Load] [AnimationClip] - name:"Armature|mixamo.com|Layer0", hash: 95722531, duration: 0.90s
[22:46:21.645] [info]   Mesh[0]: "平面", Vertices: 4, Bones: 0
[22:46:21.646] [info] [Load] [Model] - Starting load: "./Packages/Models/primitive/tube.obj" (ext: ".obj")
[22:46:21.646] [info] [Load] [Model] - Finished: "./Packages/Models/primitive/plane.obj", Total Meshes: 1, Total Clips: 0
[22:46:21.647] [info] [Load] [Model] - Finished: "./Packages/Models/Human/sneakWalk.gltf", Total Meshes: 1, Total Clips: 1
[22:46:21.650] [info]   Mesh[0]: "球", Vertices: 559, Bones: 0
[22:46:21.651] [info] [Success Texture Info] Path: "./Packages/Textures/ImGui/FileIcons/ph-file-c-sharp-none-256.png"
[22:46:21.651] [info]  - DescriptorIndex: 7
[22:46:21.651] [info] [Load] [Model] - Finished: "./Packages/Models/primitive/sphere.obj", Total Meshes: 1, Total Clips: 0
[22:46:21.654] [info] [Success Texture Info] Path: "./Packages/Textures/ImGui/pause.png"
[22:46:21.654] [info]  - DescriptorIndex: 8
[22:46:21.654] [info]   Mesh[0]: "円柱", Vertices: 66, Bones: 0
[22:46:21.655] [info] [Load] [Model] - Finished: "./Packages/Models/primitive/tube.obj", Total Meshes: 1, Total Clips: 0
[22:46:21.657] [info] [Success Texture Info] Path: "./Packages/Textures/ImGui/play.png"
[22:46:21.657] [info]  - DescriptorIndex: 9
[22:46:21.658] [info] [Success Texture Info] Path: "./Packages/Textures/ImGui/reload.png"
[22:46:21.659] [info]  - DescriptorIndex: 10
[22:46:21.666] [info] [Success Texture Info] Path: "./Packages/Textures/ImGui/skip.png"
[22:46:21.666] [info]  - DescriptorIndex: 11
[22:46:21.671] [info] [Success Texture Info] Path: "./Packages/Textures/ImGui/TerrainEditTextures/BrushModeIcon.png"
[22:46:21.671] [info]  - DescriptorIndex: 12
[22:46:21.681] [error] [Load Failed] File is not a Texture3D DDS: "./Packages/Textures/kloofendal_48d_partly_cloudy_puresky_2k.dds"
[22:46:21.860] [info] [Success Texture Info] Path: "./Packages/Textures/kloofendal_48d_partly_cloudy_puresky_2k.dds"
[22:46:21.860] [info]  - DescriptorIndex: 13
[22:46:21.971] [info] [Success Texture Info] Path: "./Packages/Textures/Rock.png"
[22:46:21.971] [info]  - DescriptorIndex: 14
[22:46:21.977] [error] [Load Failed] File is not a Texture3D DDS: "./Packages/Textures/rostock_laage_airport_4k.dds"
[22:46:21.987] [info] [Success Texture Info] Path: "./Packages/Textures/rostock_laage_airport_4k.dds"
[22:46:21.987] [info]  - DescriptorIndex: 15
[22:46:21.989] [warning] [GenerateMipMaps Failed] Using original image: "./Packages/Textures/Sample3DTexture.dds"
[22:46:21.989] [warning] [GenerateMipMaps Failed] Using original image: "./Packages/Textures/Sample3DTexture.dds"
[22:46:21.990] [info] [Texture DDS Info] Path: "./Packages/Textures/Sample3DTexture.dds"
[22:46:21.992] [info] [Success Texture Info] Path: "./Packages/Textures/Snow.jpg"
[22:46:21.992] [info]  - DescriptorIndex: 17
[22:46:22.019] [info] [Success Texture Info] Path: "./Packages/Textures/uvChecker.png"
[22:46:22.019] [info]  - DescriptorIndex: 18
[22:46:22.020] [info] AssetCollection: Scanning directory: ./Assets/
[22:46:22.025] [info] AssetCollection: Found 111 assets in ./Assets/
[22:46:22.029] [info] [Success Texture Info] Path: "./Assets/assets/backGround/cloud.png"
[22:46:22.029] [info]  - DescriptorIndex: 19
[22:46:22.031] [info] [Success Texture Info] Path: "./Assets/assets/backGround/coral_blue.png"
[22:46:22.031] [info]  - DescriptorIndex: 20
[22:46:22.033] [info] [Success Texture Info] Path: "./Assets/assets/backGround/coral_pink.png"
[22:46:22.033] [info]  - DescriptorIndex: 21
[22:46:22.036] [info] [Success Texture Info] Path: "./Assets/assets/backGround/coral_red.png"
[22:46:22.036] [info]  - DescriptorIndex: 22
[22:46:22.038] [info] [Success Texture Info] Path: "./Assets/assets/backGround/coral_yellow.png"
[22:46:22.038] [info]  - DescriptorIndex: 23
[22:46:22.041] [info] [Success Texture Info] Path: "./Assets/assets/backGround/fish.png"
[22:46:22.041] [info]  - DescriptorIndex: 24
[22:46:22.047] [info] [Success Texture Info] Path: "./Assets/assets/backGround/flockFish.png"
[22:46:22.047] [info]  - DescriptorIndex: 25
[22:46:22.050] [info] [Success Texture Info] Path: "./Assets/assets/backGround/foam.png"
[22:46:22.051] [info]  - DescriptorIndex: 26
[22:46:22.054] [info] [Success Texture Info] Path: "./Assets/assets/backGround/lock.png"
[22:46:22.054] [info]  - DescriptorIndex: 27
[22:46:22.057] [info] [Success Texture Info] Path: "./Assets/assets/backGround/lock1.png"
[22:46:22.057] [info]  - DescriptorIndex: 28
[22:46:22.060] [info] [Success Texture Info] Path: "./Assets/assets/backGround/lock2.png"
[22:46:22.060] [info]  - DescriptorIndex: 29
[22:46:22.063] [info] [Success Texture Info] Path: "./Assets/assets/backGround/lock3.png"
[22:46:22.063] [info]  - DescriptorIndex: 30
[22:46:22.067] [info] [Success Texture Info] Path: "./Assets/assets/backGround/lock4.png"
[22:46:22.067] [info]  - DescriptorIndex: 31
[22:46:22.074] [info] [Success Texture Info] Path: "./Assets/assets/backGround/sand.png"
[22:46:22.075] [info]  - DescriptorIndex: 32
[22:46:22.077] [info] [Success Texture Info] Path: "./Assets/assets/backGround/seaBackGround1x1.png"
[22:46:22.077] [info]  - DescriptorIndex: 33
[22:46:22.080] [info] [Success Texture Info] Path: "./Assets/assets/backGround/seaweed.png"
[22:46:22.080] [info]  - DescriptorIndex: 34
[22:46:22.092] [info] [Success Texture Info] Path: "./Assets/assets/backGround/syurijyou.png"
[22:46:22.092] [info]  - DescriptorIndex: 35
[22:46:22.095] [info] [Success Texture Info] Path: "./Assets/assets/backGround/wave.png"
[22:46:22.095] [info]  - DescriptorIndex: 36
[22:46:22.097] [info] [Success Texture Info] Path: "./Assets/assets/BasicGauge.png"
[22:46:22.097] [info]  - DescriptorIndex: 37
[22:46:22.132] [info] [Success Texture Info] Path: "./Assets/assets/boss/castleCrab.png"
[22:46:22.132] [info]  - DescriptorIndex: 38
[22:46:22.157] [info] [Success Texture Info] Path: "./Assets/assets/boss/giantSquid.png"
[22:46:22.157] [info]  - DescriptorIndex: 39
[22:46:22.161] [info] [Success Texture Info] Path: "./Assets/assets/boss/giantSquid_arm.png"
[22:46:22.161] [info]  - DescriptorIndex: 40
[22:46:22.170] [info] [Success Texture Info] Path: "./Assets/assets/boss/giantSquid_HomingBullet.png"
[22:46:22.170] [info]  - DescriptorIndex: 41
[22:46:22.179] [info] [Success Texture Info] Path: "./Assets/assets/boss/giantSquid_jr.png"
[22:46:22.180] [info]  - DescriptorIndex: 42
[22:46:22.182] [info] [Success Texture Info] Path: "./Assets/assets/boss/inkBullet.png"
[22:46:22.183] [info]  - DescriptorIndex: 43
[22:46:22.192] [info] [Success Texture Info] Path: "./Assets/assets/boss/jellyfish.png"
[22:46:22.192] [info]  - DescriptorIndex: 44
[22:46:22.199] [info] [Success Texture Info] Path: "./Assets/assets/boss/jellyfishParticle.png"
[22:46:22.199] [info]  - DescriptorIndex: 45
[22:46:22.202] [info] [Success Texture Info] Path: "./Assets/assets/boss/laser.png"
[22:46:22.202] [info]  - DescriptorIndex: 46
[22:46:22.209] [info] [Success Texture Info] Path: "./Assets/assets/boss/laserCenter.png"
[22:46:22.209] [info]  - DescriptorIndex: 47
[22:46:22.212] [info] [Success Texture Info] Path: "./Assets/assets/boss/scissors.png"
[22:46:22.212] [info]  - DescriptorIndex: 48
[22:46:22.215] [info] [Success Texture Info] Path: "./Assets/assets/boss/spark.png"
[22:46:22.216] [info]  - DescriptorIndex: 49
[22:46:22.245] [info] [Success Texture Info] Path: "./Assets/assets/boss/texture_Circle_512px.png"
[22:46:22.246] [info]  - DescriptorIndex: 50
[22:46:22.272] [info] [Success Texture Info] Path: "./Assets/assets/boss/texture_Glare_512px.png"
[22:46:22.273] [info]  - DescriptorIndex: 51
[22:46:22.298] [info] [Success Texture Info] Path: "./Assets/assets/boss/texture_Halo_512px.png"
[22:46:22.298] [info]  - DescriptorIndex: 52
[22:46:22.300] [info] [Success Texture Info] Path: "./Assets/assets/boss/weakness.png"
[22:46:22.300] [info]  - DescriptorIndex: 53
[22:46:22.303] [info] [Success Texture Info] Path: "./Assets/assets/diceStar.png"
[22:46:22.303] [info]  - DescriptorIndex: 54
[22:46:22.305] [info] [Success Texture Info] Path: "./Assets/assets/enemy/jar.png"
[22:46:22.306] [info]  - DescriptorIndex: 55
[22:46:22.307] [info] [Success Texture Info] Path: "./Assets/assets/enemy/jar2.png"
[22:46:22.308] [info]  - DescriptorIndex: 56
[22:46:22.311] [info] [Success Texture Info] Path: "./Assets/assets/enemy/seaCattle.png"
[22:46:22.311] [info]  - DescriptorIndex: 57
[22:46:22.326] [info] [Success Texture Info] Path: "./Assets/assets/enemy/seaCow.png"
[22:46:22.326] [info]  - DescriptorIndex: 58
[22:46:22.336] [info] [Success Texture Info] Path: "./Assets/assets/enemy/seaCowParticle.png"
[22:46:22.337] [info]  - DescriptorIndex: 59
[22:46:22.339] [info] [Success Texture Info] Path: "./Assets/assets/enemy/spike.png"
[22:46:22.339] [info]  - DescriptorIndex: 60
[22:46:22.342] [info] [Success Texture Info] Path: "./Assets/assets/enemy/spikeFish.png"
[22:46:22.342] [info]  - DescriptorIndex: 61
[22:46:22.344] [info] [Success Texture Info] Path: "./Assets/assets/enemy/spikeFish_spike.png"
[22:46:22.344] [info]  - DescriptorIndex: 62
[22:46:22.347] [info] [Success Texture Info] Path: "./Assets/assets/enemy/surfaceOctopus.png"
[22:46:22.347] [info]  - DescriptorIndex: 63
[22:46:22.352] [info] [Success Texture Info] Path: "./Assets/assets/enemy/surfaceOctopusHeight.png"
[22:46:22.352] [info]  - DescriptorIndex: 64
[22:46:22.358] [info] [Success Texture Info] Path: "./Assets/assets/enemy/tatunomousigo.png"
[22:46:22.358] [info]  - DescriptorIndex: 65
[22:46:22.362] [info] [Success Texture Info] Path: "./Assets/assets/enemy/utsubo.png"
[22:46:22.362] [info]  - DescriptorIndex: 66
[22:46:22.366] [info] [Success Texture Info] Path: "./Assets/assets/enemy/utsuboParticle.png"
[22:46:22.366] [info]  - DescriptorIndex: 67
[22:46:22.368] [info] [Success Texture Info] Path: "./Assets/assets/exp.png"
[22:46:22.368] [info]  - DescriptorIndex: 68
[22:46:22.369] [info] [Success Texture Info] Path: "./Assets/assets/padBack.png"
[22:46:22.369] [info]  - DescriptorIndex: 69
[22:46:22.391] [info] [Success Texture Info] Path: "./Assets/assets/particle/circle.png"
[22:46:22.391] [info]  - DescriptorIndex: 70
[22:46:22.396] [info] [Success Texture Info] Path: "./Assets/assets/particle/floor.png"
[22:46:22.396] [info]  - DescriptorIndex: 71
[22:46:22.398] [info] [Success Texture Info] Path: "./Assets/assets/particle/spikeFishParticle.png"
[22:46:22.398] [info]  - DescriptorIndex: 72
[22:46:22.401] [info] [Success Texture Info] Path: "./Assets/assets/particle/triangle.png"
[22:46:22.402] [info]  - DescriptorIndex: 73
[22:46:22.403] [info] [Success Texture Info] Path: "./Assets/assets/player/egg.png"
[22:46:22.404] [info]  - DescriptorIndex: 74
[22:46:22.406] [info] [Success Texture Info] Path: "./Assets/assets/player/larva.png"
[22:46:22.406] [info]  - DescriptorIndex: 75
[22:46:22.409] [info] [Success Texture Info] Path: "./Assets/assets/player/larvaEgg.png"
[22:46:22.409] [info]  - DescriptorIndex: 76
[22:46:22.411] [info] [Success Texture Info] Path: "./Assets/assets/player/player.png"
[22:46:22.411] [info]  - DescriptorIndex: 77
[22:46:22.413] [info] [Success Texture Info] Path: "./Assets/assets/player/playerFace.png"
[22:46:22.413] [info]  - DescriptorIndex: 78
[22:46:22.415] [info] [Success Texture Info] Path: "./Assets/assets/player/playerFeet.png"
[22:46:22.415] [info]  - DescriptorIndex: 79
[22:46:22.417] [info] [Success Texture Info] Path: "./Assets/assets/player/playerHead.png"
[22:46:22.417] [info]  - DescriptorIndex: 80
[22:46:22.419] [info] [Success Texture Info] Path: "./Assets/assets/ring.png"
[22:46:22.420] [info]  - DescriptorIndex: 81
[22:46:22.582] [info] [Success Texture Info] Path: "./Assets/assets/smoke.png"
[22:46:22.582] [info]  - DescriptorIndex: 82
[22:46:22.616] [info] [Success Texture Info] Path: "./Assets/assets/title/titleUI.png"
[22:46:22.616] [info]  - DescriptorIndex: 83
[22:46:22.621] [info] [Success Texture Info] Path: "./Assets/assets/title/title_choiceOutline.png"
[22:46:22.621] [info]  - DescriptorIndex: 84
[22:46:22.625] [info] [Success Texture Info] Path: "./Assets/assets/title/title_endUI.png"
[22:46:22.625] [info]  - DescriptorIndex: 85
[22:46:22.629] [info] [Success Texture Info] Path: "./Assets/assets/title/title_optionUI.png"
[22:46:22.630] [info]  - DescriptorIndex: 86
[22:46:22.634] [info] [Success Texture Info] Path: "./Assets/assets/title/title_startUI.png"
[22:46:22.634] [info]  - DescriptorIndex: 87
[22:46:22.643] [info] [Success Texture Info] Path: "./Assets/assets/tortoise.png"
[22:46:22.643] [info]  - DescriptorIndex: 88
[22:46:22.647] [info] [Success Texture Info] Path: "./Assets/assets/waveGauge.png"
[22:46:22.647] [info]  - DescriptorIndex: 89
[22:46:22.647] [info] [Font Loader] Successfully loaded font: "./Assets/Fonts/x8y12pxTheStrongGamer.ttf"
[22:46:22.648] [info] [Font Loader] Successfully loaded font: "./Assets/Fonts/FiraMono-Regular_0.ttf"
[22:46:22.653] [info] [Font Loader] Successfully loaded font: "./Assets/Fonts/MPLUSRounded1c-Black.ttf"
[22:46:22.678] [info] [Success Texture Info] Path: "./Assets/Textures/circle.png"
[22:46:22.678] [info]  - DescriptorIndex: 90
[22:46:22.701] [info] [Success Texture Info] Path: "./Assets/Textures/GameClear/GameClearText.png"
[22:46:22.701] [info]  - DescriptorIndex: 91
[22:46:22.713] [info] [Success Texture Info] Path: "./Assets/Textures/GameClear/GameOverText.png"
[22:46:22.714] [info]  - DescriptorIndex: 92
[22:46:22.740] [info] [Success Texture Info] Path: "./Assets/Textures/gradation.png"
[22:46:22.740] [info]  - DescriptorIndex: 93
[22:46:22.770] [info] [Success Texture Info] Path: "./Assets/Textures/gradationLine.png"
[22:46:22.771] [info]  - DescriptorIndex: 94
[22:46:22.804] [info] [Success Texture Info] Path: "./Assets/Textures/noise.png"
[22:46:22.804] [info]  - DescriptorIndex: 95
[22:46:22.832] [info] [Success Texture Info] Path: "./Assets/Textures/ring.png"
[22:46:22.832] [info]  - DescriptorIndex: 96
[22:46:22.834] [info] [Success Texture Info] Path: "./Assets/Textures/seaweed.png"
[22:46:22.835] [info]  - DescriptorIndex: 97
[22:46:22.862] [info] [Success Texture Info] Path: "./Assets/Textures/smoke.png"
[22:46:22.862] [info]  - DescriptorIndex: 98
[22:46:22.886] [info] [Success Texture Info] Path: "./Assets/Textures/UI/checkpoint-restrat.png"
[22:46:22.886] [info]  - DescriptorIndex: 99
[22:46:22.920] [info] [Success Texture Info] Path: "./Assets/Textures/UI/exit-game.png"
[22:46:22.920] [info]  - DescriptorIndex: 100
[22:46:22.925] [info] [Success Texture Info] Path: "./Assets/Textures/UI/Gamepad/gamePad.png"
[22:46:22.925] [info]  - DescriptorIndex: 101
[22:46:22.927] [info] [Success Texture Info] Path: "./Assets/Textures/UI/Gamepad/padA.png"
[22:46:22.927] [info]  - DescriptorIndex: 102
[22:46:22.929] [info] [Success Texture Info] Path: "./Assets/Textures/UI/Gamepad/padShoulderL.png"
[22:46:22.929] [info]  - DescriptorIndex: 103
[22:46:22.932] [info] [Success Texture Info] Path: "./Assets/Textures/UI/Gamepad/padShoulderR.png"
[22:46:22.932] [info]  - DescriptorIndex: 104
[22:46:22.934] [info] [Success Texture Info] Path: "./Assets/Textures/UI/Gamepad/padStick.png"
[22:46:22.934] [info]  - DescriptorIndex: 105
[22:46:22.940] [info] [Success Texture Info] Path: "./Assets/Textures/UI/Keyboard/keyBoard.png"
[22:46:22.940] [info]  - DescriptorIndex: 106
[22:46:22.943] [info] [Success Texture Info] Path: "./Assets/Textures/UI/Keyboard/moveKey.png"
[22:46:22.943] [info]  - DescriptorIndex: 107
[22:46:22.945] [info] [Success Texture Info] Path: "./Assets/Textures/UI/Keyboard/shiftKey.png"
[22:46:22.945] [info]  - DescriptorIndex: 108
[22:46:22.947] [info] [Success Texture Info] Path: "./Assets/Textures/UI/Keyboard/spaceKey.png"
[22:46:22.948] [info]  - DescriptorIndex: 109
[22:46:22.956] [info] [Load] [AudioClip] - path:"./Assets/Sounds/bgm/gameover-bgm.mp3"
[22:46:22.969] [info] [Success Texture Info] Path: "./Assets/Textures/UI/main-menu.png"
[22:46:22.970] [info]  - DescriptorIndex: 110
[22:46:22.974] [info] [Success Texture Info] Path: "./Assets/Textures/UI/PlayerHPIcon.png"
[22:46:22.974] [info]  - DescriptorIndex: 111
[22:46:22.981] [info] [Load] [AudioClip] - path:"./Assets/Sounds/bgm/boss-battle-bgm.mp3"
[22:46:22.987] [info] [Load] [AudioClip] - path:"./Assets/Sounds/bgm/gameclear-bgm.mp3"
[22:46:22.988] [info] [Success Texture Info] Path: "./Assets/Textures/UI/restart.png"
[22:46:22.988] [info]  - DescriptorIndex: 112
[22:46:22.998] [info] [Load] [AudioClip] - path:"./Assets/Sounds/pause-ui-select.mp3"
[22:46:23.006] [info] [Load] [AudioClip] - path:"./Assets/Sounds/se/PlayerDamagedSE.mp3"
[22:46:23.006] [info] [Load] [AudioClip] - path:"./Assets/Sounds/se/PlayerAttackSE.mp3"
[22:46:23.010] [info] [Success Texture Info] Path: "./Assets/Textures/UI/Resume.png"
[22:46:23.010] [info]  - DescriptorIndex: 113
[22:46:23.012] [info] [Load] [AudioClip] - path:"./Assets/Sounds/se/PlayerShotSE.mp3"
[22:46:23.013] [info] [Load] [AudioClip] - path:"./Assets/Sounds/se/PlayerDashSE.mp3"
[22:46:23.015] [info] [Success Texture Info] Path: "./Assets/Textures/UI/TriggerKey.png"
[22:46:23.015] [info]  - DescriptorIndex: 114
[22:46:23.019] [info] [Success Texture Info] Path: "./Assets/Textures/Vignette.png"
[22:46:23.019] [info]  - DescriptorIndex: 115
[22:46:23.122] [info] [Load] [AudioClip] - path:"./Assets/Sounds/bgm/game-bgm.mp3"
[22:46:23.218] [info] [Load] [AudioClip] - path:"./Assets/Sounds/bgm/title-bgm.mp3"
[22:46:23.231] [info] dx depth stencil create success!!
[22:46:23.239] [info] dx depth stencil create success!!
[22:46:23.247] [info] dx depth stencil create success!!
[22:46:23.255] [info] dx depth stencil create success!!
[22:46:23.268] [info] [Load Resource] type:Shader, path:"Packages/Shader/Render/CopyImage/CopyImage.vs.hlsl", profile:"vs_6_0"
[22:46:23.273] [info] [Load Resource] type:Shader, path:"Packages/Shader/Render/CopyImage/CopyImage.ps.hlsl", profile:"ps_6_0"
[22:46:23.309] [info] dx swap chain create success!!
[22:46:23.314] [info] [Mono] Building C# project...
[22:46:24.911] [info] [Mono] C# project built successfully.
[22:46:24.911] [info] [Mono] Non-Debug Mode: Debugger Disabled (suspend=n)
[22:46:24.912] [info] Mono version: 6.12.0 (Visual Studio built mono)
[22:46:24.932] [info] Latest DLL found: ./Packages/Scripts\CSharpLibrary_20260723_224624.dll (Last Modified: 2026-07-23 22:34:24)
[22:46:24.933] [info] [Mono] LoadAssemblyWithSymbols started for: C:\Users\k023g\Desktop\TD4-2\Project\Packages\Scripts\CSharpLibrary_20260723_224624.dll
[22:46:24.933] [info] [Mono]   DLL last modified: 2026-07-23 22:34:24
[22:46:24.934] [info] [Mono] LoadAssembly: Copied DLL to logical path: ./Packages/Scripts/CSharpLibrary.dll
[22:46:24.935] [info] [Mono] LoadAssembly: Copied PDB to logical path: ./Packages/Scripts/CSharpLibrary.pdb
[22:46:25.058] [info] [JIT_DEBUG] TextRenderer MonoClass pointer: 0x2c6d763a548
[22:46:25.059] [info] [JIT_DEBUG] sizeof(TextBatch) = 124
[22:46:25.059] [info] [JIT_DEBUG] sizeof(SpriteBatch) = 80
[22:46:25.059] [info] [JIT_DEBUG] Registered TextRenderer in maps successfully.
[22:46:25.459] [info] [SOURCE_DETECTOR] Engine creating Entity (Internal)
[22:46:25.459] [info] [CPP ECS] FromJson - Adding component 'CameraComponent' to entity 'TitleCamera'
[22:46:25.459] [info] [CPP ECS] FromJson - Adding component 'Transform' to entity 'TitleCamera'
[22:46:25.459] [info] [CPP ECS] FromJson - Adding component 'Variables' to entity 'TitleCamera'
[22:46:25.460] [info] [CPP ECS] FromJson - Adding component 'Script' to entity 'TitleCamera'
[22:46:25.460] [info] [CPP ECS] FromJson - Adding component 'ScreenPostEffectTag' to entity 'TitleCamera'
[22:46:25.460] [info] [CPP ECS] FromJson - Adding component 'BoxCollider2D' to entity 'TitleCamera'
[22:46:25.460] [info] [CPP ECS] FromJson - Adding component 'ScreenPostEffectTag' to entity 'TitleCamera'
[22:46:25.460] [info] [SOURCE_DETECTOR] Engine creating Entity (Internal)
[22:46:25.460] [info] [CPP ECS] FromJson - Adding component 'Transform' to entity 'TitleSprite'
[22:46:25.460] [info] [CPP ECS] FromJson - Adding component 'Variables' to entity 'TitleSprite'
[22:46:25.461] [info] [CPP ECS] FromJson - Adding component 'SpriteRenderer' to entity 'TitleSprite'
[22:46:25.461] [info] [SOURCE_DETECTOR] Engine creating Entity (Internal)
[22:46:25.461] [info] [CPP ECS] FromJson - Adding component 'Transform' to entity 'TitleMenu'
[22:46:25.461] [info] [CPP ECS] FromJson - Adding component 'Variables' to entity 'TitleMenu'
[22:46:25.461] [info] [SOURCE_DETECTOR] Engine creating Entity (Internal)
[22:46:25.461] [info] [CPP ECS] FromJson - Adding component 'Transform' to entity 'seaweed'
[22:46:25.462] [info] [CPP ECS] FromJson - Adding component 'Variables' to entity 'seaweed'
[22:46:25.462] [info] [CPP ECS] FromJson - Adding component 'SpriteRenderer' to entity 'seaweed'
[22:46:25.462] [info] [CPP ECS] FromJson - Adding component 'Script' to entity 'seaweed'
[22:46:25.462] [info] [CPP ECS] FromJson - Adding component 'Transform' to entity 'seaweed'
[22:46:25.462] [info] [SOURCE_DETECTOR] Engine creating Entity (Internal)
[22:46:25.462] [info] [CPP ECS] FromJson - Adding component 'Transform' to entity 'sand'
[22:46:25.462] [info] [CPP ECS] FromJson - Adding component 'Variables' to entity 'sand'
[22:46:25.462] [info] [CPP ECS] FromJson - Adding component 'SpriteRenderer' to entity 'sand'
[22:46:25.462] [info] [CPP ECS] FromJson - Adding component 'Transform' to entity 'sand'
[22:46:25.463] [info] [SOURCE_DETECTOR] Engine creating Entity (Internal)
[22:46:25.463] [info] [CPP ECS] FromJson - Adding component 'Transform' to entity 'sand'
[22:46:25.463] [info] [CPP ECS] FromJson - Adding component 'Variables' to entity 'sand'
[22:46:25.463] [info] [CPP ECS] FromJson - Adding component 'SpriteRenderer' to entity 'sand'
[22:46:25.463] [info] [SOURCE_DETECTOR] Engine creating Entity (Internal)
[22:46:25.463] [info] [CPP ECS] FromJson - Adding component 'Transform' to entity 'sand'
[22:46:25.463] [info] [CPP ECS] FromJson - Adding component 'Variables' to entity 'sand'
[22:46:25.463] [info] [CPP ECS] FromJson - Adding component 'SpriteRenderer' to entity 'sand'
[22:46:25.464] [info] [SOURCE_DETECTOR] Engine creating Entity (Internal)
[22:46:25.464] [info] [CPP ECS] FromJson - Adding component 'Transform' to entity 'seaweed'
[22:46:25.464] [info] [CPP ECS] FromJson - Adding component 'Variables' to entity 'seaweed'
[22:46:25.464] [info] [CPP ECS] FromJson - Adding component 'SpriteRenderer' to entity 'seaweed'
[22:46:25.464] [info] [CPP ECS] FromJson - Adding component 'Script' to entity 'seaweed'
[22:46:25.464] [info] [SOURCE_DETECTOR] Engine creating Entity (Internal)
[22:46:25.464] [info] [CPP ECS] FromJson - Adding component 'Transform' to entity 'farFishParticle'
[22:46:25.464] [info] [CPP ECS] FromJson - Adding component 'Variables' to entity 'farFishParticle'
[22:46:25.464] [info] [CPP ECS] FromJson - Adding component 'ParticleSystem2D' to entity 'farFishParticle'
[22:46:25.465] [info] [CPP ECS] FromJson - Adding component 'Transform' to entity 'farFishParticle'
[22:46:25.465] [info] [CPP ECS] FromJson - Adding component 'ParticleSystem2D' to entity 'farFishParticle'
[22:46:25.465] [info] [SOURCE_DETECTOR] Engine creating Entity (Internal)
[22:46:25.465] [info] [CPP ECS] FromJson - Adding component 'Transform' to entity 'nearFishParticle'
[22:46:25.465] [info] [CPP ECS] FromJson - Adding component 'Variables' to entity 'nearFishParticle'
[22:46:25.465] [info] [CPP ECS] FromJson - Adding component 'ParticleSystem2D' to entity 'nearFishParticle'
[22:46:25.465] [info] [CPP ECS] FromJson - Adding component 'Transform' to entity 'nearFishParticle'
[22:46:25.466] [info] [CPP ECS] FromJson - Adding component 'ParticleSystem2D' to entity 'nearFishParticle'
[22:46:25.466] [info] [SOURCE_DETECTOR] Engine creating Entity (Internal)
[22:46:25.466] [info] [CPP ECS] FromJson - Adding component 'Transform' to entity 'foamParticle'
[22:46:25.466] [info] [CPP ECS] FromJson - Adding component 'Variables' to entity 'foamParticle'
[22:46:25.466] [info] [CPP ECS] FromJson - Adding component 'ParticleSystem2D' to entity 'foamParticle'
[22:46:25.466] [info] [CPP ECS] FromJson - Adding component 'ParticleSystem2D' to entity 'foamParticle'
[22:46:25.467] [info] [SOURCE_DETECTOR] Engine creating Entity (Internal)
[22:46:25.467] [info] [CPP ECS] FromJson - Adding component 'Transform' to entity 'lock'
[22:46:25.467] [info] [CPP ECS] FromJson - Adding component 'Variables' to entity 'lock'
[22:46:25.467] [info] [CPP ECS] FromJson - Adding component 'SpriteRenderer' to entity 'lock'
[22:46:25.467] [info] [SOURCE_DETECTOR] Engine creating Entity (Internal)
[22:46:25.467] [info] [CPP ECS] FromJson - Adding component 'Transform' to entity 'lock'
[22:46:25.467] [info] [CPP ECS] FromJson - Adding component 'Variables' to entity 'lock'
[22:46:25.467] [info] [CPP ECS] FromJson - Adding component 'SpriteRenderer' to entity 'lock'
[22:46:25.468] [info] [CPP ECS] FromJson - Adding component 'Transform' to entity 'lock'
[22:46:25.468] [info] [CPP ECS] FromJson - Adding component 'SpriteRenderer' to entity 'lock'
[22:46:25.468] [info] [SOURCE_DETECTOR] Engine creating Entity (Internal)
[22:46:25.468] [info] [CPP ECS] FromJson - Adding component 'Transform' to entity 'lock'
[22:46:25.468] [info] [CPP ECS] FromJson - Adding component 'Variables' to entity 'lock'
[22:46:25.468] [info] [CPP ECS] FromJson - Adding component 'SpriteRenderer' to entity 'lock'
[22:46:25.468] [info] [SOURCE_DETECTOR] Engine creating Entity (Internal)
[22:46:25.468] [info] [CPP ECS] FromJson - Adding component 'Transform' to entity 'lock'
[22:46:25.468] [info] [CPP ECS] FromJson - Adding component 'Variables' to entity 'lock'
[22:46:25.469] [info] [CPP ECS] FromJson - Adding component 'SpriteRenderer' to entity 'lock'
[22:46:25.469] [info] [SOURCE_DETECTOR] Engine creating Entity (Internal)
[22:46:25.469] [info] [CPP ECS] FromJson - Adding component 'Transform' to entity 'lock'
[22:46:25.469] [info] [CPP ECS] FromJson - Adding component 'Variables' to entity 'lock'
[22:46:25.469] [info] [CPP ECS] FromJson - Adding component 'SpriteRenderer' to entity 'lock'
[22:46:25.469] [info] [SOURCE_DETECTOR] Engine creating Entity (Internal)
[22:46:25.469] [info] [CPP ECS] FromJson - Adding component 'Transform' to entity 'seaweed'
[22:46:25.469] [info] [CPP ECS] FromJson - Adding component 'Variables' to entity 'seaweed'
[22:46:25.470] [info] [CPP ECS] FromJson - Adding component 'SpriteRenderer' to entity 'seaweed'
[22:46:25.470] [info] [CPP ECS] FromJson - Adding component 'Script' to entity 'seaweed'
[22:46:25.470] [info] [SOURCE_DETECTOR] Engine creating Entity (Internal)
[22:46:25.470] [info] [CPP ECS] FromJson - Adding component 'Transform' to entity 'seaweed'
[22:46:25.470] [info] [CPP ECS] FromJson - Adding component 'Variables' to entity 'seaweed'
[22:46:25.470] [info] [CPP ECS] FromJson - Adding component 'SpriteRenderer' to entity 'seaweed'
[22:46:25.470] [info] [CPP ECS] FromJson - Adding component 'Script' to entity 'seaweed'
[22:46:25.470] [info] [SOURCE_DETECTOR] Engine creating Entity (Internal)
[22:46:25.470] [info] [CPP ECS] FromJson - Adding component 'Transform' to entity 'seaweed'
[22:46:25.471] [info] [CPP ECS] FromJson - Adding component 'Variables' to entity 'seaweed'
[22:46:25.471] [info] [CPP ECS] FromJson - Adding component 'SpriteRenderer' to entity 'seaweed'
[22:46:25.471] [info] [CPP ECS] FromJson - Adding component 'Script' to entity 'seaweed'
[22:46:25.471] [info] [SOURCE_DETECTOR] Engine creating Entity (Internal)
[22:46:25.471] [info] [CPP ECS] FromJson - Adding component 'Transform' to entity 'seaweed'
[22:46:25.471] [info] [CPP ECS] FromJson - Adding component 'Variables' to entity 'seaweed'
[22:46:25.471] [info] [CPP ECS] FromJson - Adding component 'SpriteRenderer' to entity 'seaweed'
[22:46:25.471] [info] [CPP ECS] FromJson - Adding component 'Script' to entity 'seaweed'
[22:46:25.472] [info] [SOURCE_DETECTOR] Engine creating Entity (Internal)
[22:46:25.472] [info] [CPP ECS] FromJson - Adding component 'Transform' to entity 'coral'
[22:46:25.472] [info] [CPP ECS] FromJson - Adding component 'Variables' to entity 'coral'
[22:46:25.472] [info] [CPP ECS] FromJson - Adding component 'SpriteRenderer' to entity 'coral'
[22:46:25.472] [info] [CPP ECS] FromJson - Adding component 'Transform' to entity 'coral'
[22:46:25.472] [info] [CPP ECS] FromJson - Adding component 'SpriteRenderer' to entity 'coral'
[22:46:25.472] [info] [SOURCE_DETECTOR] Engine creating Entity (Internal)
[22:46:25.472] [info] [CPP ECS] FromJson - Adding component 'Transform' to entity 'coral'
[22:46:25.472] [info] [CPP ECS] FromJson - Adding component 'Variables' to entity 'coral'
[22:46:25.473] [info] [CPP ECS] FromJson - Adding component 'SpriteRenderer' to entity 'coral'
[22:46:25.473] [info] [SOURCE_DETECTOR] Engine creating Entity (Internal)
[22:46:25.473] [info] [CPP ECS] FromJson - Adding component 'Transform' to entity 'coral'
[22:46:25.473] [info] [CPP ECS] FromJson - Adding component 'Variables' to entity 'coral'
[22:46:25.473] [info] [CPP ECS] FromJson - Adding component 'SpriteRenderer' to entity 'coral'
[22:46:25.473] [info] [SOURCE_DETECTOR] Engine creating Entity (Internal)
[22:46:25.473] [info] [CPP ECS] FromJson - Adding component 'Transform' to entity 'coral'
[22:46:25.474] [info] [CPP ECS] FromJson - Adding component 'Variables' to entity 'coral'
[22:46:25.474] [info] [CPP ECS] FromJson - Adding component 'SpriteRenderer' to entity 'coral'
[22:46:25.474] [info] [SOURCE_DETECTOR] Engine creating Entity (Internal)
[22:46:25.474] [info] [CPP ECS] FromJson - Adding component 'Transform' to entity 'lock'
[22:46:25.474] [info] [CPP ECS] FromJson - Adding component 'Variables' to entity 'lock'
[22:46:25.474] [info] [CPP ECS] FromJson - Adding component 'SpriteRenderer' to entity 'lock'
[22:46:25.474] [info] [SOURCE_DETECTOR] Engine creating Entity (Internal)
[22:46:25.474] [info] [CPP ECS] FromJson - Adding component 'Transform' to entity 'seaweed'
[22:46:25.475] [info] [CPP ECS] FromJson - Adding component 'Variables' to entity 'seaweed'
[22:46:25.475] [info] [CPP ECS] FromJson - Adding component 'SpriteRenderer' to entity 'seaweed'
[22:46:25.475] [info] [CPP ECS] FromJson - Adding component 'Script' to entity 'seaweed'
[22:46:25.475] [info] [SOURCE_DETECTOR] Engine creating Entity (Internal)
[22:46:25.475] [info] [CPP ECS] FromJson - Adding component 'Transform' to entity 'Group_0'
[22:46:25.475] [info] [CPP ECS] FromJson - Adding component 'Variables' to entity 'Group_0'
[22:46:25.475] [info] [CPP ECS] FromJson - Adding component 'UIGroupComponent' to entity 'Group_0'
[22:46:25.475] [info] [SOURCE_DETECTOR] Engine creating Entity (Internal)
[22:46:25.475] [info] [CPP ECS] FromJson - Adding component 'UIElementComponent' to entity 'Element_1'
[22:46:25.476] [info] [CPP ECS] FromJson - Adding component 'Transform' to entity 'Element_1'
[22:46:25.476] [info] [CPP ECS] FromJson - Adding component 'Variables' to entity 'Element_1'
[22:46:25.476] [info] [CPP ECS] FromJson - Adding component 'SpriteRenderer' to entity 'Element_1'
[22:46:25.476] [info] [CPP ECS] FromJson - Adding component 'Script' to entity 'Element_1'
[22:46:25.476] [info] [CPP ECS] FromJson - Adding component 'UILinkNavigationComponent' to entity 'Element_1'
[22:46:25.476] [info] [CPP ECS] FromJson - Adding component 'TextRenderer' to entity 'Element_1'
[22:46:25.476] [info] [SOURCE_DETECTOR] Engine creating Entity (Internal)
[22:46:25.477] [info] [CPP ECS] FromJson - Adding component 'UIElementComponent' to entity 'Element_3'
[22:46:25.477] [info] [CPP ECS] FromJson - Adding component 'Transform' to entity 'Element_3'
[22:46:25.477] [info] [CPP ECS] FromJson - Adding component 'Variables' to entity 'Element_3'
[22:46:25.477] [info] [CPP ECS] FromJson - Adding component 'SpriteRenderer' to entity 'Element_3'
[22:46:25.477] [info] [CPP ECS] FromJson - Adding component 'Script' to entity 'Element_3'
[22:46:25.477] [info] [CPP ECS] FromJson - Adding component 'UILinkNavigationComponent' to entity 'Element_3'
[22:46:25.477] [info] [CPP ECS] FromJson - Adding component 'TextRenderer' to entity 'Element_3'
[22:46:25.477] [info] [SOURCE_DETECTOR] Engine creating Entity (Internal)
[22:46:25.478] [info] [CPP ECS] FromJson - Adding component 'BGMPlayer' to entity 'BGMPlayer'
[22:46:25.478] [info] [CPP ECS] FromJson - Adding component 'Transform' to entity 'BGMPlayer'
[22:46:25.478] [info] [CPP ECS] FromJson - Adding component 'Variables' to entity 'BGMPlayer'
[22:46:25.509] [info] Successfully synced initial components to C# for group: TitleScene
[22:46:25.510] [info] [SOURCE_DETECTOR] Engine creating Entity (Internal)
[22:46:25.511] [info] [CPP ECS] FromJson - Adding component 'CameraComponent' to entity 'DebugCamera'
[22:46:25.511] [info] [CPP ECS] FromJson - Adding component 'Transform' to entity 'DebugCamera'
[22:46:25.511] [info] [CPP ECS] FromJson - Adding component 'Variables' to entity 'DebugCamera'
[22:46:25.511] [info] [CPP ECS] FromJson - Adding component 'Script' to entity 'DebugCamera'
[22:46:25.511] [info] [SOURCE_DETECTOR] Engine creating Entity (Internal)
[22:46:25.511] [info] [CPP ECS] FromJson - Adding component 'CameraComponent' to entity '2DCamera'
[22:46:25.512] [info] [CPP ECS] FromJson - Adding component 'Transform' to entity '2DCamera'
[22:46:25.512] [info] [CPP ECS] FromJson - Adding component 'Variables' to entity '2DCamera'
[22:46:25.512] [info] [CPP ECS] FromJson - Adding component 'Script' to entity '2DCamera'
[22:46:25.512] [info] Successfully synced initial components to C# for group: Debug
[22:46:25.519] [info] [Load Resource] type:Shader, path:"./Packages/Shader/Editor/GameEntityPicking.cs.hlsl", profile:"cs_6_6"
[22:46:25.521] [warning] ECSGroup with name 'GameScene' not found.
[22:46:25.521] [info] ################################################################################
[22:46:25.521] [info] #
[22:46:25.521] [info] # Initialization completed in 5442 ms
[22:46:25.522] [info] #
[22:46:25.522] [info] ################################################################################
[22:46:25.543] [info] [MonoDbg] AddEntityToScript - Instantiating and adding script: DebugCamera2D to Entity ID: 2
[22:46:25.549] [info] [SetScriptVars] OK setting fields for: DebugCamera2D
[22:46:25.549] [info] [MonoDbg] AddEntityToScript - Syncing serialized fields for script: DebugCamera2D
[22:46:25.549] [info] [SetScriptVars] OK setting fields for: DebugCamera2D
[22:46:25.572] [info] [UI Hierarchy] Resolved element 'Element_1' parent group via GUID: 'Group_0'
[22:46:25.572] [info] [UI Hierarchy] Resolved element 'Element_3' parent group via GUID: 'Group_0'
[22:46:25.573] [info] [UI Hierarchy] Resolved currentSelected: 'Element_1' (GUID: 71ca9a0b4bebe31173d10f94522fe53b) for Group 'Group_0'
[22:46:25.573] [info] Script GameStart enable set to 1
[22:46:25.573] [info] Script ExitGame enable set to 1
[22:46:25.573] [info] [UI Hierarchy] Guessing prefab name from root entity name: 'TitleMenu' -> 'TitleMenu.prefab'
[22:46:25.575] [info] [MonoDbg] AddEntityToScript - Instantiating and adding script: CameraShake to Entity ID: 1
[22:46:25.575] [info] [SetScriptVars] OK setting fields for: CameraShake
[22:46:25.575] [info] [MonoDbg] AddEntityToScript - Syncing serialized fields for script: CameraShake
[22:46:25.576] [info] [SetScriptVars] OK setting fields for: CameraShake
[22:46:25.576] [info] [MonoDbg] AddEntityToScript - Instantiating and adding script: PlayerFollowCamera to Entity ID: 1
[22:46:25.576] [info] [SetScriptVars] OK setting fields for: PlayerFollowCamera
[22:46:25.576] [info] [MonoDbg] AddEntityToScript - Syncing serialized fields for script: PlayerFollowCamera
[22:46:25.577] [info] [SetScriptVars] OK setting fields for: PlayerFollowCamera
[22:46:25.577] [info] [MonoDbg] AddEntityToScript - Instantiating and adding script: ContactZoomSource to Entity ID: 1
[22:46:25.577] [info] [SetScriptVars] OK setting fields for: ContactZoomSource
[22:46:25.577] [info] [MonoDbg] AddEntityToScript - Syncing serialized fields for script: ContactZoomSource
[22:46:25.578] [info] [SetScriptVars] OK setting fields for: ContactZoomSource
[22:46:25.578] [info] [MonoDbg] AddEntityToScript - Instantiating and adding script: DashZoomSource to Entity ID: 1
[22:46:25.578] [info] [SetScriptVars] OK setting fields for: DashZoomSource
[22:46:25.578] [info] [MonoDbg] AddEntityToScript - Syncing serialized fields for script: DashZoomSource
[22:46:25.578] [info] [SetScriptVars] OK setting fields for: DashZoomSource
[22:46:25.579] [info] [MonoDbg] AddEntityToScript - Instantiating and adding script: SpriteAnimation to Entity ID: 4
[22:46:25.579] [info] [SetScriptVars] OK setting fields for: SpriteAnimation
[22:46:25.579] [info] [MonoDbg] AddEntityToScript - Syncing serialized fields for script: SpriteAnimation
[22:46:25.579] [info] [SetScriptVars] OK setting fields for: SpriteAnimation
[22:46:25.579] [info] [MonoDbg] AddEntityToScript - Instantiating and adding script: SpriteAnimation to Entity ID: 8
[22:46:25.580] [info] [SetScriptVars] OK setting fields for: SpriteAnimation
[22:46:25.580] [info] [MonoDbg] AddEntityToScript - Syncing serialized fields for script: SpriteAnimation
[22:46:25.580] [info] [SetScriptVars] OK setting fields for: SpriteAnimation
[22:46:25.580] [info] [MonoDbg] AddEntityToScript - Instantiating and adding script: SpriteAnimation to Entity ID: 17
[22:46:25.580] [info] [SetScriptVars] OK setting fields for: SpriteAnimation
[22:46:25.580] [info] [MonoDbg] AddEntityToScript - Syncing serialized fields for script: SpriteAnimation
[22:46:25.580] [info] [SetScriptVars] OK setting fields for: SpriteAnimation
[22:46:25.581] [info] [MonoDbg] AddEntityToScript - Instantiating and adding script: SpriteAnimation to Entity ID: 18
[22:46:25.581] [info] [SetScriptVars] OK setting fields for: SpriteAnimation
[22:46:25.581] [info] [MonoDbg] AddEntityToScript - Syncing serialized fields for script: SpriteAnimation
[22:46:25.581] [info] [SetScriptVars] OK setting fields for: SpriteAnimation
[22:46:25.581] [info] [MonoDbg] AddEntityToScript - Instantiating and adding script: SpriteAnimation to Entity ID: 19
[22:46:25.581] [info] [SetScriptVars] OK setting fields for: SpriteAnimation
[22:46:25.582] [info] [MonoDbg] AddEntityToScript - Syncing serialized fields for script: SpriteAnimation
[22:46:25.582] [info] [SetScriptVars] OK setting fields for: SpriteAnimation
[22:46:25.582] [info] [MonoDbg] AddEntityToScript - Instantiating and adding script: SpriteAnimation to Entity ID: 20
[22:46:25.582] [info] [SetScriptVars] OK setting fields for: SpriteAnimation
[22:46:25.582] [info] [MonoDbg] AddEntityToScript - Syncing serialized fields for script: SpriteAnimation
[22:46:25.582] [info] [SetScriptVars] OK setting fields for: SpriteAnimation
[22:46:25.582] [info] [MonoDbg] AddEntityToScript - Instantiating and adding script: SpriteAnimation to Entity ID: 26
[22:46:25.583] [info] [SetScriptVars] OK setting fields for: SpriteAnimation
[22:46:25.583] [info] [MonoDbg] AddEntityToScript - Syncing serialized fields for script: SpriteAnimation
[22:46:25.583] [info] [SetScriptVars] OK setting fields for: SpriteAnimation
[22:46:25.583] [info] [MonoDbg] AddEntityToScript - Instantiating and adding script: GameStart to Entity ID: 28
[22:46:25.583] [info] [SetScriptVars] OK setting fields for: GameStart
[22:46:25.583] [info] [MonoDbg] AddEntityToScript - Syncing serialized fields for script: GameStart
[22:46:25.584] [info] [SetScriptVars] OK setting fields for: GameStart
[22:46:25.584] [info] [MonoDbg] AddEntityToScript - Instantiating and adding script: ExitGame to Entity ID: 29
[22:46:25.584] [info] [SetScriptVars] OK setting fields for: ExitGame
[22:46:25.584] [info] [MonoDbg] AddEntityToScript - Syncing serialized fields for script: ExitGame
[22:46:25.584] [info] [SetScriptVars] OK setting fields for: ExitGame
[22:46:25.603] [info] [UI Hierarchy] Guessing prefab name from root entity name: 'TitleMenu' -> 'TitleMenu.prefab'
[22:46:25.603] [info] [UI Navigation] Group 'Group_0' gained focus. Initial selection: 'Element_1' (GUID: 71ca9a0b4bebe31173d10f94522fe53b)
[22:46:25.604] [info] [UI Navigation] Focus Change: Group='Group_0', OldSelected='None', NewSelected='Element_1'
[22:46:25.604] [info] [UI Navigation]   -> Calling OnSelect() on 'Element_1' (Script: 'GameStart')
[22:46:25.665] [info] dx depth stencil create success!!
[22:46:25.677] [info] [RenderingFramework] Drawing group: TitleScene | Index: 0 | groupRenderTex: 3054220235680 | colorResource: 3054246568096 | ClearColor: (0.100000, 0.250000, 0.500000, 1.000000)
[22:46:25.678] [info] [RenderingCollection] DrawEntities2D executing. Group: TitleScene Camera: 3054222828032
[22:46:25.679] [info] [SpritePipeline] Drawing 21 sorted sprites.
[22:46:25.679] [info] [RenderingCollection] ExecutePostProcess3D for scene: ./Assets/Scene/RenderTexture/TitleScene
[22:46:25.680] [info] [Engine] CopyResource: Copying to resource at 3054246568096
[22:46:25.680] [info] [Engine] CopyResource: Copying to resource at 3054246568096
[22:46:25.680] [info] [Engine] CopyResource: Copying to resource at 3054246568096
[22:46:25.680] [info] [Engine] CopyResource: Copying to resource at 3054246568096
[22:46:25.680] [info] [RenderingCollection] ExecutePostProcessScreen for scene: ./Assets/Scene/RenderTexture/TitleScene
[22:46:25.680] [info] [WaterCaustics] Execution started successfully. Group=TitleScene, TextureName=./Assets/Scene/RenderTexture/TitleScene
[22:46:25.681] [info] [Engine] CopyResource: Copying to resource at 3054246568096
[22:46:25.681] [info] [WaterDepthFog] Execution started successfully. Group=TitleScene, TextureName=./Assets/Scene/RenderTexture/TitleScene
[22:46:25.681] [info] [Engine] CopyResource: Copying to resource at 3054246568096
[22:46:25.681] [info] [WaterColorGrading] Execution started successfully. Group=TitleScene, TextureName=./Assets/Scene/RenderTexture/TitleScene
[22:46:25.681] [info] [Engine] CopyResource: Copying to resource at 3054246568096
[22:46:25.681] [info] [WaterDistortion] Execution started successfully. Group=TitleScene, TextureName=./Assets/Scene/RenderTexture/TitleScene
[22:46:25.681] [info] [Engine] CopyResource: Copying to resource at 3054246568096
[22:46:25.681] [info] [Engine] CopyResource: Copying to resource at 3054246568096
[22:46:25.772] [info] [UI Hierarchy] Guessing prefab name from root entity name: 'TitleMenu' -> 'TitleMenu.prefab'
[22:46:25.773] [info] [UI Hierarchy] Guessing prefab name from root entity name: 'TitleMenu' -> 'TitleMenu.prefab'
[22:46:25.774] [info] [RenderingCollection] DrawEntities2D executing. Group: TitleScene Camera: 3054222828032
[22:46:25.774] [info] [SpritePipeline] Drawing 21 sorted sprites.
[22:46:25.774] [info] [RenderingCollection] ExecutePostProcess3D for scene: ./Assets/Scene/RenderTexture/TitleScene
[22:46:25.774] [info] [Engine] CopyResource: Copying to resource at 3054246568096
[22:46:25.774] [info] [RenderingCollection] ExecutePostProcessScreen for scene: ./Assets/Scene/RenderTexture/TitleScene
[22:46:25.826] [info] [UI Hierarchy] Guessing prefab name from root entity name: 'TitleMenu' -> 'TitleMenu.prefab'
[22:46:25.827] [info] [UI Hierarchy] Guessing prefab name from root entity name: 'TitleMenu' -> 'TitleMenu.prefab'
[22:46:25.827] [info] [RenderingCollection] DrawEntities2D executing. Group: TitleScene Camera: 3054222828032
[22:46:25.827] [info] [SpritePipeline] Drawing 21 sorted sprites.
[22:46:25.827] [info] [RenderingCollection] ExecutePostProcess3D for scene: ./Assets/Scene/RenderTexture/TitleScene
[22:46:25.828] [info] [RenderingCollection] ExecutePostProcessScreen for scene: ./Assets/Scene/RenderTexture/TitleScene
[22:46:25.870] [info] [UI Hierarchy] Guessing prefab name from root entity name: 'TitleMenu' -> 'TitleMenu.prefab'
[22:46:25.870] [info] [UI Hierarchy] Guessing prefab name from root entity name: 'TitleMenu' -> 'TitleMenu.prefab'
[22:46:25.871] [info] [RenderingCollection] DrawEntities2D executing. Group: TitleScene Camera: 3054222828032
[22:46:25.871] [info] [SpritePipeline] Drawing 21 sorted sprites.
[22:46:25.871] [info] [RenderingCollection] ExecutePostProcess3D for scene: ./Assets/Scene/RenderTexture/TitleScene
[22:46:25.871] [info] [RenderingCollection] ExecutePostProcessScreen for scene: ./Assets/Scene/RenderTexture/TitleScene
[22:46:25.912] [info] [UI Hierarchy] Guessing prefab name from root entity name: 'TitleMenu' -> 'TitleMenu.prefab'
[22:46:25.912] [info] [UI Hierarchy] Guessing prefab name from root entity name: 'TitleMenu' -> 'TitleMenu.prefab'
[22:46:25.913] [info] [RenderingCollection] DrawEntities2D executing. Group: TitleScene Camera: 3054222828032
[22:46:25.913] [info] [SpritePipeline] Drawing 21 sorted sprites.
[22:46:25.913] [info] [RenderingCollection] ExecutePostProcess3D for scene: ./Assets/Scene/RenderTexture/TitleScene
[22:46:25.913] [info] [RenderingCollection] ExecutePostProcessScreen for scene: ./Assets/Scene/RenderTexture/TitleScene
[22:46:25.954] [info] [UI Hierarchy] Guessing prefab name from root entity name: 'TitleMenu' -> 'TitleMenu.prefab'
[22:46:25.954] [info] [UI Hierarchy] Guessing prefab name from root entity name: 'TitleMenu' -> 'TitleMenu.prefab'
[22:46:25.955] [info] [RenderingCollection] DrawEntities2D executing. Group: TitleScene Camera: 3054222828032
[22:46:25.955] [info] [SpritePipeline] Drawing 21 sorted sprites.
[22:46:25.955] [info] [RenderingCollection] ExecutePostProcess3D for scene: ./Assets/Scene/RenderTexture/TitleScene
[22:46:25.955] [info] [RenderingCollection] ExecutePostProcessScreen for scene: ./Assets/Scene/RenderTexture/TitleScene
[22:46:25.995] [info] [UI Hierarchy] Guessing prefab name from root entity name: 'TitleMenu' -> 'TitleMenu.prefab'
[22:46:25.996] [info] [UI Hierarchy] Guessing prefab name from root entity name: 'TitleMenu' -> 'TitleMenu.prefab'
[22:46:25.996] [info] [RenderingCollection] DrawEntities2D executing. Group: TitleScene Camera: 3054222828032
[22:46:25.996] [info] [SpritePipeline] Drawing 21 sorted sprites.
[22:46:25.997] [info] [RenderingCollection] ExecutePostProcess3D for scene: ./Assets/Scene/RenderTexture/TitleScene
[22:46:25.997] [info] [RenderingCollection] ExecutePostProcessScreen for scene: ./Assets/Scene/RenderTexture/TitleScene
[22:46:26.018] [info] [UI Hierarchy] Guessing prefab name from root entity name: 'TitleMenu' -> 'TitleMenu.prefab'
[22:46:26.019] [info] [UI Hierarchy] Guessing prefab name from root entity name: 'TitleMenu' -> 'TitleMenu.prefab'
[22:46:26.019] [info] [RenderingCollection] DrawEntities2D executing. Group: TitleScene Camera: 3054222828032
[22:46:26.019] [info] [SpritePipeline] Drawing 21 sorted sprites.
[22:46:26.019] [info] [RenderingCollection] ExecutePostProcess3D for scene: ./Assets/Scene/RenderTexture/TitleScene
[22:46:26.019] [info] [RenderingCollection] ExecutePostProcessScreen for scene: ./Assets/Scene/RenderTexture/TitleScene
[22:46:26.026] [info] [UI Hierarchy] Guessing prefab name from root entity name: 'TitleMenu' -> 'TitleMenu.prefab'
[22:46:26.027] [info] [UI Hierarchy] Guessing prefab name from root entity name: 'TitleMenu' -> 'TitleMenu.prefab'
[22:46:26.027] [info] [RenderingCollection] DrawEntities2D executing. Group: TitleScene Camera: 3054222828032
[22:46:26.027] [info] [SpritePipeline] Drawing 21 sorted sprites.
[22:46:26.027] [info] [RenderingCollection] ExecutePostProcess3D for scene: ./Assets/Scene/RenderTexture/TitleScene
[22:46:26.028] [info] [RenderingCollection] ExecutePostProcessScreen for scene: ./Assets/Scene/RenderTexture/TitleScene
[22:46:26.035] [info] [UI Hierarchy] Guessing prefab name from root entity name: 'TitleMenu' -> 'TitleMenu.prefab'
[22:46:26.036] [info] [UI Hierarchy] Guessing prefab name from root entity name: 'TitleMenu' -> 'TitleMenu.prefab'
[22:46:26.036] [info] [RenderingCollection] DrawEntities2D executing. Group: TitleScene Camera: 3054222828032
[22:46:26.036] [info] [SpritePipeline] Drawing 21 sorted sprites.
[22:46:26.036] [info] [RenderingCollection] ExecutePostProcess3D for scene: ./Assets/Scene/RenderTexture/TitleScene
[22:46:26.036] [info] [RenderingCollection] ExecutePostProcessScreen for scene: ./Assets/Scene/RenderTexture/TitleScene
[22:46:26.043] [info] [UI Hierarchy] Guessing prefab name from root entity name: 'TitleMenu' -> 'TitleMenu.prefab'
[22:46:26.044] [info] [UI Hierarchy] Guessing prefab name from root entity name: 'TitleMenu' -> 'TitleMenu.prefab'
[22:46:26.055] [info] [UI Hierarchy] Guessing prefab name from root entity name: 'TitleMenu' -> 'TitleMenu.prefab'
[22:46:26.056] [info] [UI Hierarchy] Guessing prefab name from root entity name: 'TitleMenu' -> 'TitleMenu.prefab'
[22:46:26.072] [info] [UI Hierarchy] Guessing prefab name from root entity name: 'TitleMenu' -> 'TitleMenu.prefab'
[22:46:26.073] [info] [UI Hierarchy] Guessing prefab name from root entity name: 'TitleMenu' -> 'TitleMenu.prefab'
[22:46:26.089] [info] [UI Hierarchy] Guessing prefab name from root entity name: 'TitleMenu' -> 'TitleMenu.prefab'
[22:46:26.089] [info] [UI Hierarchy] Guessing prefab name from root entity name: 'TitleMenu' -> 'TitleMenu.prefab'
[22:46:26.105] [info] [UI Hierarchy] Guessing prefab name from root entity name: 'TitleMenu' -> 'TitleMenu.prefab'
[22:46:26.106] [info] [UI Hierarchy] Guessing prefab name from root entity name: 'TitleMenu' -> 'TitleMenu.prefab'
[22:46:26.122] [info] [UI Hierarchy] Guessing prefab name from root entity name: 'TitleMenu' -> 'TitleMenu.prefab'
[22:46:26.123] [info] [UI Hierarchy] Guessing prefab name from root entity name: 'TitleMenu' -> 'TitleMenu.prefab'
[22:46:26.138] [info] [UI Hierarchy] Guessing prefab name from root entity name: 'TitleMenu' -> 'TitleMenu.prefab'
[22:46:26.139] [info] [UI Hierarchy] Guessing prefab name from root entity name: 'TitleMenu' -> 'TitleMenu.prefab'
[22:46:26.155] [info] [UI Hierarchy] Guessing prefab name from root entity name: 'TitleMenu' -> 'TitleMenu.prefab'
[22:46:26.156] [info] [UI Hierarchy] Guessing prefab name from root entity name: 'TitleMenu' -> 'TitleMenu.prefab'
[22:46:26.172] [info] [UI Hierarchy] Guessing prefab name from root entity name: 'TitleMenu' -> 'TitleMenu.prefab'
[22:46:26.173] [info] [UI Hierarchy] Guessing prefab name from root entity name: 'TitleMenu' -> 'TitleMenu.prefab'
[22:46:26.188] [info] [UI Hierarchy] Guessing prefab name from root entity name: 'TitleMenu' -> 'TitleMenu.prefab'
[22:46:26.189] [info] [UI Hierarchy] Guessing prefab name from root entity name: 'TitleMenu' -> 'TitleMenu.prefab'
[22:46:26.204] [info] [UI Hierarchy] Guessing prefab name from root entity name: 'TitleMenu' -> 'TitleMenu.prefab'
[22:46:26.205] [info] [UI Hierarchy] Guessing prefab name from root entity name: 'TitleMenu' -> 'TitleMenu.prefab'
[22:46:26.221] [info] [UI Hierarchy] Guessing prefab name from root entity name: 'TitleMenu' -> 'TitleMenu.prefab'
[22:46:26.221] [info] [UI Hierarchy] Guessing prefab name from root entity name: 'TitleMenu' -> 'TitleMenu.prefab'
[22:46:26.238] [info] [UI Hierarchy] Guessing prefab name from root entity name: 'TitleMenu' -> 'TitleMenu.prefab'
[22:46:26.238] [info] [UI Hierarchy] Guessing prefab name from root entity name: 'TitleMenu' -> 'TitleMenu.prefab'
[22:46:26.254] [info] [UI Hierarchy] Guessing prefab name from root entity name: 'TitleMenu' -> 'TitleMenu.prefab'
[22:46:26.255] [info] [UI Hierarchy] Guessing prefab name from root entity name: 'TitleMenu' -> 'TitleMenu.prefab'
[22:46:26.271] [info] [UI Hierarchy] Guessing prefab name from root entity name: 'TitleMenu' -> 'TitleMenu.prefab'
[22:46:26.271] [info] [UI Hierarchy] Guessing prefab name from root entity name: 'TitleMenu' -> 'TitleMenu.prefab'
[22:46:26.287] [info] [UI Hierarchy] Guessing prefab name from root entity name: 'TitleMenu' -> 'TitleMenu.prefab'
[22:46:26.288] [info] [UI Hierarchy] Guessing prefab name from root entity name: 'TitleMenu' -> 'TitleMenu.prefab'
[22:46:26.304] [info] [UI Hierarchy] Guessing prefab name from root entity name: 'TitleMenu' -> 'TitleMenu.prefab'
[22:46:26.305] [info] [UI Hierarchy] Guessing prefab name from root entity name: 'TitleMenu' -> 'TitleMenu.prefab'
[22:46:26.321] [info] [UI Hierarchy] Guessing prefab name from root entity name: 'TitleMenu' -> 'TitleMenu.prefab'
[22:46:26.322] [info] [UI Hierarchy] Guessing prefab name from root entity name: 'TitleMenu' -> 'TitleMenu.prefab'
[22:46:26.338] [info] [UI Hierarchy] Guessing prefab name from root entity name: 'TitleMenu' -> 'TitleMenu.prefab'
[22:46:26.338] [info] [UI Hierarchy] Guessing prefab name from root entity name: 'TitleMenu' -> 'TitleMenu.prefab'
[22:46:26.354] [info] [UI Hierarchy] Guessing prefab name from root entity name: 'TitleMenu' -> 'TitleMenu.prefab'
[22:46:26.355] [info] [UI Hierarchy] Guessing prefab name from root entity name: 'TitleMenu' -> 'TitleMenu.prefab'
[22:46:26.374] [info] [UI Hierarchy] Guessing prefab name from root entity name: 'TitleMenu' -> 'TitleMenu.prefab'
[22:46:26.374] [info] [UI Hierarchy] Guessing prefab name from root entity name: 'TitleMenu' -> 'TitleMenu.prefab'
[22:46:26.374] [info] [UI Navigation] Group Submit Key Triggered on element 'Element_1'
[22:46:26.374] [info] [UI Navigation] Submit Event: Element='Element_1' in Group='Group_0'
[22:46:26.375] [info] [UI Navigation]   -> Calling OnSubmit() on 'Element_1' (Script: 'GameStart')
[22:46:26.376] [warning] ECSGroup with name 'GameScene' not found.
[22:46:26.376] [warning] SetUpdatePaused: ECSGroup 'GameScene' not found.
[22:46:26.389] [info] [UI Hierarchy] Guessing prefab name from root entity name: 'TitleMenu' -> 'TitleMenu.prefab'
[22:46:26.488] [info] [SOURCE_DETECTOR] Engine creating Entity (Internal)
[22:46:26.488] [info] [CPP ECS] FromJson - Adding component 'Transform' to entity 'GameController'
[22:46:26.488] [info] [CPP ECS] FromJson - Adding component 'Variables' to entity 'GameController'
[22:46:26.489] [info] [CPP ECS] FromJson - Adding component 'Script' to entity 'GameController'
[22:46:26.489] [info] [CPP ECS] FromJson - Adding component 'Variables' to entity 'GameController'
[22:46:26.489] [info] [CPP ECS] FromJson - Adding component 'Script' to entity 'GameController'
[22:46:26.489] [info] [SOURCE_DETECTOR] Engine creating Entity (Internal)
[22:46:26.489] [info] [CPP ECS] FromJson - Adding component 'Transform' to entity 'Stage'
[22:46:26.490] [info] [CPP ECS] FromJson - Adding component 'Variables' to entity 'Stage'
[22:46:26.490] [info] [CPP ECS] FromJson - Adding component 'Script' to entity 'Stage'
[22:46:26.490] [info] [CPP ECS] FromJson - Adding component 'BoxCollider2D' to entity 'Stage'
[22:46:26.490] [info] [SOURCE_DETECTOR] Engine creating Entity (Internal)
[22:46:26.490] [info] [CPP ECS] FromJson - Adding component 'Transform' to entity 'Player'
[22:46:26.490] [info] [CPP ECS] FromJson - Adding component 'CircleCollider' to entity 'Player'
[22:46:26.491] [info] [CPP ECS] FromJson - Adding component 'Variables' to entity 'Player'
[22:46:26.491] [info] [CPP ECS] FromJson - Adding component 'Script' to entity 'Player'
[22:46:26.491] [info] [CPP ECS] FromJson - Adding component 'SpriteRenderer' to entity 'Player'
[22:46:26.491] [info] [CPP ECS] FromJson - Adding component 'Rigidbody2D' to entity 'Player'
[22:46:26.491] [info] [CPP ECS] FromJson - Adding component 'SEPlayer' to entity 'Player'
[22:46:26.491] [info] [CPP ECS] FromJson - Adding component 'Variables' to entity 'Player'
[22:46:26.492] [info] [CPP ECS] FromJson - Adding component 'Rigidbody2D' to entity 'Player'
[22:46:26.492] [info] [SOURCE_DETECTOR] Engine creating Entity (Internal)
[22:46:26.492] [info] [CPP ECS] FromJson - Adding component 'Transform' to entity 'Player_Body'
[22:46:26.492] [info] [CPP ECS] FromJson - Adding component 'CircleCollider' to entity 'Player_Body'
[22:46:26.492] [info] [CPP ECS] FromJson - Adding component 'Variables' to entity 'Player_Body'
[22:46:26.492] [info] [CPP ECS] FromJson - Adding component 'SpriteRenderer' to entity 'Player_Body'
[22:46:26.493] [info] [CPP ECS] FromJson - Adding component 'Script' to entity 'Player_Body'
[22:46:26.493] [info] [SOURCE_DETECTOR] Engine creating Entity (Internal)
[22:46:26.493] [info] [CPP ECS] FromJson - Adding component 'Transform' to entity 'Player_Tentacle'
[22:46:26.493] [info] [CPP ECS] FromJson - Adding component 'CircleCollider' to entity 'Player_Tentacle'
[22:46:26.493] [info] [CPP ECS] FromJson - Adding component 'Variables' to entity 'Player_Tentacle'
[22:46:26.493] [info] [CPP ECS] FromJson - Adding component 'SpriteRenderer' to entity 'Player_Tentacle'
[22:46:26.493] [info] [CPP ECS] FromJson - Adding component 'Script' to entity 'Player_Tentacle'
[22:46:26.494] [info] [SOURCE_DETECTOR] Engine creating Entity (Internal)
[22:46:26.494] [info] [CPP ECS] FromJson - Adding component 'CameraComponent' to entity 'MainCamera'
[22:46:26.494] [info] [CPP ECS] FromJson - Adding component 'Transform' to entity 'MainCamera'
[22:46:26.494] [info] [CPP ECS] FromJson - Adding component 'Variables' to entity 'MainCamera'
[22:46:26.494] [info] [CPP ECS] FromJson - Adding component 'Script' to entity 'MainCamera'
[22:46:26.494] [info] [CPP ECS] FromJson - Adding component 'BoxCollider2D' to entity 'MainCamera'
[22:46:26.494] [info] [SOURCE_DETECTOR] Engine creating Entity (Internal)
[22:46:26.495] [info] [CPP ECS] FromJson - Adding component 'Transform' to entity 'Background'
[22:46:26.495] [info] [CPP ECS] FromJson - Adding component 'Variables' to entity 'Background'
[22:46:26.495] [info] [CPP ECS] FromJson - Adding component 'ScreenPostEffectTag' to entity 'Background'
[22:46:26.495] [info] [CPP ECS] FromJson - Adding component 'ScreenPostEffectTag' to entity 'Background'
[22:46:26.495] [info] [SOURCE_DETECTOR] Engine creating Entity (Internal)
[22:46:26.495] [info] [CPP ECS] FromJson - Adding component 'Transform' to entity 'EnemySpawnSystem'
[22:46:26.495] [info] [CPP ECS] FromJson - Adding component 'Variables' to entity 'EnemySpawnSystem'
[22:46:26.496] [info] [CPP ECS] FromJson - Adding component 'Script' to entity 'EnemySpawnSystem'
[22:46:26.496] [info] [CPP ECS] FromJson - Adding component 'BoxCollider2D' to entity 'EnemySpawnSystem'
[22:46:26.496] [info] [SOURCE_DETECTOR] Engine creating Entity (Internal)
[22:46:26.496] [info] [CPP ECS] FromJson - Adding component 'Transform' to entity 'SkyZone'
[22:46:26.496] [info] [CPP ECS] FromJson - Adding component 'Variables' to entity 'SkyZone'
[22:46:26.496] [info] [CPP ECS] FromJson - Adding component 'Script' to entity 'SkyZone'
[22:46:26.497] [info] [CPP ECS] FromJson - Adding component 'BoxCollider2D' to entity 'SkyZone'
[22:46:26.497] [info] [SOURCE_DETECTOR] Engine creating Entity (Internal)
[22:46:26.497] [info] [CPP ECS] FromJson - Adding component 'Transform' to entity 'water surface'
[22:46:26.497] [info] [CPP ECS] FromJson - Adding component 'Variables' to entity 'water surface'
[22:46:26.497] [info] [CPP ECS] FromJson - Adding component 'SpriteRenderer' to entity 'water surface'
[22:46:26.497] [info] [SOURCE_DETECTOR] Engine creating Entity (Internal)
[22:46:26.497] [info] [CPP ECS] FromJson - Adding component 'Transform' to entity 'sky'
[22:46:26.498] [info] [CPP ECS] FromJson - Adding component 'Variables' to entity 'sky'
[22:46:26.498] [info] [CPP ECS] FromJson - Adding component 'SpriteRenderer' to entity 'sky'
[22:46:26.498] [info] [SOURCE_DETECTOR] Engine creating Entity (Internal)
[22:46:26.498] [info] [CPP ECS] FromJson - Adding component 'Transform' to entity 'underwater'
[22:46:26.498] [info] [CPP ECS] FromJson - Adding component 'Variables' to entity 'underwater'
[22:46:26.498] [info] [CPP ECS] FromJson - Adding component 'SpriteRenderer' to entity 'underwater'
[22:46:26.498] [info] [SOURCE_DETECTOR] Engine creating Entity (Internal)
[22:46:26.499] [info] [CPP ECS] FromJson - Adding component 'Transform' to entity 'sand'
[22:46:26.499] [info] [CPP ECS] FromJson - Adding component 'Variables' to entity 'sand'
[22:46:26.499] [info] [CPP ECS] FromJson - Adding component 'SpriteRenderer' to entity 'sand'
[22:46:26.499] [info] [SOURCE_DETECTOR] Engine creating Entity (Internal)
[22:46:26.499] [info] [CPP ECS] FromJson - Adding component 'Transform' to entity 'uvChecker'
[22:46:26.499] [info] [CPP ECS] FromJson - Adding component 'Variables' to entity 'uvChecker'
[22:46:26.499] [info] [CPP ECS] FromJson - Adding component 'SpriteRenderer' to entity 'uvChecker'
[22:46:26.500] [info] [SOURCE_DETECTOR] Engine creating Entity (Internal)
[22:46:26.500] [info] [CPP ECS] FromJson - Adding component 'Transform' to entity 'cloudManager'
[22:46:26.500] [info] [CPP ECS] FromJson - Adding component 'Variables' to entity 'cloudManager'
[22:46:26.500] [info] [CPP ECS] FromJson - Adding component 'Script' to entity 'cloudManager'
[22:46:26.500] [info] [SOURCE_DETECTOR] Engine creating Entity (Internal)
[22:46:26.500] [info] [CPP ECS] FromJson - Adding component 'Transform' to entity 'ExpAttractor'
[22:46:26.500] [info] [CPP ECS] FromJson - Adding component 'CircleCollider' to entity 'ExpAttractor'
[22:46:26.501] [info] [CPP ECS] FromJson - Adding component 'Variables' to entity 'ExpAttractor'
[22:46:26.501] [info] [CPP ECS] FromJson - Adding component 'Script' to entity 'ExpAttractor'
[22:46:26.501] [info] [SOURCE_DETECTOR] Engine creating Entity (Internal)
[22:46:26.501] [info] [CPP ECS] FromJson - Adding component 'Transform' to entity 'EpipelagicZone'
[22:46:26.501] [info] [CPP ECS] FromJson - Adding component 'Variables' to entity 'EpipelagicZone'
[22:46:26.501] [info] [CPP ECS] FromJson - Adding component 'BoxCollider2D' to entity 'EpipelagicZone'
[22:46:26.501] [info] [CPP ECS] FromJson - Adding component 'Script' to entity 'EpipelagicZone'
[22:46:26.502] [info] [SOURCE_DETECTOR] Engine creating Entity (Internal)
[22:46:26.502] [info] [CPP ECS] FromJson - Adding component 'Transform' to entity 'MesopelagicZone'
[22:46:26.502] [info] [CPP ECS] FromJson - Adding component 'Variables' to entity 'MesopelagicZone'
[22:46:26.502] [info] [CPP ECS] FromJson - Adding component 'BoxCollider2D' to entity 'MesopelagicZone'
[22:46:26.502] [info] [CPP ECS] FromJson - Adding component 'Script' to entity 'MesopelagicZone'
[22:46:26.502] [info] [SOURCE_DETECTOR] Engine creating Entity (Internal)
[22:46:26.502] [info] [CPP ECS] FromJson - Adding component 'Transform' to entity 'AbyssopelagicZone'
[22:46:26.503] [info] [CPP ECS] FromJson - Adding component 'Variables' to entity 'AbyssopelagicZone'
[22:46:26.503] [info] [CPP ECS] FromJson - Adding component 'BoxCollider2D' to entity 'AbyssopelagicZone'
[22:46:26.503] [info] [CPP ECS] FromJson - Adding component 'Script' to entity 'AbyssopelagicZone'
[22:46:26.503] [info] [SOURCE_DETECTOR] Engine creating Entity (Internal)
[22:46:26.503] [info] [CPP ECS] FromJson - Adding component 'Transform' to entity 'TutorialPhase_Move'
[22:46:26.503] [info] [CPP ECS] FromJson - Adding component 'Variables' to entity 'TutorialPhase_Move'
[22:46:26.503] [info] [CPP ECS] FromJson - Adding component 'Script' to entity 'TutorialPhase_Move'
[22:46:26.504] [info] [SOURCE_DETECTOR] Engine creating Entity (Internal)
[22:46:26.504] [info] [CPP ECS] FromJson - Adding component 'Transform' to entity 'TutorialPhase_Dash'
[22:46:26.504] [info] [CPP ECS] FromJson - Adding component 'Variables' to entity 'TutorialPhase_Dash'
[22:46:26.504] [info] [CPP ECS] FromJson - Adding component 'Script' to entity 'TutorialPhase_Dash'
[22:46:26.504] [info] [SOURCE_DETECTOR] Engine creating Entity (Internal)
[22:46:26.504] [info] [CPP ECS] FromJson - Adding component 'Transform' to entity 'TutorialPhase_Enemy'
[22:46:26.504] [info] [CPP ECS] FromJson - Adding component 'Variables' to entity 'TutorialPhase_Enemy'
[22:46:26.505] [info] [CPP ECS] FromJson - Adding component 'Script' to entity 'TutorialPhase_Enemy'
[22:46:26.505] [info] [SOURCE_DETECTOR] Engine creating Entity (Internal)
[22:46:26.505] [info] [CPP ECS] FromJson - Adding component 'Transform' to entity 'TutorialPhase_Shot'
[22:46:26.505] [info] [CPP ECS] FromJson - Adding component 'Variables' to entity 'TutorialPhase_Shot'
[22:46:26.505] [info] [CPP ECS] FromJson - Adding component 'Script' to entity 'TutorialPhase_Shot'
[22:46:26.505] [info] [SOURCE_DETECTOR] Engine creating Entity (Internal)
[22:46:26.505] [info] [CPP ECS] FromJson - Adding component 'Transform' to entity 'EnemyHuntPhase_1'
[22:46:26.506] [info] [CPP ECS] FromJson - Adding component 'Variables' to entity 'EnemyHuntPhase_1'
[22:46:26.506] [info] [CPP ECS] FromJson - Adding component 'Script' to entity 'EnemyHuntPhase_1'
[22:46:26.506] [info] [SOURCE_DETECTOR] Engine creating Entity (Internal)
[22:46:26.506] [info] [CPP ECS] FromJson - Adding component 'Transform' to entity 'BossBattlePhase_1'
[22:46:26.506] [info] [CPP ECS] FromJson - Adding component 'Variables' to entity 'BossBattlePhase_1'
[22:46:26.506] [info] [CPP ECS] FromJson - Adding component 'Script' to entity 'BossBattlePhase_1'
[22:46:26.506] [info] [SOURCE_DETECTOR] Engine creating Entity (Internal)
[22:46:26.506] [info] [CPP ECS] FromJson - Adding component 'Transform' to entity 'EnemyHuntPhase_2'
[22:46:26.507] [info] [CPP ECS] FromJson - Adding component 'Variables' to entity 'EnemyHuntPhase_2'
[22:46:26.507] [info] [CPP ECS] FromJson - Adding component 'Script' to entity 'EnemyHuntPhase_2'
[22:46:26.507] [info] [SOURCE_DETECTOR] Engine creating Entity (Internal)
[22:46:26.507] [info] [CPP ECS] FromJson - Adding component 'Transform' to entity 'BossBattlePhase_2'
[22:46:26.507] [info] [CPP ECS] FromJson - Adding component 'Variables' to entity 'BossBattlePhase_2'
[22:46:26.507] [info] [CPP ECS] FromJson - Adding component 'Script' to entity 'BossBattlePhase_2'
[22:46:26.507] [info] [SOURCE_DETECTOR] Engine creating Entity (Internal)
[22:46:26.508] [info] [CPP ECS] FromJson - Adding component 'Transform' to entity 'EnemyHuntPhase_3'
[22:46:26.508] [info] [CPP ECS] FromJson - Adding component 'Variables' to entity 'EnemyHuntPhase_3'
[22:46:26.508] [info] [CPP ECS] FromJson - Adding component 'Script' to entity 'EnemyHuntPhase_3'
[22:46:26.508] [info] [SOURCE_DETECTOR] Engine creating Entity (Internal)
[22:46:26.508] [info] [CPP ECS] FromJson - Adding component 'Transform' to entity 'BossBattlePhase_3'
[22:46:26.508] [info] [CPP ECS] FromJson - Adding component 'Variables' to entity 'BossBattlePhase_3'
[22:46:26.508] [info] [CPP ECS] FromJson - Adding component 'Script' to entity 'BossBattlePhase_3'
[22:46:26.509] [info] [SOURCE_DETECTOR] Engine creating Entity (Internal)
[22:46:26.509] [info] [CPP ECS] FromJson - Adding component 'Transform' to entity 'Tortoise'
[22:46:26.509] [info] [CPP ECS] FromJson - Adding component 'Variables' to entity 'Tortoise'
[22:46:26.509] [info] [CPP ECS] FromJson - Adding component 'SpriteRenderer' to entity 'Tortoise'
[22:46:26.509] [info] [CPP ECS] FromJson - Adding component 'Script' to entity 'Tortoise'
[22:46:26.509] [info] [SOURCE_DETECTOR] Engine creating Entity (Internal)
[22:46:26.509] [info] [CPP ECS] FromJson - Adding component 'Transform' to entity 'Tortoise_1'
[22:46:26.510] [info] [CPP ECS] FromJson - Adding component 'Variables' to entity 'Tortoise_1'
[22:46:26.510] [info] [CPP ECS] FromJson - Adding component 'SpriteRenderer' to entity 'Tortoise_1'
[22:46:26.510] [info] [CPP ECS] FromJson - Adding component 'Script' to entity 'Tortoise_1'
[22:46:26.510] [info] [SOURCE_DETECTOR] Engine creating Entity (Internal)
[22:46:26.510] [info] [CPP ECS] FromJson - Adding component 'BGMPlayer' to entity 'BGMPlayer'
[22:46:26.510] [info] [CPP ECS] FromJson - Adding component 'Transform' to entity 'BGMPlayer'
[22:46:26.511] [info] [CPP ECS] FromJson - Adding component 'Variables' to entity 'BGMPlayer'
[22:46:26.511] [info] Successfully synced initial components to C# for group: GameScene
[22:46:26.515] [info] [MonoDbg] AddEntityToScript - Instantiating and adding script: GameSceneController to Entity ID: 1
[22:46:26.515] [info] [SetScriptVars] OK setting fields for: GameSceneController
[22:46:26.515] [info] [MonoDbg] AddEntityToScript - Syncing serialized fields for script: GameSceneController
[22:46:26.515] [info] [SetScriptVars] OK setting fields for: GameSceneController
[22:46:26.516] [info] [MonoDbg] AddEntityToScript - Instantiating and adding script: HitStopSystem to Entity ID: 1
[22:46:26.516] [info] [SetScriptVars] OK setting fields for: HitStopSystem
[22:46:26.516] [info] [MonoDbg] AddEntityToScript - Syncing serialized fields for script: HitStopSystem
[22:46:26.516] [info] [SetScriptVars] OK setting fields for: HitStopSystem
[22:46:26.516] [info] [MonoDbg] AddEntityToScript - Instantiating and adding script: AddSceneScript to Entity ID: 1
[22:46:26.517] [info] [SetScriptVars] OK setting fields for: AddSceneScript
[22:46:26.517] [info] [MonoDbg] AddEntityToScript - Syncing serialized fields for script: AddSceneScript
[22:46:26.517] [info] [SetScriptVars] OK setting fields for: AddSceneScript
[22:46:26.518] [info] [MonoDbg] AddEntityToScript - Instantiating and adding script: ObjectiveSystem to Entity ID: 1
[22:46:26.518] [info] [SetScriptVars] OK setting fields for: ObjectiveSystem
[22:46:26.520] [info] [MonoDbg] AddEntityToScript - Syncing serialized fields for script: ObjectiveSystem
[22:46:26.520] [info] [SetScriptVars] OK setting fields for: ObjectiveSystem
[22:46:26.520] [info] [MonoDbg] AddEntityToScript - Instantiating and adding script: PhaseSpawnActivator to Entity ID: 1
[22:46:26.521] [info] [SetScriptVars] OK setting fields for: PhaseSpawnActivator
[22:46:26.521] [info] [MonoDbg] AddEntityToScript - Syncing serialized fields for script: PhaseSpawnActivator
[22:46:26.521] [info] [SetScriptVars] OK setting fields for: PhaseSpawnActivator
[22:46:26.522] [info] [MonoDbg] AddEntityToScript - Instantiating and adding script: PhaseSkipInput to Entity ID: 1
[22:46:26.522] [info] [SetScriptVars] OK setting fields for: PhaseSkipInput
[22:46:26.524] [info] [MonoDbg] AddEntityToScript - Syncing serialized fields for script: PhaseSkipInput
[22:46:26.524] [info] [SetScriptVars] OK setting fields for: PhaseSkipInput
[22:46:26.525] [info] [MonoDbg] AddEntityToScript - Instantiating and adding script: MovementArea to Entity ID: 2
[22:46:26.525] [info] [SetScriptVars] OK setting fields for: MovementArea
[22:46:26.525] [info] [MonoDbg] AddEntityToScript - Syncing serialized fields for script: MovementArea
[22:46:26.525] [info] [SetScriptVars] OK setting fields for: MovementArea
[22:46:26.525] [info] [MonoDbg] AddEntityToScript - Instantiating and adding script: EnemyHeatMap to Entity ID: 2
[22:46:26.526] [info] [SetScriptVars] OK setting fields for: EnemyHeatMap
[22:46:26.526] [info] [MonoDbg] AddEntityToScript - Syncing serialized fields for script: EnemyHeatMap
[22:46:26.526] [info] [SetScriptVars] OK setting fields for: EnemyHeatMap
[22:46:26.527] [info] [MonoDbg] AddEntityToScript - Instantiating and adding script: PlayerInputComponent to Entity ID: 3
[22:46:26.528] [info] [SetScriptVars] OK setting fields for: PlayerInputComponent
[22:46:26.528] [info] [MonoDbg] AddEntityToScript - Syncing serialized fields for script: PlayerInputComponent
[22:46:26.528] [info] [SetScriptVars] OK setting fields for: PlayerInputComponent
[22:46:26.529] [info] [MonoDbg] AddEntityToScript - Instantiating and adding script: PlayerStateComponent to Entity ID: 3
[22:46:26.529] [info] [SetScriptVars] OK setting fields for: PlayerStateComponent
[22:46:26.529] [info] [MonoDbg] AddEntityToScript - Syncing serialized fields for script: PlayerStateComponent
[22:46:26.529] [info] [SetScriptVars] OK setting fields for: PlayerStateComponent
[22:46:26.531] [info] [MonoDbg] AddEntityToScript - Instantiating and adding script: LevelingComponent to Entity ID: 3
[22:46:26.531] [info] [SetScriptVars] OK setting fields for: LevelingComponent
[22:46:26.531] [info] [MonoDbg] AddEntityToScript - Syncing serialized fields for script: LevelingComponent
[22:46:26.531] [info] [SetScriptVars] OK setting fields for: LevelingComponent
[22:46:26.532] [info] [MonoDbg] AddEntityToScript - Instantiating and adding script: PlayerNormalState to Entity ID: 3
[22:46:26.532] [info] [SetScriptVars] OK setting fields for: PlayerNormalState
[22:46:26.532] [info] [MonoDbg] AddEntityToScript - Syncing serialized fields for script: PlayerNormalState
[22:46:26.532] [info] [SetScriptVars] OK setting fields for: PlayerNormalState
[22:46:26.533] [info] [MonoDbg] AddEntityToScript - Instantiating and adding script: PlayerDashState to Entity ID: 3
[22:46:26.533] [info] [SetScriptVars] OK setting fields for: PlayerDashState
[22:46:26.533] [info] [MonoDbg] AddEntityToScript - Syncing serialized fields for script: PlayerDashState
[22:46:26.533] [info] [SetScriptVars] OK setting fields for: PlayerDashState
[22:46:26.533] [info] [MonoDbg] AddEntityToScript - Instantiating and adding script: DashParticle to Entity ID: 3
[22:46:26.534] [info] [SetScriptVars] OK setting fields for: DashParticle
[22:46:26.534] [info] [MonoDbg] AddEntityToScript - Syncing serialized fields for script: DashParticle
[22:46:26.534] [info] [SetScriptVars] OK setting fields for: DashParticle
[22:46:26.534] [info] [MonoDbg] AddEntityToScript - Instantiating and adding script: PlayerSE to Entity ID: 3
[22:46:26.534] [info] [SetScriptVars] OK setting fields for: PlayerSE
[22:46:26.534] [info] [MonoDbg] AddEntityToScript - Syncing serialized fields for script: PlayerSE
[22:46:26.535] [info] [SetScriptVars] OK setting fields for: PlayerSE
[22:46:26.535] [info] [MonoDbg] AddEntityToScript - Instantiating and adding script: PlayerMoveComponent to Entity ID: 3
[22:46:26.535] [info] [SetScriptVars] OK setting fields for: PlayerMoveComponent
[22:46:26.535] [info] [MonoDbg] AddEntityToScript - Syncing serialized fields for script: PlayerMoveComponent
[22:46:26.535] [info] [SetScriptVars] OK setting fields for: PlayerMoveComponent
[22:46:26.536] [info] [MonoDbg] AddEntityToScript - Instantiating and adding script: PlayerShotComponent to Entity ID: 3
[22:46:26.536] [info] [SetScriptVars] OK setting fields for: PlayerShotComponent
[22:46:26.536] [info] [MonoDbg] AddEntityToScript - Syncing serialized fields for script: PlayerShotComponent
[22:46:26.536] [info] [SetScriptVars] OK setting fields for: PlayerShotComponent
[22:46:26.537] [info] [MonoDbg] AddEntityToScript - Instantiating and adding script: RoeManager to Entity ID: 3
[22:46:26.537] [info] [SetScriptVars] OK setting fields for: RoeManager
[22:46:26.537] [info] [MonoDbg] AddEntityToScript - Syncing serialized fields for script: RoeManager
[22:46:26.537] [info] [SetScriptVars] OK setting fields for: RoeManager
[22:46:26.537] [info] [MonoDbg] AddEntityToScript - Instantiating and adding script: PhaseClearRoeReward to Entity ID: 3
[22:46:26.538] [info] [SetScriptVars] OK setting fields for: PhaseClearRoeReward
[22:46:26.538] [info] [MonoDbg] AddEntityToScript - Syncing serialized fields for script: PhaseClearRoeReward
[22:46:26.538] [info] [SetScriptVars] OK setting fields for: PhaseClearRoeReward
[22:46:26.538] [info] [MonoDbg] AddEntityToScript - Instantiating and adding script: TrailLeader to Entity ID: 3
[22:46:26.539] [info] [SetScriptVars] OK setting fields for: TrailLeader
[22:46:26.539] [info] [MonoDbg] AddEntityToScript - Syncing serialized fields for script: TrailLeader
[22:46:26.539] [info] [SetScriptVars] OK setting fields for: TrailLeader
[22:46:26.539] [info] [MonoDbg] AddEntityToScript - Instantiating and adding script: HP to Entity ID: 3
[22:46:26.539] [info] [SetScriptVars] OK setting fields for: HP
[22:46:26.540] [info] [MonoDbg] AddEntityToScript - Syncing serialized fields for script: HP
[22:46:26.540] [info] [SetScriptVars] OK setting fields for: HP
[22:46:26.540] [info] [MonoDbg] AddEntityToScript - Instantiating and adding script: PlayerLifeComponent to Entity ID: 3
[22:46:26.540] [info] [SetScriptVars] OK setting fields for: PlayerLifeComponent
[22:46:26.540] [info] [MonoDbg] AddEntityToScript - Syncing serialized fields for script: PlayerLifeComponent
[22:46:26.540] [info] [SetScriptVars] OK setting fields for: PlayerLifeComponent
[22:46:26.542] [info] [MonoDbg] AddEntityToScript - Instantiating and adding script: PlayerAttackComponent to Entity ID: 3
[22:46:26.542] [info] [SetScriptVars] OK setting fields for: PlayerAttackComponent
[22:46:26.543] [info] [MonoDbg] AddEntityToScript - Syncing serialized fields for script: PlayerAttackComponent
[22:46:26.543] [info] [SetScriptVars] OK setting fields for: PlayerAttackComponent
[22:46:26.543] [info] [MonoDbg] AddEntityToScript - Instantiating and adding script: AttackCollision to Entity ID: 3
[22:46:26.543] [info] [SetScriptVars] OK setting fields for: AttackCollision
[22:46:26.543] [info] [MonoDbg] AddEntityToScript - Syncing serialized fields for script: AttackCollision
[22:46:26.544] [info] [SetScriptVars] OK setting fields for: AttackCollision
[22:46:26.544] [info] [MonoDbg] AddEntityToScript - Instantiating and adding script: SEOnHit to Entity ID: 3
[22:46:26.544] [info] [SetScriptVars] OK setting fields for: SEOnHit
[22:46:26.544] [info] [MonoDbg] AddEntityToScript - Syncing serialized fields for script: SEOnHit
[22:46:26.545] [info] [SetScriptVars] OK setting fields for: SEOnHit
[22:46:26.545] [info] [MonoDbg] AddEntityToScript - Instantiating and adding script: ShakeOnHit to Entity ID: 3
[22:46:26.545] [info] [SetScriptVars] OK setting fields for: ShakeOnHit
[22:46:26.545] [info] [MonoDbg] AddEntityToScript - Syncing serialized fields for script: ShakeOnHit
[22:46:26.545] [info] [SetScriptVars] OK setting fields for: ShakeOnHit
[22:46:26.546] [info] [MonoDbg] AddEntityToScript - Instantiating and adding script: HitStopOnHit to Entity ID: 3
[22:46:26.546] [info] [SetScriptVars] OK setting fields for: HitStopOnHit
[22:46:26.546] [info] [MonoDbg] AddEntityToScript - Syncing serialized fields for script: HitStopOnHit
[22:46:26.546] [info] [SetScriptVars] OK setting fields for: HitStopOnHit
[22:46:26.547] [info] [MonoDbg] AddEntityToScript - Instantiating and adding script: EffectOnHit to Entity ID: 3
[22:46:26.547] [info] [SetScriptVars] OK setting fields for: EffectOnHit
[22:46:26.547] [info] [MonoDbg] AddEntityToScript - Syncing serialized fields for script: EffectOnHit
[22:46:26.547] [info] [SetScriptVars] OK setting fields for: EffectOnHit
[22:46:26.547] [info] [MonoDbg] AddEntityToScript - Instantiating and adding script: HitStopSystem to Entity ID: 3
[22:46:26.547] [info] [SetScriptVars] OK setting fields for: HitStopSystem
[22:46:26.547] [info] [MonoDbg] AddEntityToScript - Syncing serialized fields for script: HitStopSystem
[22:46:26.548] [info] [SetScriptVars] OK setting fields for: HitStopSystem
[22:46:26.548] [info] [MonoDbg] AddEntityToScript - Instantiating and adding script: ShakeOnDamaged to Entity ID: 3
[22:46:26.548] [info] [SetScriptVars] OK setting fields for: ShakeOnDamaged
[22:46:26.548] [info] [MonoDbg] AddEntityToScript - Syncing serialized fields for script: ShakeOnDamaged
[22:46:26.548] [info] [SetScriptVars] OK setting fields for: ShakeOnDamaged
[22:46:26.550] [info] [MonoDbg] AddEntityToScript - Instantiating and adding script: DamageFeedback to Entity ID: 3
[22:46:26.551] [info] [SetScriptVars] OK setting fields for: DamageFeedback
[22:46:26.551] [info] [MonoDbg] AddEntityToScript - Syncing serialized fields for script: DamageFeedback
[22:46:26.551] [info] [SetScriptVars] OK setting fields for: DamageFeedback
[22:46:26.551] [info] [MonoDbg] AddEntityToScript - Instantiating and adding script: MovementAreaClamper to Entity ID: 3
[22:46:26.552] [info] [SetScriptVars] OK setting fields for: MovementAreaClamper
[22:46:26.552] [info] [MonoDbg] AddEntityToScript - Syncing serialized fields for script: MovementAreaClamper
[22:46:26.552] [info] [SetScriptVars] OK setting fields for: MovementAreaClamper
[22:46:26.552] [info] [MonoDbg] AddEntityToScript - Instantiating and adding script: TrailFollower to Entity ID: 4
[22:46:26.552] [info] [SetScriptVars] OK setting fields for: TrailFollower
[22:46:26.553] [info] [MonoDbg] AddEntityToScript - Syncing serialized fields for script: TrailFollower
[22:46:26.553] [info] [SetScriptVars] OK setting fields for: TrailFollower
[22:46:26.553] [info] [MonoDbg] AddEntityToScript - Instantiating and adding script: DamageRelay to Entity ID: 4
[22:46:26.553] [info] [SetScriptVars] OK setting fields for: DamageRelay
[22:46:26.553] [info] [MonoDbg] AddEntityToScript - Syncing serialized fields for script: DamageRelay
[22:46:26.553] [info] [SetScriptVars] OK setting fields for: DamageRelay
[22:46:26.554] [info] [MonoDbg] AddEntityToScript - Instantiating and adding script: TrailFollower to Entity ID: 5
[22:46:26.554] [info] [SetScriptVars] OK setting fields for: TrailFollower
[22:46:26.554] [info] [MonoDbg] AddEntityToScript - Syncing serialized fields for script: TrailFollower
[22:46:26.554] [info] [SetScriptVars] OK setting fields for: TrailFollower
[22:46:26.554] [info] [MonoDbg] AddEntityToScript - Instantiating and adding script: DamageRelay to Entity ID: 5
[22:46:26.554] [info] [SetScriptVars] OK setting fields for: DamageRelay
[22:46:26.554] [info] [MonoDbg] AddEntityToScript - Syncing serialized fields for script: DamageRelay
[22:46:26.555] [info] [SetScriptVars] OK setting fields for: DamageRelay
[22:46:26.555] [info] [MonoDbg] AddEntityToScript - Instantiating and adding script: TrailLeader to Entity ID: 5
[22:46:26.555] [info] [SetScriptVars] OK setting fields for: TrailLeader
[22:46:26.555] [info] [MonoDbg] AddEntityToScript - Syncing serialized fields for script: TrailLeader
[22:46:26.555] [info] [SetScriptVars] OK setting fields for: TrailLeader
[22:46:26.555] [info] [MonoDbg] AddEntityToScript - Instantiating and adding script: PlayerFollowCamera to Entity ID: 6
[22:46:26.555] [info] [SetScriptVars] OK setting fields for: PlayerFollowCamera
[22:46:26.556] [info] [MonoDbg] AddEntityToScript - Syncing serialized fields for script: PlayerFollowCamera
[22:46:26.556] [info] [SetScriptVars] OK setting fields for: PlayerFollowCamera
[22:46:26.556] [info] [MonoDbg] AddEntityToScript - Instantiating and adding script: ContactZoomSource to Entity ID: 6
[22:46:26.556] [info] [SetScriptVars] OK setting fields for: ContactZoomSource
[22:46:26.556] [info] [MonoDbg] AddEntityToScript - Syncing serialized fields for script: ContactZoomSource
[22:46:26.556] [info] [SetScriptVars] OK setting fields for: ContactZoomSource
[22:46:26.556] [info] [MonoDbg] AddEntityToScript - Instantiating and adding script: DashZoomSource to Entity ID: 6
[22:46:26.557] [info] [SetScriptVars] OK setting fields for: DashZoomSource
[22:46:26.557] [info] [MonoDbg] AddEntityToScript - Syncing serialized fields for script: DashZoomSource
[22:46:26.557] [info] [SetScriptVars] OK setting fields for: DashZoomSource
[22:46:26.557] [info] [MonoDbg] AddEntityToScript - Instantiating and adding script: CameraShake to Entity ID: 6
[22:46:26.557] [info] [SetScriptVars] OK setting fields for: CameraShake
[22:46:26.557] [info] [MonoDbg] AddEntityToScript - Syncing serialized fields for script: CameraShake
[22:46:26.557] [info] [SetScriptVars] OK setting fields for: CameraShake
[22:46:26.558] [info] [MonoDbg] AddEntityToScript - Instantiating and adding script: TrailFollower to Entity ID: 8
[22:46:26.558] [info] [SetScriptVars] OK setting fields for: TrailFollower
[22:46:26.558] [info] [MonoDbg] AddEntityToScript - Syncing serialized fields for script: TrailFollower
[22:46:26.558] [info] [SetScriptVars] OK setting fields for: TrailFollower
[22:46:26.559] [info] [MonoDbg] AddEntityToScript - Instantiating and adding script: SpawnAreaFollower to Entity ID: 8
[22:46:26.559] [info] [SetScriptVars] OK setting fields for: SpawnAreaFollower
[22:46:26.559] [info] [MonoDbg] AddEntityToScript - Syncing serialized fields for script: SpawnAreaFollower
[22:46:26.559] [info] [SetScriptVars] OK setting fields for: SpawnAreaFollower
[22:46:26.559] [info] [MonoDbg] AddEntityToScript - Instantiating and adding script: MovementAreaClamper to Entity ID: 8
[22:46:26.559] [info] [SetScriptVars] OK setting fields for: MovementAreaClamper
[22:46:26.559] [info] [MonoDbg] AddEntityToScript - Syncing serialized fields for script: MovementAreaClamper
[22:46:26.560] [info] [SetScriptVars] OK setting fields for: MovementAreaClamper
[22:46:26.562] [info] [MonoDbg] AddEntityToScript - Instantiating and adding script: EnemySpawnSystem to Entity ID: 8
[22:46:26.562] [info] [SetScriptVars] OK setting fields for: EnemySpawnSystem
[22:46:26.562] [info] [MonoDbg] AddEntityToScript - Syncing serialized fields for script: EnemySpawnSystem
[22:46:26.563] [info] [SetScriptVars] OK setting fields for: EnemySpawnSystem
[22:46:26.563] [info] [MonoDbg] AddEntityToScript - Instantiating and adding script: BiomeArea to Entity ID: 9
[22:46:26.563] [info] [SetScriptVars] OK setting fields for: BiomeArea
[22:46:26.564] [info] [MonoDbg] AddEntityToScript - Syncing serialized fields for script: BiomeArea
[22:46:26.564] [info] [SetScriptVars] OK setting fields for: BiomeArea
[22:46:26.564] [info] [MonoDbg] AddEntityToScript - Instantiating and adding script: MovementArea to Entity ID: 9
[22:46:26.564] [info] [SetScriptVars] OK setting fields for: MovementArea
[22:46:26.564] [info] [MonoDbg] AddEntityToScript - Syncing serialized fields for script: MovementArea
[22:46:26.564] [info] [SetScriptVars] OK setting fields for: MovementArea
[22:46:26.565] [info] [MonoDbg] AddEntityToScript - Instantiating and adding script: CloudManager to Entity ID: 15
[22:46:26.565] [info] [SetScriptVars] OK setting fields for: CloudManager
[22:46:26.565] [info] [MonoDbg] AddEntityToScript - Syncing serialized fields for script: CloudManager
[22:46:26.565] [info] [SetScriptVars] OK setting fields for: CloudManager
[22:46:26.566] [info] [MonoDbg] AddEntityToScript - Instantiating and adding script: Attractor to Entity ID: 16
[22:46:26.566] [info] [SetScriptVars] OK setting fields for: Attractor
[22:46:26.566] [info] [MonoDbg] AddEntityToScript - Syncing serialized fields for script: Attractor
[22:46:26.566] [info] [SetScriptVars] OK setting fields for: Attractor
[22:46:26.566] [info] [MonoDbg] AddEntityToScript - Instantiating and adding script: BiomeArea to Entity ID: 17
[22:46:26.566] [info] [SetScriptVars] OK setting fields for: BiomeArea
[22:46:26.567] [info] [MonoDbg] AddEntityToScript - Syncing serialized fields for script: BiomeArea
[22:46:26.567] [info] [SetScriptVars] OK setting fields for: BiomeArea
[22:46:26.567] [info] [MonoDbg] AddEntityToScript - Instantiating and adding script: MovementArea to Entity ID: 17
[22:46:26.567] [info] [SetScriptVars] OK setting fields for: MovementArea
[22:46:26.567] [info] [MonoDbg] AddEntityToScript - Syncing serialized fields for script: MovementArea
[22:46:26.567] [info] [SetScriptVars] OK setting fields for: MovementArea
[22:46:26.567] [info] [MonoDbg] AddEntityToScript - Instantiating and adding script: BiomeArea to Entity ID: 18
[22:46:26.568] [info] [SetScriptVars] OK setting fields for: BiomeArea
[22:46:26.568] [info] [MonoDbg] AddEntityToScript - Syncing serialized fields for script: BiomeArea
[22:46:26.568] [info] [SetScriptVars] OK setting fields for: BiomeArea
[22:46:26.568] [info] [MonoDbg] AddEntityToScript - Instantiating and adding script: MovementArea to Entity ID: 18
[22:46:26.568] [info] [SetScriptVars] OK setting fields for: MovementArea
[22:46:26.568] [info] [MonoDbg] AddEntityToScript - Syncing serialized fields for script: MovementArea
[22:46:26.569] [info] [SetScriptVars] OK setting fields for: MovementArea
[22:46:26.569] [info] [MonoDbg] AddEntityToScript - Instantiating and adding script: BiomeArea to Entity ID: 19
[22:46:26.569] [info] [SetScriptVars] OK setting fields for: BiomeArea
[22:46:26.569] [info] [MonoDbg] AddEntityToScript - Syncing serialized fields for script: BiomeArea
[22:46:26.569] [info] [SetScriptVars] OK setting fields for: BiomeArea
[22:46:26.569] [info] [MonoDbg] AddEntityToScript - Instantiating and adding script: MovementArea to Entity ID: 19
[22:46:26.570] [info] [SetScriptVars] OK setting fields for: MovementArea
[22:46:26.570] [info] [MonoDbg] AddEntityToScript - Syncing serialized fields for script: MovementArea
[22:46:26.570] [info] [SetScriptVars] OK setting fields for: MovementArea
[22:46:26.570] [info] [MonoDbg] AddEntityToScript - Instantiating and adding script: MoveObjective to Entity ID: 20
[22:46:26.570] [info] [SetScriptVars] OK setting fields for: MoveObjective
[22:46:26.571] [info] [MonoDbg] AddEntityToScript - Syncing serialized fields for script: MoveObjective
[22:46:26.571] [info] [SetScriptVars] OK setting fields for: MoveObjective
[22:46:26.571] [info] [MonoDbg] AddEntityToScript - Instantiating and adding script: DashCountObjective to Entity ID: 21
[22:46:26.571] [info] [SetScriptVars] OK setting fields for: DashCountObjective
[22:46:26.571] [info] [MonoDbg] AddEntityToScript - Syncing serialized fields for script: DashCountObjective
[22:46:26.571] [info] [SetScriptVars] OK setting fields for: DashCountObjective
[22:46:26.572] [info] [MonoDbg] AddEntityToScript - Instantiating and adding script: KillCountObjective to Entity ID: 22
[22:46:26.572] [info] [SetScriptVars] OK setting fields for: KillCountObjective
[22:46:26.572] [info] [MonoDbg] AddEntityToScript - Syncing serialized fields for script: KillCountObjective
[22:46:26.572] [info] [SetScriptVars] OK setting fields for: KillCountObjective
[22:46:26.573] [info] [MonoDbg] AddEntityToScript - Instantiating and adding script: SpawnOnPhaseBegan to Entity ID: 22
[22:46:26.573] [info] [SetScriptVars] OK setting fields for: SpawnOnPhaseBegan
[22:46:26.573] [info] [MonoDbg] AddEntityToScript - Syncing serialized fields for script: SpawnOnPhaseBegan
[22:46:26.573] [info] [SetScriptVars] OK setting fields for: SpawnOnPhaseBegan
[22:46:26.573] [info] [MonoDbg] AddEntityToScript - Instantiating and adding script: ShotObjective to Entity ID: 23
[22:46:26.574] [info] [SetScriptVars] OK setting fields for: ShotObjective
[22:46:26.574] [info] [MonoDbg] AddEntityToScript - Syncing serialized fields for script: ShotObjective
[22:46:26.574] [info] [SetScriptVars] OK setting fields for: ShotObjective
[22:46:26.574] [info] [MonoDbg] AddEntityToScript - Instantiating and adding script: KillCountObjective to Entity ID: 24
[22:46:26.574] [info] [SetScriptVars] OK setting fields for: KillCountObjective
[22:46:26.574] [info] [MonoDbg] AddEntityToScript - Syncing serialized fields for script: KillCountObjective
[22:46:26.574] [info] [SetScriptVars] OK setting fields for: KillCountObjective
[22:46:26.575] [info] [MonoDbg] AddEntityToScript - Instantiating and adding script: KillCountObjective to Entity ID: 25
[22:46:26.575] [info] [SetScriptVars] OK setting fields for: KillCountObjective
[22:46:26.575] [info] [MonoDbg] AddEntityToScript - Syncing serialized fields for script: KillCountObjective
[22:46:26.575] [info] [SetScriptVars] OK setting fields for: KillCountObjective
[22:46:26.575] [info] [MonoDbg] AddEntityToScript - Instantiating and adding script: SpawnOnPhaseBegan to Entity ID: 25
[22:46:26.575] [info] [SetScriptVars] OK setting fields for: SpawnOnPhaseBegan
[22:46:26.576] [info] [MonoDbg] AddEntityToScript - Syncing serialized fields for script: SpawnOnPhaseBegan
[22:46:26.576] [info] [SetScriptVars] OK setting fields for: SpawnOnPhaseBegan
[22:46:26.576] [info] [MonoDbg] AddEntityToScript - Instantiating and adding script: KillCountObjective to Entity ID: 26
[22:46:26.576] [info] [SetScriptVars] OK setting fields for: KillCountObjective
[22:46:26.576] [info] [MonoDbg] AddEntityToScript - Syncing serialized fields for script: KillCountObjective
[22:46:26.576] [info] [SetScriptVars] OK setting fields for: KillCountObjective
[22:46:26.576] [info] [MonoDbg] AddEntityToScript - Instantiating and adding script: KillCountObjective to Entity ID: 27
[22:46:26.577] [info] [SetScriptVars] OK setting fields for: KillCountObjective
[22:46:26.577] [info] [MonoDbg] AddEntityToScript - Syncing serialized fields for script: KillCountObjective
[22:46:26.577] [info] [SetScriptVars] OK setting fields for: KillCountObjective
[22:46:26.577] [info] [MonoDbg] AddEntityToScript - Instantiating and adding script: SpawnOnPhaseBegan to Entity ID: 27
[22:46:26.577] [info] [SetScriptVars] OK setting fields for: SpawnOnPhaseBegan
[22:46:26.577] [info] [MonoDbg] AddEntityToScript - Syncing serialized fields for script: SpawnOnPhaseBegan
[22:46:26.577] [info] [SetScriptVars] OK setting fields for: SpawnOnPhaseBegan
[22:46:26.578] [info] [MonoDbg] AddEntityToScript - Instantiating and adding script: KillCountObjective to Entity ID: 28
[22:46:26.578] [info] [SetScriptVars] OK setting fields for: KillCountObjective
[22:46:26.578] [info] [MonoDbg] AddEntityToScript - Syncing serialized fields for script: KillCountObjective
[22:46:26.578] [info] [SetScriptVars] OK setting fields for: KillCountObjective
[22:46:26.578] [info] [MonoDbg] AddEntityToScript - Instantiating and adding script: KillCountObjective to Entity ID: 29
[22:46:26.578] [info] [SetScriptVars] OK setting fields for: KillCountObjective
[22:46:26.579] [info] [MonoDbg] AddEntityToScript - Syncing serialized fields for script: KillCountObjective
[22:46:26.579] [info] [SetScriptVars] OK setting fields for: KillCountObjective
[22:46:26.579] [info] [MonoDbg] AddEntityToScript - Instantiating and adding script: SpawnOnPhaseBegan to Entity ID: 29
[22:46:26.579] [info] [SetScriptVars] OK setting fields for: SpawnOnPhaseBegan
[22:46:26.579] [info] [MonoDbg] AddEntityToScript - Syncing serialized fields for script: SpawnOnPhaseBegan
[22:46:26.579] [info] [SetScriptVars] OK setting fields for: SpawnOnPhaseBegan
[22:46:26.579] [info] [MonoDbg] AddEntityToScript - Instantiating and adding script: SpriteAnimation to Entity ID: 30
[22:46:26.580] [info] [SetScriptVars] OK setting fields for: SpriteAnimation
[22:46:26.580] [info] [MonoDbg] AddEntityToScript - Syncing serialized fields for script: SpriteAnimation
[22:46:26.580] [info] [SetScriptVars] OK setting fields for: SpriteAnimation
[22:46:26.580] [info] [MonoDbg] AddEntityToScript - Instantiating and adding script: SpriteAnimation to Entity ID: 31
[22:46:26.580] [info] [SetScriptVars] OK setting fields for: SpriteAnimation
[22:46:26.580] [info] [MonoDbg] AddEntityToScript - Syncing serialized fields for script: SpriteAnimation
[22:46:26.580] [info] [SetScriptVars] OK setting fields for: SpriteAnimation
[22:46:27.113] [info] [SOURCE_DETECTOR] C# requested CreateEntity: Prefab = Roe
[22:46:27.113] [info] [SOURCE_DETECTOR] Engine creating Entity (Internal)
[22:46:27.113] [info] [CPP ECS] FromJson - Adding component 'Transform' to entity 'Roe'
[22:46:27.113] [info] [CPP ECS] FromJson - Adding component 'Variables' to entity 'Roe'
[22:46:27.114] [info] [CPP ECS] FromJson - Adding component 'Script' to entity 'Roe'
[22:46:27.114] [info] [CPP ECS] FromJson - Adding component 'SpriteRenderer' to entity 'Roe'
[22:46:27.114] [info] [SOURCE_DETECTOR] C# requested CreateEntity: Prefab = Roe
[22:46:27.114] [info] [SOURCE_DETECTOR] Engine creating Entity (Internal)
[22:46:27.115] [info] [CPP ECS] FromJson - Adding component 'Transform' to entity 'Roe'
[22:46:27.115] [info] [CPP ECS] FromJson - Adding component 'Variables' to entity 'Roe'
[22:46:27.115] [info] [CPP ECS] FromJson - Adding component 'Script' to entity 'Roe'
[22:46:27.115] [info] [CPP ECS] FromJson - Adding component 'SpriteRenderer' to entity 'Roe'
[22:46:27.115] [info] [SOURCE_DETECTOR] C# requested CreateEntity: Prefab = Roe
[22:46:27.116] [info] [SOURCE_DETECTOR] Engine creating Entity (Internal)
[22:46:27.116] [info] [CPP ECS] FromJson - Adding component 'Transform' to entity 'Roe'
[22:46:27.116] [info] [CPP ECS] FromJson - Adding component 'Variables' to entity 'Roe'
[22:46:27.116] [info] [CPP ECS] FromJson - Adding component 'Script' to entity 'Roe'
[22:46:27.116] [info] [CPP ECS] FromJson - Adding component 'SpriteRenderer' to entity 'Roe'
[22:46:27.117] [info] Script TrailFollower found for Entity ID: -1
[22:46:27.127] [info] [SetScriptVars] OK setting fields for: TrailFollower
[22:46:27.127] [info] Script TrailFollower found for Entity ID: -2
[22:46:27.127] [info] [SetScriptVars] OK setting fields for: TrailFollower
[22:46:27.128] [info] Script TrailFollower found for Entity ID: -3
[22:46:27.128] [info] [SetScriptVars] OK setting fields for: TrailFollower
[22:46:27.149] [info] [RenderingCollection] IsEnableCamera: Camera ViewProjection is not ready
[22:46:27.149] [warning] [RenderingFramework] Skipping group: GameScene (Camera is Projection Failed)
[22:46:27.253] [info] [SOURCE_DETECTOR] Engine creating Entity (Internal)
[22:46:27.253] [info] [CPP ECS] FromJson - Adding component 'CameraComponent' to entity 'Camera'
[22:46:27.253] [info] [CPP ECS] FromJson - Adding component 'Transform' to entity 'Camera'
[22:46:27.253] [info] [CPP ECS] FromJson - Adding component 'Variables' to entity 'Camera'
[22:46:27.253] [info] [SOURCE_DETECTOR] Engine creating Entity (Internal)
[22:46:27.254] [info] [CPP ECS] FromJson - Adding component 'Transform' to entity 'SideBB'
[22:46:27.254] [info] [CPP ECS] FromJson - Adding component 'Variables' to entity 'SideBB'
[22:46:27.254] [info] [SOURCE_DETECTOR] Engine creating Entity (Internal)
[22:46:27.254] [info] [CPP ECS] FromJson - Adding component 'Transform' to entity 'RightUIRoot'
[22:46:27.254] [info] [CPP ECS] FromJson - Adding component 'Variables' to entity 'RightUIRoot'
[22:46:27.254] [info] [SOURCE_DETECTOR] Engine creating Entity (Internal)
[22:46:27.254] [info] [CPP ECS] FromJson - Adding component 'Transform' to entity 'ProgressUI'
[22:46:27.255] [info] [CPP ECS] FromJson - Adding component 'Variables' to entity 'ProgressUI'
[22:46:27.255] [info] [CPP ECS] FromJson - Adding component 'Script' to entity 'ProgressUI'
[22:46:27.255] [info] [CPP ECS] FromJson - Adding component 'TextRenderer' to entity 'ProgressUI'
[22:46:27.255] [info] [SOURCE_DETECTOR] Engine creating Entity (Internal)
[22:46:27.255] [info] [CPP ECS] FromJson - Adding component 'Transform' to entity 'ProgressUI_1'
[22:46:27.255] [info] [CPP ECS] FromJson - Adding component 'Variables' to entity 'ProgressUI_1'
[22:46:27.256] [info] [CPP ECS] FromJson - Adding component 'Script' to entity 'ProgressUI_1'
[22:46:27.256] [info] [CPP ECS] FromJson - Adding component 'SpriteRenderer' to entity 'ProgressUI_1'
[22:46:27.256] [info] [SOURCE_DETECTOR] Engine creating Entity (Internal)
[22:46:27.256] [info] [CPP ECS] FromJson - Adding component 'Transform' to entity 'BlackBelt'
[22:46:27.256] [info] [CPP ECS] FromJson - Adding component 'Variables' to entity 'BlackBelt'
[22:46:27.257] [info] [CPP ECS] FromJson - Adding component 'SpriteRenderer' to entity 'BlackBelt'
[22:46:27.257] [info] [SOURCE_DETECTOR] Engine creating Entity (Internal)
[22:46:27.257] [info] [CPP ECS] FromJson - Adding component 'Transform' to entity 'TutorialSkipButtonUI'
[22:46:27.257] [info] [CPP ECS] FromJson - Adding component 'Variables' to entity 'TutorialSkipButtonUI'
[22:46:27.257] [info] [CPP ECS] FromJson - Adding component 'Script' to entity 'TutorialSkipButtonUI'
[22:46:27.257] [info] [SOURCE_DETECTOR] Engine creating Entity (Internal)
[22:46:27.257] [info] [CPP ECS] FromJson - Adding component 'Transform' to entity 'TutorialSkipButtonGauge'
[22:46:27.258] [info] [CPP ECS] FromJson - Adding component 'Variables' to entity 'TutorialSkipButtonGauge'
[22:46:27.258] [info] [CPP ECS] FromJson - Adding component 'Script' to entity 'TutorialSkipButtonGauge'
[22:46:27.258] [info] [CPP ECS] FromJson - Adding component 'SpriteRenderer' to entity 'TutorialSkipButtonGauge'
[22:46:27.258] [info] [SOURCE_DETECTOR] Engine creating Entity (Internal)
[22:46:27.258] [info] [CPP ECS] FromJson - Adding component 'Transform' to entity 'BlackBelt_1'
[22:46:27.258] [info] [CPP ECS] FromJson - Adding component 'Variables' to entity 'BlackBelt_1'
[22:46:27.259] [info] [CPP ECS] FromJson - Adding component 'SpriteRenderer' to entity 'BlackBelt_1'
[22:46:27.259] [info] [SOURCE_DETECTOR] Engine creating Entity (Internal)
[22:46:27.259] [info] [CPP ECS] FromJson - Adding component 'Transform' to entity 'ProgressLabelTutorial'
[22:46:27.259] [info] [CPP ECS] FromJson - Adding component 'Variables' to entity 'ProgressLabelTutorial'
[22:46:27.259] [info] [CPP ECS] FromJson - Adding component 'Script' to entity 'ProgressLabelTutorial'
[22:46:27.259] [info] [CPP ECS] FromJson - Adding component 'TextRenderer' to entity 'ProgressLabelTutorial'
[22:46:27.260] [info] [SOURCE_DETECTOR] Engine creating Entity (Internal)
[22:46:27.260] [info] [CPP ECS] FromJson - Adding component 'Transform' to entity 'MovingTutorial'
[22:46:27.260] [info] [CPP ECS] FromJson - Adding component 'Variables' to entity 'MovingTutorial'
[22:46:27.260] [info] [CPP ECS] FromJson - Adding component 'Script' to entity 'MovingTutorial'
[22:46:27.260] [info] [CPP ECS] FromJson - Adding component 'TextRenderer' to entity 'MovingTutorial'
[22:46:27.260] [info] [SOURCE_DETECTOR] Engine creating Entity (Internal)
[22:46:27.260] [info] [CPP ECS] FromJson - Adding component 'Transform' to entity 'DashTutorial'
[22:46:27.261] [info] [CPP ECS] FromJson - Adding component 'Variables' to entity 'DashTutorial'
[22:46:27.261] [info] [CPP ECS] FromJson - Adding component 'Script' to entity 'DashTutorial'
[22:46:27.261] [info] [CPP ECS] FromJson - Adding component 'TextRenderer' to entity 'DashTutorial'
[22:46:27.261] [info] [SOURCE_DETECTOR] Engine creating Entity (Internal)
[22:46:27.261] [info] [CPP ECS] FromJson - Adding component 'Transform' to entity 'EnemyTutorial'
[22:46:27.261] [info] [CPP ECS] FromJson - Adding component 'Variables' to entity 'EnemyTutorial'
[22:46:27.262] [info] [CPP ECS] FromJson - Adding component 'Script' to entity 'EnemyTutorial'
[22:46:27.262] [info] [CPP ECS] FromJson - Adding component 'TextRenderer' to entity 'EnemyTutorial'
[22:46:27.262] [info] [SOURCE_DETECTOR] Engine creating Entity (Internal)
[22:46:27.262] [info] [CPP ECS] FromJson - Adding component 'Transform' to entity 'ShotTutorial'
[22:46:27.262] [info] [CPP ECS] FromJson - Adding component 'Variables' to entity 'ShotTutorial'
[22:46:27.262] [info] [CPP ECS] FromJson - Adding component 'Script' to entity 'ShotTutorial'
[22:46:27.263] [info] [CPP ECS] FromJson - Adding component 'TextRenderer' to entity 'ShotTutorial'
[22:46:27.263] [info] [SOURCE_DETECTOR] Engine creating Entity (Internal)
[22:46:27.263] [info] [CPP ECS] FromJson - Adding component 'Transform' to entity 'ProgressLabelHunt'
[22:46:27.263] [info] [CPP ECS] FromJson - Adding component 'Variables' to entity 'ProgressLabelHunt'
[22:46:27.263] [info] [CPP ECS] FromJson - Adding component 'Script' to entity 'ProgressLabelHunt'
[22:46:27.263] [info] [CPP ECS] FromJson - Adding component 'TextRenderer' to entity 'ProgressLabelHunt'
[22:46:27.264] [info] [SOURCE_DETECTOR] Engine creating Entity (Internal)
[22:46:27.264] [info] [CPP ECS] FromJson - Adding component 'Transform' to entity 'BossBattlePhase_1'
[22:46:27.264] [info] [CPP ECS] FromJson - Adding component 'Variables' to entity 'BossBattlePhase_1'
[22:46:27.264] [info] [CPP ECS] FromJson - Adding component 'Script' to entity 'BossBattlePhase_1'
[22:46:27.264] [info] [CPP ECS] FromJson - Adding component 'TextRenderer' to entity 'BossBattlePhase_1'
[22:46:27.264] [info] [SOURCE_DETECTOR] Engine creating Entity (Internal)
[22:46:27.264] [info] [CPP ECS] FromJson - Adding component 'Transform' to entity 'BossBattlePhase_2'
[22:46:27.265] [info] [CPP ECS] FromJson - Adding component 'Variables' to entity 'BossBattlePhase_2'
[22:46:27.265] [info] [CPP ECS] FromJson - Adding component 'Script' to entity 'BossBattlePhase_2'
[22:46:27.265] [info] [CPP ECS] FromJson - Adding component 'TextRenderer' to entity 'BossBattlePhase_2'
[22:46:27.265] [info] [SOURCE_DETECTOR] Engine creating Entity (Internal)
[22:46:27.265] [info] [CPP ECS] FromJson - Adding component 'Transform' to entity 'BossBattlePhase_3'
[22:46:27.266] [info] [CPP ECS] FromJson - Adding component 'Variables' to entity 'BossBattlePhase_3'
[22:46:27.266] [info] [CPP ECS] FromJson - Adding component 'Script' to entity 'BossBattlePhase_3'
[22:46:27.266] [info] [CPP ECS] FromJson - Adding component 'TextRenderer' to entity 'BossBattlePhase_3'
[22:46:27.266] [info] [SOURCE_DETECTOR] Engine creating Entity (Internal)
[22:46:27.266] [info] [CPP ECS] FromJson - Adding component 'Transform' to entity 'GamePhase'
[22:46:27.266] [info] [CPP ECS] FromJson - Adding component 'Variables' to entity 'GamePhase'
[22:46:27.267] [info] [SOURCE_DETECTOR] Engine creating Entity (Internal)
[22:46:27.267] [info] [CPP ECS] FromJson - Adding component 'Transform' to entity 'InputUI'
[22:46:27.267] [info] [CPP ECS] FromJson - Adding component 'Variables' to entity 'InputUI'
[22:46:27.267] [info] [CPP ECS] FromJson - Adding component 'Script' to entity 'InputUI'
[22:46:27.267] [info] [SOURCE_DETECTOR] Engine creating Entity (Internal)
[22:46:27.267] [info] [CPP ECS] FromJson - Adding component 'Transform' to entity 'KeyboardUIRoot'
[22:46:27.267] [info] [CPP ECS] FromJson - Adding component 'Variables' to entity 'KeyboardUIRoot'
[22:46:27.268] [info] [CPP ECS] FromJson - Adding component 'Transform' to entity 'KeyboardUIRoot'
[22:46:27.268] [info] [SOURCE_DETECTOR] Engine creating Entity (Internal)
[22:46:27.268] [info] [CPP ECS] FromJson - Adding component 'Transform' to entity 'Frame'
[22:46:27.268] [info] [CPP ECS] FromJson - Adding component 'Variables' to entity 'Frame'
[22:46:27.268] [info] [CPP ECS] FromJson - Adding component 'SpriteRenderer' to entity 'Frame'
[22:46:27.268] [info] [SOURCE_DETECTOR] Engine creating Entity (Internal)
[22:46:27.268] [info] [CPP ECS] FromJson - Adding component 'Transform' to entity 'Buttons'
[22:46:27.269] [info] [CPP ECS] FromJson - Adding component 'Variables' to entity 'Buttons'
[22:46:27.269] [info] [SOURCE_DETECTOR] Engine creating Entity (Internal)
[22:46:27.269] [info] [CPP ECS] FromJson - Adding component 'Transform' to entity 'WASD'
[22:46:27.269] [info] [CPP ECS] FromJson - Adding component 'Variables' to entity 'WASD'
[22:46:27.269] [info] [CPP ECS] FromJson - Adding component 'SpriteRenderer' to entity 'WASD'
[22:46:27.269] [info] [CPP ECS] FromJson - Adding component 'Script' to entity 'WASD'
[22:46:27.269] [info] [SOURCE_DETECTOR] Engine creating Entity (Internal)
[22:46:27.270] [info] [CPP ECS] FromJson - Adding component 'Transform' to entity 'Shift'
[22:46:27.270] [info] [CPP ECS] FromJson - Adding component 'Variables' to entity 'Shift'
[22:46:27.270] [info] [CPP ECS] FromJson - Adding component 'SpriteRenderer' to entity 'Shift'
[22:46:27.270] [info] [CPP ECS] FromJson - Adding component 'Script' to entity 'Shift'
[22:46:27.270] [info] [SOURCE_DETECTOR] Engine creating Entity (Internal)
[22:46:27.270] [info] [CPP ECS] FromJson - Adding component 'Transform' to entity 'Space'
[22:46:27.270] [info] [CPP ECS] FromJson - Adding component 'Variables' to entity 'Space'
[22:46:27.271] [info] [CPP ECS] FromJson - Adding component 'SpriteRenderer' to entity 'Space'
[22:46:27.271] [info] [CPP ECS] FromJson - Adding component 'Script' to entity 'Space'
[22:46:27.271] [info] [SOURCE_DETECTOR] Engine creating Entity (Internal)
[22:46:27.271] [info] [CPP ECS] FromJson - Adding component 'Transform' to entity 'GamepadUIRoot'
[22:46:27.271] [info] [CPP ECS] FromJson - Adding component 'Variables' to entity 'GamepadUIRoot'
[22:46:27.271] [info] [CPP ECS] FromJson - Adding component 'Transform' to entity 'GamepadUIRoot'
[22:46:27.272] [info] [SOURCE_DETECTOR] Engine creating Entity (Internal)
[22:46:27.272] [info] [CPP ECS] FromJson - Adding component 'Transform' to entity 'Frame'
[22:46:27.272] [info] [CPP ECS] FromJson - Adding component 'Variables' to entity 'Frame'
[22:46:27.272] [info] [CPP ECS] FromJson - Adding component 'SpriteRenderer' to entity 'Frame'
[22:46:27.272] [info] [SOURCE_DETECTOR] Engine creating Entity (Internal)
[22:46:27.272] [info] [CPP ECS] FromJson - Adding component 'Transform' to entity 'Buttons'
[22:46:27.272] [info] [CPP ECS] FromJson - Adding component 'Variables' to entity 'Buttons'
[22:46:27.273] [info] [SOURCE_DETECTOR] Engine creating Entity (Internal)
[22:46:27.273] [info] [CPP ECS] FromJson - Adding component 'Transform' to entity 'A'
[22:46:27.273] [info] [CPP ECS] FromJson - Adding component 'Variables' to entity 'A'
[22:46:27.273] [info] [CPP ECS] FromJson - Adding component 'SpriteRenderer' to entity 'A'
[22:46:27.273] [info] [CPP ECS] FromJson - Adding component 'Script' to entity 'A'
[22:46:27.273] [info] [SOURCE_DETECTOR] Engine creating Entity (Internal)
[22:46:27.273] [info] [CPP ECS] FromJson - Adding component 'Transform' to entity 'Stick'
[22:46:27.274] [info] [CPP ECS] FromJson - Adding component 'Variables' to entity 'Stick'
[22:46:27.274] [info] [CPP ECS] FromJson - Adding component 'SpriteRenderer' to entity 'Stick'
[22:46:27.274] [info] [CPP ECS] FromJson - Adding component 'Script' to entity 'Stick'
[22:46:27.274] [info] [SOURCE_DETECTOR] Engine creating Entity (Internal)
[22:46:27.274] [info] [CPP ECS] FromJson - Adding component 'Transform' to entity 'ShoulderLeft'
[22:46:27.274] [info] [CPP ECS] FromJson - Adding component 'Variables' to entity 'ShoulderLeft'
[22:46:27.275] [info] [CPP ECS] FromJson - Adding component 'SpriteRenderer' to entity 'ShoulderLeft'
[22:46:27.275] [info] [CPP ECS] FromJson - Adding component 'Script' to entity 'ShoulderLeft'
[22:46:27.275] [info] [SOURCE_DETECTOR] Engine creating Entity (Internal)
[22:46:27.275] [info] [CPP ECS] FromJson - Adding component 'Transform' to entity 'ShoulderRight'
[22:46:27.275] [info] [CPP ECS] FromJson - Adding component 'Variables' to entity 'ShoulderRight'
[22:46:27.275] [info] [CPP ECS] FromJson - Adding component 'SpriteRenderer' to entity 'ShoulderRight'
[22:46:27.275] [info] [CPP ECS] FromJson - Adding component 'Script' to entity 'ShoulderRight'
[22:46:27.276] [info] [SOURCE_DETECTOR] Engine creating Entity (Internal)
[22:46:27.276] [info] [CPP ECS] FromJson - Adding component 'Transform' to entity 'TextRoot'
[22:46:27.276] [info] [CPP ECS] FromJson - Adding component 'Variables' to entity 'TextRoot'
[22:46:27.276] [info] [SOURCE_DETECTOR] Engine creating Entity (Internal)
[22:46:27.276] [info] [CPP ECS] FromJson - Adding component 'Transform' to entity 'DushText'
[22:46:27.276] [info] [CPP ECS] FromJson - Adding component 'Variables' to entity 'DushText'
[22:46:27.277] [info] [CPP ECS] FromJson - Adding component 'TextRenderer' to entity 'DushText'
[22:46:27.277] [info] [SOURCE_DETECTOR] Engine creating Entity (Internal)
[22:46:27.277] [info] [CPP ECS] FromJson - Adding component 'Transform' to entity 'ShotText'
[22:46:27.277] [info] [CPP ECS] FromJson - Adding component 'Variables' to entity 'ShotText'
[22:46:27.277] [info] [CPP ECS] FromJson - Adding component 'TextRenderer' to entity 'ShotText'
[22:46:27.277] [info] [SOURCE_DETECTOR] Engine creating Entity (Internal)
[22:46:27.277] [info] [CPP ECS] FromJson - Adding component 'Transform' to entity 'DushUIRoot'
[22:46:27.278] [info] [CPP ECS] FromJson - Adding component 'Variables' to entity 'DushUIRoot'
[22:46:27.278] [info] [CPP ECS] FromJson - Adding component 'Script' to entity 'DushUIRoot'
[22:46:27.278] [info] [SOURCE_DETECTOR] Engine creating Entity (Internal)
[22:46:27.278] [info] [CPP ECS] FromJson - Adding component 'Transform' to entity 'Key_DushButton'
[22:46:27.278] [info] [CPP ECS] FromJson - Adding component 'Variables' to entity 'Key_DushButton'
[22:46:27.278] [info] [CPP ECS] FromJson - Adding component 'SpriteRenderer' to entity 'Key_DushButton'
[22:46:27.278] [info] [SOURCE_DETECTOR] Engine creating Entity (Internal)
[22:46:27.279] [info] [CPP ECS] FromJson - Adding component 'Transform' to entity 'Pad_DushButton'
[22:46:27.279] [info] [CPP ECS] FromJson - Adding component 'Variables' to entity 'Pad_DushButton'
[22:46:27.279] [info] [CPP ECS] FromJson - Adding component 'SpriteRenderer' to entity 'Pad_DushButton'
[22:46:27.279] [info] [SOURCE_DETECTOR] Engine creating Entity (Internal)
[22:46:27.279] [info] [CPP ECS] FromJson - Adding component 'Transform' to entity 'A'
[22:46:27.279] [info] [CPP ECS] FromJson - Adding component 'Variables' to entity 'A'
[22:46:27.279] [info] [CPP ECS] FromJson - Adding component 'TextRenderer' to entity 'A'
[22:46:27.280] [info] [SOURCE_DETECTOR] Engine creating Entity (Internal)
[22:46:27.280] [info] [CPP ECS] FromJson - Adding component 'Transform' to entity 'ShotUIRoot'
[22:46:27.280] [info] [CPP ECS] FromJson - Adding component 'Variables' to entity 'ShotUIRoot'
[22:46:27.280] [info] [CPP ECS] FromJson - Adding component 'Script' to entity 'ShotUIRoot'
[22:46:27.280] [info] [SOURCE_DETECTOR] Engine creating Entity (Internal)
[22:46:27.280] [info] [CPP ECS] FromJson - Adding component 'Transform' to entity 'Key_ShotButton'
[22:46:27.280] [info] [CPP ECS] FromJson - Adding component 'Variables' to entity 'Key_ShotButton'
[22:46:27.281] [info] [CPP ECS] FromJson - Adding component 'SpriteRenderer' to entity 'Key_ShotButton'
[22:46:27.281] [info] [SOURCE_DETECTOR] Engine creating Entity (Internal)
[22:46:27.281] [info] [CPP ECS] FromJson - Adding component 'Transform' to entity 'Pad_ShotButton'
[22:46:27.281] [info] [CPP ECS] FromJson - Adding component 'Variables' to entity 'Pad_ShotButton'
[22:46:27.281] [info] [CPP ECS] FromJson - Adding component 'SpriteRenderer' to entity 'Pad_ShotButton'
[22:46:27.281] [info] [SOURCE_DETECTOR] Engine creating Entity (Internal)
[22:46:27.282] [info] [CPP ECS] FromJson - Adding component 'Transform' to entity 'LT'
[22:46:27.282] [info] [CPP ECS] FromJson - Adding component 'Variables' to entity 'LT'
[22:46:27.282] [info] [CPP ECS] FromJson - Adding component 'TextRenderer' to entity 'LT'
[22:46:27.282] [info] [SOURCE_DETECTOR] Engine creating Entity (Internal)
[22:46:27.282] [info] [CPP ECS] FromJson - Adding component 'Transform' to entity 'RT'
[22:46:27.282] [info] [CPP ECS] FromJson - Adding component 'Variables' to entity 'RT'
[22:46:27.283] [info] [CPP ECS] FromJson - Adding component 'TextRenderer' to entity 'RT'
[22:46:27.283] [info] [SOURCE_DETECTOR] Engine creating Entity (Internal)
[22:46:27.283] [info] [CPP ECS] FromJson - Adding component 'Transform' to entity 'PlayerHPUI'
[22:46:27.283] [info] [CPP ECS] FromJson - Adding component 'Variables' to entity 'PlayerHPUI'
[22:46:27.283] [info] [CPP ECS] FromJson - Adding component 'Script' to entity 'PlayerHPUI'
[22:46:27.283] [info] [SOURCE_DETECTOR] Engine creating Entity (Internal)
[22:46:27.284] [info] [CPP ECS] FromJson - Adding component 'Transform' to entity 'HPIcon'
[22:46:27.284] [info] [CPP ECS] FromJson - Adding component 'Variables' to entity 'HPIcon'
[22:46:27.284] [info] [CPP ECS] FromJson - Adding component 'SpriteRenderer' to entity 'HPIcon'
[22:46:27.284] [info] [CPP ECS] FromJson - Adding component 'Script' to entity 'HPIcon'
[22:46:27.284] [info] [SOURCE_DETECTOR] Engine creating Entity (Internal)
[22:46:27.284] [info] [CPP ECS] FromJson - Adding component 'Transform' to entity 'HPIcon_1'
[22:46:27.284] [info] [CPP ECS] FromJson - Adding component 'Variables' to entity 'HPIcon_1'
[22:46:27.285] [info] [CPP ECS] FromJson - Adding component 'SpriteRenderer' to entity 'HPIcon_1'
[22:46:27.285] [info] [CPP ECS] FromJson - Adding component 'Script' to entity 'HPIcon_1'
[22:46:27.285] [info] [SOURCE_DETECTOR] Engine creating Entity (Internal)
[22:46:27.285] [info] [CPP ECS] FromJson - Adding component 'Transform' to entity 'HPIcon_2'
[22:46:27.285] [info] [CPP ECS] FromJson - Adding component 'Variables' to entity 'HPIcon_2'
[22:46:27.285] [info] [CPP ECS] FromJson - Adding component 'SpriteRenderer' to entity 'HPIcon_2'
[22:46:27.285] [info] [CPP ECS] FromJson - Adding component 'Script' to entity 'HPIcon_2'
[22:46:27.286] [info] [SOURCE_DETECTOR] Engine creating Entity (Internal)
[22:46:27.286] [info] [CPP ECS] FromJson - Adding component 'Transform' to entity 'HPIcon_3'
[22:46:27.286] [info] [CPP ECS] FromJson - Adding component 'Variables' to entity 'HPIcon_3'
[22:46:27.286] [info] [CPP ECS] FromJson - Adding component 'SpriteRenderer' to entity 'HPIcon_3'
[22:46:27.286] [info] [CPP ECS] FromJson - Adding component 'Script' to entity 'HPIcon_3'
[22:46:27.287] [info] [SOURCE_DETECTOR] Engine creating Entity (Internal)
[22:46:27.287] [info] [CPP ECS] FromJson - Adding component 'Transform' to entity 'HPIcon_4'
[22:46:27.287] [info] [CPP ECS] FromJson - Adding component 'Variables' to entity 'HPIcon_4'
[22:46:27.287] [info] [CPP ECS] FromJson - Adding component 'SpriteRenderer' to entity 'HPIcon_4'
[22:46:27.287] [info] [CPP ECS] FromJson - Adding component 'Script' to entity 'HPIcon_4'
[22:46:27.287] [info] [SOURCE_DETECTOR] Engine creating Entity (Internal)
[22:46:27.288] [info] [CPP ECS] FromJson - Adding component 'Transform' to entity 'HPIcon_5'
[22:46:27.288] [info] [CPP ECS] FromJson - Adding component 'Variables' to entity 'HPIcon_5'
[22:46:27.288] [info] [CPP ECS] FromJson - Adding component 'SpriteRenderer' to entity 'HPIcon_5'
[22:46:27.288] [info] [CPP ECS] FromJson - Adding component 'Script' to entity 'HPIcon_5'
[22:46:27.288] [info] [SOURCE_DETECTOR] Engine creating Entity (Internal)
[22:46:27.288] [info] [CPP ECS] FromJson - Adding component 'Transform' to entity 'HPIcon_6'
[22:46:27.288] [info] [CPP ECS] FromJson - Adding component 'Variables' to entity 'HPIcon_6'
[22:46:27.289] [info] [CPP ECS] FromJson - Adding component 'SpriteRenderer' to entity 'HPIcon_6'
[22:46:27.289] [info] [CPP ECS] FromJson - Adding component 'Script' to entity 'HPIcon_6'
[22:46:27.289] [info] [SOURCE_DETECTOR] Engine creating Entity (Internal)
[22:46:27.289] [info] [CPP ECS] FromJson - Adding component 'Transform' to entity 'HPIcon_7'
[22:46:27.289] [info] [CPP ECS] FromJson - Adding component 'Variables' to entity 'HPIcon_7'
[22:46:27.289] [info] [CPP ECS] FromJson - Adding component 'SpriteRenderer' to entity 'HPIcon_7'
[22:46:27.290] [info] [CPP ECS] FromJson - Adding component 'Script' to entity 'HPIcon_7'
[22:46:27.290] [info] [SOURCE_DETECTOR] Engine creating Entity (Internal)
[22:46:27.290] [info] [CPP ECS] FromJson - Adding component 'Transform' to entity 'HPIcon_8'
[22:46:27.290] [info] [CPP ECS] FromJson - Adding component 'Variables' to entity 'HPIcon_8'
[22:46:27.290] [info] [CPP ECS] FromJson - Adding component 'SpriteRenderer' to entity 'HPIcon_8'
[22:46:27.290] [info] [CPP ECS] FromJson - Adding component 'Script' to entity 'HPIcon_8'
[22:46:27.291] [info] [SOURCE_DETECTOR] Engine creating Entity (Internal)
[22:46:27.291] [info] [CPP ECS] FromJson - Adding component 'Transform' to entity 'HPIcon_9'
[22:46:27.291] [info] [CPP ECS] FromJson - Adding component 'Variables' to entity 'HPIcon_9'
[22:46:27.291] [info] [CPP ECS] FromJson - Adding component 'SpriteRenderer' to entity 'HPIcon_9'
[22:46:27.291] [info] [CPP ECS] FromJson - Adding component 'Script' to entity 'HPIcon_9'
[22:46:27.291] [info] [SOURCE_DETECTOR] Engine creating Entity (Internal)
[22:46:27.291] [info] [CPP ECS] FromJson - Adding component 'Transform' to entity 'HPIcon_10'
[22:46:27.292] [info] [CPP ECS] FromJson - Adding component 'Variables' to entity 'HPIcon_10'
[22:46:27.292] [info] [CPP ECS] FromJson - Adding component 'SpriteRenderer' to entity 'HPIcon_10'
[22:46:27.292] [info] [CPP ECS] FromJson - Adding component 'Script' to entity 'HPIcon_10'
[22:46:27.292] [info] [SOURCE_DETECTOR] Engine creating Entity (Internal)
[22:46:27.292] [info] [CPP ECS] FromJson - Adding component 'Transform' to entity 'HPIcon_11'
[22:46:27.292] [info] [CPP ECS] FromJson - Adding component 'Variables' to entity 'HPIcon_11'
[22:46:27.292] [info] [CPP ECS] FromJson - Adding component 'SpriteRenderer' to entity 'HPIcon_11'
[22:46:27.293] [info] [CPP ECS] FromJson - Adding component 'Script' to entity 'HPIcon_11'
[22:46:27.293] [info] [SOURCE_DETECTOR] Engine creating Entity (Internal)
[22:46:27.293] [info] [CPP ECS] FromJson - Adding component 'Transform' to entity 'TutorialSkipButtonUI_1'
[22:46:27.293] [info] [CPP ECS] FromJson - Adding component 'Variables' to entity 'TutorialSkipButtonUI_1'
[22:46:27.293] [info] [CPP ECS] FromJson - Adding component 'Script' to entity 'TutorialSkipButtonUI_1'
[22:46:27.293] [info] [CPP ECS] FromJson - Adding component 'TextRenderer' to entity 'TutorialSkipButtonUI_1'
[22:46:27.294] [info] [CPP ECS] FromJson - Adding component 'SpriteRenderer' to entity 'TutorialSkipButtonUI_1'
[22:46:27.294] [info] [SOURCE_DETECTOR] Engine creating Entity (Internal)
[22:46:27.294] [info] [CPP ECS] FromJson - Adding component 'Transform' to entity 'TutorialSkipUI'
[22:46:27.294] [info] [CPP ECS] FromJson - Adding component 'Variables' to entity 'TutorialSkipUI'
[22:46:27.294] [info] [CPP ECS] FromJson - Adding component 'Script' to entity 'TutorialSkipUI'
[22:46:27.294] [info] [CPP ECS] FromJson - Adding component 'TextRenderer' to entity 'TutorialSkipUI'
[22:46:27.295] [info] [SOURCE_DETECTOR] Engine creating Entity (Internal)
[22:46:27.295] [info] [CPP ECS] FromJson - Adding component 'Transform' to entity 'TutorialSkipButtonUI_2'
[22:46:27.295] [info] [CPP ECS] FromJson - Adding component 'Variables' to entity 'TutorialSkipButtonUI_2'
[22:46:27.295] [info] [CPP ECS] FromJson - Adding component 'Script' to entity 'TutorialSkipButtonUI_2'
[22:46:27.295] [info] [CPP ECS] FromJson - Adding component 'SpriteRenderer' to entity 'TutorialSkipButtonUI_2'
[22:46:27.297] [info] Successfully synced initial components to C# for group: GameUIScene
[22:46:27.298] [info] [MonoDbg] AddEntityToScript - Instantiating and adding script: TrailFollower to Entity ID: -1
[22:46:27.298] [info] [MonoDbg] AddEntityToScript - Syncing serialized fields for script: TrailFollower
[22:46:27.298] [info] [SetScriptVars] OK setting fields for: TrailFollower
[22:46:27.299] [info] [MonoDbg] AddEntityToScript - Instantiating and adding script: LevelingComponent to Entity ID: -1
[22:46:27.299] [info] [SetScriptVars] OK setting fields for: LevelingComponent
[22:46:27.299] [info] [MonoDbg] AddEntityToScript - Syncing serialized fields for script: LevelingComponent
[22:46:27.299] [info] [SetScriptVars] OK setting fields for: LevelingComponent
[22:46:27.300] [info] [MonoDbg] AddEntityToScript - Instantiating and adding script: RoeStateComponent to Entity ID: -1
[22:46:27.300] [info] [SetScriptVars] OK setting fields for: RoeStateComponent
[22:46:27.300] [info] [MonoDbg] AddEntityToScript - Syncing serialized fields for script: RoeStateComponent
[22:46:27.300] [info] [SetScriptVars] OK setting fields for: RoeStateComponent
[22:46:27.300] [info] [MonoDbg] AddEntityToScript - Instantiating and adding script: SpriteAnimation to Entity ID: -1
[22:46:27.300] [info] [SetScriptVars] OK setting fields for: SpriteAnimation
[22:46:27.301] [info] [MonoDbg] AddEntityToScript - Syncing serialized fields for script: SpriteAnimation
[22:46:27.301] [info] [SetScriptVars] OK setting fields for: SpriteAnimation
[22:46:27.301] [info] [MonoDbg] AddEntityToScript - Instantiating and adding script: TrailFollower to Entity ID: -2
[22:46:27.301] [info] [MonoDbg] AddEntityToScript - Syncing serialized fields for script: TrailFollower
[22:46:27.301] [info] [SetScriptVars] OK setting fields for: TrailFollower
[22:46:27.301] [info] [MonoDbg] AddEntityToScript - Instantiating and adding script: LevelingComponent to Entity ID: -2
[22:46:27.302] [info] [SetScriptVars] OK setting fields for: LevelingComponent
[22:46:27.302] [info] [MonoDbg] AddEntityToScript - Syncing serialized fields for script: LevelingComponent
[22:46:27.302] [info] [SetScriptVars] OK setting fields for: LevelingComponent
[22:46:27.302] [info] [MonoDbg] AddEntityToScript - Instantiating and adding script: RoeStateComponent to Entity ID: -2
[22:46:27.302] [info] [SetScriptVars] OK setting fields for: RoeStateComponent
[22:46:27.302] [info] [MonoDbg] AddEntityToScript - Syncing serialized fields for script: RoeStateComponent
[22:46:27.303] [info] [SetScriptVars] OK setting fields for: RoeStateComponent
[22:46:27.303] [info] [MonoDbg] AddEntityToScript - Instantiating and adding script: SpriteAnimation to Entity ID: -2
[22:46:27.303] [info] [SetScriptVars] OK setting fields for: SpriteAnimation
[22:46:27.303] [info] [MonoDbg] AddEntityToScript - Syncing serialized fields for script: SpriteAnimation
[22:46:27.303] [info] [SetScriptVars] OK setting fields for: SpriteAnimation
[22:46:27.304] [info] [MonoDbg] AddEntityToScript - Instantiating and adding script: TrailFollower to Entity ID: -3
[22:46:27.304] [info] [MonoDbg] AddEntityToScript - Syncing serialized fields for script: TrailFollower
[22:46:27.304] [info] [SetScriptVars] OK setting fields for: TrailFollower
[22:46:27.304] [info] [MonoDbg] AddEntityToScript - Instantiating and adding script: LevelingComponent to Entity ID: -3
[22:46:27.304] [info] [SetScriptVars] OK setting fields for: LevelingComponent
[22:46:27.304] [info] [MonoDbg] AddEntityToScript - Syncing serialized fields for script: LevelingComponent
[22:46:27.305] [info] [SetScriptVars] OK setting fields for: LevelingComponent
[22:46:27.305] [info] [MonoDbg] AddEntityToScript - Instantiating and adding script: RoeStateComponent to Entity ID: -3
[22:46:27.305] [info] [SetScriptVars] OK setting fields for: RoeStateComponent
[22:46:27.305] [info] [MonoDbg] AddEntityToScript - Syncing serialized fields for script: RoeStateComponent
[22:46:27.305] [info] [SetScriptVars] OK setting fields for: RoeStateComponent
[22:46:27.305] [info] [MonoDbg] AddEntityToScript - Instantiating and adding script: SpriteAnimation to Entity ID: -3
[22:46:27.306] [info] [SetScriptVars] OK setting fields for: SpriteAnimation
[22:46:27.306] [info] [MonoDbg] AddEntityToScript - Syncing serialized fields for script: SpriteAnimation
[22:46:27.306] [info] [SetScriptVars] OK setting fields for: SpriteAnimation
[22:46:27.311] [info] [MonoDbg] AddEntityToScript - Instantiating and adding script: ObjectiveProgressForText to Entity ID: 4
[22:46:27.311] [info] [SetScriptVars] OK setting fields for: ObjectiveProgressForText
[22:46:27.312] [info] [MonoDbg] AddEntityToScript - Syncing serialized fields for script: ObjectiveProgressForText
[22:46:27.312] [info] [SetScriptVars] OK setting fields for: ObjectiveProgressForText
[22:46:27.312] [info] [MonoDbg] AddEntityToScript - Instantiating and adding script: SpriteGauge to Entity ID: 5
[22:46:27.312] [info] [SetScriptVars] OK setting fields for: SpriteGauge
[22:46:27.312] [info] [MonoDbg] AddEntityToScript - Syncing serialized fields for script: SpriteGauge
[22:46:27.313] [info] [SetScriptVars] OK setting fields for: SpriteGauge
[22:46:27.313] [info] [MonoDbg] AddEntityToScript - Instantiating and adding script: ShowOnPhase to Entity ID: 7
[22:46:27.313] [info] [SetScriptVars] OK setting fields for: ShowOnPhase
[22:46:27.314] [info] [MonoDbg] AddEntityToScript - Syncing serialized fields for script: ShowOnPhase
[22:46:27.314] [info] [SetScriptVars] OK setting fields for: ShowOnPhase
[22:46:27.314] [info] [MonoDbg] AddEntityToScript - Instantiating and adding script: LastInputType to Entity ID: 7
[22:46:27.314] [info] [SetScriptVars] OK setting fields for: LastInputType
[22:46:27.314] [info] [MonoDbg] AddEntityToScript - Syncing serialized fields for script: LastInputType
[22:46:27.315] [info] [SetScriptVars] OK setting fields for: LastInputType
[22:46:27.315] [info] [MonoDbg] AddEntityToScript - Instantiating and adding script: ShowOnPhase to Entity ID: 8
[22:46:27.315] [info] [SetScriptVars] OK setting fields for: ShowOnPhase
[22:46:27.315] [info] [MonoDbg] AddEntityToScript - Syncing serialized fields for script: ShowOnPhase
[22:46:27.315] [info] [SetScriptVars] OK setting fields for: ShowOnPhase
[22:46:27.315] [info] [MonoDbg] AddEntityToScript - Instantiating and adding script: SpriteGauge to Entity ID: 8
[22:46:27.315] [info] [SetScriptVars] OK setting fields for: SpriteGauge
[22:46:27.316] [info] [MonoDbg] AddEntityToScript - Syncing serialized fields for script: SpriteGauge
[22:46:27.316] [info] [SetScriptVars] OK setting fields for: SpriteGauge
[22:46:27.316] [info] [MonoDbg] AddEntityToScript - Instantiating and adding script: ShowOnPhase to Entity ID: 10
[22:46:27.316] [info] [SetScriptVars] OK setting fields for: ShowOnPhase
[22:46:27.316] [info] [MonoDbg] AddEntityToScript - Syncing serialized fields for script: ShowOnPhase
[22:46:27.316] [info] [SetScriptVars] OK setting fields for: ShowOnPhase
[22:46:27.317] [info] [MonoDbg] AddEntityToScript - Instantiating and adding script: ShowOnPhase to Entity ID: 11
[22:46:27.317] [info] [SetScriptVars] OK setting fields for: ShowOnPhase
[22:46:27.317] [info] [MonoDbg] AddEntityToScript - Syncing serialized fields for script: ShowOnPhase
[22:46:27.317] [info] [SetScriptVars] OK setting fields for: ShowOnPhase
[22:46:27.317] [info] [MonoDbg] AddEntityToScript - Instantiating and adding script: ShowOnPhase to Entity ID: 12
[22:46:27.317] [info] [SetScriptVars] OK setting fields for: ShowOnPhase
[22:46:27.318] [info] [MonoDbg] AddEntityToScript - Syncing serialized fields for script: ShowOnPhase
[22:46:27.318] [info] [SetScriptVars] OK setting fields for: ShowOnPhase
[22:46:27.318] [info] [MonoDbg] AddEntityToScript - Instantiating and adding script: ShowOnPhase to Entity ID: 13
[22:46:27.318] [info] [SetScriptVars] OK setting fields for: ShowOnPhase
[22:46:27.318] [info] [MonoDbg] AddEntityToScript - Syncing serialized fields for script: ShowOnPhase
[22:46:27.319] [info] [SetScriptVars] OK setting fields for: ShowOnPhase
[22:46:27.319] [info] [MonoDbg] AddEntityToScript - Instantiating and adding script: ShowOnPhase to Entity ID: 14
[22:46:27.319] [info] [SetScriptVars] OK setting fields for: ShowOnPhase
[22:46:27.319] [info] [MonoDbg] AddEntityToScript - Syncing serialized fields for script: ShowOnPhase
[22:46:27.319] [info] [SetScriptVars] OK setting fields for: ShowOnPhase
[22:46:27.319] [info] [MonoDbg] AddEntityToScript - Instantiating and adding script: ShowOnPhase to Entity ID: 15
[22:46:27.320] [info] [SetScriptVars] OK setting fields for: ShowOnPhase
[22:46:27.320] [info] [MonoDbg] AddEntityToScript - Syncing serialized fields for script: ShowOnPhase
[22:46:27.320] [info] [SetScriptVars] OK setting fields for: ShowOnPhase
[22:46:27.320] [info] [MonoDbg] AddEntityToScript - Instantiating and adding script: ShowOnPhase to Entity ID: 16
[22:46:27.320] [info] [SetScriptVars] OK setting fields for: ShowOnPhase
[22:46:27.321] [info] [MonoDbg] AddEntityToScript - Syncing serialized fields for script: ShowOnPhase
[22:46:27.321] [info] [SetScriptVars] OK setting fields for: ShowOnPhase
[22:46:27.321] [info] [MonoDbg] AddEntityToScript - Instantiating and adding script: ShowOnPhase to Entity ID: 17
[22:46:27.321] [info] [SetScriptVars] OK setting fields for: ShowOnPhase
[22:46:27.321] [info] [MonoDbg] AddEntityToScript - Syncing serialized fields for script: ShowOnPhase
[22:46:27.321] [info] [SetScriptVars] OK setting fields for: ShowOnPhase
[22:46:27.321] [info] [MonoDbg] AddEntityToScript - Instantiating and adding script: ShowOnPhase to Entity ID: 18
[22:46:27.322] [info] [SetScriptVars] OK setting fields for: ShowOnPhase
[22:46:27.322] [info] [MonoDbg] AddEntityToScript - Syncing serialized fields for script: ShowOnPhase
[22:46:27.322] [info] [SetScriptVars] OK setting fields for: ShowOnPhase
[22:46:27.322] [info] [MonoDbg] AddEntityToScript - Instantiating and adding script: LastInputType to Entity ID: 20
[22:46:27.322] [info] [SetScriptVars] OK setting fields for: LastInputType
[22:46:27.323] [info] [MonoDbg] AddEntityToScript - Syncing serialized fields for script: LastInputType
[22:46:27.323] [info] [SetScriptVars] OK setting fields for: LastInputType
[22:46:27.323] [info] [MonoDbg] AddEntityToScript - Instantiating and adding script: KeyColorChanger to Entity ID: 24
[22:46:27.324] [info] [SetScriptVars] OK setting fields for: KeyColorChanger
[22:46:27.324] [info] [MonoDbg] AddEntityToScript - Syncing serialized fields for script: KeyColorChanger
[22:46:27.324] [info] [SetScriptVars] OK setting fields for: KeyColorChanger
[22:46:27.324] [info] [MonoDbg] AddEntityToScript - Instantiating and adding script: KeyColorChanger to Entity ID: 25
[22:46:27.324] [info] [SetScriptVars] OK setting fields for: KeyColorChanger
[22:46:27.325] [info] [MonoDbg] AddEntityToScript - Syncing serialized fields for script: KeyColorChanger
[22:46:27.325] [info] [SetScriptVars] OK setting fields for: KeyColorChanger
[22:46:27.325] [info] [MonoDbg] AddEntityToScript - Instantiating and adding script: KeyColorChanger to Entity ID: 26
[22:46:27.325] [info] [SetScriptVars] OK setting fields for: KeyColorChanger
[22:46:27.325] [info] [MonoDbg] AddEntityToScript - Syncing serialized fields for script: KeyColorChanger
[22:46:27.325] [info] [SetScriptVars] OK setting fields for: KeyColorChanger
[22:46:27.326] [info] [MonoDbg] AddEntityToScript - Instantiating and adding script: KeyColorChanger to Entity ID: 30
[22:46:27.326] [info] [SetScriptVars] OK setting fields for: KeyColorChanger
[22:46:27.326] [info] [MonoDbg] AddEntityToScript - Syncing serialized fields for script: KeyColorChanger
[22:46:27.326] [info] [SetScriptVars] OK setting fields for: KeyColorChanger
[22:46:27.327] [info] [MonoDbg] AddEntityToScript - Instantiating and adding script: StickColorChanger to Entity ID: 31
[22:46:27.327] [info] [SetScriptVars] OK setting fields for: StickColorChanger
[22:46:27.327] [info] [MonoDbg] AddEntityToScript - Syncing serialized fields for script: StickColorChanger
[22:46:27.327] [info] [SetScriptVars] OK setting fields for: StickColorChanger
[22:46:27.327] [info] [MonoDbg] AddEntityToScript - Instantiating and adding script: TriggerColorChanger to Entity ID: 32
[22:46:27.328] [info] [SetScriptVars] OK setting fields for: TriggerColorChanger
[22:46:27.328] [info] [MonoDbg] AddEntityToScript - Syncing serialized fields for script: TriggerColorChanger
[22:46:27.328] [info] [SetScriptVars] OK setting fields for: TriggerColorChanger
[22:46:27.328] [info] [MonoDbg] AddEntityToScript - Instantiating and adding script: TriggerColorChanger to Entity ID: 33
[22:46:27.328] [info] [SetScriptVars] OK setting fields for: TriggerColorChanger
[22:46:27.329] [info] [MonoDbg] AddEntityToScript - Syncing serialized fields for script: TriggerColorChanger
[22:46:27.329] [info] [SetScriptVars] OK setting fields for: TriggerColorChanger
[22:46:27.329] [info] [MonoDbg] AddEntityToScript - Instantiating and adding script: LastInputType to Entity ID: 37
[22:46:27.329] [info] [SetScriptVars] OK setting fields for: LastInputType
[22:46:27.329] [info] [MonoDbg] AddEntityToScript - Syncing serialized fields for script: LastInputType
[22:46:27.329] [info] [SetScriptVars] OK setting fields for: LastInputType
[22:46:27.330] [info] [MonoDbg] AddEntityToScript - Instantiating and adding script: LastInputType to Entity ID: 41
[22:46:27.330] [info] [SetScriptVars] OK setting fields for: LastInputType
[22:46:27.330] [info] [MonoDbg] AddEntityToScript - Syncing serialized fields for script: LastInputType
[22:46:27.330] [info] [SetScriptVars] OK setting fields for: LastInputType
[22:46:27.330] [info] [MonoDbg] AddEntityToScript - Instantiating and adding script: PlayerHPUI to Entity ID: 46
[22:46:27.331] [info] [SetScriptVars] OK setting fields for: PlayerHPUI
[22:46:27.331] [info] [MonoDbg] AddEntityToScript - Syncing serialized fields for script: PlayerHPUI
[22:46:27.331] [info] [SetScriptVars] OK setting fields for: PlayerHPUI
[22:46:27.331] [info] [MonoDbg] AddEntityToScript - Instantiating and adding script: SpriteAnimation to Entity ID: 47
[22:46:27.331] [info] [SetScriptVars] OK setting fields for: SpriteAnimation
[22:46:27.332] [info] [MonoDbg] AddEntityToScript - Syncing serialized fields for script: SpriteAnimation
[22:46:27.332] [info] [SetScriptVars] OK setting fields for: SpriteAnimation
[22:46:27.332] [info] [MonoDbg] AddEntityToScript - Instantiating and adding script: SpriteAnimation to Entity ID: 48
[22:46:27.332] [info] [SetScriptVars] OK setting fields for: SpriteAnimation
[22:46:27.332] [info] [MonoDbg] AddEntityToScript - Syncing serialized fields for script: SpriteAnimation
[22:46:27.332] [info] [SetScriptVars] OK setting fields for: SpriteAnimation
[22:46:27.332] [info] [MonoDbg] AddEntityToScript - Instantiating and adding script: SpriteAnimation to Entity ID: 49
[22:46:27.333] [info] [SetScriptVars] OK setting fields for: SpriteAnimation
[22:46:27.333] [info] [MonoDbg] AddEntityToScript - Syncing serialized fields for script: SpriteAnimation
[22:46:27.333] [info] [SetScriptVars] OK setting fields for: SpriteAnimation
[22:46:27.333] [info] [MonoDbg] AddEntityToScript - Instantiating and adding script: SpriteAnimation to Entity ID: 50
[22:46:27.333] [info] [SetScriptVars] OK setting fields for: SpriteAnimation
[22:46:27.334] [info] [MonoDbg] AddEntityToScript - Syncing serialized fields for script: SpriteAnimation
[22:46:27.334] [info] [SetScriptVars] OK setting fields for: SpriteAnimation
[22:46:27.334] [info] [MonoDbg] AddEntityToScript - Instantiating and adding script: SpriteAnimation to Entity ID: 51
[22:46:27.334] [info] [SetScriptVars] OK setting fields for: SpriteAnimation
[22:46:27.334] [info] [MonoDbg] AddEntityToScript - Syncing serialized fields for script: SpriteAnimation
[22:46:27.334] [info] [SetScriptVars] OK setting fields for: SpriteAnimation
[22:46:27.335] [info] [MonoDbg] AddEntityToScript - Instantiating and adding script: SpriteAnimation to Entity ID: 52
[22:46:27.335] [info] [SetScriptVars] OK setting fields for: SpriteAnimation
[22:46:27.335] [info] [MonoDbg] AddEntityToScript - Syncing serialized fields for script: SpriteAnimation
[22:46:27.335] [info] [SetScriptVars] OK setting fields for: SpriteAnimation
[22:46:27.335] [info] [MonoDbg] AddEntityToScript - Instantiating and adding script: SpriteAnimation to Entity ID: 53
[22:46:27.335] [info] [SetScriptVars] OK setting fields for: SpriteAnimation
[22:46:27.336] [info] [MonoDbg] AddEntityToScript - Syncing serialized fields for script: SpriteAnimation
[22:46:27.336] [info] [SetScriptVars] OK setting fields for: SpriteAnimation
[22:46:27.336] [info] [MonoDbg] AddEntityToScript - Instantiating and adding script: SpriteAnimation to Entity ID: 54
[22:46:27.336] [info] [SetScriptVars] OK setting fields for: SpriteAnimation
[22:46:27.336] [info] [MonoDbg] AddEntityToScript - Syncing serialized fields for script: SpriteAnimation
[22:46:27.337] [info] [SetScriptVars] OK setting fields for: SpriteAnimation
[22:46:27.337] [info] [MonoDbg] AddEntityToScript - Instantiating and adding script: SpriteAnimation to Entity ID: 55
[22:46:27.337] [info] [SetScriptVars] OK setting fields for: SpriteAnimation
[22:46:27.337] [info] [MonoDbg] AddEntityToScript - Syncing serialized fields for script: SpriteAnimation
[22:46:27.337] [info] [SetScriptVars] OK setting fields for: SpriteAnimation
[22:46:27.337] [info] [MonoDbg] AddEntityToScript - Instantiating and adding script: SpriteAnimation to Entity ID: 56
[22:46:27.338] [info] [SetScriptVars] OK setting fields for: SpriteAnimation
[22:46:27.338] [info] [MonoDbg] AddEntityToScript - Syncing serialized fields for script: SpriteAnimation
[22:46:27.338] [info] [SetScriptVars] OK setting fields for: SpriteAnimation
[22:46:27.338] [info] [MonoDbg] AddEntityToScript - Instantiating and adding script: SpriteAnimation to Entity ID: 57
[22:46:27.338] [info] [SetScriptVars] OK setting fields for: SpriteAnimation
[22:46:27.338] [info] [MonoDbg] AddEntityToScript - Syncing serialized fields for script: SpriteAnimation
[22:46:27.338] [info] [SetScriptVars] OK setting fields for: SpriteAnimation
[22:46:27.339] [info] [MonoDbg] AddEntityToScript - Instantiating and adding script: SpriteAnimation to Entity ID: 58
[22:46:27.339] [info] [SetScriptVars] OK setting fields for: SpriteAnimation
[22:46:27.339] [info] [MonoDbg] AddEntityToScript - Syncing serialized fields for script: SpriteAnimation
[22:46:27.339] [info] [SetScriptVars] OK setting fields for: SpriteAnimation
[22:46:27.339] [info] [MonoDbg] AddEntityToScript - Instantiating and adding script: ShowOnPhase to Entity ID: 59
[22:46:27.339] [info] [SetScriptVars] OK setting fields for: ShowOnPhase
[22:46:27.340] [info] [MonoDbg] AddEntityToScript - Syncing serialized fields for script: ShowOnPhase
[22:46:27.340] [info] [SetScriptVars] OK setting fields for: ShowOnPhase
[22:46:27.341] [info] [MonoDbg] AddEntityToScript - Instantiating and adding script: SpriteInputFeedback to Entity ID: 59
[22:46:27.341] [info] [SetScriptVars] OK setting fields for: SpriteInputFeedback
[22:46:27.341] [info] [MonoDbg] AddEntityToScript - Syncing serialized fields for script: SpriteInputFeedback
[22:46:27.341] [info] [SetScriptVars] OK setting fields for: SpriteInputFeedback
[22:46:27.341] [info] [MonoDbg] AddEntityToScript - Instantiating and adding script: ShowOnPhase to Entity ID: 60
[22:46:27.342] [info] [SetScriptVars] OK setting fields for: ShowOnPhase
[22:46:27.342] [info] [MonoDbg] AddEntityToScript - Syncing serialized fields for script: ShowOnPhase
[22:46:27.342] [info] [SetScriptVars] OK setting fields for: ShowOnPhase
[22:46:27.342] [info] [MonoDbg] AddEntityToScript - Instantiating and adding script: ShowOnPhase to Entity ID: 61
[22:46:27.342] [info] [SetScriptVars] OK setting fields for: ShowOnPhase
[22:46:27.343] [info] [MonoDbg] AddEntityToScript - Syncing serialized fields for script: ShowOnPhase
[22:46:27.343] [info] [SetScriptVars] OK setting fields for: ShowOnPhase
[22:46:27.343] [info] [MonoDbg] AddEntityToScript - Instantiating and adding script: SpriteInputFeedback to Entity ID: 61
[22:46:27.343] [info] [SetScriptVars] OK setting fields for: SpriteInputFeedback
[22:46:27.343] [info] [MonoDbg] AddEntityToScript - Syncing serialized fields for script: SpriteInputFeedback
[22:46:27.344] [info] [SetScriptVars] OK setting fields for: SpriteInputFeedback
[22:46:27.367] [info] dx depth stencil create success!!
[22:46:27.373] [info] [RenderingFramework] Drawing group: GameScene | Index: 0 | groupRenderTex: 3054437959120 | colorResource: 3054246602368 | ClearColor: (0.100000, 0.250000, 0.500000, 1.000000)
[22:46:27.376] [warning] [RenderingFramework] Skipping group: GameUIScene (Camera is Projection Failed)
[22:46:27.393] [info] dx depth stencil create success!!
[22:46:27.399] [info] [RenderingFramework] Drawing group: GameUIScene | Index: 1 | groupRenderTex: 3054437960848 | colorResource: 3054246609712 | ClearColor: (0.000000, 0.000000, 0.000000, 0.000000)
[22:46:27.452] [warning] [WaterCaustics] Execute skipped: ScreenPostEffectTag not found in group: GameUIScene
[22:46:27.453] [warning] [WaterDepthFog] Execute skipped: ScreenPostEffectTag not found in group: GameUIScene
[22:46:27.453] [warning] [WaterColorGrading] Execute skipped: ScreenPostEffectTag not found in group: GameUIScene
[22:46:27.453] [warning] [WaterDistortion] Execute skipped: ScreenPostEffectTag not found in group: GameUIScene
[22:46:29.215] [info] [SOURCE_DETECTOR] C# requested CreateEntity: Prefab = Roe
[22:46:29.216] [info] [SOURCE_DETECTOR] Engine creating Entity (Internal)
[22:46:29.216] [info] [CPP ECS] FromJson - Adding component 'Transform' to entity 'Roe'
[22:46:29.216] [info] [CPP ECS] FromJson - Adding component 'Variables' to entity 'Roe'
[22:46:29.216] [info] [CPP ECS] FromJson - Adding component 'Script' to entity 'Roe'
[22:46:29.216] [info] [CPP ECS] FromJson - Adding component 'SpriteRenderer' to entity 'Roe'
[22:46:29.217] [info] Script TrailFollower found for Entity ID: -4
[22:46:29.217] [info] [SetScriptVars] OK setting fields for: TrailFollower
[22:46:29.217] [info] Script RoeStateComponent found for Entity ID: -4
[22:46:29.218] [info] [SetScriptVars] OK setting fields for: RoeStateComponent
[22:46:29.232] [info] [MonoDbg] AddEntityToScript - Instantiating and adding script: TrailFollower to Entity ID: -4
[22:46:29.233] [info] [MonoDbg] AddEntityToScript - Syncing serialized fields for script: TrailFollower
[22:46:29.233] [info] [SetScriptVars] OK setting fields for: TrailFollower
[22:46:29.233] [info] [MonoDbg] AddEntityToScript - Instantiating and adding script: LevelingComponent to Entity ID: -4
[22:46:29.233] [info] [SetScriptVars] OK setting fields for: LevelingComponent
[22:46:29.233] [info] [MonoDbg] AddEntityToScript - Syncing serialized fields for script: LevelingComponent
[22:46:29.233] [info] [SetScriptVars] OK setting fields for: LevelingComponent
[22:46:29.233] [info] [MonoDbg] AddEntityToScript - Instantiating and adding script: RoeStateComponent to Entity ID: -4
[22:46:29.234] [info] [MonoDbg] AddEntityToScript - Syncing serialized fields for script: RoeStateComponent
[22:46:29.234] [info] [SetScriptVars] OK setting fields for: RoeStateComponent
[22:46:29.234] [info] [MonoDbg] AddEntityToScript - Instantiating and adding script: SpriteAnimation to Entity ID: -4
[22:46:29.234] [info] [SetScriptVars] OK setting fields for: SpriteAnimation
[22:46:29.234] [info] [MonoDbg] AddEntityToScript - Syncing serialized fields for script: SpriteAnimation
[22:46:29.234] [info] [SetScriptVars] OK setting fields for: SpriteAnimation
[22:46:29.975] [info] [SOURCE_DETECTOR] C# requested CreateEntity: Prefab = Bullet
[22:46:29.975] [info] [SOURCE_DETECTOR] Engine creating Entity (Internal)
[22:46:29.975] [info] [CPP ECS] FromJson - Adding component 'Transform' to entity 'Bullet'
[22:46:29.976] [info] [CPP ECS] FromJson - Adding component 'CircleCollider' to entity 'Bullet'
[22:46:29.976] [info] [CPP ECS] FromJson - Adding component 'Variables' to entity 'Bullet'
[22:46:29.976] [info] [CPP ECS] FromJson - Adding component 'Script' to entity 'Bullet'
[22:46:29.976] [info] [CPP ECS] FromJson - Adding component 'SpriteRenderer' to entity 'Bullet'
[22:46:29.976] [info] Script Bullet found for Entity ID: -5
[22:46:29.977] [info] [SetScriptVars] OK setting fields for: Bullet
[22:46:29.986] [error] Entity not found for ID: 0
[22:46:29.999] [info] [MonoDbg] AddEntityToScript - Instantiating and adding script: Bullet to Entity ID: -5
[22:46:29.999] [info] [MonoDbg] AddEntityToScript - Syncing serialized fields for script: Bullet
[22:46:29.999] [info] [SetScriptVars] OK setting fields for: Bullet
[22:46:29.999] [info] [MonoDbg] AddEntityToScript - Instantiating and adding script: AttackCollision to Entity ID: -5
[22:46:29.999] [info] [SetScriptVars] OK setting fields for: AttackCollision
[22:46:29.999] [info] [MonoDbg] AddEntityToScript - Syncing serialized fields for script: AttackCollision
[22:46:30.000] [info] [SetScriptVars] OK setting fields for: AttackCollision
[22:46:30.000] [info] [MonoDbg] AddEntityToScript - Instantiating and adding script: ShakeOnHit to Entity ID: -5
[22:46:30.000] [info] [SetScriptVars] OK setting fields for: ShakeOnHit
[22:46:30.000] [info] [MonoDbg] AddEntityToScript - Syncing serialized fields for script: ShakeOnHit
[22:46:30.000] [info] [SetScriptVars] OK setting fields for: ShakeOnHit
[22:46:30.001] [error] Entity not found for ID: 0
[22:46:30.013] [error] Entity not found for ID: 0
[22:46:30.024] [error] Entity not found for ID: 0
[22:46:30.042] [info] [SOURCE_DETECTOR] C# requested CreateEntity: Prefab = playerDashParticle
[22:46:30.042] [info] [SOURCE_DETECTOR] Engine creating Entity (Internal)
[22:46:30.042] [info] [CPP ECS] FromJson - Adding component 'Transform' to entity 'playerDashParticle'
[22:46:30.043] [info] [CPP ECS] FromJson - Adding component 'Variables' to entity 'playerDashParticle'
[22:46:30.043] [info] [CPP ECS] FromJson - Adding component 'ParticleSystem2D' to entity 'playerDashParticle'
[22:46:30.045] [error] Entity not found for ID: 0
[22:46:30.059] [error] Entity not found for ID: 0
[22:46:30.074] [error] Entity not found for ID: 0
[22:46:30.091] [error] Entity not found for ID: 0
[22:46:30.108] [error] Entity not found for ID: 0
[22:46:30.124] [error] Entity not found for ID: 0
[22:46:30.141] [error] Entity not found for ID: 0
[22:46:30.158] [error] Entity not found for ID: 0
[22:46:30.174] [error] Entity not found for ID: 0
[22:46:30.182] [info] [SOURCE_DETECTOR] C# requested CreateEntity: Prefab = MorayEelPot
[22:46:30.182] [info] [SOURCE_DETECTOR] Engine creating Entity (Internal)
[22:46:30.182] [info] [CPP ECS] FromJson - Adding component 'Transform' to entity 'MorayEelPot'
[22:46:30.183] [info] [CPP ECS] FromJson - Adding component 'CircleCollider' to entity 'MorayEelPot'
[22:46:30.183] [info] [CPP ECS] FromJson - Adding component 'Variables' to entity 'MorayEelPot'
[22:46:30.183] [info] [CPP ECS] FromJson - Adding component 'Script' to entity 'MorayEelPot'
[22:46:30.183] [info] [CPP ECS] FromJson - Adding component 'SpriteRenderer' to entity 'MorayEelPot'
[22:46:30.183] [info] [CPP ECS] FromJson - Adding component 'Rigidbody2D' to entity 'MorayEelPot'
[22:46:30.185] [info] Collision Enter 2D Event Invoked
[22:46:30.185] [info] Collision Enter 2D Event Invoked
[22:46:30.185] [info] Collision Enter 2D Event Invoked
[22:46:30.185] [info] Collision Enter 2D Event Invoked
[22:46:30.197] [info] [MonoDbg] AddEntityToScript - Instantiating and adding script: MorayEelPot to Entity ID: -6
[22:46:30.197] [info] [SetScriptVars] OK setting fields for: MorayEelPot
[22:46:30.197] [info] [MonoDbg] AddEntityToScript - Syncing serialized fields for script: MorayEelPot
[22:46:30.197] [info] [SetScriptVars] OK setting fields for: MorayEelPot
[22:46:30.198] [info] [MonoDbg] AddEntityToScript - Instantiating and adding script: DespawnTimer to Entity ID: -6
[22:46:30.198] [info] [SetScriptVars] OK setting fields for: DespawnTimer
[22:46:30.198] [info] [MonoDbg] AddEntityToScript - Syncing serialized fields for script: DespawnTimer
[22:46:30.198] [info] [SetScriptVars] OK setting fields for: DespawnTimer
[22:46:30.198] [info] [MonoDbg] AddEntityToScript - Instantiating and adding script: AttackCollision to Entity ID: -6
[22:46:30.198] [info] [SetScriptVars] OK setting fields for: AttackCollision
[22:46:30.199] [info] [MonoDbg] AddEntityToScript - Syncing serialized fields for script: AttackCollision
[22:46:30.199] [info] [SetScriptVars] OK setting fields for: AttackCollision
[22:46:30.199] [info] [MonoDbg] AddEntityToScript - Instantiating and adding script: HP to Entity ID: -6
[22:46:30.199] [info] [SetScriptVars] OK setting fields for: HP
[22:46:30.199] [info] [MonoDbg] AddEntityToScript - Syncing serialized fields for script: HP
[22:46:30.199] [info] [SetScriptVars] OK setting fields for: HP
[22:46:30.200] [info] [MonoDbg] AddEntityToScript - Instantiating and adding script: ExpDropper to Entity ID: -6
[22:46:30.200] [info] [SetScriptVars] OK setting fields for: ExpDropper
[22:46:30.200] [info] [MonoDbg] AddEntityToScript - Syncing serialized fields for script: ExpDropper
[22:46:30.200] [info] [SetScriptVars] OK setting fields for: ExpDropper
[22:46:30.200] [info] [MonoDbg] AddEntityToScript - Instantiating and adding script: FlashOnDamaged to Entity ID: -6
[22:46:30.201] [info] [SetScriptVars] OK setting fields for: FlashOnDamaged
[22:46:30.201] [info] [MonoDbg] AddEntityToScript - Syncing serialized fields for script: FlashOnDamaged
[22:46:30.201] [info] [SetScriptVars] OK setting fields for: FlashOnDamaged
[22:46:30.201] [info] [MonoDbg] AddEntityToScript - Instantiating and adding script: ShakeSelfOnDamaged to Entity ID: -6
[22:46:30.201] [info] [SetScriptVars] OK setting fields for: ShakeSelfOnDamaged
[22:46:30.202] [info] [MonoDbg] AddEntityToScript - Syncing serialized fields for script: ShakeSelfOnDamaged
[22:46:30.202] [info] [SetScriptVars] OK setting fields for: ShakeSelfOnDamaged
[22:46:30.204] [error] Entity not found for ID: 0
[22:46:30.218] [error] Entity not found for ID: 0
[22:46:30.229] [error] Entity not found for ID: 0
[22:46:30.241] [error] Entity not found for ID: 0
[22:46:30.258] [error] Entity not found for ID: 0
[22:46:30.275] [error] Entity not found for ID: 0
[22:46:30.291] [error] Entity not found for ID: 0
[22:46:30.308] [error] Entity not found for ID: 0
[22:46:30.324] [error] Entity not found for ID: 0
[22:46:30.342] [error] Entity not found for ID: 0
[22:46:30.358] [error] Entity not found for ID: 0
[22:46:30.375] [error] Entity not found for ID: 0
[22:46:30.391] [error] Entity not found for ID: 0
[22:46:30.408] [error] Entity not found for ID: 0
[22:46:30.425] [error] Entity not found for ID: 0
[22:46:30.441] [error] Entity not found for ID: 0
[22:46:30.458] [error] Entity not found for ID: 0
[22:46:30.475] [error] Entity not found for ID: 0
[22:46:30.492] [error] Entity not found for ID: 0
[22:46:30.508] [error] Entity not found for ID: 0
[22:46:30.524] [error] Entity not found for ID: 0
[22:46:30.541] [error] Entity not found for ID: 0
[22:46:30.558] [error] Entity not found for ID: 0
[22:46:30.575] [error] Entity not found for ID: 0
[22:46:30.592] [error] Entity not found for ID: 0
[22:46:30.608] [error] Entity not found for ID: 0
[22:46:30.625] [error] Entity not found for ID: 0
[22:46:30.641] [error] Entity not found for ID: 0
[22:46:30.658] [error] Entity not found for ID: 0
[22:46:30.675] [error] Entity not found for ID: 0
[22:46:30.692] [error] Entity not found for ID: 0
[22:46:30.693] [info] Collision Exit 2D Event Invoked
[22:46:30.693] [info] Collision Exit 2D Event Invoked
[22:46:30.693] [info] Collision Exit 2D Event Invoked
[22:46:30.693] [info] Collision Exit 2D Event Invoked
[22:46:30.693] [info] Collision Exit 2D Event Invoked
[22:46:30.693] [info] Collision Exit 2D Event Invoked
[22:46:30.694] [info] Collision Exit 2D Event Invoked
[22:46:30.694] [info] Collision Exit 2D Event Invoked
[22:46:30.694] [info] Collision Exit 2D Event Invoked
[22:46:30.694] [info] Collision Exit 2D Event Invoked
[22:46:30.694] [info] Collision Exit 2D Event Invoked
[22:46:30.708] [error] Entity not found for ID: 0
[22:46:30.725] [error] Entity not found for ID: 0
[22:46:30.742] [error] Entity not found for ID: 0
[22:46:30.759] [error] Entity not found for ID: 0
[22:46:30.775] [error] Entity not found for ID: 0
[22:46:30.792] [error] Entity not found for ID: 0
[22:46:30.809] [error] Entity not found for ID: 0
[22:46:30.826] [error] Entity not found for ID: 0
[22:46:30.841] [error] Entity not found for ID: 0
[22:46:30.859] [error] Entity not found for ID: 0
[22:46:30.875] [error] Entity not found for ID: 0
[22:46:30.892] [error] Entity not found for ID: 0
[22:46:30.908] [error] Entity not found for ID: 0
[22:46:30.925] [error] Entity not found for ID: 0
[22:46:30.941] [error] Entity not found for ID: 0
[22:46:30.958] [error] Entity not found for ID: 0
[22:46:30.975] [error] Entity not found for ID: 0
[22:46:30.991] [error] Entity not found for ID: 0
[22:46:31.008] [error] Entity not found for ID: 0
[22:46:31.024] [error] Entity not found for ID: 0
[22:46:31.041] [error] Entity not found for ID: 0
[22:46:31.058] [error] Entity not found for ID: 0
[22:46:31.074] [error] Entity not found for ID: 0
[22:46:31.091] [error] Entity not found for ID: 0
[22:46:31.108] [error] Entity not found for ID: 0
[22:46:31.124] [error] Entity not found for ID: 0
[22:46:31.142] [error] Entity not found for ID: 0
[22:46:31.158] [error] Entity not found for ID: 0
[22:46:31.175] [error] Entity not found for ID: 0
[22:46:31.175] [info] [SOURCE_DETECTOR] C# requested CreateEntity: Prefab = FlapjackOctopus
[22:46:31.175] [info] [SOURCE_DETECTOR] Engine creating Entity (Internal)
[22:46:31.176] [info] [CPP ECS] FromJson - Adding component 'Transform' to entity 'FlapjackOctopus'
[22:46:31.176] [info] [CPP ECS] FromJson - Adding component 'CircleCollider' to entity 'FlapjackOctopus'
[22:46:31.176] [info] [CPP ECS] FromJson - Adding component 'Variables' to entity 'FlapjackOctopus'
[22:46:31.176] [info] [CPP ECS] FromJson - Adding component 'Script' to entity 'FlapjackOctopus'
[22:46:31.176] [info] [CPP ECS] FromJson - Adding component 'SpriteRenderer' to entity 'FlapjackOctopus'
[22:46:31.176] [info] [CPP ECS] FromJson - Adding component 'Rigidbody2D' to entity 'FlapjackOctopus'
[22:46:31.177] [info] Collision Enter 2D Event Invoked
[22:46:31.177] [info] Collision Enter 2D Event Invoked
[22:46:31.177] [info] Collision Enter 2D Event Invoked
[22:46:31.178] [info] Collision Enter 2D Event Invoked
[22:46:31.191] [info] [MonoDbg] AddEntityToScript - Instantiating and adding script: SpriteAnimation to Entity ID: -7
[22:46:31.191] [info] [SetScriptVars] OK setting fields for: SpriteAnimation
[22:46:31.191] [info] [MonoDbg] AddEntityToScript - Syncing serialized fields for script: SpriteAnimation
[22:46:31.191] [info] [SetScriptVars] OK setting fields for: SpriteAnimation
[22:46:31.192] [info] [MonoDbg] AddEntityToScript - Instantiating and adding script: TargetRangeDetector to Entity ID: -7
[22:46:31.192] [info] [SetScriptVars] OK setting fields for: TargetRangeDetector
[22:46:31.192] [info] [MonoDbg] AddEntityToScript - Syncing serialized fields for script: TargetRangeDetector
[22:46:31.193] [info] [SetScriptVars] OK setting fields for: TargetRangeDetector
[22:46:31.193] [info] [MonoDbg] AddEntityToScript - Instantiating and adding script: FlapjackOctopus to Entity ID: -7
[22:46:31.194] [info] [SetScriptVars] OK setting fields for: FlapjackOctopus
[22:46:31.194] [info] [MonoDbg] AddEntityToScript - Syncing serialized fields for script: FlapjackOctopus
[22:46:31.194] [info] [SetScriptVars] OK setting fields for: FlapjackOctopus
[22:46:31.194] [info] [MonoDbg] AddEntityToScript - Instantiating and adding script: HP to Entity ID: -7
[22:46:31.194] [info] [SetScriptVars] OK setting fields for: HP
[22:46:31.195] [info] [MonoDbg] AddEntityToScript - Syncing serialized fields for script: HP
[22:46:31.195] [info] [SetScriptVars] OK setting fields for: HP
[22:46:31.195] [info] [MonoDbg] AddEntityToScript - Instantiating and adding script: ParticleOffset to Entity ID: -7
[22:46:31.195] [info] [SetScriptVars] no group for scriptName: ParticleOffset  groups: 9
[22:46:31.195] [info] [MonoDbg] AddEntityToScript - Syncing serialized fields for script: ParticleOffset
[22:46:31.196] [info] [SetScriptVars] no group for scriptName: ParticleOffset  groups: 9
[22:46:31.196] [info] [MonoDbg] AddEntityToScript - Instantiating and adding script: AttackCollision to Entity ID: -7
[22:46:31.196] [info] [SetScriptVars] OK setting fields for: AttackCollision
[22:46:31.196] [info] [MonoDbg] AddEntityToScript - Syncing serialized fields for script: AttackCollision
[22:46:31.196] [info] [SetScriptVars] OK setting fields for: AttackCollision
[22:46:31.196] [info] [MonoDbg] AddEntityToScript - Instantiating and adding script: ExpDropper to Entity ID: -7
[22:46:31.197] [info] [SetScriptVars] OK setting fields for: ExpDropper
[22:46:31.197] [info] [MonoDbg] AddEntityToScript - Syncing serialized fields for script: ExpDropper
[22:46:31.197] [info] [SetScriptVars] OK setting fields for: ExpDropper
[22:46:31.197] [info] [MonoDbg] AddEntityToScript - Instantiating and adding script: DespawnTimer to Entity ID: -7
[22:46:31.197] [info] [SetScriptVars] OK setting fields for: DespawnTimer
[22:46:31.197] [info] [MonoDbg] AddEntityToScript - Syncing serialized fields for script: DespawnTimer
[22:46:31.198] [info] [SetScriptVars] OK setting fields for: DespawnTimer
[22:46:31.198] [info] [MonoDbg] AddEntityToScript - Instantiating and adding script: FlashOnDamaged to Entity ID: -7
[22:46:31.198] [info] [SetScriptVars] OK setting fields for: FlashOnDamaged
[22:46:31.198] [info] [MonoDbg] AddEntityToScript - Syncing serialized fields for script: FlashOnDamaged
[22:46:31.198] [info] [SetScriptVars] OK setting fields for: FlashOnDamaged
[22:46:31.198] [info] [MonoDbg] AddEntityToScript - Instantiating and adding script: ShakeSelfOnDamaged to Entity ID: -7
[22:46:31.199] [info] [SetScriptVars] OK setting fields for: ShakeSelfOnDamaged
[22:46:31.199] [info] [MonoDbg] AddEntityToScript - Syncing serialized fields for script: ShakeSelfOnDamaged
[22:46:31.199] [info] [SetScriptVars] OK setting fields for: ShakeSelfOnDamaged
[22:46:31.209] [info] [SOURCE_DETECTOR] C# requested CreateEntity: Prefab = surfaceOctopusParticle
[22:46:31.209] [info] [SOURCE_DETECTOR] Engine creating Entity (Internal)
[22:46:31.209] [info] [CPP ECS] FromJson - Adding component 'Transform' to entity 'surfaceOctopusParticle'
[22:46:31.209] [info] [CPP ECS] FromJson - Adding component 'Variables' to entity 'surfaceOctopusParticle'
[22:46:31.209] [info] [CPP ECS] FromJson - Adding component 'ParticleSystem2D' to entity 'surfaceOctopusParticle'
[22:46:31.210] [error] Entity not found for ID: 0
[22:46:31.230] [error] Entity not found for ID: 0
[22:46:31.243] [error] Entity not found for ID: 0
[22:46:31.254] [error] Entity not found for ID: 0
[22:46:31.267] [error] Entity not found for ID: 0
[22:46:31.279] [error] Entity not found for ID: 0
[22:46:31.292] [error] Entity not found for ID: 0
[22:46:31.308] [error] Entity not found for ID: 0
[22:46:31.325] [error] Entity not found for ID: 0
[22:46:31.341] [error] Entity not found for ID: 0
[22:46:31.358] [error] Entity not found for ID: 0
[22:46:31.374] [error] Entity not found for ID: 0
[22:46:31.391] [error] Entity not found for ID: 0
[22:46:31.408] [error] Entity not found for ID: 0
[22:46:31.424] [error] Entity not found for ID: 0
[22:46:31.444] [error] Entity not found for ID: 0
[22:46:31.458] [error] Entity not found for ID: 0
[22:46:31.475] [error] Entity not found for ID: 0
[22:46:31.491] [error] Entity not found for ID: 0
[22:46:31.508] [error] Entity not found for ID: 0
[22:46:31.525] [error] Entity not found for ID: 0
[22:46:31.541] [error] Entity not found for ID: 0
[22:46:31.558] [error] Entity not found for ID: 0
[22:46:31.575] [error] Entity not found for ID: 0
[22:46:31.591] [error] Entity not found for ID: 0
[22:46:31.608] [error] Entity not found for ID: 0
[22:46:31.624] [error] Entity not found for ID: 0
[22:46:31.641] [info] [SOURCE_DETECTOR] C# requested CreateEntity: Prefab = playerDashParticle
[22:46:31.641] [info] [SOURCE_DETECTOR] Engine creating Entity (Internal)
[22:46:31.641] [info] [CPP ECS] FromJson - Adding component 'Transform' to entity 'playerDashParticle'
[22:46:31.641] [info] [CPP ECS] FromJson - Adding component 'Variables' to entity 'playerDashParticle'
[22:46:31.641] [info] [CPP ECS] FromJson - Adding component 'ParticleSystem2D' to entity 'playerDashParticle'
[22:46:31.642] [error] Entity not found for ID: 0
[22:46:31.658] [error] Entity not found for ID: 0
[22:46:31.674] [error] Entity not found for ID: 0
[22:46:31.691] [error] Entity not found for ID: 0
[22:46:31.707] [error] Entity not found for ID: 0
[22:46:31.708] [info] Collision Enter 2D Event Invoked
[22:46:31.708] [info] Collision Enter 2D Event Invoked
[22:46:31.708] [info] Collision Enter 2D Event Invoked
[22:46:31.709] [info] Collision Enter 2D Event Invoked
[22:46:31.709] [info] Collision Enter 2D Event Invoked
[22:46:31.710] [info] Collision Enter 2D Event Invoked
[22:46:31.710] [info] Collision Enter 2D Event Invoked
[22:46:31.710] [info] Collision Enter 2D Event Invoked
[22:46:31.710] [info] Collision Enter 2D Event Invoked
[22:46:31.710] [info] Collision Enter 2D Event Invoked
[22:46:31.710] [info] Collision Enter 2D Event Invoked
[22:46:31.711] [info] Collision Enter 2D Event Invoked
[22:46:31.711] [info] Collision Enter 2D Event Invoked
[22:46:31.711] [info] Collision Enter 2D Event Invoked
[22:46:31.724] [error] Entity not found for ID: 0
[22:46:31.741] [error] Entity not found for ID: 0
[22:46:31.758] [error] Entity not found for ID: 0
[22:46:31.774] [error] Entity not found for ID: 0
[22:46:31.791] [error] Entity not found for ID: 0
[22:46:31.808] [error] Entity not found for ID: 0
[22:46:31.824] [error] Entity not found for ID: 0
[22:46:31.841] [error] Entity not found for ID: 0
[22:46:31.858] [error] Entity not found for ID: 0
[22:46:31.874] [error] Entity not found for ID: 0
[22:46:31.891] [error] Entity not found for ID: 0
[22:46:31.907] [error] Entity not found for ID: 0
[22:46:31.924] [error] Entity not found for ID: 0
[22:46:31.940] [error] Entity not found for ID: 0
[22:46:31.958] [error] Entity not found for ID: 0
[22:46:31.974] [error] Entity not found for ID: 0
[22:46:31.991] [error] Entity not found for ID: 0
[22:46:32.008] [error] Entity not found for ID: 0
[22:46:32.024] [error] Entity not found for ID: 0
[22:46:32.041] [error] Entity not found for ID: 0
[22:46:32.058] [error] Entity not found for ID: 0
[22:46:32.074] [error] Entity not found for ID: 0
[22:46:32.091] [error] Entity not found for ID: 0
[22:46:32.108] [error] Entity not found for ID: 0
[22:46:32.124] [error] Entity not found for ID: 0
[22:46:32.141] [error] Entity not found for ID: 0
[22:46:32.157] [error] Entity not found for ID: 0
[22:46:32.175] [error] Entity not found for ID: 0
[22:46:32.192] [error] Entity not found for ID: 0
[22:46:32.192] [info] [SOURCE_DETECTOR] C# requested CreateEntity: Prefab = SeaCow
[22:46:32.192] [info] [SOURCE_DETECTOR] Engine creating Entity (Internal)
[22:46:32.193] [info] [CPP ECS] FromJson - Adding component 'Transform' to entity 'SeaCow'
[22:46:32.193] [info] [CPP ECS] FromJson - Adding component 'CircleCollider' to entity 'SeaCow'
[22:46:32.193] [info] [CPP ECS] FromJson - Adding component 'Variables' to entity 'SeaCow'
[22:46:32.193] [info] [CPP ECS] FromJson - Adding component 'Script' to entity 'SeaCow'
[22:46:32.193] [info] [CPP ECS] FromJson - Adding component 'SpriteRenderer' to entity 'SeaCow'
[22:46:32.193] [info] [CPP ECS] FromJson - Adding component 'Rigidbody2D' to entity 'SeaCow'
[22:46:32.195] [info] [SOURCE_DETECTOR] C# requested CreateEntity: Prefab = surfaceOctopusParticle
[22:46:32.195] [info] [SOURCE_DETECTOR] Engine creating Entity (Internal)
[22:46:32.195] [info] [CPP ECS] FromJson - Adding component 'Transform' to entity 'surfaceOctopusParticle'
[22:46:32.195] [info] [CPP ECS] FromJson - Adding component 'Variables' to entity 'surfaceOctopusParticle'
[22:46:32.195] [info] [CPP ECS] FromJson - Adding component 'ParticleSystem2D' to entity 'surfaceOctopusParticle'
[22:46:32.196] [info] [SetScriptVars] no group for scriptName: TimedDestruction  groups: 0
[22:46:32.197] [info] Collision Enter 2D Event Invoked
[22:46:32.197] [info] Collision Enter 2D Event Invoked
[22:46:32.197] [info] Collision Enter 2D Event Invoked
[22:46:32.197] [info] Collision Enter 2D Event Invoked
[22:46:32.208] [info] [MonoDbg] AddEntityToScript - Instantiating and adding script: SpriteAnimation to Entity ID: -1
[22:46:32.208] [info] [SetScriptVars] OK setting fields for: SpriteAnimation
[22:46:32.208] [info] [MonoDbg] AddEntityToScript - Syncing serialized fields for script: SpriteAnimation
[22:46:32.209] [info] [SetScriptVars] OK setting fields for: SpriteAnimation
[22:46:32.209] [info] [MonoDbg] AddEntityToScript - Instantiating and adding script: ChaseController to Entity ID: -1
[22:46:32.209] [info] [SetScriptVars] OK setting fields for: ChaseController
[22:46:32.210] [info] [MonoDbg] AddEntityToScript - Syncing serialized fields for script: ChaseController
[22:46:32.210] [info] [SetScriptVars] OK setting fields for: ChaseController
[22:46:32.210] [info] [MonoDbg] AddEntityToScript - Instantiating and adding script: TargetFacingFlip to Entity ID: -1
[22:46:32.210] [info] [SetScriptVars] OK setting fields for: TargetFacingFlip
[22:46:32.210] [info] [MonoDbg] AddEntityToScript - Syncing serialized fields for script: TargetFacingFlip
[22:46:32.211] [info] [SetScriptVars] OK setting fields for: TargetFacingFlip
[22:46:32.211] [info] [MonoDbg] AddEntityToScript - Instantiating and adding script: SeaCow to Entity ID: -1
[22:46:32.211] [info] [SetScriptVars] OK setting fields for: SeaCow
[22:46:32.212] [info] [MonoDbg] AddEntityToScript - Syncing serialized fields for script: SeaCow
[22:46:32.212] [info] [SetScriptVars] OK setting fields for: SeaCow
[22:46:32.212] [info] [MonoDbg] AddEntityToScript - Instantiating and adding script: HP to Entity ID: -1
[22:46:32.212] [info] [SetScriptVars] OK setting fields for: HP
[22:46:32.212] [info] [MonoDbg] AddEntityToScript - Syncing serialized fields for script: HP
[22:46:32.212] [info] [SetScriptVars] OK setting fields for: HP
[22:46:32.213] [info] [MonoDbg] AddEntityToScript - Instantiating and adding script: ParticleOffset to Entity ID: -1
[22:46:32.213] [info] [SetScriptVars] no group for scriptName: ParticleOffset  groups: 10
[22:46:32.213] [info] [MonoDbg] AddEntityToScript - Syncing serialized fields for script: ParticleOffset
[22:46:32.213] [info] [SetScriptVars] no group for scriptName: ParticleOffset  groups: 10
[22:46:32.213] [info] [MonoDbg] AddEntityToScript - Instantiating and adding script: AttackCollision to Entity ID: -1
[22:46:32.213] [info] [SetScriptVars] OK setting fields for: AttackCollision
[22:46:32.213] [info] [MonoDbg] AddEntityToScript - Syncing serialized fields for script: AttackCollision
[22:46:32.214] [info] [SetScriptVars] OK setting fields for: AttackCollision
[22:46:32.214] [info] [MonoDbg] AddEntityToScript - Instantiating and adding script: ExpDropper to Entity ID: -1
[22:46:32.214] [info] [SetScriptVars] OK setting fields for: ExpDropper
[22:46:32.214] [info] [MonoDbg] AddEntityToScript - Syncing serialized fields for script: ExpDropper
[22:46:32.214] [info] [SetScriptVars] OK setting fields for: ExpDropper
[22:46:32.214] [info] [MonoDbg] AddEntityToScript - Instantiating and adding script: DespawnTimer to Entity ID: -1
[22:46:32.214] [info] [SetScriptVars] OK setting fields for: DespawnTimer
[22:46:32.215] [info] [MonoDbg] AddEntityToScript - Syncing serialized fields for script: DespawnTimer
[22:46:32.215] [info] [SetScriptVars] OK setting fields for: DespawnTimer
[22:46:32.215] [info] [MonoDbg] AddEntityToScript - Instantiating and adding script: FlashOnDamaged to Entity ID: -1
[22:46:32.215] [info] [SetScriptVars] OK setting fields for: FlashOnDamaged
[22:46:32.215] [info] [MonoDbg] AddEntityToScript - Syncing serialized fields for script: FlashOnDamaged
[22:46:32.215] [info] [SetScriptVars] OK setting fields for: FlashOnDamaged
[22:46:32.216] [info] [MonoDbg] AddEntityToScript - Instantiating and adding script: ShakeSelfOnDamaged to Entity ID: -1
[22:46:32.216] [info] [SetScriptVars] OK setting fields for: ShakeSelfOnDamaged
[22:46:32.216] [info] [MonoDbg] AddEntityToScript - Syncing serialized fields for script: ShakeSelfOnDamaged
[22:46:32.216] [info] [SetScriptVars] OK setting fields for: ShakeSelfOnDamaged
[22:46:32.218] [info] [SOURCE_DETECTOR] C# requested CreateEntity: Prefab = enemySwimParticle
[22:46:32.219] [info] [SOURCE_DETECTOR] Engine creating Entity (Internal)
[22:46:32.219] [info] [CPP ECS] FromJson - Adding component 'Transform' to entity 'enemySwimParticle'
[22:46:32.219] [info] [CPP ECS] FromJson - Adding component 'Variables' to entity 'enemySwimParticle'
[22:46:32.219] [info] [CPP ECS] FromJson - Adding component 'ParticleSystem2D' to entity 'enemySwimParticle'
[22:46:32.220] [error] Entity not found for ID: 0
[22:46:32.235] [error] Entity not found for ID: 0
[22:46:32.246] [error] Entity not found for ID: 0
[22:46:32.258] [error] Entity not found for ID: 0
[22:46:32.275] [error] Entity not found for ID: 0
[22:46:32.291] [error] Entity not found for ID: 0
[22:46:32.308] [error] Entity not found for ID: 0
[22:46:32.325] [error] Entity not found for ID: 0
[22:46:32.341] [error] Entity not found for ID: 0
[22:46:32.342] [info] Collision Enter 2D Event Invoked
[22:46:32.342] [info] Collision Enter 2D Event Invoked
[22:46:32.343] [info] Collision Enter 2D Event Invoked
[22:46:32.343] [info] Collision Enter 2D Event Invoked
[22:46:32.343] [info] Collision Enter 2D Event Invoked
[22:46:32.343] [info] Collision Enter 2D Event Invoked
[22:46:32.344] [info] Collision Enter 2D Event Invoked
[22:46:32.344] [info] Collision Enter 2D Event Invoked
[22:46:32.344] [info] Collision Enter 2D Event Invoked
[22:46:32.344] [info] Collision Enter 2D Event Invoked
[22:46:32.344] [info] Collision Enter 2D Event Invoked
[22:46:32.344] [info] Collision Enter 2D Event Invoked
[22:46:32.345] [info] Collision Enter 2D Event Invoked
[22:46:32.345] [info] Collision Enter 2D Event Invoked
[22:46:32.345] [info] Collision Enter 2D Event Invoked
[22:46:32.349] [info] [SOURCE_DETECTOR] C# requested CreateEntity: Prefab = PlayerHitEffect
[22:46:32.350] [info] [SOURCE_DETECTOR] Engine creating Entity (Internal)
[22:46:32.350] [info] [CPP ECS] FromJson - Adding component 'Transform' to entity 'PlayerHitEffect'
[22:46:32.350] [info] [CPP ECS] FromJson - Adding component 'Variables' to entity 'PlayerHitEffect'
[22:46:32.350] [info] [SOURCE_DETECTOR] Engine creating Entity (Internal)
[22:46:32.350] [info] [CPP ECS] FromJson - Adding component 'Transform' to entity 'HitEffect1'
[22:46:32.350] [info] [CPP ECS] FromJson - Adding component 'Variables' to entity 'HitEffect1'
[22:46:32.351] [info] [CPP ECS] FromJson - Adding component 'SpriteRenderer' to entity 'HitEffect1'
[22:46:32.351] [info] [CPP ECS] FromJson - Adding component 'Script' to entity 'HitEffect1'
[22:46:32.351] [info] [SOURCE_DETECTOR] Engine creating Entity (Internal)
[22:46:32.351] [info] [CPP ECS] FromJson - Adding component 'Transform' to entity 'HitEffect2'
[22:46:32.351] [info] [CPP ECS] FromJson - Adding component 'Variables' to entity 'HitEffect2'
[22:46:32.352] [info] [CPP ECS] FromJson - Adding component 'SpriteRenderer' to entity 'HitEffect2'
[22:46:32.352] [info] [CPP ECS] FromJson - Adding component 'Script' to entity 'HitEffect2'
[22:46:32.364] [error] Script component not found for Entity ID: -11
[22:46:32.364] [info] [SetScriptVars] no group for scriptName: TimedDestruction  groups: 0
[22:46:32.364] [info] Collision Enter 2D Event Invoked
[22:46:32.365] [info] Collision Enter 2D Event Invoked
[22:46:32.365] [info] Collision Enter 2D Event Invoked
[22:46:32.365] [info] Collision Enter 2D Event Invoked
[22:46:32.365] [info] Collision Enter 2D Event Invoked
[22:46:32.365] [info] Collision Enter 2D Event Invoked
[22:46:32.365] [info] Collision Enter 2D Event Invoked
[22:46:32.366] [info] Collision Enter 2D Event Invoked
[22:46:32.366] [info] Collision Enter 2D Event Invoked
[22:46:32.366] [info] Collision Enter 2D Event Invoked
[22:46:32.366] [info] Collision Enter 2D Event Invoked
[22:46:32.366] [info] Collision Enter 2D Event Invoked
[22:46:32.366] [info] Collision Enter 2D Event Invoked
[22:46:32.367] [info] Collision Enter 2D Event Invoked
[22:46:32.367] [info] Collision Enter 2D Event Invoked
[22:46:32.367] [info] Collision Enter 2D Event Invoked
[22:46:32.367] [info] Collision Enter 2D Event Invoked
[22:46:32.367] [info] Collision Enter 2D Event Invoked
[22:46:32.367] [info] Collision Enter 2D Event Invoked
[22:46:32.379] [info] [MonoDbg] AddEntityToScript - Instantiating and adding script: TransformTween to Entity ID: -12
[22:46:32.380] [info] [SetScriptVars] OK setting fields for: TransformTween
[22:46:32.380] [info] [MonoDbg] AddEntityToScript - Syncing serialized fields for script: TransformTween
[22:46:32.380] [info] [SetScriptVars] OK setting fields for: TransformTween
[22:46:32.380] [info] [MonoDbg] AddEntityToScript - Instantiating and adding script: TransformTween to Entity ID: -13
[22:46:32.380] [info] [SetScriptVars] OK setting fields for: TransformTween
[22:46:32.380] [info] [MonoDbg] AddEntityToScript - Syncing serialized fields for script: TransformTween
[22:46:32.381] [info] [SetScriptVars] OK setting fields for: TransformTween
[22:46:32.383] [error] Entity not found for ID: 0
[22:46:32.388] [error] Entity not found for ID: 0
[22:46:32.389] [error] Entity not found for ID: 0
[22:46:32.389] [info] [SOURCE_DETECTOR] C# requested CreateEntity: Prefab = ExpOrbMedium
[22:46:32.389] [info] [SOURCE_DETECTOR] Engine creating Entity (Internal)
[22:46:32.389] [info] [CPP ECS] FromJson - Adding component 'Transform' to entity 'ExpOrbMedium'
[22:46:32.390] [info] [CPP ECS] FromJson - Adding component 'CircleCollider' to entity 'ExpOrbMedium'
[22:46:32.390] [info] [CPP ECS] FromJson - Adding component 'Variables' to entity 'ExpOrbMedium'
[22:46:32.390] [info] [CPP ECS] FromJson - Adding component 'SpriteRenderer' to entity 'ExpOrbMedium'
[22:46:32.390] [info] [CPP ECS] FromJson - Adding component 'Script' to entity 'ExpOrbMedium'
[22:46:32.390] [info] [SOURCE_DETECTOR] C# requested CreateEntity: Prefab = ExpOrbSmall
[22:46:32.391] [info] [SOURCE_DETECTOR] Engine creating Entity (Internal)
[22:46:32.391] [info] [CPP ECS] FromJson - Adding component 'Transform' to entity 'ExpOrbSmall'
[22:46:32.391] [info] [CPP ECS] FromJson - Adding component 'CircleCollider' to entity 'ExpOrbSmall'
[22:46:32.391] [info] [CPP ECS] FromJson - Adding component 'Variables' to entity 'ExpOrbSmall'
[22:46:32.391] [info] [CPP ECS] FromJson - Adding component 'SpriteRenderer' to entity 'ExpOrbSmall'
[22:46:32.391] [info] [CPP ECS] FromJson - Adding component 'Script' to entity 'ExpOrbSmall'
[22:46:32.391] [info] [SOURCE_DETECTOR] C# requested CreateEntity: Prefab = ExpOrbSmall
[22:46:32.392] [info] [SOURCE_DETECTOR] Engine creating Entity (Internal)
[22:46:32.392] [info] [CPP ECS] FromJson - Adding component 'Transform' to entity 'ExpOrbSmall'
[22:46:32.392] [info] [CPP ECS] FromJson - Adding component 'CircleCollider' to entity 'ExpOrbSmall'
[22:46:32.392] [info] [CPP ECS] FromJson - Adding component 'Variables' to entity 'ExpOrbSmall'
[22:46:32.392] [info] [CPP ECS] FromJson - Adding component 'SpriteRenderer' to entity 'ExpOrbSmall'
[22:46:32.392] [info] [CPP ECS] FromJson - Adding component 'Script' to entity 'ExpOrbSmall'
[22:46:32.393] [info] [SOURCE_DETECTOR] C# requested CreateEntity: Prefab = ExpOrbSmall
[22:46:32.393] [info] [SOURCE_DETECTOR] Engine creating Entity (Internal)
[22:46:32.393] [info] [CPP ECS] FromJson - Adding component 'Transform' to entity 'ExpOrbSmall'
[22:46:32.393] [info] [CPP ECS] FromJson - Adding component 'CircleCollider' to entity 'ExpOrbSmall'
[22:46:32.393] [info] [CPP ECS] FromJson - Adding component 'Variables' to entity 'ExpOrbSmall'
[22:46:32.393] [info] [CPP ECS] FromJson - Adding component 'SpriteRenderer' to entity 'ExpOrbSmall'
[22:46:32.393] [info] [CPP ECS] FromJson - Adding component 'Script' to entity 'ExpOrbSmall'
[22:46:32.394] [info] [SOURCE_DETECTOR] C# requested CreateEntity: Prefab = ExpOrbSmall
[22:46:32.394] [info] [SOURCE_DETECTOR] Engine creating Entity (Internal)
[22:46:32.394] [info] [CPP ECS] FromJson - Adding component 'Transform' to entity 'ExpOrbSmall'
[22:46:32.394] [info] [CPP ECS] FromJson - Adding component 'CircleCollider' to entity 'ExpOrbSmall'
[22:46:32.394] [info] [CPP ECS] FromJson - Adding component 'Variables' to entity 'ExpOrbSmall'
[22:46:32.394] [info] [CPP ECS] FromJson - Adding component 'SpriteRenderer' to entity 'ExpOrbSmall'
[22:46:32.394] [info] [CPP ECS] FromJson - Adding component 'Script' to entity 'ExpOrbSmall'
[22:46:32.395] [info] [SOURCE_DETECTOR] C# requested CreateEntity: Prefab = ExpOrbSmall
[22:46:32.395] [info] [SOURCE_DETECTOR] Engine creating Entity (Internal)
[22:46:32.395] [info] [CPP ECS] FromJson - Adding component 'Transform' to entity 'ExpOrbSmall'
[22:46:32.395] [info] [CPP ECS] FromJson - Adding component 'CircleCollider' to entity 'ExpOrbSmall'
[22:46:32.395] [info] [CPP ECS] FromJson - Adding component 'Variables' to entity 'ExpOrbSmall'
[22:46:32.395] [info] [CPP ECS] FromJson - Adding component 'SpriteRenderer' to entity 'ExpOrbSmall'
[22:46:32.396] [info] [CPP ECS] FromJson - Adding component 'Script' to entity 'ExpOrbSmall'
[22:46:32.396] [info] [SOURCE_DETECTOR] C# requested CreateEntity: Prefab = ExpOrbSmall
[22:46:32.396] [info] [SOURCE_DETECTOR] Engine creating Entity (Internal)
[22:46:32.396] [info] [CPP ECS] FromJson - Adding component 'Transform' to entity 'ExpOrbSmall'
[22:46:32.396] [info] [CPP ECS] FromJson - Adding component 'CircleCollider' to entity 'ExpOrbSmall'
[22:46:32.396] [info] [CPP ECS] FromJson - Adding component 'Variables' to entity 'ExpOrbSmall'
[22:46:32.396] [info] [CPP ECS] FromJson - Adding component 'SpriteRenderer' to entity 'ExpOrbSmall'
[22:46:32.397] [info] [CPP ECS] FromJson - Adding component 'Script' to entity 'ExpOrbSmall'
[22:46:32.398] [info] Collision Enter 2D Event Invoked
[22:46:32.399] [info] Collision Enter 2D Event Invoked
[22:46:32.399] [info] Collision Enter 2D Event Invoked
[22:46:32.399] [info] Collision Enter 2D Event Invoked
[22:46:32.399] [info] Collision Enter 2D Event Invoked
[22:46:32.399] [info] Collision Enter 2D Event Invoked
[22:46:32.399] [info] Collision Enter 2D Event Invoked
[22:46:32.411] [info] [MonoDbg] AddEntityToScript - Instantiating and adding script: ExperiencePoint to Entity ID: -8
[22:46:32.412] [info] [SetScriptVars] OK setting fields for: ExperiencePoint
[22:46:32.412] [info] [MonoDbg] AddEntityToScript - Syncing serialized fields for script: ExperiencePoint
[22:46:32.412] [info] [SetScriptVars] OK setting fields for: ExperiencePoint
[22:46:32.412] [info] [MonoDbg] AddEntityToScript - Instantiating and adding script: ExperiencePoint to Entity ID: -14
[22:46:32.412] [info] [SetScriptVars] OK setting fields for: ExperiencePoint
[22:46:32.413] [info] [MonoDbg] AddEntityToScript - Syncing serialized fields for script: ExperiencePoint
[22:46:32.413] [info] [SetScriptVars] OK setting fields for: ExperiencePoint
[22:46:32.413] [info] [MonoDbg] AddEntityToScript - Instantiating and adding script: ExperiencePoint to Entity ID: -15
[22:46:32.413] [info] [SetScriptVars] OK setting fields for: ExperiencePoint
[22:46:32.413] [info] [MonoDbg] AddEntityToScript - Syncing serialized fields for script: ExperiencePoint
[22:46:32.413] [info] [SetScriptVars] OK setting fields for: ExperiencePoint
[22:46:32.413] [info] [MonoDbg] AddEntityToScript - Instantiating and adding script: ExperiencePoint to Entity ID: -16
[22:46:32.414] [info] [SetScriptVars] OK setting fields for: ExperiencePoint
[22:46:32.414] [info] [MonoDbg] AddEntityToScript - Syncing serialized fields for script: ExperiencePoint
[22:46:32.414] [info] [SetScriptVars] OK setting fields for: ExperiencePoint
[22:46:32.414] [info] [MonoDbg] AddEntityToScript - Instantiating and adding script: ExperiencePoint to Entity ID: -17
[22:46:32.414] [info] [SetScriptVars] OK setting fields for: ExperiencePoint
[22:46:32.414] [info] [MonoDbg] AddEntityToScript - Syncing serialized fields for script: ExperiencePoint
[22:46:32.415] [info] [SetScriptVars] OK setting fields for: ExperiencePoint
[22:46:32.415] [info] [MonoDbg] AddEntityToScript - Instantiating and adding script: ExperiencePoint to Entity ID: -18
[22:46:32.415] [info] [SetScriptVars] OK setting fields for: ExperiencePoint
[22:46:32.415] [info] [MonoDbg] AddEntityToScript - Syncing serialized fields for script: ExperiencePoint
[22:46:32.415] [info] [SetScriptVars] OK setting fields for: ExperiencePoint
[22:46:32.415] [info] [MonoDbg] AddEntityToScript - Instantiating and adding script: ExperiencePoint to Entity ID: -19
[22:46:32.416] [info] [SetScriptVars] OK setting fields for: ExperiencePoint
[22:46:32.416] [info] [MonoDbg] AddEntityToScript - Syncing serialized fields for script: ExperiencePoint
[22:46:32.416] [info] [SetScriptVars] OK setting fields for: ExperiencePoint
[22:46:32.416] [error] Entity not found for ID: 0
[22:46:32.431] [error] Entity not found for ID: 0
[22:46:32.442] [error] Entity not found for ID: 0
[22:46:32.454] [error] Entity not found for ID: 0
[22:46:32.465] [error] Entity not found for ID: 0
[22:46:32.477] [error] Entity not found for ID: 0
[22:46:32.489] [error] Entity not found for ID: 0
[22:46:32.501] [error] Entity not found for ID: 0
[22:46:32.513] [error] Entity not found for ID: 0
[22:46:32.525] [error] Entity not found for ID: 0
[22:46:32.542] [error] Entity not found for ID: 0
[22:46:32.558] [error] Entity not found for ID: 0
[22:46:32.575] [error] Entity not found for ID: 0
[22:46:32.591] [error] Entity not found for ID: 0
[22:46:32.608] [error] Entity not found for ID: 0
[22:46:32.625] [error] Entity not found for ID: 0
[22:46:32.641] [error] Entity not found for ID: 0
[22:46:32.658] [error] Entity not found for ID: 0
[22:46:32.674] [error] Entity not found for ID: 0
[22:46:32.691] [error] Entity not found for ID: 0
[22:46:32.707] [error] Entity not found for ID: 0
[22:46:32.708] [error] Entity not found for ID: -12
[22:46:32.708] [error] Entity not found for ID: -13
[22:46:32.724] [error] Entity not found for ID: 0
[22:46:32.725] [error] Entity not found for ID: -12
[22:46:32.725] [error] Entity not found for ID: -13
[22:46:32.741] [error] Entity not found for ID: 0
[22:46:32.741] [error] Entity not found for ID: -12
[22:46:32.741] [error] Entity not found for ID: -13
[22:46:32.758] [error] Entity not found for ID: 0
[22:46:32.758] [error] Entity not found for ID: -12
[22:46:32.758] [error] Entity not found for ID: -13
[22:46:32.774] [error] Entity not found for ID: 0
[22:46:32.775] [error] Entity not found for ID: -12
[22:46:32.775] [error] Entity not found for ID: -13
[22:46:32.791] [error] Entity not found for ID: 0
[22:46:32.792] [error] Entity not found for ID: -12
[22:46:32.792] [error] Entity not found for ID: -13
[22:46:32.808] [error] Entity not found for ID: 0
[22:46:32.808] [error] Entity not found for ID: -12
[22:46:32.808] [error] Entity not found for ID: -13
[22:46:32.825] [error] Entity not found for ID: 0
[22:46:32.825] [error] Entity not found for ID: -12
[22:46:32.825] [error] Entity not found for ID: -13
[22:46:32.841] [error] Entity not found for ID: 0
[22:46:32.841] [error] Entity not found for ID: -12
[22:46:32.841] [error] Entity not found for ID: -13
[22:46:32.857] [error] Entity not found for ID: 0
[22:46:32.858] [error] Entity not found for ID: -12
[22:46:32.858] [error] Entity not found for ID: -13
[22:46:32.874] [error] Entity not found for ID: 0
[22:46:32.875] [error] Entity not found for ID: -12
[22:46:32.875] [error] Entity not found for ID: -13
[22:46:32.891] [error] Entity not found for ID: 0
[22:46:32.892] [error] Entity not found for ID: -12
[22:46:32.892] [error] Entity not found for ID: -13
[22:46:32.908] [error] Entity not found for ID: 0
[22:46:32.908] [error] Entity not found for ID: -12
[22:46:32.908] [error] Entity not found for ID: -13
[22:46:32.924] [error] Entity not found for ID: 0
[22:46:32.925] [error] Entity not found for ID: -12
[22:46:32.925] [error] Entity not found for ID: -13
[22:46:32.941] [error] Entity not found for ID: 0
[22:46:32.941] [error] Entity not found for ID: -12
[22:46:32.942] [error] Entity not found for ID: -13
[22:46:32.958] [error] Entity not found for ID: 0
[22:46:32.959] [error] Entity not found for ID: -12
[22:46:32.959] [error] Entity not found for ID: -13
[22:46:32.975] [error] Entity not found for ID: 0
[22:46:32.975] [error] Entity not found for ID: -12
[22:46:32.975] [error] Entity not found for ID: -13
[22:46:32.991] [error] Entity not found for ID: 0
[22:46:32.991] [error] Entity not found for ID: -12
[22:46:32.991] [error] Entity not found for ID: -13
[22:46:33.008] [error] Entity not found for ID: 0
[22:46:33.008] [error] Entity not found for ID: -12
[22:46:33.009] [error] Entity not found for ID: -13
[22:46:33.024] [error] Entity not found for ID: 0
[22:46:33.025] [error] Entity not found for ID: -12
[22:46:33.025] [error] Entity not found for ID: -13
[22:46:33.041] [error] Entity not found for ID: 0
[22:46:33.041] [error] Entity not found for ID: -12
[22:46:33.041] [error] Entity not found for ID: -13
[22:46:33.058] [error] Entity not found for ID: 0
[22:46:33.058] [error] Entity not found for ID: -12
[22:46:33.058] [error] Entity not found for ID: -13
[22:46:33.075] [error] Entity not found for ID: 0
[22:46:33.075] [error] Entity not found for ID: -12
[22:46:33.075] [error] Entity not found for ID: -13
[22:46:33.091] [error] Entity not found for ID: 0
[22:46:33.092] [error] Entity not found for ID: -12
[22:46:33.092] [error] Entity not found for ID: -13
[22:46:33.107] [error] Entity not found for ID: 0
[22:46:33.108] [error] Entity not found for ID: -12
[22:46:33.108] [error] Entity not found for ID: -13
[22:46:33.124] [error] Entity not found for ID: 0
[22:46:33.125] [error] Entity not found for ID: -12
[22:46:33.125] [error] Entity not found for ID: -13
[22:46:33.141] [error] Entity not found for ID: 0
[22:46:33.141] [error] Entity not found for ID: -12
[22:46:33.141] [error] Entity not found for ID: -13
[22:46:33.158] [error] Entity not found for ID: 0
[22:46:33.158] [error] Entity not found for ID: -12
[22:46:33.158] [error] Entity not found for ID: -13
[22:46:33.174] [error] Entity not found for ID: 0
[22:46:33.175] [error] Entity not found for ID: -12
[22:46:33.175] [error] Entity not found for ID: -13
[22:46:33.191] [error] Entity not found for ID: 0
[22:46:33.192] [error] Entity not found for ID: -12
[22:46:33.192] [error] Entity not found for ID: -13
[22:46:33.208] [error] Entity not found for ID: 0
[22:46:33.208] [error] Entity not found for ID: -12
[22:46:33.208] [error] Entity not found for ID: -13
[22:46:33.224] [info] [SOURCE_DETECTOR] C# requested CreateEntity: Prefab = playerDashParticle
[22:46:33.225] [info] [SOURCE_DETECTOR] Engine creating Entity (Internal)
[22:46:33.225] [info] [CPP ECS] FromJson - Adding component 'Transform' to entity 'playerDashParticle'
[22:46:33.225] [info] [CPP ECS] FromJson - Adding component 'Variables' to entity 'playerDashParticle'
[22:46:33.225] [info] [CPP ECS] FromJson - Adding component 'ParticleSystem2D' to entity 'playerDashParticle'
[22:46:33.226] [error] Entity not found for ID: 0
[22:46:33.226] [error] Entity not found for ID: -12
[22:46:33.226] [error] Entity not found for ID: -13
[22:46:33.241] [error] Entity not found for ID: 0
[22:46:33.242] [info] [SOURCE_DETECTOR] C# requested CreateEntity: Prefab = FlapjackOctopus
[22:46:33.242] [info] [SOURCE_DETECTOR] Engine creating Entity (Internal)
[22:46:33.242] [info] [CPP ECS] FromJson - Adding component 'Transform' to entity 'FlapjackOctopus'
[22:46:33.242] [info] [CPP ECS] FromJson - Adding component 'CircleCollider' to entity 'FlapjackOctopus'
[22:46:33.243] [info] [CPP ECS] FromJson - Adding component 'Variables' to entity 'FlapjackOctopus'
[22:46:33.243] [info] [CPP ECS] FromJson - Adding component 'Script' to entity 'FlapjackOctopus'
[22:46:33.243] [info] [CPP ECS] FromJson - Adding component 'SpriteRenderer' to entity 'FlapjackOctopus'
[22:46:33.243] [info] [CPP ECS] FromJson - Adding component 'Rigidbody2D' to entity 'FlapjackOctopus'
[22:46:33.243] [error] Entity not found for ID: -12
[22:46:33.244] [error] Entity not found for ID: -13
[22:46:33.244] [info] Collision Enter 2D Event Invoked
[22:46:33.244] [info] Collision Enter 2D Event Invoked
[22:46:33.244] [info] Collision Enter 2D Event Invoked
[22:46:33.245] [info] Collision Enter 2D Event Invoked
[22:46:33.258] [info] [MonoDbg] AddEntityToScript - Instantiating and adding script: SpriteAnimation to Entity ID: -11
[22:46:33.258] [info] [SetScriptVars] OK setting fields for: SpriteAnimation
[22:46:33.258] [info] [MonoDbg] AddEntityToScript - Syncing serialized fields for script: SpriteAnimation
[22:46:33.258] [info] [SetScriptVars] OK setting fields for: SpriteAnimation
[22:46:33.258] [info] [MonoDbg] AddEntityToScript - Instantiating and adding script: TargetRangeDetector to Entity ID: -11
[22:46:33.259] [info] [SetScriptVars] OK setting fields for: TargetRangeDetector
[22:46:33.259] [info] [MonoDbg] AddEntityToScript - Syncing serialized fields for script: TargetRangeDetector
[22:46:33.259] [info] [SetScriptVars] OK setting fields for: TargetRangeDetector
[22:46:33.259] [info] [MonoDbg] AddEntityToScript - Instantiating and adding script: FlapjackOctopus to Entity ID: -11
[22:46:33.259] [info] [SetScriptVars] OK setting fields for: FlapjackOctopus
[22:46:33.259] [info] [MonoDbg] AddEntityToScript - Syncing serialized fields for script: FlapjackOctopus
[22:46:33.260] [info] [SetScriptVars] OK setting fields for: FlapjackOctopus
[22:46:33.260] [info] [MonoDbg] AddEntityToScript - Instantiating and adding script: HP to Entity ID: -11
[22:46:33.260] [info] [SetScriptVars] OK setting fields for: HP
[22:46:33.260] [info] [MonoDbg] AddEntityToScript - Syncing serialized fields for script: HP
[22:46:33.260] [info] [SetScriptVars] OK setting fields for: HP
[22:46:33.260] [info] [MonoDbg] AddEntityToScript - Instantiating and adding script: ParticleOffset to Entity ID: -11
[22:46:33.261] [info] [SetScriptVars] no group for scriptName: ParticleOffset  groups: 9
[22:46:33.261] [info] [MonoDbg] AddEntityToScript - Syncing serialized fields for script: ParticleOffset
[22:46:33.261] [info] [SetScriptVars] no group for scriptName: ParticleOffset  groups: 9
[22:46:33.261] [info] [MonoDbg] AddEntityToScript - Instantiating and adding script: AttackCollision to Entity ID: -11
[22:46:33.261] [info] [SetScriptVars] OK setting fields for: AttackCollision
[22:46:33.261] [info] [MonoDbg] AddEntityToScript - Syncing serialized fields for script: AttackCollision
[22:46:33.261] [info] [SetScriptVars] OK setting fields for: AttackCollision
[22:46:33.262] [info] [MonoDbg] AddEntityToScript - Instantiating and adding script: ExpDropper to Entity ID: -11
[22:46:33.262] [info] [SetScriptVars] OK setting fields for: ExpDropper
[22:46:33.262] [info] [MonoDbg] AddEntityToScript - Syncing serialized fields for script: ExpDropper
[22:46:33.262] [info] [SetScriptVars] OK setting fields for: ExpDropper
[22:46:33.262] [info] [MonoDbg] AddEntityToScript - Instantiating and adding script: DespawnTimer to Entity ID: -11
[22:46:33.262] [info] [SetScriptVars] OK setting fields for: DespawnTimer
[22:46:33.262] [info] [MonoDbg] AddEntityToScript - Syncing serialized fields for script: DespawnTimer
[22:46:33.263] [info] [SetScriptVars] OK setting fields for: DespawnTimer
[22:46:33.263] [info] [MonoDbg] AddEntityToScript - Instantiating and adding script: FlashOnDamaged to Entity ID: -11
[22:46:33.263] [info] [SetScriptVars] OK setting fields for: FlashOnDamaged
[22:46:33.263] [info] [MonoDbg] AddEntityToScript - Syncing serialized fields for script: FlashOnDamaged
[22:46:33.263] [info] [SetScriptVars] OK setting fields for: FlashOnDamaged
[22:46:33.263] [info] [MonoDbg] AddEntityToScript - Instantiating and adding script: ShakeSelfOnDamaged to Entity ID: -11
[22:46:33.263] [info] [SetScriptVars] OK setting fields for: ShakeSelfOnDamaged
[22:46:33.264] [info] [MonoDbg] AddEntityToScript - Syncing serialized fields for script: ShakeSelfOnDamaged
[22:46:33.264] [info] [SetScriptVars] OK setting fields for: ShakeSelfOnDamaged
[22:46:33.264] [info] [SOURCE_DETECTOR] C# requested CreateEntity: Prefab = surfaceOctopusParticle
[22:46:33.264] [info] [SOURCE_DETECTOR] Engine creating Entity (Internal)
[22:46:33.264] [info] [CPP ECS] FromJson - Adding component 'Transform' to entity 'surfaceOctopusParticle'
[22:46:33.265] [info] [CPP ECS] FromJson - Adding component 'Variables' to entity 'surfaceOctopusParticle'
[22:46:33.265] [info] [CPP ECS] FromJson - Adding component 'ParticleSystem2D' to entity 'surfaceOctopusParticle'
[22:46:33.265] [error] Entity not found for ID: 0
[22:46:33.266] [error] Entity not found for ID: -13
[22:46:33.278] [error] Entity not found for ID: 0
[22:46:33.278] [error] Entity not found for ID: -13
[22:46:33.291] [error] Entity not found for ID: 0
[22:46:33.291] [error] Entity not found for ID: -13
[22:46:33.308] [error] Entity not found for ID: 0
[22:46:33.308] [error] Entity not found for ID: -13
[22:46:33.324] [error] Entity not found for ID: 0
[22:46:33.325] [error] Entity not found for ID: -13
[22:46:33.341] [error] Entity not found for ID: 0
[22:46:33.341] [error] Entity not found for ID: -13
[22:46:33.358] [error] Entity not found for ID: 0
[22:46:33.358] [error] Entity not found for ID: -13
[22:46:33.375] [error] Entity not found for ID: 0
[22:46:33.375] [error] Entity not found for ID: -13
[22:46:33.392] [error] Entity not found for ID: 0
[22:46:33.392] [error] Entity not found for ID: -13
[22:46:33.408] [error] Entity not found for ID: 0
[22:46:33.408] [error] Entity not found for ID: -13
[22:46:33.424] [error] Entity not found for ID: 0
[22:46:33.425] [error] Entity not found for ID: -13
[22:46:33.441] [error] Entity not found for ID: 0
[22:46:33.442] [error] Entity not found for ID: -13
[22:46:33.458] [error] Entity not found for ID: 0
[22:46:33.458] [error] Entity not found for ID: -13
[22:46:33.474] [error] Entity not found for ID: 0
[22:46:33.475] [error] Entity not found for ID: -13
[22:46:33.491] [error] Entity not found for ID: 0
[22:46:33.492] [error] Entity not found for ID: -13
[22:46:33.508] [error] Entity not found for ID: 0
[22:46:33.509] [error] Entity not found for ID: -13
[22:46:33.525] [error] Entity not found for ID: 0
[22:46:33.525] [error] Entity not found for ID: -13
[22:46:33.541] [error] Entity not found for ID: 0
[22:46:33.541] [error] Entity not found for ID: -13
[22:46:33.557] [error] Entity not found for ID: 0
[22:46:33.558] [error] Entity not found for ID: -13
[22:46:33.575] [error] Entity not found for ID: 0
[22:46:33.576] [error] Entity not found for ID: -13
[22:46:33.591] [error] Entity not found for ID: 0
[22:46:33.592] [error] Entity not found for ID: -13
[22:46:33.608] [error] Entity not found for ID: 0
[22:46:33.609] [error] Entity not found for ID: -13
[22:46:33.624] [error] Entity not found for ID: 0
[22:46:33.625] [error] Entity not found for ID: -13
[22:46:33.641] [error] Entity not found for ID: 0
[22:46:33.643] [info] [SOURCE_DETECTOR] C# requested CreateEntity: Prefab = MorayEel
[22:46:33.643] [info] [SOURCE_DETECTOR] Engine creating Entity (Internal)
[22:46:33.644] [info] [CPP ECS] FromJson - Adding component 'Transform' to entity 'MorayEel'
[22:46:33.644] [info] [CPP ECS] FromJson - Adding component 'CircleCollider' to entity 'MorayEel'
[22:46:33.644] [info] [CPP ECS] FromJson - Adding component 'Variables' to entity 'MorayEel'
[22:46:33.644] [info] [CPP ECS] FromJson - Adding component 'Script' to entity 'MorayEel'
[22:46:33.644] [info] [CPP ECS] FromJson - Adding component 'SpriteRenderer' to entity 'MorayEel'
[22:46:33.645] [info] [CPP ECS] FromJson - Adding component 'Rigidbody2D' to entity 'MorayEel'
[22:46:33.646] [info] Script MorayEelSpawnMove found for Entity ID: -13
[22:46:33.647] [info] [SetScriptVars] OK setting fields for: MorayEelSpawnMove
[22:46:33.648] [info] Collision Enter 2D Event Invoked
[22:46:33.649] [info] Collision Enter 2D Event Invoked
[22:46:33.649] [info] Collision Enter 2D Event Invoked
[22:46:33.649] [info] Collision Enter 2D Event Invoked
[22:46:33.649] [info] Collision Enter 2D Event Invoked
[22:46:33.661] [info] [MonoDbg] AddEntityToScript - Instantiating and adding script: SpriteAnimation to Entity ID: -13
[22:46:33.661] [info] [SetScriptVars] OK setting fields for: SpriteAnimation
[22:46:33.662] [info] [MonoDbg] AddEntityToScript - Syncing serialized fields for script: SpriteAnimation
[22:46:33.662] [info] [SetScriptVars] OK setting fields for: SpriteAnimation
[22:46:33.662] [info] [MonoDbg] AddEntityToScript - Instantiating and adding script: MorayEelSpawnMove to Entity ID: -13
[22:46:33.662] [info] [MonoDbg] AddEntityToScript - Syncing serialized fields for script: MorayEelSpawnMove
[22:46:33.662] [info] [SetScriptVars] OK setting fields for: MorayEelSpawnMove
[22:46:33.663] [info] [MonoDbg] AddEntityToScript - Instantiating and adding script: ChaseController to Entity ID: -13
[22:46:33.663] [info] [SetScriptVars] OK setting fields for: ChaseController
[22:46:33.663] [info] [MonoDbg] AddEntityToScript - Syncing serialized fields for script: ChaseController
[22:46:33.663] [info] [SetScriptVars] OK setting fields for: ChaseController
[22:46:33.664] [info] [MonoDbg] AddEntityToScript - Instantiating and adding script: ChaseAnimation to Entity ID: -13
[22:46:33.664] [info] [SetScriptVars] OK setting fields for: ChaseAnimation
[22:46:33.664] [info] [MonoDbg] AddEntityToScript - Syncing serialized fields for script: ChaseAnimation
[22:46:33.664] [info] [SetScriptVars] OK setting fields for: ChaseAnimation
[22:46:33.665] [info] [MonoDbg] AddEntityToScript - Instantiating and adding script: SmallFryChaseMove to Entity ID: -13
[22:46:33.665] [info] [SetScriptVars] OK setting fields for: SmallFryChaseMove
[22:46:33.665] [info] [MonoDbg] AddEntityToScript - Syncing serialized fields for script: SmallFryChaseMove
[22:46:33.665] [info] [SetScriptVars] OK setting fields for: SmallFryChaseMove
[22:46:33.665] [info] [MonoDbg] AddEntityToScript - Instantiating and adding script: TargetFacingFlip to Entity ID: -13
[22:46:33.666] [info] [SetScriptVars] OK setting fields for: TargetFacingFlip
[22:46:33.666] [info] [MonoDbg] AddEntityToScript - Syncing serialized fields for script: TargetFacingFlip
[22:46:33.666] [info] [SetScriptVars] OK setting fields for: TargetFacingFlip
[22:46:33.666] [info] [MonoDbg] AddEntityToScript - Instantiating and adding script: MorayEel to Entity ID: -13
[22:46:33.667] [info] [SetScriptVars] OK setting fields for: MorayEel
[22:46:33.667] [info] [MonoDbg] AddEntityToScript - Syncing serialized fields for script: MorayEel
[22:46:33.667] [info] [SetScriptVars] OK setting fields for: MorayEel
[22:46:33.667] [info] [MonoDbg] AddEntityToScript - Instantiating and adding script: HP to Entity ID: -13
[22:46:33.667] [info] [SetScriptVars] OK setting fields for: HP
[22:46:33.667] [info] [MonoDbg] AddEntityToScript - Syncing serialized fields for script: HP
[22:46:33.668] [info] [SetScriptVars] OK setting fields for: HP
[22:46:33.668] [info] [MonoDbg] AddEntityToScript - Instantiating and adding script: DespawnTimer to Entity ID: -13
[22:46:33.668] [info] [SetScriptVars] OK setting fields for: DespawnTimer
[22:46:33.668] [info] [MonoDbg] AddEntityToScript - Syncing serialized fields for script: DespawnTimer
[22:46:33.668] [info] [SetScriptVars] OK setting fields for: DespawnTimer
[22:46:33.668] [info] [MonoDbg] AddEntityToScript - Instantiating and adding script: ExpDropper to Entity ID: -13
[22:46:33.669] [info] [SetScriptVars] OK setting fields for: ExpDropper
[22:46:33.669] [info] [MonoDbg] AddEntityToScript - Syncing serialized fields for script: ExpDropper
[22:46:33.669] [info] [SetScriptVars] OK setting fields for: ExpDropper
[22:46:33.669] [info] [MonoDbg] AddEntityToScript - Instantiating and adding script: ParticleOffset to Entity ID: -13
[22:46:33.669] [info] [SetScriptVars] OK setting fields for: ParticleOffset
[22:46:33.670] [info] [MonoDbg] AddEntityToScript - Syncing serialized fields for script: ParticleOffset
[22:46:33.670] [info] [SetScriptVars] OK setting fields for: ParticleOffset
[22:46:33.670] [info] [MonoDbg] AddEntityToScript - Instantiating and adding script: AttackCollision to Entity ID: -13
[22:46:33.670] [info] [SetScriptVars] OK setting fields for: AttackCollision
[22:46:33.670] [info] [MonoDbg] AddEntityToScript - Syncing serialized fields for script: AttackCollision
[22:46:33.670] [info] [SetScriptVars] OK setting fields for: AttackCollision
[22:46:33.671] [info] [MonoDbg] AddEntityToScript - Instantiating and adding script: FlashOnDamaged to Entity ID: -13
[22:46:33.671] [info] [SetScriptVars] OK setting fields for: FlashOnDamaged
[22:46:33.671] [info] [MonoDbg] AddEntityToScript - Syncing serialized fields for script: FlashOnDamaged
[22:46:33.671] [info] [SetScriptVars] OK setting fields for: FlashOnDamaged
[22:46:33.671] [info] [MonoDbg] AddEntityToScript - Instantiating and adding script: ShakeSelfOnDamaged to Entity ID: -13
[22:46:33.672] [info] [SetScriptVars] OK setting fields for: ShakeSelfOnDamaged
[22:46:33.672] [info] [MonoDbg] AddEntityToScript - Syncing serialized fields for script: ShakeSelfOnDamaged
[22:46:33.672] [info] [SetScriptVars] OK setting fields for: ShakeSelfOnDamaged
[22:46:33.672] [error] Entity not found for ID: 0
[22:46:33.687] [error] Entity not found for ID: 0
[22:46:33.700] [error] Entity not found for ID: 0
[22:46:33.715] [error] Entity not found for ID: 0
[22:46:33.730] [error] Entity not found for ID: 0
[22:46:33.746] [error] Entity not found for ID: 0
[22:46:33.762] [error] Entity not found for ID: 0
[22:46:33.776] [error] Entity not found for ID: 0
[22:46:33.795] [error] Entity not found for ID: 0
[22:46:33.810] [error] Entity not found for ID: 0
[22:46:33.826] [error] Entity not found for ID: 0
[22:46:33.844] [error] Entity not found for ID: 0
[22:46:33.858] [error] Entity not found for ID: 0
[22:46:33.875] [error] Entity not found for ID: 0
[22:46:33.891] [error] Entity not found for ID: 0
[22:46:33.908] [error] Entity not found for ID: 0
[22:46:33.925] [error] Entity not found for ID: 0
[22:46:33.941] [error] Entity not found for ID: 0
[22:46:33.958] [error] Entity not found for ID: 0
[22:46:33.959] [info] Collision Enter 2D Event Invoked
[22:46:33.959] [info] Collision Enter 2D Event Invoked
[22:46:33.959] [info] Collision Enter 2D Event Invoked
[22:46:33.959] [info] Collision Enter 2D Event Invoked
[22:46:33.959] [info] Collision Enter 2D Event Invoked
[22:46:33.960] [info] Collision Enter 2D Event Invoked
[22:46:33.960] [info] Collision Enter 2D Event Invoked
[22:46:33.960] [info] Collision Enter 2D Event Invoked
[22:46:33.960] [info] Collision Enter 2D Event Invoked
[22:46:33.960] [info] Collision Enter 2D Event Invoked
[22:46:33.960] [info] Collision Enter 2D Event Invoked
[22:46:33.961] [info] Collision Enter 2D Event Invoked
[22:46:33.961] [info] Collision Enter 2D Event Invoked
[22:46:33.961] [info] Collision Enter 2D Event Invoked
[22:46:33.961] [info] Collision Enter 2D Event Invoked
[22:46:33.961] [info] Collision Enter 2D Event Invoked
[22:46:33.961] [info] Collision Enter 2D Event Invoked
[22:46:33.961] [info] Collision Enter 2D Event Invoked
[22:46:33.962] [info] Collision Enter 2D Event Invoked
[22:46:33.962] [info] Collision Enter 2D Event Invoked
[22:46:33.962] [info] Collision Enter 2D Event Invoked
[22:46:33.962] [info] Collision Enter 2D Event Invoked
[22:46:33.962] [info] Collision Enter 2D Event Invoked
[22:46:33.962] [info] Collision Enter 2D Event Invoked
[22:46:33.963] [info] Collision Enter 2D Event Invoked
[22:46:33.963] [info] Collision Enter 2D Event Invoked
[22:46:33.963] [info] Collision Enter 2D Event Invoked
[22:46:33.963] [info] Collision Enter 2D Event Invoked
[22:46:33.963] [info] Collision Enter 2D Event Invoked
[22:46:33.963] [info] Collision Enter 2D Event Invoked
[22:46:33.963] [info] Collision Enter 2D Event Invoked
[22:46:33.964] [info] Collision Enter 2D Event Invoked
[22:46:33.964] [info] Collision Enter 2D Event Invoked
[22:46:33.964] [info] Collision Enter 2D Event Invoked
[22:46:33.964] [info] Collision Enter 2D Event Invoked
[22:46:33.964] [info] Collision Enter 2D Event Invoked
[22:46:33.964] [info] Collision Enter 2D Event Invoked
[22:46:33.964] [info] Collision Enter 2D Event Invoked
[22:46:33.965] [info] Collision Enter 2D Event Invoked
[22:46:33.965] [info] Collision Enter 2D Event Invoked
[22:46:33.965] [info] Collision Enter 2D Event Invoked
[22:46:33.965] [info] Collision Enter 2D Event Invoked
[22:46:33.965] [info] Collision Enter 2D Event Invoked
[22:46:33.965] [info] Collision Enter 2D Event Invoked
[22:46:33.965] [info] Collision Enter 2D Event Invoked
[22:46:33.966] [info] Collision Enter 2D Event Invoked
[22:46:33.966] [info] Collision Enter 2D Event Invoked
[22:46:33.966] [info] Collision Enter 2D Event Invoked
[22:46:33.966] [info] Collision Enter 2D Event Invoked
[22:46:33.966] [info] Collision Enter 2D Event Invoked
[22:46:33.966] [info] Collision Enter 2D Event Invoked
[22:46:33.966] [info] Collision Enter 2D Event Invoked
[22:46:33.967] [info] Collision Enter 2D Event Invoked
[22:46:33.967] [info] Collision Enter 2D Event Invoked
[22:46:33.967] [info] Collision Enter 2D Event Invoked
[22:46:33.967] [info] Collision Enter 2D Event Invoked
[22:46:33.967] [info] Collision Enter 2D Event Invoked
[22:46:33.967] [info] Collision Enter 2D Event Invoked
[22:46:33.967] [info] Collision Enter 2D Event Invoked
[22:46:33.968] [info] Collision Enter 2D Event Invoked
[22:46:33.968] [info] Collision Enter 2D Event Invoked
[22:46:33.968] [info] Collision Enter 2D Event Invoked
[22:46:33.968] [info] Collision Enter 2D Event Invoked
[22:46:33.968] [info] Collision Enter 2D Event Invoked
[22:46:33.968] [info] Collision Enter 2D Event Invoked
[22:46:33.969] [info] Collision Enter 2D Event Invoked
[22:46:33.969] [info] Collision Enter 2D Event Invoked
[22:46:33.969] [info] Collision Enter 2D Event Invoked
[22:46:33.969] [info] Collision Enter 2D Event Invoked
[22:46:33.969] [info] Collision Enter 2D Event Invoked
[22:46:33.969] [info] Collision Enter 2D Event Invoked
[22:46:33.969] [info] Collision Enter 2D Event Invoked
[22:46:33.970] [info] Collision Enter 2D Event Invoked
[22:46:33.970] [info] Collision Enter 2D Event Invoked
[22:46:33.970] [info] Collision Enter 2D Event Invoked
[22:46:33.970] [info] Collision Enter 2D Event Invoked
[22:46:33.970] [info] Collision Enter 2D Event Invoked
[22:46:33.970] [info] Collision Enter 2D Event Invoked
[22:46:33.971] [info] Collision Enter 2D Event Invoked
[22:46:33.971] [info] Collision Enter 2D Event Invoked
[22:46:33.971] [info] Collision Enter 2D Event Invoked
[22:46:33.971] [info] Collision Enter 2D Event Invoked
[22:46:33.971] [info] Collision Enter 2D Event Invoked
[22:46:33.971] [info] Collision Enter 2D Event Invoked
[22:46:33.971] [info] Collision Enter 2D Event Invoked
[22:46:33.972] [info] Collision Enter 2D Event Invoked
[22:46:33.972] [info] Collision Enter 2D Event Invoked
[22:46:33.972] [info] Collision Enter 2D Event Invoked
[22:46:33.972] [info] Collision Enter 2D Event Invoked
[22:46:33.972] [info] Collision Enter 2D Event Invoked
[22:46:33.972] [info] Collision Enter 2D Event Invoked
[22:46:33.972] [info] Collision Enter 2D Event Invoked
[22:46:33.973] [info] Collision Enter 2D Event Invoked
[22:46:33.973] [info] Collision Enter 2D Event Invoked
[22:46:33.973] [info] Collision Enter 2D Event Invoked
[22:46:33.973] [info] Collision Enter 2D Event Invoked
[22:46:33.973] [info] Collision Enter 2D Event Invoked
[22:46:33.973] [info] Collision Enter 2D Event Invoked
[22:46:33.973] [info] Collision Enter 2D Event Invoked
[22:46:33.974] [info] Collision Enter 2D Event Invoked
[22:46:33.974] [info] Collision Enter 2D Event Invoked
[22:46:33.974] [info] Collision Enter 2D Event Invoked
[22:46:33.974] [info] Collision Enter 2D Event Invoked
[22:46:33.974] [info] Collision Enter 2D Event Invoked
[22:46:33.974] [info] Collision Enter 2D Event Invoked
[22:46:33.974] [info] Collision Enter 2D Event Invoked
[22:46:33.975] [info] Collision Enter 2D Event Invoked
[22:46:33.975] [info] Collision Enter 2D Event Invoked
[22:46:33.975] [info] Collision Enter 2D Event Invoked
[22:46:33.975] [info] Collision Enter 2D Event Invoked
[22:46:33.975] [info] Collision Enter 2D Event Invoked
[22:46:33.975] [info] Collision Enter 2D Event Invoked
[22:46:33.975] [info] Collision Enter 2D Event Invoked
[22:46:33.976] [info] Collision Enter 2D Event Invoked
[22:46:33.976] [info] Collision Enter 2D Event Invoked
[22:46:33.976] [info] Collision Enter 2D Event Invoked
[22:46:33.976] [info] Collision Enter 2D Event Invoked
[22:46:33.976] [info] Collision Enter 2D Event Invoked
[22:46:33.976] [info] Collision Enter 2D Event Invoked
[22:46:33.977] [info] Collision Enter 2D Event Invoked
[22:46:33.977] [info] Collision Enter 2D Event Invoked
[22:46:33.977] [info] Collision Enter 2D Event Invoked
[22:46:33.977] [info] Collision Enter 2D Event Invoked
[22:46:33.977] [info] Collision Enter 2D Event Invoked
[22:46:33.977] [info] Collision Enter 2D Event Invoked
[22:46:33.978] [info] Collision Enter 2D Event Invoked
[22:46:33.978] [info] Collision Enter 2D Event Invoked
[22:46:33.978] [info] Collision Enter 2D Event Invoked
[22:46:33.978] [info] Collision Enter 2D Event Invoked
[22:46:33.978] [info] Collision Enter 2D Event Invoked
[22:46:33.978] [info] Collision Enter 2D Event Invoked
[22:46:33.978] [info] Collision Enter 2D Event Invoked
[22:46:33.979] [info] Collision Enter 2D Event Invoked
[22:46:33.979] [info] Collision Enter 2D Event Invoked
[22:46:33.979] [info] Collision Enter 2D Event Invoked
[22:46:33.979] [info] Collision Enter 2D Event Invoked
[22:46:33.979] [info] Collision Enter 2D Event Invoked
[22:46:33.979] [info] Collision Enter 2D Event Invoked
[22:46:33.979] [info] Collision Enter 2D Event Invoked
[22:46:33.980] [info] Collision Enter 2D Event Invoked
[22:46:33.980] [info] Collision Enter 2D Event Invoked
[22:46:33.980] [info] Collision Enter 2D Event Invoked
[22:46:33.980] [info] Collision Enter 2D Event Invoked
[22:46:33.980] [info] Collision Enter 2D Event Invoked
[22:46:33.980] [info] Collision Enter 2D Event Invoked
[22:46:33.981] [info] Collision Enter 2D Event Invoked
[22:46:33.981] [info] Collision Enter 2D Event Invoked
[22:46:33.981] [info] Collision Enter 2D Event Invoked
[22:46:33.981] [info] Collision Enter 2D Event Invoked
[22:46:33.981] [info] Collision Enter 2D Event Invoked
[22:46:33.981] [info] Collision Enter 2D Event Invoked
[22:46:33.981] [info] Collision Enter 2D Event Invoked
[22:46:33.982] [info] Collision Enter 2D Event Invoked
[22:46:33.982] [info] Collision Enter 2D Event Invoked
[22:46:33.982] [info] Collision Enter 2D Event Invoked
[22:46:33.982] [info] Collision Enter 2D Event Invoked
[22:46:33.982] [info] Collision Enter 2D Event Invoked
[22:46:33.982] [info] Collision Enter 2D Event Invoked
[22:46:33.982] [info] Collision Enter 2D Event Invoked
[22:46:33.983] [info] Collision Enter 2D Event Invoked
[22:46:33.983] [info] Collision Enter 2D Event Invoked
[22:46:33.983] [info] Collision Enter 2D Event Invoked
[22:46:33.983] [info] Collision Enter 2D Event Invoked
[22:46:33.983] [info] Collision Enter 2D Event Invoked
[22:46:33.983] [info] Collision Enter 2D Event Invoked
[22:46:33.984] [info] Collision Enter 2D Event Invoked
[22:46:33.984] [info] Collision Enter 2D Event Invoked
[22:46:33.984] [info] Collision Enter 2D Event Invoked
[22:46:33.984] [info] Collision Enter 2D Event Invoked
[22:46:33.984] [info] Collision Enter 2D Event Invoked
[22:46:33.984] [info] Collision Enter 2D Event Invoked
[22:46:33.985] [info] Collision Enter 2D Event Invoked
[22:46:33.985] [info] Collision Enter 2D Event Invoked
[22:46:33.985] [info] Collision Enter 2D Event Invoked
[22:46:33.985] [info] Collision Enter 2D Event Invoked
[22:46:33.997] [error] Entity not found for ID: 0
[22:46:34.009] [error] Entity not found for ID: 0
[22:46:34.021] [error] Entity not found for ID: 0
[22:46:34.034] [error] Entity not found for ID: 0
[22:46:34.047] [error] Entity not found for ID: 0
[22:46:34.060] [error] Entity not found for ID: 0
[22:46:34.076] [error] Entity not found for ID: 0
[22:46:34.091] [error] Entity not found for ID: 0
[22:46:34.108] [error] Entity not found for ID: 0
[22:46:34.125] [error] Entity not found for ID: 0
[22:46:34.142] [error] Entity not found for ID: 0
[22:46:34.158] [error] Entity not found for ID: 0
[22:46:34.177] [error] Entity not found for ID: 0
[22:46:34.192] [error] Entity not found for ID: 0
[22:46:34.208] [error] Entity not found for ID: 0
[22:46:34.225] [error] Entity not found for ID: 0
[22:46:34.242] [error] Entity not found for ID: 0
[22:46:34.242] [info] [SOURCE_DETECTOR] C# requested CreateEntity: Prefab = SeaCow
[22:46:34.242] [info] [SOURCE_DETECTOR] Engine creating Entity (Internal)
[22:46:34.243] [info] [CPP ECS] FromJson - Adding component 'Transform' to entity 'SeaCow'
[22:46:34.243] [info] [CPP ECS] FromJson - Adding component 'CircleCollider' to entity 'SeaCow'
[22:46:34.243] [info] [CPP ECS] FromJson - Adding component 'Variables' to entity 'SeaCow'
[22:46:34.243] [info] [CPP ECS] FromJson - Adding component 'Script' to entity 'SeaCow'
[22:46:34.243] [info] [CPP ECS] FromJson - Adding component 'SpriteRenderer' to entity 'SeaCow'
[22:46:34.243] [info] [CPP ECS] FromJson - Adding component 'Rigidbody2D' to entity 'SeaCow'
[22:46:34.244] [info] Collision Enter 2D Event Invoked
[22:46:34.244] [info] Collision Enter 2D Event Invoked
[22:46:34.245] [info] Collision Enter 2D Event Invoked
[22:46:34.245] [info] Collision Enter 2D Event Invoked
[22:46:34.259] [info] [MonoDbg] AddEntityToScript - Instantiating and adding script: SpriteAnimation to Entity ID: -9
[22:46:34.259] [info] [SetScriptVars] OK setting fields for: SpriteAnimation
[22:46:34.259] [info] [MonoDbg] AddEntityToScript - Syncing serialized fields for script: SpriteAnimation
[22:46:34.259] [info] [SetScriptVars] OK setting fields for: SpriteAnimation
[22:46:34.260] [info] [MonoDbg] AddEntityToScript - Instantiating and adding script: ChaseController to Entity ID: -9
[22:46:34.260] [info] [SetScriptVars] OK setting fields for: ChaseController
[22:46:34.260] [info] [MonoDbg] AddEntityToScript - Syncing serialized fields for script: ChaseController
[22:46:34.260] [info] [SetScriptVars] OK setting fields for: ChaseController
[22:46:34.260] [info] [MonoDbg] AddEntityToScript - Instantiating and adding script: TargetFacingFlip to Entity ID: -9
[22:46:34.260] [info] [SetScriptVars] OK setting fields for: TargetFacingFlip
[22:46:34.260] [info] [MonoDbg] AddEntityToScript - Syncing serialized fields for script: TargetFacingFlip
[22:46:34.261] [info] [SetScriptVars] OK setting fields for: TargetFacingFlip
[22:46:34.261] [info] [MonoDbg] AddEntityToScript - Instantiating and adding script: SeaCow to Entity ID: -9
[22:46:34.261] [info] [SetScriptVars] OK setting fields for: SeaCow
[22:46:34.261] [info] [MonoDbg] AddEntityToScript - Syncing serialized fields for script: SeaCow
[22:46:34.261] [info] [SetScriptVars] OK setting fields for: SeaCow
[22:46:34.262] [info] [MonoDbg] AddEntityToScript - Instantiating and adding script: HP to Entity ID: -9
[22:46:34.262] [info] [SetScriptVars] OK setting fields for: HP
[22:46:34.262] [info] [MonoDbg] AddEntityToScript - Syncing serialized fields for script: HP
[22:46:34.262] [info] [SetScriptVars] OK setting fields for: HP
[22:46:34.262] [info] [MonoDbg] AddEntityToScript - Instantiating and adding script: ParticleOffset to Entity ID: -9
[22:46:34.262] [info] [SetScriptVars] no group for scriptName: ParticleOffset  groups: 10
[22:46:34.263] [info] [MonoDbg] AddEntityToScript - Syncing serialized fields for script: ParticleOffset
[22:46:34.263] [info] [SetScriptVars] no group for scriptName: ParticleOffset  groups: 10
[22:46:34.263] [info] [MonoDbg] AddEntityToScript - Instantiating and adding script: AttackCollision to Entity ID: -9
[22:46:34.263] [info] [SetScriptVars] OK setting fields for: AttackCollision
[22:46:34.263] [info] [MonoDbg] AddEntityToScript - Syncing serialized fields for script: AttackCollision
[22:46:34.263] [info] [SetScriptVars] OK setting fields for: AttackCollision
[22:46:34.264] [info] [MonoDbg] AddEntityToScript - Instantiating and adding script: ExpDropper to Entity ID: -9
[22:46:34.264] [info] [SetScriptVars] OK setting fields for: ExpDropper
[22:46:34.264] [info] [MonoDbg] AddEntityToScript - Syncing serialized fields for script: ExpDropper
[22:46:34.264] [info] [SetScriptVars] OK setting fields for: ExpDropper
[22:46:34.264] [info] [MonoDbg] AddEntityToScript - Instantiating and adding script: DespawnTimer to Entity ID: -9
[22:46:34.265] [info] [SetScriptVars] OK setting fields for: DespawnTimer
[22:46:34.265] [info] [MonoDbg] AddEntityToScript - Syncing serialized fields for script: DespawnTimer
[22:46:34.265] [info] [SetScriptVars] OK setting fields for: DespawnTimer
[22:46:34.265] [info] [MonoDbg] AddEntityToScript - Instantiating and adding script: FlashOnDamaged to Entity ID: -9
[22:46:34.265] [info] [SetScriptVars] OK setting fields for: FlashOnDamaged
[22:46:34.265] [info] [MonoDbg] AddEntityToScript - Syncing serialized fields for script: FlashOnDamaged
[22:46:34.266] [info] [SetScriptVars] OK setting fields for: FlashOnDamaged
[22:46:34.266] [info] [MonoDbg] AddEntityToScript - Instantiating and adding script: ShakeSelfOnDamaged to Entity ID: -9
[22:46:34.266] [info] [SetScriptVars] OK setting fields for: ShakeSelfOnDamaged
[22:46:34.266] [info] [MonoDbg] AddEntityToScript - Syncing serialized fields for script: ShakeSelfOnDamaged
[22:46:34.266] [info] [SetScriptVars] OK setting fields for: ShakeSelfOnDamaged
[22:46:34.267] [info] [SOURCE_DETECTOR] C# requested CreateEntity: Prefab = enemySwimParticle
[22:46:34.267] [info] [SOURCE_DETECTOR] Engine creating Entity (Internal)
[22:46:34.267] [info] [CPP ECS] FromJson - Adding component 'Transform' to entity 'enemySwimParticle'
[22:46:34.267] [info] [CPP ECS] FromJson - Adding component 'Variables' to entity 'enemySwimParticle'
[22:46:34.267] [info] [CPP ECS] FromJson - Adding component 'ParticleSystem2D' to entity 'enemySwimParticle'
[22:46:34.268] [error] Entity not found for ID: 0
[22:46:34.282] [error] Entity not found for ID: 0
[22:46:34.298] [error] Entity not found for ID: 0
[22:46:34.312] [error] Entity not found for ID: 0
[22:46:34.327] [error] Entity not found for ID: 0
[22:46:34.342] [error] Entity not found for ID: 0
[22:46:34.359] [error] Entity not found for ID: 0
[22:46:34.375] [error] Entity not found for ID: 0
[22:46:34.376] [info] Collision Exit 2D Event Invoked
[22:46:34.376] [info] Collision Exit 2D Event Invoked
[22:46:34.377] [info] Collision Exit 2D Event Invoked
[22:46:34.377] [info] Collision Exit 2D Event Invoked
[22:46:34.377] [info] Collision Exit 2D Event Invoked
[22:46:34.377] [info] Collision Exit 2D Event Invoked
[22:46:34.377] [info] Collision Exit 2D Event Invoked
[22:46:34.377] [info] Collision Exit 2D Event Invoked
[22:46:34.378] [info] Collision Exit 2D Event Invoked
[22:46:34.378] [info] Collision Exit 2D Event Invoked
[22:46:34.378] [info] Collision Exit 2D Event Invoked
[22:46:34.378] [info] Collision Exit 2D Event Invoked
[22:46:34.378] [info] Collision Exit 2D Event Invoked
[22:46:34.378] [info] Collision Exit 2D Event Invoked
[22:46:34.379] [info] Collision Exit 2D Event Invoked
[22:46:34.379] [info] Collision Exit 2D Event Invoked
[22:46:34.379] [info] Collision Exit 2D Event Invoked
[22:46:34.379] [info] Collision Exit 2D Event Invoked
[22:46:34.391] [error] Entity not found for ID: 0
[22:46:34.408] [error] Entity not found for ID: 0
[22:46:34.425] [error] Entity not found for ID: 0
[22:46:34.442] [error] Entity not found for ID: 0
[22:46:34.458] [error] Entity not found for ID: 0
[22:46:34.475] [error] Entity not found for ID: 0
[22:46:34.492] [error] Entity not found for ID: 0
[22:46:34.508] [error] Entity not found for ID: 0
[22:46:34.525] [error] Entity not found for ID: 0
[22:46:34.541] [error] Entity not found for ID: 0
[22:46:34.558] [error] Entity not found for ID: 0
[22:46:34.575] [error] Entity not found for ID: 0
[22:46:34.591] [error] Entity not found for ID: 0
[22:46:34.608] [error] Entity not found for ID: 0
[22:46:34.625] [error] Entity not found for ID: 0
[22:46:34.642] [error] Entity not found for ID: 0
[22:46:34.658] [error] Entity not found for ID: 0
[22:46:34.675] [error] Entity not found for ID: 0
[22:46:34.691] [error] Entity not found for ID: 0
[22:46:34.708] [error] Entity not found for ID: 0
[22:46:34.724] [error] Entity not found for ID: 0
[22:46:34.741] [error] Entity not found for ID: 0
[22:46:34.758] [error] Entity not found for ID: 0
[22:46:34.774] [error] Entity not found for ID: 0
[22:46:34.791] [error] Entity not found for ID: 0
[22:46:34.808] [error] Entity not found for ID: 0
[22:46:34.809] [info] Collision Exit 2D Event Invoked
[22:46:34.809] [info] Collision Exit 2D Event Invoked
[22:46:34.809] [info] Collision Exit 2D Event Invoked
[22:46:34.809] [info] Collision Exit 2D Event Invoked
[22:46:34.810] [info] Collision Exit 2D Event Invoked
[22:46:34.810] [info] Collision Exit 2D Event Invoked
[22:46:34.810] [info] Collision Exit 2D Event Invoked
[22:46:34.810] [info] Collision Exit 2D Event Invoked
[22:46:34.810] [info] Collision Exit 2D Event Invoked
[22:46:34.810] [info] Collision Exit 2D Event Invoked
[22:46:34.810] [info] Collision Exit 2D Event Invoked
[22:46:34.811] [info] Collision Exit 2D Event Invoked
[22:46:34.811] [info] Collision Exit 2D Event Invoked
[22:46:34.811] [info] Collision Exit 2D Event Invoked
[22:46:34.811] [info] Collision Exit 2D Event Invoked
[22:46:34.825] [error] Entity not found for ID: 0
[22:46:34.841] [error] Entity not found for ID: 0
[22:46:34.859] [error] Entity not found for ID: 0
[22:46:34.875] [error] Entity not found for ID: 0
[22:46:34.891] [error] Entity not found for ID: 0
[22:46:34.908] [error] Entity not found for ID: 0
[22:46:34.925] [error] Entity not found for ID: 0
[22:46:34.941] [error] Entity not found for ID: 0
[22:46:34.958] [error] Entity not found for ID: 0
[22:46:34.975] [error] Entity not found for ID: 0
[22:46:34.991] [error] Entity not found for ID: 0
[22:46:35.008] [error] Entity not found for ID: 0
[22:46:35.025] [error] Entity not found for ID: 0
[22:46:35.041] [error] Entity not found for ID: 0
[22:46:35.058] [error] Entity not found for ID: 0
[22:46:35.075] [error] Entity not found for ID: 0
[22:46:35.091] [error] Entity not found for ID: 0
[22:46:35.108] [error] Entity not found for ID: 0
[22:46:35.124] [error] Entity not found for ID: 0
[22:46:35.141] [error] Entity not found for ID: 0
[22:46:35.158] [error] Entity not found for ID: 0
[22:46:35.174] [error] Entity not found for ID: 0
[22:46:35.191] [error] Entity not found for ID: 0
[22:46:35.208] [error] Entity not found for ID: 0
[22:46:35.224] [error] Entity not found for ID: 0
[22:46:35.241] [error] Entity not found for ID: 0
[22:46:35.241] [info] [SOURCE_DETECTOR] C# requested CreateEntity: Prefab = SeaCow
[22:46:35.242] [info] [SOURCE_DETECTOR] Engine creating Entity (Internal)
[22:46:35.242] [info] [CPP ECS] FromJson - Adding component 'Transform' to entity 'SeaCow'
[22:46:35.242] [info] [CPP ECS] FromJson - Adding component 'CircleCollider' to entity 'SeaCow'
[22:46:35.242] [info] [CPP ECS] FromJson - Adding component 'Variables' to entity 'SeaCow'
[22:46:35.242] [info] [CPP ECS] FromJson - Adding component 'Script' to entity 'SeaCow'
[22:46:35.242] [info] [CPP ECS] FromJson - Adding component 'SpriteRenderer' to entity 'SeaCow'
[22:46:35.242] [info] [CPP ECS] FromJson - Adding component 'Rigidbody2D' to entity 'SeaCow'
[22:46:35.243] [info] Collision Enter 2D Event Invoked
[22:46:35.244] [info] Collision Enter 2D Event Invoked
[22:46:35.244] [info] Collision Enter 2D Event Invoked
[22:46:35.244] [info] Collision Enter 2D Event Invoked
[22:46:35.257] [info] [MonoDbg] AddEntityToScript - Instantiating and adding script: SpriteAnimation to Entity ID: -14
[22:46:35.258] [info] [SetScriptVars] OK setting fields for: SpriteAnimation
[22:46:35.258] [info] [MonoDbg] AddEntityToScript - Syncing serialized fields for script: SpriteAnimation
[22:46:35.258] [info] [SetScriptVars] OK setting fields for: SpriteAnimation
[22:46:35.258] [info] [MonoDbg] AddEntityToScript - Instantiating and adding script: ChaseController to Entity ID: -14
[22:46:35.258] [info] [SetScriptVars] OK setting fields for: ChaseController
[22:46:35.259] [info] [MonoDbg] AddEntityToScript - Syncing serialized fields for script: ChaseController
[22:46:35.259] [info] [SetScriptVars] OK setting fields for: ChaseController
[22:46:35.259] [info] [MonoDbg] AddEntityToScript - Instantiating and adding script: TargetFacingFlip to Entity ID: -14
[22:46:35.259] [info] [SetScriptVars] OK setting fields for: TargetFacingFlip
[22:46:35.259] [info] [MonoDbg] AddEntityToScript - Syncing serialized fields for script: TargetFacingFlip
[22:46:35.259] [info] [SetScriptVars] OK setting fields for: TargetFacingFlip
[22:46:35.260] [info] [MonoDbg] AddEntityToScript - Instantiating and adding script: SeaCow to Entity ID: -14
[22:46:35.260] [info] [SetScriptVars] OK setting fields for: SeaCow
[22:46:35.260] [info] [MonoDbg] AddEntityToScript - Syncing serialized fields for script: SeaCow
[22:46:35.260] [info] [SetScriptVars] OK setting fields for: SeaCow
[22:46:35.260] [info] [MonoDbg] AddEntityToScript - Instantiating and adding script: HP to Entity ID: -14
[22:46:35.260] [info] [SetScriptVars] OK setting fields for: HP
[22:46:35.260] [info] [MonoDbg] AddEntityToScript - Syncing serialized fields for script: HP
[22:46:35.261] [info] [SetScriptVars] OK setting fields for: HP
[22:46:35.261] [info] [MonoDbg] AddEntityToScript - Instantiating and adding script: ParticleOffset to Entity ID: -14
[22:46:35.261] [info] [SetScriptVars] no group for scriptName: ParticleOffset  groups: 10
[22:46:35.261] [info] [MonoDbg] AddEntityToScript - Syncing serialized fields for script: ParticleOffset
[22:46:35.261] [info] [SetScriptVars] no group for scriptName: ParticleOffset  groups: 10
[22:46:35.261] [info] [MonoDbg] AddEntityToScript - Instantiating and adding script: AttackCollision to Entity ID: -14
[22:46:35.262] [info] [SetScriptVars] OK setting fields for: AttackCollision
[22:46:35.262] [info] [MonoDbg] AddEntityToScript - Syncing serialized fields for script: AttackCollision
[22:46:35.262] [info] [SetScriptVars] OK setting fields for: AttackCollision
[22:46:35.262] [info] [MonoDbg] AddEntityToScript - Instantiating and adding script: ExpDropper to Entity ID: -14
[22:46:35.262] [info] [SetScriptVars] OK setting fields for: ExpDropper
[22:46:35.262] [info] [MonoDbg] AddEntityToScript - Syncing serialized fields for script: ExpDropper
[22:46:35.263] [info] [SetScriptVars] OK setting fields for: ExpDropper
[22:46:35.263] [info] [MonoDbg] AddEntityToScript - Instantiating and adding script: DespawnTimer to Entity ID: -14
[22:46:35.263] [info] [SetScriptVars] OK setting fields for: DespawnTimer
[22:46:35.263] [info] [MonoDbg] AddEntityToScript - Syncing serialized fields for script: DespawnTimer
[22:46:35.263] [info] [SetScriptVars] OK setting fields for: DespawnTimer
[22:46:35.263] [info] [MonoDbg] AddEntityToScript - Instantiating and adding script: FlashOnDamaged to Entity ID: -14
[22:46:35.263] [info] [SetScriptVars] OK setting fields for: FlashOnDamaged
[22:46:35.264] [info] [MonoDbg] AddEntityToScript - Syncing serialized fields for script: FlashOnDamaged
[22:46:35.264] [info] [SetScriptVars] OK setting fields for: FlashOnDamaged
[22:46:35.264] [info] [MonoDbg] AddEntityToScript - Instantiating and adding script: ShakeSelfOnDamaged to Entity ID: -14
[22:46:35.264] [info] [SetScriptVars] OK setting fields for: ShakeSelfOnDamaged
[22:46:35.264] [info] [MonoDbg] AddEntityToScript - Syncing serialized fields for script: ShakeSelfOnDamaged
[22:46:35.264] [info] [SetScriptVars] OK setting fields for: ShakeSelfOnDamaged
[22:46:35.265] [info] [SOURCE_DETECTOR] C# requested CreateEntity: Prefab = enemySwimParticle
[22:46:35.265] [info] [SOURCE_DETECTOR] Engine creating Entity (Internal)
[22:46:35.265] [info] [CPP ECS] FromJson - Adding component 'Transform' to entity 'enemySwimParticle'
[22:46:35.265] [info] [CPP ECS] FromJson - Adding component 'Variables' to entity 'enemySwimParticle'
[22:46:35.265] [info] [CPP ECS] FromJson - Adding component 'ParticleSystem2D' to entity 'enemySwimParticle'
[22:46:35.266] [error] Entity not found for ID: 0
[22:46:35.278] [error] Entity not found for ID: 0
[22:46:35.291] [error] Entity not found for ID: 0
[22:46:35.308] [error] Entity not found for ID: 0
[22:46:35.325] [error] Entity not found for ID: 0
[22:46:35.341] [error] Entity not found for ID: 0
[22:46:35.357] [error] Entity not found for ID: 0
[22:46:35.374] [error] Entity not found for ID: 0
[22:46:35.392] [error] Entity not found for ID: 0
[22:46:35.408] [error] Entity not found for ID: 0
[22:46:35.425] [error] Entity not found for ID: 0
[22:46:35.441] [error] Entity not found for ID: 0
[22:46:35.458] [error] Entity not found for ID: 0
[22:46:35.474] [error] Entity not found for ID: 0
[22:46:35.491] [error] Entity not found for ID: 0
[22:46:35.508] [error] Entity not found for ID: 0
[22:46:35.524] [error] Entity not found for ID: 0
[22:46:35.541] [error] Entity not found for ID: 0
[22:46:35.558] [error] Entity not found for ID: 0
[22:46:35.574] [error] Entity not found for ID: 0
[22:46:35.591] [error] Entity not found for ID: 0
[22:46:35.608] [error] Entity not found for ID: 0
[22:46:35.624] [error] Entity not found for ID: 0
[22:46:35.641] [error] Entity not found for ID: 0
[22:46:35.658] [error] Entity not found for ID: 0
[22:46:35.675] [error] Entity not found for ID: 0
[22:46:35.691] [error] Entity not found for ID: 0
[22:46:35.708] [error] Entity not found for ID: 0
[22:46:35.725] [error] Entity not found for ID: 0
[22:46:35.741] [error] Entity not found for ID: 0
[22:46:35.758] [error] Entity not found for ID: 0
[22:46:35.775] [error] Entity not found for ID: 0
[22:46:35.791] [error] Entity not found for ID: 0
[22:46:35.808] [info] [SOURCE_DETECTOR] C# requested CreateEntity: Prefab = playerDashParticle
[22:46:35.809] [info] [SOURCE_DETECTOR] Engine creating Entity (Internal)
[22:46:35.809] [info] [CPP ECS] FromJson - Adding component 'Transform' to entity 'playerDashParticle'
[22:46:35.809] [info] [CPP ECS] FromJson - Adding component 'Variables' to entity 'playerDashParticle'
[22:46:35.809] [info] [CPP ECS] FromJson - Adding component 'ParticleSystem2D' to entity 'playerDashParticle'
[22:46:35.810] [error] Entity not found for ID: 0
[22:46:35.826] [error] Entity not found for ID: 0
[22:46:35.841] [error] Entity not found for ID: 0
[22:46:35.858] [error] Entity not found for ID: 0
[22:46:35.875] [error] Entity not found for ID: 0
[22:46:35.891] [error] Entity not found for ID: 0
[22:46:35.908] [error] Entity not found for ID: 0
[22:46:35.909] [info] Collision Enter 2D Event Invoked
[22:46:35.909] [info] Collision Enter 2D Event Invoked
[22:46:35.909] [info] Collision Enter 2D Event Invoked
[22:46:35.910] [info] Collision Enter 2D Event Invoked
[22:46:35.910] [info] Collision Enter 2D Event Invoked
[22:46:35.910] [info] Collision Enter 2D Event Invoked
[22:46:35.910] [info] Collision Enter 2D Event Invoked
[22:46:35.910] [info] Collision Enter 2D Event Invoked
[22:46:35.910] [info] Collision Enter 2D Event Invoked
[22:46:35.911] [info] Collision Enter 2D Event Invoked
[22:46:35.911] [info] Collision Enter 2D Event Invoked
[22:46:35.911] [info] Collision Enter 2D Event Invoked
[22:46:35.911] [info] Collision Enter 2D Event Invoked
[22:46:35.911] [info] Collision Enter 2D Event Invoked
[22:46:35.911] [info] Collision Enter 2D Event Invoked
[22:46:35.925] [error] Entity not found for ID: 0
[22:46:35.941] [error] Entity not found for ID: 0
[22:46:35.958] [error] Entity not found for ID: 0
[22:46:35.976] [error] Entity not found for ID: 0
[22:46:35.991] [error] Entity not found for ID: 0
[22:46:36.009] [error] Entity not found for ID: 0
[22:46:36.024] [error] Entity not found for ID: 0
[22:46:36.041] [error] Entity not found for ID: 0
[22:46:36.058] [error] Entity not found for ID: 0
[22:46:36.075] [error] Entity not found for ID: 0
[22:46:36.092] [error] Entity not found for ID: 0
[22:46:36.108] [error] Entity not found for ID: 0
[22:46:36.125] [error] Entity not found for ID: 0
[22:46:36.141] [error] Entity not found for ID: 0
[22:46:36.158] [error] Entity not found for ID: 0
[22:46:36.175] [error] Entity not found for ID: 0
[22:46:36.192] [error] Entity not found for ID: 0
[22:46:36.209] [error] Entity not found for ID: 0
[22:46:36.225] [error] Entity not found for ID: 0
[22:46:36.242] [error] Entity not found for ID: 0
[22:46:36.242] [info] [SOURCE_DETECTOR] C# requested CreateEntity: Prefab = SeaCow
[22:46:36.242] [info] [SOURCE_DETECTOR] Engine creating Entity (Internal)
[22:46:36.242] [info] [CPP ECS] FromJson - Adding component 'Transform' to entity 'SeaCow'
[22:46:36.243] [info] [CPP ECS] FromJson - Adding component 'CircleCollider' to entity 'SeaCow'
[22:46:36.243] [info] [CPP ECS] FromJson - Adding component 'Variables' to entity 'SeaCow'
[22:46:36.243] [info] [CPP ECS] FromJson - Adding component 'Script' to entity 'SeaCow'
[22:46:36.243] [info] [CPP ECS] FromJson - Adding component 'SpriteRenderer' to entity 'SeaCow'
[22:46:36.243] [info] [CPP ECS] FromJson - Adding component 'Rigidbody2D' to entity 'SeaCow'
[22:46:36.244] [info] Collision Enter 2D Event Invoked
[22:46:36.244] [info] Collision Enter 2D Event Invoked
[22:46:36.244] [info] Collision Enter 2D Event Invoked
[22:46:36.244] [info] Collision Enter 2D Event Invoked
[22:46:36.257] [info] [MonoDbg] AddEntityToScript - Instantiating and adding script: SpriteAnimation to Entity ID: -17
[22:46:36.258] [info] [SetScriptVars] OK setting fields for: SpriteAnimation
[22:46:36.258] [info] [MonoDbg] AddEntityToScript - Syncing serialized fields for script: SpriteAnimation
[22:46:36.258] [info] [SetScriptVars] OK setting fields for: SpriteAnimation
[22:46:36.258] [info] [MonoDbg] AddEntityToScript - Instantiating and adding script: ChaseController to Entity ID: -17
[22:46:36.258] [info] [SetScriptVars] OK setting fields for: ChaseController
[22:46:36.259] [info] [MonoDbg] AddEntityToScript - Syncing serialized fields for script: ChaseController
[22:46:36.259] [info] [SetScriptVars] OK setting fields for: ChaseController
[22:46:36.259] [info] [MonoDbg] AddEntityToScript - Instantiating and adding script: TargetFacingFlip to Entity ID: -17
[22:46:36.259] [info] [SetScriptVars] OK setting fields for: TargetFacingFlip
[22:46:36.259] [info] [MonoDbg] AddEntityToScript - Syncing serialized fields for script: TargetFacingFlip
[22:46:36.259] [info] [SetScriptVars] OK setting fields for: TargetFacingFlip
[22:46:36.260] [info] [MonoDbg] AddEntityToScript - Instantiating and adding script: SeaCow to Entity ID: -17
[22:46:36.260] [info] [SetScriptVars] OK setting fields for: SeaCow
[22:46:36.260] [info] [MonoDbg] AddEntityToScript - Syncing serialized fields for script: SeaCow
[22:46:36.260] [info] [SetScriptVars] OK setting fields for: SeaCow
[22:46:36.260] [info] [MonoDbg] AddEntityToScript - Instantiating and adding script: HP to Entity ID: -17
[22:46:36.260] [info] [SetScriptVars] OK setting fields for: HP
[22:46:36.261] [info] [MonoDbg] AddEntityToScript - Syncing serialized fields for script: HP
[22:46:36.261] [info] [SetScriptVars] OK setting fields for: HP
[22:46:36.261] [info] [MonoDbg] AddEntityToScript - Instantiating and adding script: ParticleOffset to Entity ID: -17
[22:46:36.261] [info] [SetScriptVars] no group for scriptName: ParticleOffset  groups: 10
[22:46:36.261] [info] [MonoDbg] AddEntityToScript - Syncing serialized fields for script: ParticleOffset
[22:46:36.261] [info] [SetScriptVars] no group for scriptName: ParticleOffset  groups: 10
[22:46:36.261] [info] [MonoDbg] AddEntityToScript - Instantiating and adding script: AttackCollision to Entity ID: -17
[22:46:36.262] [info] [SetScriptVars] OK setting fields for: AttackCollision
[22:46:36.262] [info] [MonoDbg] AddEntityToScript - Syncing serialized fields for script: AttackCollision
[22:46:36.262] [info] [SetScriptVars] OK setting fields for: AttackCollision
[22:46:36.262] [info] [MonoDbg] AddEntityToScript - Instantiating and adding script: ExpDropper to Entity ID: -17
[22:46:36.262] [info] [SetScriptVars] OK setting fields for: ExpDropper
[22:46:36.262] [info] [MonoDbg] AddEntityToScript - Syncing serialized fields for script: ExpDropper
[22:46:36.262] [info] [SetScriptVars] OK setting fields for: ExpDropper
[22:46:36.263] [info] [MonoDbg] AddEntityToScript - Instantiating and adding script: DespawnTimer to Entity ID: -17
[22:46:36.263] [info] [SetScriptVars] OK setting fields for: DespawnTimer
[22:46:36.263] [info] [MonoDbg] AddEntityToScript - Syncing serialized fields for script: DespawnTimer
[22:46:36.263] [info] [SetScriptVars] OK setting fields for: DespawnTimer
[22:46:36.263] [info] [MonoDbg] AddEntityToScript - Instantiating and adding script: FlashOnDamaged to Entity ID: -17
[22:46:36.263] [info] [SetScriptVars] OK setting fields for: FlashOnDamaged
[22:46:36.264] [info] [MonoDbg] AddEntityToScript - Syncing serialized fields for script: FlashOnDamaged
[22:46:36.264] [info] [SetScriptVars] OK setting fields for: FlashOnDamaged
[22:46:36.264] [info] [MonoDbg] AddEntityToScript - Instantiating and adding script: ShakeSelfOnDamaged to Entity ID: -17
[22:46:36.264] [info] [SetScriptVars] OK setting fields for: ShakeSelfOnDamaged
[22:46:36.264] [info] [MonoDbg] AddEntityToScript - Syncing serialized fields for script: ShakeSelfOnDamaged
[22:46:36.264] [info] [SetScriptVars] OK setting fields for: ShakeSelfOnDamaged
[22:46:36.265] [info] [SOURCE_DETECTOR] C# requested CreateEntity: Prefab = enemySwimParticle
[22:46:36.265] [info] [SOURCE_DETECTOR] Engine creating Entity (Internal)
[22:46:36.265] [info] [CPP ECS] FromJson - Adding component 'Transform' to entity 'enemySwimParticle'
[22:46:36.265] [info] [CPP ECS] FromJson - Adding component 'Variables' to entity 'enemySwimParticle'
[22:46:36.265] [info] [CPP ECS] FromJson - Adding component 'ParticleSystem2D' to entity 'enemySwimParticle'
[22:46:36.266] [error] Entity not found for ID: 0
[22:46:36.279] [error] Entity not found for ID: 0
[22:46:36.292] [error] Entity not found for ID: 0
[22:46:36.308] [error] Entity not found for ID: 0
[22:46:36.325] [error] Entity not found for ID: 0
[22:46:36.342] [error] Entity not found for ID: 0
[22:46:36.358] [error] Entity not found for ID: 0
[22:46:36.377] [error] Entity not found for ID: 0
[22:46:36.393] [error] Entity not found for ID: 0
[22:46:36.410] [error] Entity not found for ID: 0
[22:46:36.427] [error] Entity not found for ID: 0
[22:46:36.444] [error] Entity not found for ID: 0
[22:46:36.461] [error] Entity not found for ID: 0
[22:46:36.478] [error] Entity not found for ID: 0
[22:46:36.479] [info] Collision Enter 2D Event Invoked
[22:46:36.480] [info] Collision Enter 2D Event Invoked
[22:46:36.480] [info] Collision Enter 2D Event Invoked
[22:46:36.480] [info] Collision Enter 2D Event Invoked
[22:46:36.480] [info] Collision Enter 2D Event Invoked
[22:46:36.480] [info] Collision Enter 2D Event Invoked
[22:46:36.481] [info] Collision Enter 2D Event Invoked
[22:46:36.481] [info] Collision Enter 2D Event Invoked
[22:46:36.481] [info] Collision Enter 2D Event Invoked
[22:46:36.481] [info] Collision Enter 2D Event Invoked
[22:46:36.482] [info] Collision Enter 2D Event Invoked
[22:46:36.482] [info] Collision Enter 2D Event Invoked
[22:46:36.482] [info] Collision Enter 2D Event Invoked
[22:46:36.482] [info] Collision Enter 2D Event Invoked
[22:46:36.483] [info] Collision Enter 2D Event Invoked
[22:46:36.483] [info] [SOURCE_DETECTOR] C# requested CreateEntity: Prefab = PlayerHitEffect
[22:46:36.483] [info] [SOURCE_DETECTOR] Engine creating Entity (Internal)
[22:46:36.483] [info] [CPP ECS] FromJson - Adding component 'Transform' to entity 'PlayerHitEffect'
[22:46:36.484] [info] [CPP ECS] FromJson - Adding component 'Variables' to entity 'PlayerHitEffect'
[22:46:36.484] [info] [SOURCE_DETECTOR] Engine creating Entity (Internal)
[22:46:36.484] [info] [CPP ECS] FromJson - Adding component 'Transform' to entity 'HitEffect1'
[22:46:36.484] [info] [CPP ECS] FromJson - Adding component 'Variables' to entity 'HitEffect1'
[22:46:36.484] [info] [CPP ECS] FromJson - Adding component 'SpriteRenderer' to entity 'HitEffect1'
[22:46:36.485] [info] [CPP ECS] FromJson - Adding component 'Script' to entity 'HitEffect1'
[22:46:36.485] [info] [SOURCE_DETECTOR] Engine creating Entity (Internal)
[22:46:36.485] [info] [CPP ECS] FromJson - Adding component 'Transform' to entity 'HitEffect2'
[22:46:36.485] [info] [CPP ECS] FromJson - Adding component 'Variables' to entity 'HitEffect2'
[22:46:36.485] [info] [CPP ECS] FromJson - Adding component 'SpriteRenderer' to entity 'HitEffect2'
[22:46:36.486] [info] [CPP ECS] FromJson - Adding component 'Script' to entity 'HitEffect2'
[22:46:36.486] [error] Script component not found for Entity ID: -19
[22:46:36.486] [info] [SetScriptVars] no group for scriptName: TimedDestruction  groups: 0
[22:46:36.486] [info] Collision Enter 2D Event Invoked
[22:46:36.487] [info] Collision Enter 2D Event Invoked
[22:46:36.487] [info] Collision Enter 2D Event Invoked
[22:46:36.487] [info] Collision Enter 2D Event Invoked
[22:46:36.487] [info] Collision Enter 2D Event Invoked
[22:46:36.488] [info] Collision Enter 2D Event Invoked
[22:46:36.488] [info] Collision Enter 2D Event Invoked
[22:46:36.488] [info] Collision Enter 2D Event Invoked
[22:46:36.488] [info] Collision Enter 2D Event Invoked
[22:46:36.489] [info] Collision Enter 2D Event Invoked
[22:46:36.489] [info] Collision Enter 2D Event Invoked
[22:46:36.489] [info] Collision Enter 2D Event Invoked
[22:46:36.489] [info] Collision Enter 2D Event Invoked
[22:46:36.490] [info] Collision Enter 2D Event Invoked
[22:46:36.490] [info] Collision Enter 2D Event Invoked
[22:46:36.490] [info] Collision Enter 2D Event Invoked
[22:46:36.490] [info] Collision Enter 2D Event Invoked
[22:46:36.491] [info] Collision Enter 2D Event Invoked
[22:46:36.491] [info] Collision Enter 2D Event Invoked
[22:46:36.491] [info] Collision Enter 2D Event Invoked
[22:46:36.507] [info] [MonoDbg] AddEntityToScript - Instantiating and adding script: TransformTween to Entity ID: -7
[22:46:36.507] [info] [SetScriptVars] OK setting fields for: TransformTween
[22:46:36.508] [info] [MonoDbg] AddEntityToScript - Syncing serialized fields for script: TransformTween
[22:46:36.508] [info] [SetScriptVars] OK setting fields for: TransformTween
[22:46:36.508] [info] [MonoDbg] AddEntityToScript - Instantiating and adding script: TransformTween to Entity ID: -16
[22:46:36.508] [info] [SetScriptVars] OK setting fields for: TransformTween
[22:46:36.509] [info] [MonoDbg] AddEntityToScript - Syncing serialized fields for script: TransformTween
[22:46:36.509] [info] [SetScriptVars] OK setting fields for: TransformTween
[22:46:36.509] [error] Entity not found for ID: 0
[22:46:36.511] [error] Entity not found for ID: 0
[22:46:36.511] [error] Entity not found for ID: 0
[22:46:36.511] [info] [SOURCE_DETECTOR] C# requested CreateEntity: Prefab = ExpOrbMedium
[22:46:36.511] [info] [SOURCE_DETECTOR] Engine creating Entity (Internal)
[22:46:36.511] [info] [CPP ECS] FromJson - Adding component 'Transform' to entity 'ExpOrbMedium'
[22:46:36.512] [info] [CPP ECS] FromJson - Adding component 'CircleCollider' to entity 'ExpOrbMedium'
[22:46:36.512] [info] [CPP ECS] FromJson - Adding component 'Variables' to entity 'ExpOrbMedium'
[22:46:36.512] [info] [CPP ECS] FromJson - Adding component 'SpriteRenderer' to entity 'ExpOrbMedium'
[22:46:36.512] [info] [CPP ECS] FromJson - Adding component 'Script' to entity 'ExpOrbMedium'
[22:46:36.512] [info] [SOURCE_DETECTOR] C# requested CreateEntity: Prefab = ExpOrbMedium
[22:46:36.513] [info] [SOURCE_DETECTOR] Engine creating Entity (Internal)
[22:46:36.513] [info] [CPP ECS] FromJson - Adding component 'Transform' to entity 'ExpOrbMedium'
[22:46:36.513] [info] [CPP ECS] FromJson - Adding component 'CircleCollider' to entity 'ExpOrbMedium'
[22:46:36.513] [info] [CPP ECS] FromJson - Adding component 'Variables' to entity 'ExpOrbMedium'
[22:46:36.513] [info] [CPP ECS] FromJson - Adding component 'SpriteRenderer' to entity 'ExpOrbMedium'
[22:46:36.514] [info] [CPP ECS] FromJson - Adding component 'Script' to entity 'ExpOrbMedium'
[22:46:36.514] [info] [SOURCE_DETECTOR] C# requested CreateEntity: Prefab = ExpOrbMedium
[22:46:36.514] [info] [SOURCE_DETECTOR] Engine creating Entity (Internal)
[22:46:36.514] [info] [CPP ECS] FromJson - Adding component 'Transform' to entity 'ExpOrbMedium'
[22:46:36.514] [info] [CPP ECS] FromJson - Adding component 'CircleCollider' to entity 'ExpOrbMedium'
[22:46:36.515] [info] [CPP ECS] FromJson - Adding component 'Variables' to entity 'ExpOrbMedium'
[22:46:36.515] [info] [CPP ECS] FromJson - Adding component 'SpriteRenderer' to entity 'ExpOrbMedium'
[22:46:36.515] [info] [CPP ECS] FromJson - Adding component 'Script' to entity 'ExpOrbMedium'
[22:46:36.515] [info] [SOURCE_DETECTOR] C# requested CreateEntity: Prefab = ExpOrbSmall
[22:46:36.516] [info] [SOURCE_DETECTOR] Engine creating Entity (Internal)
[22:46:36.516] [info] [CPP ECS] FromJson - Adding component 'Transform' to entity 'ExpOrbSmall'
[22:46:36.516] [info] [CPP ECS] FromJson - Adding component 'CircleCollider' to entity 'ExpOrbSmall'
[22:46:36.516] [info] [CPP ECS] FromJson - Adding component 'Variables' to entity 'ExpOrbSmall'
[22:46:36.516] [info] [CPP ECS] FromJson - Adding component 'SpriteRenderer' to entity 'ExpOrbSmall'
[22:46:36.517] [info] [CPP ECS] FromJson - Adding component 'Script' to entity 'ExpOrbSmall'
[22:46:36.517] [info] [SOURCE_DETECTOR] C# requested CreateEntity: Prefab = ExpOrbSmall
[22:46:36.517] [info] [SOURCE_DETECTOR] Engine creating Entity (Internal)
[22:46:36.517] [info] [CPP ECS] FromJson - Adding component 'Transform' to entity 'ExpOrbSmall'
[22:46:36.518] [info] [CPP ECS] FromJson - Adding component 'CircleCollider' to entity 'ExpOrbSmall'
[22:46:36.518] [info] [CPP ECS] FromJson - Adding component 'Variables' to entity 'ExpOrbSmall'
[22:46:36.518] [info] [CPP ECS] FromJson - Adding component 'SpriteRenderer' to entity 'ExpOrbSmall'
[22:46:36.518] [info] [CPP ECS] FromJson - Adding component 'Script' to entity 'ExpOrbSmall'
[22:46:36.519] [info] Collision Enter 2D Event Invoked
[22:46:36.519] [info] Collision Enter 2D Event Invoked
[22:46:36.519] [info] Collision Enter 2D Event Invoked
[22:46:36.520] [info] Collision Enter 2D Event Invoked
[22:46:36.520] [info] Collision Enter 2D Event Invoked
[22:46:36.534] [info] [MonoDbg] AddEntityToScript - Instantiating and adding script: ExperiencePoint to Entity ID: -15
[22:46:36.535] [info] [SetScriptVars] OK setting fields for: ExperiencePoint
[22:46:36.535] [info] [MonoDbg] AddEntityToScript - Syncing serialized fields for script: ExperiencePoint
[22:46:36.535] [info] [SetScriptVars] OK setting fields for: ExperiencePoint
[22:46:36.535] [info] [MonoDbg] AddEntityToScript - Instantiating and adding script: ExperiencePoint to Entity ID: -20
[22:46:36.536] [info] [SetScriptVars] OK setting fields for: ExperiencePoint
[22:46:36.536] [info] [MonoDbg] AddEntityToScript - Syncing serialized fields for script: ExperiencePoint
[22:46:36.536] [info] [SetScriptVars] OK setting fields for: ExperiencePoint
[22:46:36.536] [info] [MonoDbg] AddEntityToScript - Instantiating and adding script: ExperiencePoint to Entity ID: -21
[22:46:36.536] [info] [SetScriptVars] OK setting fields for: ExperiencePoint
[22:46:36.536] [info] [MonoDbg] AddEntityToScript - Syncing serialized fields for script: ExperiencePoint
[22:46:36.537] [info] [SetScriptVars] OK setting fields for: ExperiencePoint
[22:46:36.537] [info] [MonoDbg] AddEntityToScript - Instantiating and adding script: ExperiencePoint to Entity ID: -22
[22:46:36.537] [info] [SetScriptVars] OK setting fields for: ExperiencePoint
[22:46:36.537] [info] [MonoDbg] AddEntityToScript - Syncing serialized fields for script: ExperiencePoint
[22:46:36.538] [info] [SetScriptVars] OK setting fields for: ExperiencePoint
[22:46:36.538] [info] [MonoDbg] AddEntityToScript - Instantiating and adding script: ExperiencePoint to Entity ID: -23
[22:46:36.538] [info] [SetScriptVars] OK setting fields for: ExperiencePoint
[22:46:36.538] [info] [MonoDbg] AddEntityToScript - Syncing serialized fields for script: ExperiencePoint
[22:46:36.538] [info] [SetScriptVars] OK setting fields for: ExperiencePoint
[22:46:36.539] [error] Entity not found for ID: 0
[22:46:36.555] [error] Entity not found for ID: 0
[22:46:36.568] [error] Entity not found for ID: 0
[22:46:36.581] [error] Entity not found for ID: 0
[22:46:36.594] [error] Entity not found for ID: 0
[22:46:36.606] [error] Entity not found for ID: 0
[22:46:36.618] [error] Entity not found for ID: 0
[22:46:36.631] [error] Entity not found for ID: 0
[22:46:36.644] [error] Entity not found for ID: 0
[22:46:36.658] [error] Entity not found for ID: 0
[22:46:36.675] [error] Entity not found for ID: 0
[22:46:36.692] [error] Entity not found for ID: 0
[22:46:36.693] [info] Collision Exit 2D Event Invoked
[22:46:36.693] [info] Collision Exit 2D Event Invoked
[22:46:36.693] [info] Collision Exit 2D Event Invoked
[22:46:36.693] [info] Collision Exit 2D Event Invoked
[22:46:36.694] [info] Collision Exit 2D Event Invoked
[22:46:36.694] [info] Collision Exit 2D Event Invoked
[22:46:36.694] [info] Collision Exit 2D Event Invoked
[22:46:36.694] [info] Collision Exit 2D Event Invoked
[22:46:36.694] [info] Collision Exit 2D Event Invoked
[22:46:36.694] [info] Collision Exit 2D Event Invoked
[22:46:36.694] [info] Collision Exit 2D Event Invoked
[22:46:36.695] [info] Collision Exit 2D Event Invoked
[22:46:36.695] [info] Collision Exit 2D Event Invoked
[22:46:36.695] [info] Collision Exit 2D Event Invoked
[22:46:36.695] [info] Collision Exit 2D Event Invoked
[22:46:36.708] [error] Entity not found for ID: 0
[22:46:36.725] [error] Entity not found for ID: 0
[22:46:36.742] [error] Entity not found for ID: 0
[22:46:36.742] [info] [SOURCE_DETECTOR] C# requested CreateEntity: Prefab = MorayEel
[22:46:36.742] [info] [SOURCE_DETECTOR] Engine creating Entity (Internal)
[22:46:36.742] [info] [CPP ECS] FromJson - Adding component 'Transform' to entity 'MorayEel'
[22:46:36.743] [info] [CPP ECS] FromJson - Adding component 'CircleCollider' to entity 'MorayEel'
[22:46:36.743] [info] [CPP ECS] FromJson - Adding component 'Variables' to entity 'MorayEel'
[22:46:36.743] [info] [CPP ECS] FromJson - Adding component 'Script' to entity 'MorayEel'
[22:46:36.743] [info] [CPP ECS] FromJson - Adding component 'SpriteRenderer' to entity 'MorayEel'
[22:46:36.743] [info] [CPP ECS] FromJson - Adding component 'Rigidbody2D' to entity 'MorayEel'
[22:46:36.744] [info] Script MorayEelSpawnMove found for Entity ID: -14
[22:46:36.744] [info] [SetScriptVars] OK setting fields for: MorayEelSpawnMove
[22:46:36.758] [info] [MonoDbg] AddEntityToScript - Instantiating and adding script: SpriteAnimation to Entity ID: -14
[22:46:36.758] [info] [SetScriptVars] OK setting fields for: SpriteAnimation
[22:46:36.758] [info] [MonoDbg] AddEntityToScript - Syncing serialized fields for script: SpriteAnimation
[22:46:36.758] [info] [SetScriptVars] OK setting fields for: SpriteAnimation
[22:46:36.758] [info] [MonoDbg] AddEntityToScript - Instantiating and adding script: MorayEelSpawnMove to Entity ID: -14
[22:46:36.759] [info] [MonoDbg] AddEntityToScript - Syncing serialized fields for script: MorayEelSpawnMove
[22:46:36.759] [info] [SetScriptVars] OK setting fields for: MorayEelSpawnMove
[22:46:36.759] [info] [MonoDbg] AddEntityToScript - Instantiating and adding script: ChaseController to Entity ID: -14
[22:46:36.759] [info] [SetScriptVars] OK setting fields for: ChaseController
[22:46:36.759] [info] [MonoDbg] AddEntityToScript - Syncing serialized fields for script: ChaseController
[22:46:36.759] [info] [SetScriptVars] OK setting fields for: ChaseController
[22:46:36.760] [info] [MonoDbg] AddEntityToScript - Instantiating and adding script: ChaseAnimation to Entity ID: -14
[22:46:36.760] [info] [SetScriptVars] OK setting fields for: ChaseAnimation
[22:46:36.760] [info] [MonoDbg] AddEntityToScript - Syncing serialized fields for script: ChaseAnimation
[22:46:36.760] [info] [SetScriptVars] OK setting fields for: ChaseAnimation
[22:46:36.760] [info] [MonoDbg] AddEntityToScript - Instantiating and adding script: SmallFryChaseMove to Entity ID: -14
[22:46:36.760] [info] [SetScriptVars] OK setting fields for: SmallFryChaseMove
[22:46:36.761] [info] [MonoDbg] AddEntityToScript - Syncing serialized fields for script: SmallFryChaseMove
[22:46:36.761] [info] [SetScriptVars] OK setting fields for: SmallFryChaseMove
[22:46:36.761] [info] [MonoDbg] AddEntityToScript - Instantiating and adding script: TargetFacingFlip to Entity ID: -14
[22:46:36.761] [info] [SetScriptVars] OK setting fields for: TargetFacingFlip
[22:46:36.761] [info] [MonoDbg] AddEntityToScript - Syncing serialized fields for script: TargetFacingFlip
[22:46:36.761] [info] [SetScriptVars] OK setting fields for: TargetFacingFlip
[22:46:36.761] [info] [MonoDbg] AddEntityToScript - Instantiating and adding script: MorayEel to Entity ID: -14
[22:46:36.762] [info] [SetScriptVars] OK setting fields for: MorayEel
[22:46:36.762] [info] [MonoDbg] AddEntityToScript - Syncing serialized fields for script: MorayEel
[22:46:36.762] [info] [SetScriptVars] OK setting fields for: MorayEel
[22:46:36.762] [info] [MonoDbg] AddEntityToScript - Instantiating and adding script: HP to Entity ID: -14
[22:46:36.762] [info] [SetScriptVars] OK setting fields for: HP
[22:46:36.762] [info] [MonoDbg] AddEntityToScript - Syncing serialized fields for script: HP
[22:46:36.762] [info] [SetScriptVars] OK setting fields for: HP
[22:46:36.763] [info] [MonoDbg] AddEntityToScript - Instantiating and adding script: DespawnTimer to Entity ID: -14
[22:46:36.763] [info] [SetScriptVars] OK setting fields for: DespawnTimer
[22:46:36.763] [info] [MonoDbg] AddEntityToScript - Syncing serialized fields for script: DespawnTimer
[22:46:36.763] [info] [SetScriptVars] OK setting fields for: DespawnTimer
[22:46:36.763] [info] [MonoDbg] AddEntityToScript - Instantiating and adding script: ExpDropper to Entity ID: -14
[22:46:36.763] [info] [SetScriptVars] OK setting fields for: ExpDropper
[22:46:36.764] [info] [MonoDbg] AddEntityToScript - Syncing serialized fields for script: ExpDropper
[22:46:36.764] [info] [SetScriptVars] OK setting fields for: ExpDropper
[22:46:36.764] [info] [MonoDbg] AddEntityToScript - Instantiating and adding script: ParticleOffset to Entity ID: -14
[22:46:36.764] [info] [SetScriptVars] OK setting fields for: ParticleOffset
[22:46:36.764] [info] [MonoDbg] AddEntityToScript - Syncing serialized fields for script: ParticleOffset
[22:46:36.764] [info] [SetScriptVars] OK setting fields for: ParticleOffset
[22:46:36.764] [info] [MonoDbg] AddEntityToScript - Instantiating and adding script: AttackCollision to Entity ID: -14
[22:46:36.765] [info] [SetScriptVars] OK setting fields for: AttackCollision
[22:46:36.765] [info] [MonoDbg] AddEntityToScript - Syncing serialized fields for script: AttackCollision
[22:46:36.765] [info] [SetScriptVars] OK setting fields for: AttackCollision
[22:46:36.765] [info] [MonoDbg] AddEntityToScript - Instantiating and adding script: FlashOnDamaged to Entity ID: -14
[22:46:36.765] [info] [SetScriptVars] OK setting fields for: FlashOnDamaged
[22:46:36.765] [info] [MonoDbg] AddEntityToScript - Syncing serialized fields for script: FlashOnDamaged
[22:46:36.766] [info] [SetScriptVars] OK setting fields for: FlashOnDamaged
[22:46:36.766] [info] [MonoDbg] AddEntityToScript - Instantiating and adding script: ShakeSelfOnDamaged to Entity ID: -14
[22:46:36.766] [info] [SetScriptVars] OK setting fields for: ShakeSelfOnDamaged
[22:46:36.766] [info] [MonoDbg] AddEntityToScript - Syncing serialized fields for script: ShakeSelfOnDamaged
[22:46:36.766] [info] [SetScriptVars] OK setting fields for: ShakeSelfOnDamaged
[22:46:36.769] [info] [SOURCE_DETECTOR] C# requested CreateEntity: Prefab = enemySwimParticle
[22:46:36.769] [info] [SOURCE_DETECTOR] Engine creating Entity (Internal)
[22:46:36.769] [info] [CPP ECS] FromJson - Adding component 'Transform' to entity 'enemySwimParticle'
[22:46:36.769] [info] [CPP ECS] FromJson - Adding component 'Variables' to entity 'enemySwimParticle'
[22:46:36.769] [info] [CPP ECS] FromJson - Adding component 'ParticleSystem2D' to entity 'enemySwimParticle'
[22:46:36.770] [error] Entity not found for ID: 0
[22:46:36.782] [error] Entity not found for ID: 0
[22:46:36.795] [error] Entity not found for ID: 0
[22:46:36.808] [error] Entity not found for ID: 0
[22:46:36.825] [error] Entity not found for ID: 0
[22:46:36.842] [error] Entity not found for ID: 0
[22:46:36.843] [info] Collision Exit 2D Event Invoked
[22:46:36.843] [info] Collision Exit 2D Event Invoked
[22:46:36.844] [info] Collision Exit 2D Event Invoked
[22:46:36.844] [info] Collision Exit 2D Event Invoked
[22:46:36.844] [info] Collision Exit 2D Event Invoked
[22:46:36.844] [info] Collision Exit 2D Event Invoked
[22:46:36.844] [info] Collision Exit 2D Event Invoked
[22:46:36.844] [info] Collision Exit 2D Event Invoked
[22:46:36.844] [info] Collision Exit 2D Event Invoked
[22:46:36.845] [info] Collision Exit 2D Event Invoked
[22:46:36.845] [info] Collision Exit 2D Event Invoked
[22:46:36.845] [info] Collision Exit 2D Event Invoked
[22:46:36.845] [info] Collision Exit 2D Event Invoked
[22:46:36.845] [info] Collision Exit 2D Event Invoked
[22:46:36.845] [info] Collision Exit 2D Event Invoked
[22:46:36.858] [error] Entity not found for ID: 0
[22:46:36.875] [error] Entity not found for ID: 0
[22:46:36.876] [error] Entity not found for ID: -7
[22:46:36.876] [error] Entity not found for ID: -16
[22:46:36.891] [error] Entity not found for ID: 0
[22:46:36.892] [error] Entity not found for ID: -7
[22:46:36.892] [error] Entity not found for ID: -16
[22:46:36.908] [error] Entity not found for ID: 0
[22:46:36.909] [error] Entity not found for ID: -7
[22:46:36.909] [error] Entity not found for ID: -16
[22:46:36.924] [error] Entity not found for ID: 0
[22:46:36.925] [error] Entity not found for ID: -7
[22:46:36.925] [error] Entity not found for ID: -16
[22:46:36.941] [error] Entity not found for ID: 0
[22:46:36.942] [error] Entity not found for ID: -7
[22:46:36.942] [error] Entity not found for ID: -16
[22:46:36.959] [error] Entity not found for ID: 0
[22:46:36.960] [error] Entity not found for ID: -7
[22:46:36.960] [error] Entity not found for ID: -16
[22:46:36.975] [error] Entity not found for ID: 0
[22:46:36.976] [error] Entity not found for ID: -7
[22:46:36.976] [error] Entity not found for ID: -16
[22:46:36.991] [error] Entity not found for ID: 0
[22:46:36.992] [error] Entity not found for ID: -7
[22:46:36.992] [error] Entity not found for ID: -16
[22:46:37.008] [error] Entity not found for ID: 0
[22:46:37.009] [error] Entity not found for ID: -7
[22:46:37.009] [error] Entity not found for ID: -16
[22:46:37.025] [error] Entity not found for ID: 0
[22:46:37.025] [error] Entity not found for ID: -7
[22:46:37.026] [error] Entity not found for ID: -16
[22:46:37.041] [error] Entity not found for ID: 0
[22:46:37.042] [error] Entity not found for ID: -7
[22:46:37.042] [error] Entity not found for ID: -16
[22:46:37.058] [error] Entity not found for ID: 0
[22:46:37.058] [error] Entity not found for ID: -7
[22:46:37.059] [error] Entity not found for ID: -16
[22:46:37.075] [error] Entity not found for ID: 0
[22:46:37.075] [error] Entity not found for ID: -7
[22:46:37.075] [error] Entity not found for ID: -16
[22:46:37.091] [error] Entity not found for ID: 0
[22:46:37.092] [error] Entity not found for ID: -7
[22:46:37.092] [error] Entity not found for ID: -16
[22:46:37.108] [error] Entity not found for ID: 0
[22:46:37.109] [error] Entity not found for ID: -7
[22:46:37.109] [error] Entity not found for ID: -16
[22:46:37.124] [error] Entity not found for ID: 0
[22:46:37.125] [error] Entity not found for ID: -7
[22:46:37.125] [error] Entity not found for ID: -16
[22:46:37.141] [error] Entity not found for ID: 0
[22:46:37.142] [error] Entity not found for ID: -7
[22:46:37.142] [error] Entity not found for ID: -16
[22:46:37.158] [error] Entity not found for ID: 0
[22:46:37.158] [error] Entity not found for ID: -7
[22:46:37.159] [error] Entity not found for ID: -16
[22:46:37.175] [error] Entity not found for ID: 0
[22:46:37.175] [error] Entity not found for ID: -7
[22:46:37.175] [error] Entity not found for ID: -16
[22:46:37.191] [error] Entity not found for ID: 0
[22:46:37.192] [error] Entity not found for ID: -7
[22:46:37.192] [error] Entity not found for ID: -16
[22:46:37.208] [error] Entity not found for ID: 0
[22:46:37.209] [error] Entity not found for ID: -7
[22:46:37.209] [error] Entity not found for ID: -16
[22:46:37.225] [error] Entity not found for ID: 0
[22:46:37.226] [error] Entity not found for ID: -7
[22:46:37.226] [error] Entity not found for ID: -16
[22:46:37.242] [error] Entity not found for ID: 0
[22:46:37.242] [error] Entity not found for ID: -7
[22:46:37.242] [error] Entity not found for ID: -16
[22:46:37.260] [error] Entity not found for ID: 0
[22:46:37.260] [error] Entity not found for ID: -7
[22:46:37.260] [error] Entity not found for ID: -16
[22:46:37.276] [error] Entity not found for ID: 0
[22:46:37.276] [error] Entity not found for ID: -7
[22:46:37.276] [error] Entity not found for ID: -16
[22:46:37.293] [error] Entity not found for ID: 0
[22:46:37.293] [error] Entity not found for ID: -7
[22:46:37.294] [error] Entity not found for ID: -16
[22:46:37.309] [error] Entity not found for ID: 0
[22:46:37.309] [error] Entity not found for ID: -7
[22:46:37.310] [error] Entity not found for ID: -16
[22:46:37.326] [error] Entity not found for ID: 0
[22:46:37.326] [info] [SOURCE_DETECTOR] C# requested CreateEntity: Prefab = FlapjackOctopus
[22:46:37.326] [info] [SOURCE_DETECTOR] Engine creating Entity (Internal)
[22:46:37.326] [info] [CPP ECS] FromJson - Adding component 'Transform' to entity 'FlapjackOctopus'
[22:46:37.327] [info] [CPP ECS] FromJson - Adding component 'CircleCollider' to entity 'FlapjackOctopus'
[22:46:37.327] [info] [CPP ECS] FromJson - Adding component 'Variables' to entity 'FlapjackOctopus'
[22:46:37.327] [info] [CPP ECS] FromJson - Adding component 'Script' to entity 'FlapjackOctopus'
[22:46:37.327] [info] [CPP ECS] FromJson - Adding component 'SpriteRenderer' to entity 'FlapjackOctopus'
[22:46:37.327] [info] [CPP ECS] FromJson - Adding component 'Rigidbody2D' to entity 'FlapjackOctopus'
[22:46:37.328] [error] Entity not found for ID: -7
[22:46:37.328] [error] Entity not found for ID: -16
[22:46:37.328] [info] Collision Enter 2D Event Invoked
[22:46:37.329] [info] Collision Enter 2D Event Invoked
[22:46:37.329] [info] Collision Enter 2D Event Invoked
[22:46:37.329] [info] Collision Enter 2D Event Invoked
[22:46:37.342] [info] [MonoDbg] AddEntityToScript - Instantiating and adding script: SpriteAnimation to Entity ID: -19
[22:46:37.342] [info] [SetScriptVars] OK setting fields for: SpriteAnimation
[22:46:37.342] [info] [MonoDbg] AddEntityToScript - Syncing serialized fields for script: SpriteAnimation
[22:46:37.343] [info] [SetScriptVars] OK setting fields for: SpriteAnimation
[22:46:37.343] [info] [MonoDbg] AddEntityToScript - Instantiating and adding script: TargetRangeDetector to Entity ID: -19
[22:46:37.343] [info] [SetScriptVars] OK setting fields for: TargetRangeDetector
[22:46:37.343] [info] [MonoDbg] AddEntityToScript - Syncing serialized fields for script: TargetRangeDetector
[22:46:37.343] [info] [SetScriptVars] OK setting fields for: TargetRangeDetector
[22:46:37.343] [info] [MonoDbg] AddEntityToScript - Instantiating and adding script: FlapjackOctopus to Entity ID: -19
[22:46:37.344] [info] [SetScriptVars] OK setting fields for: FlapjackOctopus
[22:46:37.344] [info] [MonoDbg] AddEntityToScript - Syncing serialized fields for script: FlapjackOctopus
[22:46:37.344] [info] [SetScriptVars] OK setting fields for: FlapjackOctopus
[22:46:37.344] [info] [MonoDbg] AddEntityToScript - Instantiating and adding script: HP to Entity ID: -19
[22:46:37.344] [info] [SetScriptVars] OK setting fields for: HP
[22:46:37.344] [info] [MonoDbg] AddEntityToScript - Syncing serialized fields for script: HP
[22:46:37.345] [info] [SetScriptVars] OK setting fields for: HP
[22:46:37.345] [info] [MonoDbg] AddEntityToScript - Instantiating and adding script: ParticleOffset to Entity ID: -19
[22:46:37.345] [info] [SetScriptVars] no group for scriptName: ParticleOffset  groups: 9
[22:46:37.345] [info] [MonoDbg] AddEntityToScript - Syncing serialized fields for script: ParticleOffset
[22:46:37.345] [info] [SetScriptVars] no group for scriptName: ParticleOffset  groups: 9
[22:46:37.345] [info] [MonoDbg] AddEntityToScript - Instantiating and adding script: AttackCollision to Entity ID: -19
[22:46:37.345] [info] [SetScriptVars] OK setting fields for: AttackCollision
[22:46:37.346] [info] [MonoDbg] AddEntityToScript - Syncing serialized fields for script: AttackCollision
[22:46:37.346] [info] [SetScriptVars] OK setting fields for: AttackCollision
[22:46:37.346] [info] [MonoDbg] AddEntityToScript - Instantiating and adding script: ExpDropper to Entity ID: -19
[22:46:37.346] [info] [SetScriptVars] OK setting fields for: ExpDropper
[22:46:37.346] [info] [MonoDbg] AddEntityToScript - Syncing serialized fields for script: ExpDropper
[22:46:37.346] [info] [SetScriptVars] OK setting fields for: ExpDropper
[22:46:37.347] [info] [MonoDbg] AddEntityToScript - Instantiating and adding script: DespawnTimer to Entity ID: -19
[22:46:37.347] [info] [SetScriptVars] OK setting fields for: DespawnTimer
[22:46:37.347] [info] [MonoDbg] AddEntityToScript - Syncing serialized fields for script: DespawnTimer
[22:46:37.347] [info] [SetScriptVars] OK setting fields for: DespawnTimer
[22:46:37.347] [info] [MonoDbg] AddEntityToScript - Instantiating and adding script: FlashOnDamaged to Entity ID: -19
[22:46:37.347] [info] [SetScriptVars] OK setting fields for: FlashOnDamaged
[22:46:37.348] [info] [MonoDbg] AddEntityToScript - Syncing serialized fields for script: FlashOnDamaged
[22:46:37.348] [info] [SetScriptVars] OK setting fields for: FlashOnDamaged
[22:46:37.348] [info] [MonoDbg] AddEntityToScript - Instantiating and adding script: ShakeSelfOnDamaged to Entity ID: -19
[22:46:37.348] [info] [SetScriptVars] OK setting fields for: ShakeSelfOnDamaged
[22:46:37.348] [info] [MonoDbg] AddEntityToScript - Syncing serialized fields for script: ShakeSelfOnDamaged
[22:46:37.348] [info] [SetScriptVars] OK setting fields for: ShakeSelfOnDamaged
[22:46:37.349] [info] [SOURCE_DETECTOR] C# requested CreateEntity: Prefab = surfaceOctopusParticle
[22:46:37.349] [info] [SOURCE_DETECTOR] Engine creating Entity (Internal)
[22:46:37.349] [info] [CPP ECS] FromJson - Adding component 'Transform' to entity 'surfaceOctopusParticle'
[22:46:37.349] [info] [CPP ECS] FromJson - Adding component 'Variables' to entity 'surfaceOctopusParticle'
[22:46:37.349] [info] [CPP ECS] FromJson - Adding component 'ParticleSystem2D' to entity 'surfaceOctopusParticle'
[22:46:37.350] [error] Entity not found for ID: 0
[22:46:37.350] [error] Entity not found for ID: -16
[22:46:37.364] [info] [SOURCE_DETECTOR] C# requested CreateEntity: Prefab = playerDashParticle
[22:46:37.364] [info] [SOURCE_DETECTOR] Engine creating Entity (Internal)
[22:46:37.364] [info] [CPP ECS] FromJson - Adding component 'Transform' to entity 'playerDashParticle'
[22:46:37.364] [info] [CPP ECS] FromJson - Adding component 'Variables' to entity 'playerDashParticle'
[22:46:37.365] [info] [CPP ECS] FromJson - Adding component 'ParticleSystem2D' to entity 'playerDashParticle'
[22:46:37.365] [error] Entity not found for ID: 0
[22:46:37.379] [error] Entity not found for ID: 0
[22:46:37.393] [error] Entity not found for ID: 0
[22:46:37.410] [error] Entity not found for ID: 0
[22:46:37.426] [error] Entity not found for ID: 0
[22:46:37.442] [error] Entity not found for ID: 0
[22:46:37.459] [error] Entity not found for ID: 0
[22:46:37.476] [error] Entity not found for ID: 0
[22:46:37.493] [error] Entity not found for ID: 0
[22:46:37.510] [error] Entity not found for ID: 0
[22:46:37.526] [error] Entity not found for ID: 0
[22:46:37.543] [error] Entity not found for ID: 0
[22:46:37.560] [error] Entity not found for ID: 0
[22:46:37.576] [error] Entity not found for ID: 0
[22:46:37.577] [info] Collision Exit 2D Event Invoked
[22:46:37.578] [info] Collision Exit 2D Event Invoked
[22:46:37.578] [info] Collision Exit 2D Event Invoked
[22:46:37.578] [info] Collision Exit 2D Event Invoked
[22:46:37.578] [info] Collision Exit 2D Event Invoked
[22:46:37.578] [info] Collision Exit 2D Event Invoked
[22:46:37.578] [info] Collision Exit 2D Event Invoked
[22:46:37.579] [info] Collision Exit 2D Event Invoked
[22:46:37.579] [info] Collision Exit 2D Event Invoked
[22:46:37.579] [info] Collision Exit 2D Event Invoked
[22:46:37.579] [info] Collision Exit 2D Event Invoked
[22:46:37.579] [info] Collision Exit 2D Event Invoked
[22:46:37.580] [info] Collision Exit 2D Event Invoked
[22:46:37.580] [info] Collision Exit 2D Event Invoked
[22:46:37.593] [error] Entity not found for ID: 0
[22:46:37.609] [error] Entity not found for ID: 0
[22:46:37.626] [error] Entity not found for ID: 0
[22:46:37.642] [error] Entity not found for ID: 0
[22:46:37.659] [error] Entity not found for ID: 0
[22:46:37.676] [error] Entity not found for ID: 0
[22:46:37.693] [error] Entity not found for ID: 0
[22:46:37.709] [error] Entity not found for ID: 0
[22:46:37.726] [error] Entity not found for ID: 0
[22:46:37.743] [error] Entity not found for ID: 0
[22:46:37.759] [error] Entity not found for ID: 0
[22:46:37.776] [error] Entity not found for ID: 0
[22:46:37.793] [error] Entity not found for ID: 0
[22:46:37.809] [error] Entity not found for ID: 0
[22:46:37.826] [error] Entity not found for ID: 0
[22:46:37.842] [error] Entity not found for ID: 0
[22:46:37.859] [error] Entity not found for ID: 0
[22:46:37.877] [error] Entity not found for ID: 0
[22:46:37.893] [error] Entity not found for ID: 0
[22:46:37.909] [error] Entity not found for ID: 0
[22:46:37.926] [error] Entity not found for ID: 0
[22:46:37.942] [error] Entity not found for ID: 0
[22:46:37.959] [error] Entity not found for ID: 0
[22:46:37.976] [error] Entity not found for ID: 0
[22:46:37.993] [error] Entity not found for ID: 0
[22:46:38.010] [error] Entity not found for ID: 0
[22:46:38.026] [error] Entity not found for ID: 0
[22:46:38.043] [error] Entity not found for ID: 0
[22:46:38.059] [error] Entity not found for ID: 0
[22:46:38.076] [error] Entity not found for ID: 0
[22:46:38.093] [error] Entity not found for ID: 0
[22:46:38.109] [error] Entity not found for ID: 0
[22:46:38.125] [error] Entity not found for ID: 0
[22:46:38.142] [error] Entity not found for ID: 0
[22:46:38.158] [error] Entity not found for ID: 0
[22:46:38.176] [error] Entity not found for ID: 0
[22:46:38.192] [error] Entity not found for ID: 0
[22:46:38.209] [error] Entity not found for ID: 0
[22:46:38.225] [error] Entity not found for ID: 0
[22:46:38.242] [error] Entity not found for ID: 0
[22:46:38.259] [error] Entity not found for ID: 0
[22:46:38.276] [error] Entity not found for ID: 0
[22:46:38.292] [error] Entity not found for ID: 0
[22:46:38.309] [error] Entity not found for ID: 0
[22:46:38.325] [error] Entity not found for ID: 0
[22:46:38.326] [info] [SOURCE_DETECTOR] C# requested CreateEntity: Prefab = SeaCow
[22:46:38.326] [info] [SOURCE_DETECTOR] Engine creating Entity (Internal)
[22:46:38.326] [info] [CPP ECS] FromJson - Adding component 'Transform' to entity 'SeaCow'
[22:46:38.326] [info] [CPP ECS] FromJson - Adding component 'CircleCollider' to entity 'SeaCow'
[22:46:38.326] [info] [CPP ECS] FromJson - Adding component 'Variables' to entity 'SeaCow'
[22:46:38.326] [info] [CPP ECS] FromJson - Adding component 'Script' to entity 'SeaCow'
[22:46:38.327] [info] [CPP ECS] FromJson - Adding component 'SpriteRenderer' to entity 'SeaCow'
[22:46:38.327] [info] [CPP ECS] FromJson - Adding component 'Rigidbody2D' to entity 'SeaCow'
[22:46:38.328] [info] Collision Enter 2D Event Invoked
[22:46:38.328] [info] Collision Enter 2D Event Invoked
[22:46:38.328] [info] Collision Enter 2D Event Invoked
[22:46:38.328] [info] Collision Enter 2D Event Invoked
[22:46:38.342] [info] [MonoDbg] AddEntityToScript - Instantiating and adding script: SpriteAnimation to Entity ID: -25
[22:46:38.342] [info] [SetScriptVars] OK setting fields for: SpriteAnimation
[22:46:38.342] [info] [MonoDbg] AddEntityToScript - Syncing serialized fields for script: SpriteAnimation
[22:46:38.342] [info] [SetScriptVars] OK setting fields for: SpriteAnimation
[22:46:38.343] [info] [MonoDbg] AddEntityToScript - Instantiating and adding script: ChaseController to Entity ID: -25
[22:46:38.343] [info] [SetScriptVars] OK setting fields for: ChaseController
[22:46:38.343] [info] [MonoDbg] AddEntityToScript - Syncing serialized fields for script: ChaseController
[22:46:38.343] [info] [SetScriptVars] OK setting fields for: ChaseController
[22:46:38.343] [info] [MonoDbg] AddEntityToScript - Instantiating and adding script: TargetFacingFlip to Entity ID: -25
[22:46:38.343] [info] [SetScriptVars] OK setting fields for: TargetFacingFlip
[22:46:38.344] [info] [MonoDbg] AddEntityToScript - Syncing serialized fields for script: TargetFacingFlip
[22:46:38.344] [info] [SetScriptVars] OK setting fields for: TargetFacingFlip
[22:46:38.344] [info] [MonoDbg] AddEntityToScript - Instantiating and adding script: SeaCow to Entity ID: -25
[22:46:38.344] [info] [SetScriptVars] OK setting fields for: SeaCow
[22:46:38.344] [info] [MonoDbg] AddEntityToScript - Syncing serialized fields for script: SeaCow
[22:46:38.344] [info] [SetScriptVars] OK setting fields for: SeaCow
[22:46:38.345] [info] [MonoDbg] AddEntityToScript - Instantiating and adding script: HP to Entity ID: -25
[22:46:38.345] [info] [SetScriptVars] OK setting fields for: HP
[22:46:38.345] [info] [MonoDbg] AddEntityToScript - Syncing serialized fields for script: HP
[22:46:38.345] [info] [SetScriptVars] OK setting fields for: HP
[22:46:38.345] [info] [MonoDbg] AddEntityToScript - Instantiating and adding script: ParticleOffset to Entity ID: -25
[22:46:38.345] [info] [SetScriptVars] no group for scriptName: ParticleOffset  groups: 10
[22:46:38.345] [info] [MonoDbg] AddEntityToScript - Syncing serialized fields for script: ParticleOffset
[22:46:38.346] [info] [SetScriptVars] no group for scriptName: ParticleOffset  groups: 10
[22:46:38.346] [info] [MonoDbg] AddEntityToScript - Instantiating and adding script: AttackCollision to Entity ID: -25
[22:46:38.346] [info] [SetScriptVars] OK setting fields for: AttackCollision
[22:46:38.346] [info] [MonoDbg] AddEntityToScript - Syncing serialized fields for script: AttackCollision
[22:46:38.346] [info] [SetScriptVars] OK setting fields for: AttackCollision
[22:46:38.346] [info] [MonoDbg] AddEntityToScript - Instantiating and adding script: ExpDropper to Entity ID: -25
[22:46:38.346] [info] [SetScriptVars] OK setting fields for: ExpDropper
[22:46:38.347] [info] [MonoDbg] AddEntityToScript - Syncing serialized fields for script: ExpDropper
[22:46:38.347] [info] [SetScriptVars] OK setting fields for: ExpDropper
[22:46:38.347] [info] [MonoDbg] AddEntityToScript - Instantiating and adding script: DespawnTimer to Entity ID: -25
[22:46:38.347] [info] [SetScriptVars] OK setting fields for: DespawnTimer
[22:46:38.347] [info] [MonoDbg] AddEntityToScript - Syncing serialized fields for script: DespawnTimer
[22:46:38.347] [info] [SetScriptVars] OK setting fields for: DespawnTimer
[22:46:38.347] [info] [MonoDbg] AddEntityToScript - Instantiating and adding script: FlashOnDamaged to Entity ID: -25
[22:46:38.348] [info] [SetScriptVars] OK setting fields for: FlashOnDamaged
[22:46:38.348] [info] [MonoDbg] AddEntityToScript - Syncing serialized fields for script: FlashOnDamaged
[22:46:38.348] [info] [SetScriptVars] OK setting fields for: FlashOnDamaged
[22:46:38.348] [info] [MonoDbg] AddEntityToScript - Instantiating and adding script: ShakeSelfOnDamaged to Entity ID: -25
[22:46:38.348] [info] [SetScriptVars] OK setting fields for: ShakeSelfOnDamaged
[22:46:38.349] [info] [MonoDbg] AddEntityToScript - Syncing serialized fields for script: ShakeSelfOnDamaged
[22:46:38.349] [info] [SetScriptVars] OK setting fields for: ShakeSelfOnDamaged
[22:46:38.349] [info] [SOURCE_DETECTOR] C# requested CreateEntity: Prefab = enemySwimParticle
[22:46:38.349] [info] [SOURCE_DETECTOR] Engine creating Entity (Internal)
[22:46:38.349] [info] [CPP ECS] FromJson - Adding component 'Transform' to entity 'enemySwimParticle'
[22:46:38.349] [info] [CPP ECS] FromJson - Adding component 'Variables' to entity 'enemySwimParticle'
[22:46:38.350] [info] [CPP ECS] FromJson - Adding component 'ParticleSystem2D' to entity 'enemySwimParticle'
[22:46:38.350] [error] Entity not found for ID: 0
[22:46:38.363] [error] Entity not found for ID: 0
[22:46:38.376] [error] Entity not found for ID: 0
[22:46:38.393] [error] Entity not found for ID: 0
[22:46:38.410] [error] Entity not found for ID: 0
[22:46:38.425] [error] Entity not found for ID: 0
[22:46:38.442] [error] Entity not found for ID: 0
[22:46:38.459] [error] Entity not found for ID: 0
[22:46:38.476] [error] Entity not found for ID: 0
[22:46:38.492] [error] Entity not found for ID: 0
[22:46:38.509] [error] Entity not found for ID: 0
[22:46:38.525] [error] Entity not found for ID: 0
[22:46:38.542] [error] Entity not found for ID: 0
[22:46:38.559] [error] Entity not found for ID: 0
[22:46:38.576] [error] Entity not found for ID: 0
[22:46:38.593] [error] Entity not found for ID: 0
[22:46:38.609] [error] Entity not found for ID: 0
[22:46:38.625] [error] Entity not found for ID: 0
[22:46:38.642] [error] Entity not found for ID: 0
[22:46:38.658] [error] Entity not found for ID: 0
[22:46:38.676] [error] Entity not found for ID: 0
[22:46:38.693] [error] Entity not found for ID: 0
[22:46:38.709] [error] Entity not found for ID: 0
[22:46:38.725] [error] Entity not found for ID: 0
[22:46:38.742] [error] Entity not found for ID: 0
[22:46:38.759] [error] Entity not found for ID: 0
[22:46:38.776] [error] Entity not found for ID: 0
[22:46:38.792] [error] Entity not found for ID: 0
[22:46:38.809] [error] Entity not found for ID: 0
[22:46:38.825] [error] Entity not found for ID: 0
[22:46:38.843] [error] Entity not found for ID: 0
[22:46:38.859] [error] Entity not found for ID: 0
[22:46:38.875] [error] Entity not found for ID: 0
[22:46:38.892] [error] Entity not found for ID: 0
[22:46:38.909] [error] Entity not found for ID: 0
[22:46:38.925] [error] Entity not found for ID: 0
[22:46:38.942] [error] Entity not found for ID: 0
[22:46:38.959] [error] Entity not found for ID: 0
[22:46:38.975] [error] Entity not found for ID: 0
[22:46:38.992] [error] Entity not found for ID: 0
[22:46:39.009] [error] Entity not found for ID: 0
[22:46:39.025] [error] Entity not found for ID: 0
[22:46:39.042] [error] Entity not found for ID: 0
[22:46:39.058] [error] Entity not found for ID: 0
[22:46:39.076] [error] Entity not found for ID: 0
[22:46:39.092] [error] Entity not found for ID: 0
[22:46:39.110] [info] [SOURCE_DETECTOR] C# requested CreateEntity: Prefab = playerDashParticle
[22:46:39.110] [info] [SOURCE_DETECTOR] Engine creating Entity (Internal)
[22:46:39.110] [info] [CPP ECS] FromJson - Adding component 'Transform' to entity 'playerDashParticle'
[22:46:39.110] [info] [CPP ECS] FromJson - Adding component 'Variables' to entity 'playerDashParticle'
[22:46:39.110] [info] [CPP ECS] FromJson - Adding component 'ParticleSystem2D' to entity 'playerDashParticle'
[22:46:39.111] [error] Entity not found for ID: 0
[22:46:39.126] [error] Entity not found for ID: 0
[22:46:39.142] [error] Entity not found for ID: 0
[22:46:39.158] [error] Entity not found for ID: 0
[22:46:39.159] [info] Collision Enter 2D Event Invoked
[22:46:39.159] [info] Collision Enter 2D Event Invoked
[22:46:39.160] [info] Collision Enter 2D Event Invoked
[22:46:39.160] [info] Collision Enter 2D Event Invoked
[22:46:39.160] [info] Collision Enter 2D Event Invoked
[22:46:39.160] [info] Collision Enter 2D Event Invoked
[22:46:39.160] [info] Collision Enter 2D Event Invoked
[22:46:39.160] [info] Collision Enter 2D Event Invoked
[22:46:39.161] [info] Collision Enter 2D Event Invoked
[22:46:39.161] [info] Collision Enter 2D Event Invoked
[22:46:39.161] [info] Collision Enter 2D Event Invoked
[22:46:39.161] [info] Collision Enter 2D Event Invoked
[22:46:39.161] [info] Collision Enter 2D Event Invoked
[22:46:39.161] [info] Collision Enter 2D Event Invoked
[22:46:39.162] [info] Collision Exit 2D Event Invoked
[22:46:39.162] [info] Collision Exit 2D Event Invoked
[22:46:39.162] [info] Collision Exit 2D Event Invoked
[22:46:39.162] [info] Collision Exit 2D Event Invoked
[22:46:39.162] [info] Collision Exit 2D Event Invoked
[22:46:39.163] [info] Collision Exit 2D Event Invoked
[22:46:39.163] [info] Collision Exit 2D Event Invoked
[22:46:39.163] [info] Collision Exit 2D Event Invoked
[22:46:39.163] [info] Collision Exit 2D Event Invoked
[22:46:39.163] [info] Collision Exit 2D Event Invoked
[22:46:39.163] [info] Collision Exit 2D Event Invoked
[22:46:39.164] [info] Collision Exit 2D Event Invoked
[22:46:39.164] [info] Collision Exit 2D Event Invoked
[22:46:39.164] [info] Collision Exit 2D Event Invoked
[22:46:39.164] [info] Collision Exit 2D Event Invoked
[22:46:39.176] [error] Entity not found for ID: 0
[22:46:39.192] [error] Entity not found for ID: 0
[22:46:39.209] [error] Entity not found for ID: 0
[22:46:39.226] [error] Entity not found for ID: 0
[22:46:39.242] [error] Entity not found for ID: 0
[22:46:39.258] [error] Entity not found for ID: 0
[22:46:39.276] [error] Entity not found for ID: 0
[22:46:39.292] [error] Entity not found for ID: 0
[22:46:39.309] [error] Entity not found for ID: 0
[22:46:39.325] [error] Entity not found for ID: 0
[22:46:39.326] [info] [SOURCE_DETECTOR] C# requested CreateEntity: Prefab = SeaCow
[22:46:39.326] [info] [SOURCE_DETECTOR] Engine creating Entity (Internal)
[22:46:39.326] [info] [CPP ECS] FromJson - Adding component 'Transform' to entity 'SeaCow'
[22:46:39.326] [info] [CPP ECS] FromJson - Adding component 'CircleCollider' to entity 'SeaCow'
[22:46:39.326] [info] [CPP ECS] FromJson - Adding component 'Variables' to entity 'SeaCow'
[22:46:39.326] [info] [CPP ECS] FromJson - Adding component 'Script' to entity 'SeaCow'
[22:46:39.327] [info] [CPP ECS] FromJson - Adding component 'SpriteRenderer' to entity 'SeaCow'
[22:46:39.327] [info] [CPP ECS] FromJson - Adding component 'Rigidbody2D' to entity 'SeaCow'
[22:46:39.328] [info] Collision Enter 2D Event Invoked
[22:46:39.328] [info] Collision Enter 2D Event Invoked
[22:46:39.328] [info] Collision Enter 2D Event Invoked
[22:46:39.328] [info] Collision Enter 2D Event Invoked
[22:46:39.341] [info] [MonoDbg] AddEntityToScript - Instantiating and adding script: SpriteAnimation to Entity ID: -27
[22:46:39.342] [info] [SetScriptVars] OK setting fields for: SpriteAnimation
[22:46:39.342] [info] [MonoDbg] AddEntityToScript - Syncing serialized fields for script: SpriteAnimation
[22:46:39.342] [info] [SetScriptVars] OK setting fields for: SpriteAnimation
[22:46:39.342] [info] [MonoDbg] AddEntityToScript - Instantiating and adding script: ChaseController to Entity ID: -27
[22:46:39.342] [info] [SetScriptVars] OK setting fields for: ChaseController
[22:46:39.343] [info] [MonoDbg] AddEntityToScript - Syncing serialized fields for script: ChaseController
[22:46:39.343] [info] [SetScriptVars] OK setting fields for: ChaseController
[22:46:39.343] [info] [MonoDbg] AddEntityToScript - Instantiating and adding script: TargetFacingFlip to Entity ID: -27
[22:46:39.343] [info] [SetScriptVars] OK setting fields for: TargetFacingFlip
[22:46:39.343] [info] [MonoDbg] AddEntityToScript - Syncing serialized fields for script: TargetFacingFlip
[22:46:39.343] [info] [SetScriptVars] OK setting fields for: TargetFacingFlip
[22:46:39.344] [info] [MonoDbg] AddEntityToScript - Instantiating and adding script: SeaCow to Entity ID: -27
[22:46:39.344] [info] [SetScriptVars] OK setting fields for: SeaCow
[22:46:39.344] [info] [MonoDbg] AddEntityToScript - Syncing serialized fields for script: SeaCow
[22:46:39.344] [info] [SetScriptVars] OK setting fields for: SeaCow
[22:46:39.344] [info] [MonoDbg] AddEntityToScript - Instantiating and adding script: HP to Entity ID: -27
[22:46:39.344] [info] [SetScriptVars] OK setting fields for: HP
[22:46:39.345] [info] [MonoDbg] AddEntityToScript - Syncing serialized fields for script: HP
[22:46:39.345] [info] [SetScriptVars] OK setting fields for: HP
[22:46:39.345] [info] [MonoDbg] AddEntityToScript - Instantiating and adding script: ParticleOffset to Entity ID: -27
[22:46:39.345] [info] [SetScriptVars] no group for scriptName: ParticleOffset  groups: 10
[22:46:39.345] [info] [MonoDbg] AddEntityToScript - Syncing serialized fields for script: ParticleOffset
[22:46:39.345] [info] [SetScriptVars] no group for scriptName: ParticleOffset  groups: 10
[22:46:39.345] [info] [MonoDbg] AddEntityToScript - Instantiating and adding script: AttackCollision to Entity ID: -27
[22:46:39.346] [info] [SetScriptVars] OK setting fields for: AttackCollision
[22:46:39.346] [info] [MonoDbg] AddEntityToScript - Syncing serialized fields for script: AttackCollision
[22:46:39.346] [info] [SetScriptVars] OK setting fields for: AttackCollision
[22:46:39.346] [info] [MonoDbg] AddEntityToScript - Instantiating and adding script: ExpDropper to Entity ID: -27
[22:46:39.346] [info] [SetScriptVars] OK setting fields for: ExpDropper
[22:46:39.347] [info] [MonoDbg] AddEntityToScript - Syncing serialized fields for script: ExpDropper
[22:46:39.347] [info] [SetScriptVars] OK setting fields for: ExpDropper
[22:46:39.347] [info] [MonoDbg] AddEntityToScript - Instantiating and adding script: DespawnTimer to Entity ID: -27
[22:46:39.347] [info] [SetScriptVars] OK setting fields for: DespawnTimer
[22:46:39.347] [info] [MonoDbg] AddEntityToScript - Syncing serialized fields for script: DespawnTimer
[22:46:39.347] [info] [SetScriptVars] OK setting fields for: DespawnTimer
[22:46:39.347] [info] [MonoDbg] AddEntityToScript - Instantiating and adding script: FlashOnDamaged to Entity ID: -27
[22:46:39.348] [info] [SetScriptVars] OK setting fields for: FlashOnDamaged
[22:46:39.348] [info] [MonoDbg] AddEntityToScript - Syncing serialized fields for script: FlashOnDamaged
[22:46:39.348] [info] [SetScriptVars] OK setting fields for: FlashOnDamaged
[22:46:39.348] [info] [MonoDbg] AddEntityToScript - Instantiating and adding script: ShakeSelfOnDamaged to Entity ID: -27
[22:46:39.348] [info] [SetScriptVars] OK setting fields for: ShakeSelfOnDamaged
[22:46:39.349] [info] [MonoDbg] AddEntityToScript - Syncing serialized fields for script: ShakeSelfOnDamaged
[22:46:39.349] [info] [SetScriptVars] OK setting fields for: ShakeSelfOnDamaged
[22:46:39.349] [info] [SOURCE_DETECTOR] C# requested CreateEntity: Prefab = enemySwimParticle
[22:46:39.349] [info] [SOURCE_DETECTOR] Engine creating Entity (Internal)
[22:46:39.349] [info] [CPP ECS] FromJson - Adding component 'Transform' to entity 'enemySwimParticle'
[22:46:39.350] [info] [CPP ECS] FromJson - Adding component 'Variables' to entity 'enemySwimParticle'
[22:46:39.350] [info] [CPP ECS] FromJson - Adding component 'ParticleSystem2D' to entity 'enemySwimParticle'
[22:46:39.350] [error] Entity not found for ID: 0
[22:46:39.364] [error] Entity not found for ID: 0
[22:46:39.376] [error] Entity not found for ID: 0
[22:46:39.393] [error] Entity not found for ID: 0
[22:46:39.409] [error] Entity not found for ID: 0
[22:46:39.426] [error] Entity not found for ID: 0
[22:46:39.443] [error] Entity not found for ID: 0
[22:46:39.459] [error] Entity not found for ID: 0
[22:46:39.477] [error] Entity not found for ID: 0
[22:46:39.492] [error] Entity not found for ID: 0
[22:46:39.494] [info] Collision Exit 2D Event Invoked
[22:46:39.494] [info] Collision Exit 2D Event Invoked
[22:46:39.494] [info] Collision Exit 2D Event Invoked
[22:46:39.494] [info] Collision Exit 2D Event Invoked
[22:46:39.494] [info] Collision Exit 2D Event Invoked
[22:46:39.495] [info] Collision Exit 2D Event Invoked
[22:46:39.495] [info] Collision Exit 2D Event Invoked
[22:46:39.495] [info] Collision Exit 2D Event Invoked
[22:46:39.495] [info] Collision Exit 2D Event Invoked
[22:46:39.495] [info] Collision Exit 2D Event Invoked
[22:46:39.495] [info] Collision Exit 2D Event Invoked
[22:46:39.496] [info] Collision Exit 2D Event Invoked
[22:46:39.496] [info] Collision Exit 2D Event Invoked
[22:46:39.496] [info] Collision Exit 2D Event Invoked
[22:46:39.510] [error] Entity not found for ID: 0
[22:46:39.526] [error] Entity not found for ID: 0
[22:46:39.542] [error] Entity not found for ID: 0
[22:46:39.543] [info] Collision Enter 2D Event Invoked
[22:46:39.544] [info] Collision Enter 2D Event Invoked
[22:46:39.544] [info] Collision Enter 2D Event Invoked
[22:46:39.544] [info] Collision Enter 2D Event Invoked
[22:46:39.544] [info] Collision Enter 2D Event Invoked
[22:46:39.544] [info] Collision Enter 2D Event Invoked
[22:46:39.544] [info] Collision Enter 2D Event Invoked
[22:46:39.545] [info] Collision Enter 2D Event Invoked
[22:46:39.545] [info] Collision Enter 2D Event Invoked
[22:46:39.545] [info] Collision Enter 2D Event Invoked
[22:46:39.545] [info] Collision Enter 2D Event Invoked
[22:46:39.545] [info] Collision Enter 2D Event Invoked
[22:46:39.546] [info] Collision Enter 2D Event Invoked
[22:46:39.546] [info] Collision Enter 2D Event Invoked
[22:46:39.546] [info] Collision Enter 2D Event Invoked
[22:46:39.559] [error] Entity not found for ID: 0
[22:46:39.576] [error] Entity not found for ID: 0
[22:46:39.593] [error] Entity not found for ID: 0
[22:46:39.609] [error] Entity not found for ID: 0
[22:46:39.628] [error] Entity not found for ID: 0
[22:46:39.642] [error] Entity not found for ID: 0
[22:46:39.659] [error] Entity not found for ID: 0
[22:46:39.677] [error] Entity not found for ID: 0
[22:46:39.693] [error] Entity not found for ID: 0
[22:46:39.709] [error] Entity not found for ID: 0
[22:46:39.726] [error] Entity not found for ID: 0
[22:46:39.742] [error] Entity not found for ID: 0
[22:46:39.743] [info] [SOURCE_DETECTOR] C# requested CreateEntity: Prefab = MorayEel
[22:46:39.743] [info] [SOURCE_DETECTOR] Engine creating Entity (Internal)
[22:46:39.743] [info] [CPP ECS] FromJson - Adding component 'Transform' to entity 'MorayEel'
[22:46:39.743] [info] [CPP ECS] FromJson - Adding component 'CircleCollider' to entity 'MorayEel'
[22:46:39.743] [info] [CPP ECS] FromJson - Adding component 'Variables' to entity 'MorayEel'
[22:46:39.744] [info] [CPP ECS] FromJson - Adding component 'Script' to entity 'MorayEel'
[22:46:39.744] [info] [CPP ECS] FromJson - Adding component 'SpriteRenderer' to entity 'MorayEel'
[22:46:39.744] [info] [CPP ECS] FromJson - Adding component 'Rigidbody2D' to entity 'MorayEel'
[22:46:39.744] [info] Script MorayEelSpawnMove found for Entity ID: -29
[22:46:39.745] [info] [SetScriptVars] OK setting fields for: MorayEelSpawnMove
[22:46:39.759] [info] [MonoDbg] AddEntityToScript - Instantiating and adding script: SpriteAnimation to Entity ID: -29
[22:46:39.759] [info] [SetScriptVars] OK setting fields for: SpriteAnimation
[22:46:39.759] [info] [MonoDbg] AddEntityToScript - Syncing serialized fields for script: SpriteAnimation
[22:46:39.759] [info] [SetScriptVars] OK setting fields for: SpriteAnimation
[22:46:39.760] [info] [MonoDbg] AddEntityToScript - Instantiating and adding script: MorayEelSpawnMove to Entity ID: -29
[22:46:39.760] [info] [MonoDbg] AddEntityToScript - Syncing serialized fields for script: MorayEelSpawnMove
[22:46:39.760] [info] [SetScriptVars] OK setting fields for: MorayEelSpawnMove
[22:46:39.760] [info] [MonoDbg] AddEntityToScript - Instantiating and adding script: ChaseController to Entity ID: -29
[22:46:39.760] [info] [SetScriptVars] OK setting fields for: ChaseController
[22:46:39.761] [info] [MonoDbg] AddEntityToScript - Syncing serialized fields for script: ChaseController
[22:46:39.761] [info] [SetScriptVars] OK setting fields for: ChaseController
[22:46:39.761] [info] [MonoDbg] AddEntityToScript - Instantiating and adding script: ChaseAnimation to Entity ID: -29
[22:46:39.761] [info] [SetScriptVars] OK setting fields for: ChaseAnimation
[22:46:39.761] [info] [MonoDbg] AddEntityToScript - Syncing serialized fields for script: ChaseAnimation
[22:46:39.761] [info] [SetScriptVars] OK setting fields for: ChaseAnimation
[22:46:39.762] [info] [MonoDbg] AddEntityToScript - Instantiating and adding script: SmallFryChaseMove to Entity ID: -29
[22:46:39.762] [info] [SetScriptVars] OK setting fields for: SmallFryChaseMove
[22:46:39.762] [info] [MonoDbg] AddEntityToScript - Syncing serialized fields for script: SmallFryChaseMove
[22:46:39.762] [info] [SetScriptVars] OK setting fields for: SmallFryChaseMove
[22:46:39.762] [info] [MonoDbg] AddEntityToScript - Instantiating and adding script: TargetFacingFlip to Entity ID: -29
[22:46:39.762] [info] [SetScriptVars] OK setting fields for: TargetFacingFlip
[22:46:39.762] [info] [MonoDbg] AddEntityToScript - Syncing serialized fields for script: TargetFacingFlip
[22:46:39.763] [info] [SetScriptVars] OK setting fields for: TargetFacingFlip
[22:46:39.763] [info] [MonoDbg] AddEntityToScript - Instantiating and adding script: MorayEel to Entity ID: -29
[22:46:39.763] [info] [SetScriptVars] OK setting fields for: MorayEel
[22:46:39.763] [info] [MonoDbg] AddEntityToScript - Syncing serialized fields for script: MorayEel
[22:46:39.763] [info] [SetScriptVars] OK setting fields for: MorayEel
[22:46:39.763] [info] [MonoDbg] AddEntityToScript - Instantiating and adding script: HP to Entity ID: -29
[22:46:39.764] [info] [SetScriptVars] OK setting fields for: HP
[22:46:39.764] [info] [MonoDbg] AddEntityToScript - Syncing serialized fields for script: HP
[22:46:39.764] [info] [SetScriptVars] OK setting fields for: HP
[22:46:39.764] [info] [MonoDbg] AddEntityToScript - Instantiating and adding script: DespawnTimer to Entity ID: -29
[22:46:39.764] [info] [SetScriptVars] OK setting fields for: DespawnTimer
[22:46:39.764] [info] [MonoDbg] AddEntityToScript - Syncing serialized fields for script: DespawnTimer
[22:46:39.764] [info] [SetScriptVars] OK setting fields for: DespawnTimer
[22:46:39.765] [info] [MonoDbg] AddEntityToScript - Instantiating and adding script: ExpDropper to Entity ID: -29
[22:46:39.765] [info] [SetScriptVars] OK setting fields for: ExpDropper
[22:46:39.765] [info] [MonoDbg] AddEntityToScript - Syncing serialized fields for script: ExpDropper
[22:46:39.765] [info] [SetScriptVars] OK setting fields for: ExpDropper
[22:46:39.765] [info] [MonoDbg] AddEntityToScript - Instantiating and adding script: ParticleOffset to Entity ID: -29
[22:46:39.765] [info] [SetScriptVars] OK setting fields for: ParticleOffset
[22:46:39.766] [info] [MonoDbg] AddEntityToScript - Syncing serialized fields for script: ParticleOffset
[22:46:39.766] [info] [SetScriptVars] OK setting fields for: ParticleOffset
[22:46:39.766] [info] [MonoDbg] AddEntityToScript - Instantiating and adding script: AttackCollision to Entity ID: -29
[22:46:39.766] [info] [SetScriptVars] OK setting fields for: AttackCollision
[22:46:39.766] [info] [MonoDbg] AddEntityToScript - Syncing serialized fields for script: AttackCollision
[22:46:39.766] [info] [SetScriptVars] OK setting fields for: AttackCollision
[22:46:39.767] [info] [MonoDbg] AddEntityToScript - Instantiating and adding script: FlashOnDamaged to Entity ID: -29
[22:46:39.767] [info] [SetScriptVars] OK setting fields for: FlashOnDamaged
[22:46:39.767] [info] [MonoDbg] AddEntityToScript - Syncing serialized fields for script: FlashOnDamaged
[22:46:39.767] [info] [SetScriptVars] OK setting fields for: FlashOnDamaged
[22:46:39.767] [info] [MonoDbg] AddEntityToScript - Instantiating and adding script: ShakeSelfOnDamaged to Entity ID: -29
[22:46:39.767] [info] [SetScriptVars] OK setting fields for: ShakeSelfOnDamaged
[22:46:39.767] [info] [MonoDbg] AddEntityToScript - Syncing serialized fields for script: ShakeSelfOnDamaged
[22:46:39.768] [info] [SetScriptVars] OK setting fields for: ShakeSelfOnDamaged
[22:46:39.768] [info] [SOURCE_DETECTOR] C# requested CreateEntity: Prefab = enemySwimParticle
[22:46:39.768] [info] [SOURCE_DETECTOR] Engine creating Entity (Internal)
[22:46:39.768] [info] [CPP ECS] FromJson - Adding component 'Transform' to entity 'enemySwimParticle'
[22:46:39.768] [info] [CPP ECS] FromJson - Adding component 'Variables' to entity 'enemySwimParticle'
[22:46:39.769] [info] [CPP ECS] FromJson - Adding component 'ParticleSystem2D' to entity 'enemySwimParticle'
[22:46:39.769] [error] Entity not found for ID: 0
[22:46:39.783] [error] Entity not found for ID: 0
[22:46:39.797] [error] Entity not found for ID: 0
[22:46:39.810] [error] Entity not found for ID: 0
[22:46:39.826] [error] Entity not found for ID: 0
[22:46:39.843] [error] Entity not found for ID: 0
[22:46:39.859] [error] Entity not found for ID: 0
[22:46:39.876] [error] Entity not found for ID: 0
[22:46:39.893] [error] Entity not found for ID: 0
[22:46:39.909] [error] Entity not found for ID: 0
[22:46:39.926] [error] Entity not found for ID: 0
[22:46:39.942] [error] Entity not found for ID: 0
[22:46:39.959] [error] Entity not found for ID: 0
[22:46:39.976] [error] Entity not found for ID: 0
[22:46:39.992] [error] Entity not found for ID: 0
[22:46:40.010] [error] Entity not found for ID: 0
[22:46:40.026] [error] Entity not found for ID: 0
[22:46:40.043] [error] Entity not found for ID: 0
[22:46:40.059] [error] Entity not found for ID: 0
[22:46:40.076] [error] Entity not found for ID: 0
[22:46:40.092] [error] Entity not found for ID: 0
[22:46:40.093] [info] Collision Exit 2D Event Invoked
[22:46:40.093] [info] Collision Exit 2D Event Invoked
[22:46:40.094] [info] Collision Exit 2D Event Invoked
[22:46:40.094] [info] Collision Exit 2D Event Invoked
[22:46:40.094] [info] Collision Exit 2D Event Invoked
[22:46:40.094] [info] Collision Exit 2D Event Invoked
[22:46:40.094] [info] Collision Exit 2D Event Invoked
[22:46:40.094] [info] Collision Exit 2D Event Invoked
[22:46:40.094] [info] Collision Exit 2D Event Invoked
[22:46:40.095] [info] Collision Exit 2D Event Invoked
[22:46:40.095] [info] Collision Exit 2D Event Invoked
[22:46:40.095] [info] Collision Exit 2D Event Invoked
[22:46:40.095] [info] Collision Exit 2D Event Invoked
[22:46:40.095] [info] Collision Exit 2D Event Invoked
[22:46:40.095] [info] Collision Exit 2D Event Invoked
[22:46:40.109] [error] Entity not found for ID: 0
[22:46:40.126] [error] Entity not found for ID: 0
[22:46:40.142] [error] Entity not found for ID: 0
[22:46:40.158] [error] Entity not found for ID: 0
[22:46:40.176] [error] Entity not found for ID: 0
[22:46:40.192] [error] Entity not found for ID: 0
[22:46:40.209] [error] Entity not found for ID: 0
[22:46:40.226] [error] Entity not found for ID: 0
[22:46:40.242] [error] Entity not found for ID: 0
[22:46:40.259] [error] Entity not found for ID: 0
[22:46:40.276] [error] Entity not found for ID: 0
[22:46:40.293] [error] Entity not found for ID: 0
[22:46:40.309] [error] Entity not found for ID: 0
[22:46:40.325] [error] Entity not found for ID: 0
[22:46:40.326] [info] [SOURCE_DETECTOR] C# requested CreateEntity: Prefab = SeaCow
[22:46:40.326] [info] [SOURCE_DETECTOR] Engine creating Entity (Internal)
[22:46:40.326] [info] [CPP ECS] FromJson - Adding component 'Transform' to entity 'SeaCow'
[22:46:40.326] [info] [CPP ECS] FromJson - Adding component 'CircleCollider' to entity 'SeaCow'
[22:46:40.327] [info] [CPP ECS] FromJson - Adding component 'Variables' to entity 'SeaCow'
[22:46:40.327] [info] [CPP ECS] FromJson - Adding component 'Script' to entity 'SeaCow'
[22:46:40.327] [info] [CPP ECS] FromJson - Adding component 'SpriteRenderer' to entity 'SeaCow'
[22:46:40.327] [info] [CPP ECS] FromJson - Adding component 'Rigidbody2D' to entity 'SeaCow'
[22:46:40.328] [info] Collision Enter 2D Event Invoked
[22:46:40.328] [info] Collision Enter 2D Event Invoked
[22:46:40.328] [info] Collision Enter 2D Event Invoked
[22:46:40.329] [info] Collision Enter 2D Event Invoked
[22:46:40.342] [info] [MonoDbg] AddEntityToScript - Instantiating and adding script: SpriteAnimation to Entity ID: -31
[22:46:40.342] [info] [SetScriptVars] OK setting fields for: SpriteAnimation
[22:46:40.342] [info] [MonoDbg] AddEntityToScript - Syncing serialized fields for script: SpriteAnimation
[22:46:40.343] [info] [SetScriptVars] OK setting fields for: SpriteAnimation
[22:46:40.343] [info] [MonoDbg] AddEntityToScript - Instantiating and adding script: ChaseController to Entity ID: -31
[22:46:40.343] [info] [SetScriptVars] OK setting fields for: ChaseController
[22:46:40.343] [info] [MonoDbg] AddEntityToScript - Syncing serialized fields for script: ChaseController
[22:46:40.343] [info] [SetScriptVars] OK setting fields for: ChaseController
[22:46:40.343] [info] [MonoDbg] AddEntityToScript - Instantiating and adding script: TargetFacingFlip to Entity ID: -31
[22:46:40.344] [info] [SetScriptVars] OK setting fields for: TargetFacingFlip
[22:46:40.344] [info] [MonoDbg] AddEntityToScript - Syncing serialized fields for script: TargetFacingFlip
[22:46:40.344] [info] [SetScriptVars] OK setting fields for: TargetFacingFlip
[22:46:40.344] [info] [MonoDbg] AddEntityToScript - Instantiating and adding script: SeaCow to Entity ID: -31
[22:46:40.344] [info] [SetScriptVars] OK setting fields for: SeaCow
[22:46:40.345] [info] [MonoDbg] AddEntityToScript - Syncing serialized fields for script: SeaCow
[22:46:40.345] [info] [SetScriptVars] OK setting fields for: SeaCow
[22:46:40.345] [info] [MonoDbg] AddEntityToScript - Instantiating and adding script: HP to Entity ID: -31
[22:46:40.345] [info] [SetScriptVars] OK setting fields for: HP
[22:46:40.345] [info] [MonoDbg] AddEntityToScript - Syncing serialized fields for script: HP
[22:46:40.345] [info] [SetScriptVars] OK setting fields for: HP
[22:46:40.345] [info] [MonoDbg] AddEntityToScript - Instantiating and adding script: ParticleOffset to Entity ID: -31
[22:46:40.346] [info] [SetScriptVars] no group for scriptName: ParticleOffset  groups: 10
[22:46:40.346] [info] [MonoDbg] AddEntityToScript - Syncing serialized fields for script: ParticleOffset
[22:46:40.346] [info] [SetScriptVars] no group for scriptName: ParticleOffset  groups: 10
[22:46:40.346] [info] [MonoDbg] AddEntityToScript - Instantiating and adding script: AttackCollision to Entity ID: -31
[22:46:40.346] [info] [SetScriptVars] OK setting fields for: AttackCollision
[22:46:40.346] [info] [MonoDbg] AddEntityToScript - Syncing serialized fields for script: AttackCollision
[22:46:40.347] [info] [SetScriptVars] OK setting fields for: AttackCollision
[22:46:40.347] [info] [MonoDbg] AddEntityToScript - Instantiating and adding script: ExpDropper to Entity ID: -31
[22:46:40.347] [info] [SetScriptVars] OK setting fields for: ExpDropper
[22:46:40.347] [info] [MonoDbg] AddEntityToScript - Syncing serialized fields for script: ExpDropper
[22:46:40.347] [info] [SetScriptVars] OK setting fields for: ExpDropper
[22:46:40.347] [info] [MonoDbg] AddEntityToScript - Instantiating and adding script: DespawnTimer to Entity ID: -31
[22:46:40.348] [info] [SetScriptVars] OK setting fields for: DespawnTimer
[22:46:40.348] [info] [MonoDbg] AddEntityToScript - Syncing serialized fields for script: DespawnTimer
[22:46:40.348] [info] [SetScriptVars] OK setting fields for: DespawnTimer
[22:46:40.348] [info] [MonoDbg] AddEntityToScript - Instantiating and adding script: FlashOnDamaged to Entity ID: -31
[22:46:40.348] [info] [SetScriptVars] OK setting fields for: FlashOnDamaged
[22:46:40.348] [info] [MonoDbg] AddEntityToScript - Syncing serialized fields for script: FlashOnDamaged
[22:46:40.349] [info] [SetScriptVars] OK setting fields for: FlashOnDamaged
[22:46:40.349] [info] [MonoDbg] AddEntityToScript - Instantiating and adding script: ShakeSelfOnDamaged to Entity ID: -31
[22:46:40.349] [info] [SetScriptVars] OK setting fields for: ShakeSelfOnDamaged
[22:46:40.349] [info] [MonoDbg] AddEntityToScript - Syncing serialized fields for script: ShakeSelfOnDamaged
[22:46:40.349] [info] [SetScriptVars] OK setting fields for: ShakeSelfOnDamaged
[22:46:40.350] [info] [SOURCE_DETECTOR] C# requested CreateEntity: Prefab = enemySwimParticle
[22:46:40.350] [info] [SOURCE_DETECTOR] Engine creating Entity (Internal)
[22:46:40.350] [info] [CPP ECS] FromJson - Adding component 'Transform' to entity 'enemySwimParticle'
[22:46:40.350] [info] [CPP ECS] FromJson - Adding component 'Variables' to entity 'enemySwimParticle'
[22:46:40.350] [info] [CPP ECS] FromJson - Adding component 'ParticleSystem2D' to entity 'enemySwimParticle'
[22:46:40.351] [error] Entity not found for ID: 0
[22:46:40.364] [error] Entity not found for ID: 0
[22:46:40.378] [error] Entity not found for ID: 0
[22:46:40.393] [error] Entity not found for ID: 0
[22:46:40.410] [error] Entity not found for ID: 0
[22:46:40.426] [error] Entity not found for ID: 0
[22:46:40.442] [error] Entity not found for ID: 0
[22:46:40.459] [error] Entity not found for ID: 0
[22:46:40.476] [error] Entity not found for ID: 0
[22:46:40.493] [error] Entity not found for ID: 0
[22:46:40.511] [error] Entity not found for ID: 0
[22:46:40.513] [info] Collision Exit 2D Event Invoked
[22:46:40.513] [info] Collision Exit 2D Event Invoked
[22:46:40.513] [info] Collision Exit 2D Event Invoked
[22:46:40.513] [info] Collision Exit 2D Event Invoked
[22:46:40.513] [info] Collision Exit 2D Event Invoked
[22:46:40.514] [info] Collision Exit 2D Event Invoked
[22:46:40.514] [info] Collision Exit 2D Event Invoked
[22:46:40.514] [info] Collision Exit 2D Event Invoked
[22:46:40.514] [info] Collision Exit 2D Event Invoked
[22:46:40.514] [info] Collision Exit 2D Event Invoked
[22:46:40.514] [info] Collision Exit 2D Event Invoked
[22:46:40.515] [info] Collision Exit 2D Event Invoked
[22:46:40.515] [info] Collision Exit 2D Event Invoked
[22:46:40.515] [info] Collision Exit 2D Event Invoked
[22:46:40.515] [info] Collision Exit 2D Event Invoked
[22:46:40.529] [error] Entity not found for ID: 0
[22:46:40.542] [error] Entity not found for ID: 0
[22:46:40.560] [error] Entity not found for ID: 0
[22:46:40.577] [error] Entity not found for ID: 0
[22:46:40.594] [error] Entity not found for ID: 0
[22:46:40.610] [error] Entity not found for ID: 0
[22:46:40.626] [error] Entity not found for ID: 0
[22:46:40.643] [error] Entity not found for ID: 0
[22:46:40.659] [error] Entity not found for ID: 0
[22:46:40.676] [error] Entity not found for ID: 0
[22:46:40.693] [error] Entity not found for ID: 0
[22:46:40.710] [error] Entity not found for ID: 0
[22:46:40.726] [error] Entity not found for ID: 0
[22:46:40.742] [error] Entity not found for ID: 0
[22:46:40.759] [error] Entity not found for ID: 0
[22:46:40.776] [error] Entity not found for ID: 0
[22:46:40.793] [error] Entity not found for ID: 0
[22:46:40.810] [error] Entity not found for ID: 0
[22:46:40.826] [error] Entity not found for ID: 0
[22:46:40.843] [error] Entity not found for ID: 0
[22:46:40.859] [error] Entity not found for ID: 0
[22:46:40.877] [error] Entity not found for ID: 0
[22:46:40.893] [error] Entity not found for ID: 0
[22:46:40.910] [error] Entity not found for ID: 0
[22:46:40.926] [error] Entity not found for ID: 0
[22:46:40.943] [error] Entity not found for ID: 0
[22:46:40.960] [error] Entity not found for ID: 0
[22:46:40.978] [error] Entity not found for ID: 0
[22:46:40.993] [error] Entity not found for ID: 0
[22:46:41.010] [error] Entity not found for ID: 0
[22:46:41.026] [error] Entity not found for ID: 0
[22:46:41.042] [error] Entity not found for ID: 0
[22:46:41.060] [error] Entity not found for ID: 0
[22:46:41.076] [error] Entity not found for ID: 0
[22:46:41.093] [error] Entity not found for ID: 0
[22:46:41.110] [error] Entity not found for ID: 0
[22:46:41.126] [error] Entity not found for ID: 0
[22:46:41.143] [error] Entity not found for ID: 0
[22:46:41.160] [error] Entity not found for ID: 0
[22:46:41.176] [error] Entity not found for ID: 0
[22:46:41.177] [info] Collision Enter 2D Event Invoked
[22:46:41.177] [info] Collision Enter 2D Event Invoked
[22:46:41.178] [info] Collision Enter 2D Event Invoked
[22:46:41.178] [info] Collision Enter 2D Event Invoked
[22:46:41.178] [info] Collision Enter 2D Event Invoked
[22:46:41.178] [info] Collision Enter 2D Event Invoked
[22:46:41.178] [info] Collision Enter 2D Event Invoked
[22:46:41.179] [info] Collision Enter 2D Event Invoked
[22:46:41.179] [info] Collision Enter 2D Event Invoked
[22:46:41.179] [info] Collision Enter 2D Event Invoked
[22:46:41.179] [info] Collision Enter 2D Event Invoked
[22:46:41.179] [info] Collision Enter 2D Event Invoked
[22:46:41.180] [info] Collision Enter 2D Event Invoked
[22:46:41.180] [info] Collision Enter 2D Event Invoked
[22:46:41.180] [info] Collision Enter 2D Event Invoked
[22:46:41.193] [error] Entity not found for ID: 0
[22:46:41.210] [error] Entity not found for ID: 0
[22:46:41.227] [error] Entity not found for ID: 0
[22:46:41.243] [error] Entity not found for ID: 0
[22:46:41.259] [error] Entity not found for ID: 0
[22:46:41.276] [error] Entity not found for ID: 0
[22:46:41.293] [error] Entity not found for ID: 0
[22:46:41.310] [error] Entity not found for ID: 0
[22:46:41.326] [error] Entity not found for ID: 0
[22:46:41.326] [info] [SOURCE_DETECTOR] C# requested CreateEntity: Prefab = SeaCow
[22:46:41.327] [info] [SOURCE_DETECTOR] Engine creating Entity (Internal)
[22:46:41.327] [info] [CPP ECS] FromJson - Adding component 'Transform' to entity 'SeaCow'
[22:46:41.327] [info] [CPP ECS] FromJson - Adding component 'CircleCollider' to entity 'SeaCow'
[22:46:41.327] [info] [CPP ECS] FromJson - Adding component 'Variables' to entity 'SeaCow'
[22:46:41.327] [info] [CPP ECS] FromJson - Adding component 'Script' to entity 'SeaCow'
[22:46:41.328] [info] [CPP ECS] FromJson - Adding component 'SpriteRenderer' to entity 'SeaCow'
[22:46:41.328] [info] [CPP ECS] FromJson - Adding component 'Rigidbody2D' to entity 'SeaCow'
[22:46:41.329] [info] Collision Enter 2D Event Invoked
[22:46:41.329] [info] Collision Enter 2D Event Invoked
[22:46:41.329] [info] Collision Enter 2D Event Invoked
[22:46:41.329] [info] Collision Enter 2D Event Invoked
[22:46:41.343] [info] [MonoDbg] AddEntityToScript - Instantiating and adding script: SpriteAnimation to Entity ID: -33
[22:46:41.343] [info] [SetScriptVars] OK setting fields for: SpriteAnimation
[22:46:41.343] [info] [MonoDbg] AddEntityToScript - Syncing serialized fields for script: SpriteAnimation
[22:46:41.343] [info] [SetScriptVars] OK setting fields for: SpriteAnimation
[22:46:41.343] [info] [MonoDbg] AddEntityToScript - Instantiating and adding script: ChaseController to Entity ID: -33
[22:46:41.343] [info] [SetScriptVars] OK setting fields for: ChaseController
[22:46:41.344] [info] [MonoDbg] AddEntityToScript - Syncing serialized fields for script: ChaseController
[22:46:41.344] [info] [SetScriptVars] OK setting fields for: ChaseController
[22:46:41.344] [info] [MonoDbg] AddEntityToScript - Instantiating and adding script: TargetFacingFlip to Entity ID: -33
[22:46:41.344] [info] [SetScriptVars] OK setting fields for: TargetFacingFlip
[22:46:41.344] [info] [MonoDbg] AddEntityToScript - Syncing serialized fields for script: TargetFacingFlip
[22:46:41.344] [info] [SetScriptVars] OK setting fields for: TargetFacingFlip
[22:46:41.345] [info] [MonoDbg] AddEntityToScript - Instantiating and adding script: SeaCow to Entity ID: -33
[22:46:41.345] [info] [SetScriptVars] OK setting fields for: SeaCow
[22:46:41.345] [info] [MonoDbg] AddEntityToScript - Syncing serialized fields for script: SeaCow
[22:46:41.345] [info] [SetScriptVars] OK setting fields for: SeaCow
[22:46:41.345] [info] [MonoDbg] AddEntityToScript - Instantiating and adding script: HP to Entity ID: -33
[22:46:41.346] [info] [SetScriptVars] OK setting fields for: HP
[22:46:41.346] [info] [MonoDbg] AddEntityToScript - Syncing serialized fields for script: HP
[22:46:41.346] [info] [SetScriptVars] OK setting fields for: HP
[22:46:41.346] [info] [MonoDbg] AddEntityToScript - Instantiating and adding script: ParticleOffset to Entity ID: -33
[22:46:41.346] [info] [SetScriptVars] no group for scriptName: ParticleOffset  groups: 10
[22:46:41.346] [info] [MonoDbg] AddEntityToScript - Syncing serialized fields for script: ParticleOffset
[22:46:41.347] [info] [SetScriptVars] no group for scriptName: ParticleOffset  groups: 10
[22:46:41.347] [info] [MonoDbg] AddEntityToScript - Instantiating and adding script: AttackCollision to Entity ID: -33
[22:46:41.347] [info] [SetScriptVars] OK setting fields for: AttackCollision
[22:46:41.347] [info] [MonoDbg] AddEntityToScript - Syncing serialized fields for script: AttackCollision
[22:46:41.347] [info] [SetScriptVars] OK setting fields for: AttackCollision
[22:46:41.347] [info] [MonoDbg] AddEntityToScript - Instantiating and adding script: ExpDropper to Entity ID: -33
[22:46:41.348] [info] [SetScriptVars] OK setting fields for: ExpDropper
[22:46:41.348] [info] [MonoDbg] AddEntityToScript - Syncing serialized fields for script: ExpDropper
[22:46:41.348] [info] [SetScriptVars] OK setting fields for: ExpDropper
[22:46:41.348] [info] [MonoDbg] AddEntityToScript - Instantiating and adding script: DespawnTimer to Entity ID: -33
[22:46:41.348] [info] [SetScriptVars] OK setting fields for: DespawnTimer
[22:46:41.348] [info] [MonoDbg] AddEntityToScript - Syncing serialized fields for script: DespawnTimer
[22:46:41.349] [info] [SetScriptVars] OK setting fields for: DespawnTimer
[22:46:41.349] [info] [MonoDbg] AddEntityToScript - Instantiating and adding script: FlashOnDamaged to Entity ID: -33
[22:46:41.349] [info] [SetScriptVars] OK setting fields for: FlashOnDamaged
[22:46:41.349] [info] [MonoDbg] AddEntityToScript - Syncing serialized fields for script: FlashOnDamaged
[22:46:41.349] [info] [SetScriptVars] OK setting fields for: FlashOnDamaged
[22:46:41.349] [info] [MonoDbg] AddEntityToScript - Instantiating and adding script: ShakeSelfOnDamaged to Entity ID: -33
[22:46:41.350] [info] [SetScriptVars] OK setting fields for: ShakeSelfOnDamaged
[22:46:41.350] [info] [MonoDbg] AddEntityToScript - Syncing serialized fields for script: ShakeSelfOnDamaged
[22:46:41.350] [info] [SetScriptVars] OK setting fields for: ShakeSelfOnDamaged
[22:46:41.350] [info] [SOURCE_DETECTOR] C# requested CreateEntity: Prefab = enemySwimParticle
[22:46:41.350] [info] [SOURCE_DETECTOR] Engine creating Entity (Internal)
[22:46:41.351] [info] [CPP ECS] FromJson - Adding component 'Transform' to entity 'enemySwimParticle'
[22:46:41.351] [info] [CPP ECS] FromJson - Adding component 'Variables' to entity 'enemySwimParticle'
[22:46:41.351] [info] [CPP ECS] FromJson - Adding component 'ParticleSystem2D' to entity 'enemySwimParticle'
[22:46:41.352] [error] Entity not found for ID: 0
[22:46:41.366] [error] Entity not found for ID: 0
[22:46:41.381] [error] Entity not found for ID: 0
[22:46:41.398] [error] Entity not found for ID: 0
[22:46:41.414] [error] Entity not found for ID: 0
[22:46:41.430] [error] Entity not found for ID: 0
[22:46:41.445] [error] Entity not found for ID: 0
[22:46:41.459] [error] Entity not found for ID: 0
[22:46:41.477] [error] Entity not found for ID: 0
[22:46:41.494] [error] Entity not found for ID: 0
[22:46:41.513] [error] Entity not found for ID: 0
[22:46:41.529] [error] Entity not found for ID: 0
[22:46:41.543] [error] Entity not found for ID: 0
[22:46:41.560] [error] Entity not found for ID: 0
[22:46:41.577] [error] Entity not found for ID: 0
[22:46:41.593] [error] Entity not found for ID: 0
[22:46:41.610] [error] Entity not found for ID: 0
[22:46:41.627] [error] Entity not found for ID: 0
[22:46:41.643] [error] Entity not found for ID: 0
[22:46:41.660] [error] Entity not found for ID: 0
[22:46:41.676] [error] Entity not found for ID: 0
[22:46:41.693] [error] Entity not found for ID: 0
[22:46:41.710] [error] Entity not found for ID: 0
[22:46:41.727] [error] Entity not found for ID: 0
[22:46:41.743] [error] Entity not found for ID: 0
[22:46:41.760] [error] Entity not found for ID: 0
[22:46:41.778] [error] Entity not found for ID: 0
[22:46:41.794] [error] Entity not found for ID: 0
[22:46:41.810] [error] Entity not found for ID: 0
[22:46:41.827] [error] Entity not found for ID: 0
[22:46:41.843] [error] Entity not found for ID: 0
[22:46:41.860] [error] Entity not found for ID: 0
[22:46:41.876] [error] Entity not found for ID: 0
[22:46:41.894] [error] Entity not found for ID: 0
[22:46:41.910] [error] Entity not found for ID: 0
[22:46:41.926] [error] Entity not found for ID: 0
[22:46:41.943] [error] Entity not found for ID: 0
[22:46:41.960] [error] Entity not found for ID: 0
[22:46:41.978] [error] Entity not found for ID: 0
[22:46:41.994] [error] Entity not found for ID: 0
[22:46:42.011] [error] Entity not found for ID: 0
[22:46:42.027] [error] Entity not found for ID: 0
[22:46:42.043] [error] Entity not found for ID: 0
[22:46:42.061] [error] Entity not found for ID: 0
[22:46:42.077] [error] Entity not found for ID: 0
[22:46:42.093] [error] Entity not found for ID: 0
[22:46:42.110] [error] Entity not found for ID: 0
[22:46:42.127] [error] Entity not found for ID: 0
[22:46:42.143] [error] Entity not found for ID: 0
[22:46:42.160] [error] Entity not found for ID: 0
[22:46:42.177] [error] Entity not found for ID: 0
[22:46:42.178] [info] Collision Enter 2D Event Invoked
[22:46:42.178] [info] Collision Enter 2D Event Invoked
[22:46:42.178] [info] Collision Enter 2D Event Invoked
[22:46:42.178] [info] Collision Enter 2D Event Invoked
[22:46:42.178] [info] Collision Enter 2D Event Invoked
[22:46:42.179] [info] Collision Enter 2D Event Invoked
[22:46:42.179] [info] Collision Enter 2D Event Invoked
[22:46:42.179] [info] Collision Enter 2D Event Invoked
[22:46:42.179] [info] Collision Enter 2D Event Invoked
[22:46:42.179] [info] Collision Enter 2D Event Invoked
[22:46:42.179] [info] Collision Enter 2D Event Invoked
[22:46:42.179] [info] Collision Enter 2D Event Invoked
[22:46:42.180] [info] Collision Enter 2D Event Invoked
[22:46:42.180] [info] Collision Enter 2D Event Invoked
[22:46:42.180] [info] Collision Enter 2D Event Invoked
[22:46:42.194] [error] Entity not found for ID: 0
[22:46:42.211] [error] Entity not found for ID: 0
[22:46:42.226] [error] Entity not found for ID: 0
[22:46:42.244] [error] Entity not found for ID: 0
[22:46:42.260] [error] Entity not found for ID: 0
[22:46:42.277] [error] Entity not found for ID: 0
[22:46:42.293] [error] Entity not found for ID: 0
[22:46:42.295] [info] Collision Enter 2D Event Invoked
[22:46:42.295] [info] Collision Enter 2D Event Invoked
[22:46:42.295] [info] Collision Enter 2D Event Invoked
[22:46:42.295] [info] Collision Enter 2D Event Invoked
[22:46:42.295] [info] Collision Enter 2D Event Invoked
[22:46:42.295] [info] Collision Enter 2D Event Invoked
[22:46:42.296] [info] Collision Enter 2D Event Invoked
[22:46:42.296] [info] Collision Enter 2D Event Invoked
[22:46:42.296] [info] Collision Enter 2D Event Invoked
[22:46:42.296] [info] Collision Enter 2D Event Invoked
[22:46:42.296] [info] Collision Enter 2D Event Invoked
[22:46:42.296] [info] Collision Enter 2D Event Invoked
[22:46:42.297] [info] Collision Enter 2D Event Invoked
[22:46:42.297] [info] Collision Enter 2D Event Invoked
[22:46:42.297] [info] Collision Enter 2D Event Invoked
[22:46:42.297] [info] Collision Enter 2D Event Invoked
[22:46:42.297] [info] Collision Enter 2D Event Invoked
[22:46:42.297] [info] Collision Enter 2D Event Invoked
[22:46:42.312] [error] Entity not found for ID: 0
[22:46:42.329] [error] Entity not found for ID: 0
[22:46:42.329] [info] [SOURCE_DETECTOR] C# requested CreateEntity: Prefab = SeaCow
[22:46:42.329] [info] [SOURCE_DETECTOR] Engine creating Entity (Internal)
[22:46:42.329] [info] [CPP ECS] FromJson - Adding component 'Transform' to entity 'SeaCow'
[22:46:42.330] [info] [CPP ECS] FromJson - Adding component 'CircleCollider' to entity 'SeaCow'
[22:46:42.330] [info] [CPP ECS] FromJson - Adding component 'Variables' to entity 'SeaCow'
[22:46:42.330] [info] [CPP ECS] FromJson - Adding component 'Script' to entity 'SeaCow'
[22:46:42.330] [info] [CPP ECS] FromJson - Adding component 'SpriteRenderer' to entity 'SeaCow'
[22:46:42.330] [info] [CPP ECS] FromJson - Adding component 'Rigidbody2D' to entity 'SeaCow'
[22:46:42.331] [info] Collision Enter 2D Event Invoked
[22:46:42.332] [info] Collision Enter 2D Event Invoked
[22:46:42.332] [info] Collision Enter 2D Event Invoked
[22:46:42.332] [info] Collision Enter 2D Event Invoked
[22:46:42.346] [info] [MonoDbg] AddEntityToScript - Instantiating and adding script: SpriteAnimation to Entity ID: -35
[22:46:42.346] [info] [SetScriptVars] OK setting fields for: SpriteAnimation
[22:46:42.346] [info] [MonoDbg] AddEntityToScript - Syncing serialized fields for script: SpriteAnimation
[22:46:42.346] [info] [SetScriptVars] OK setting fields for: SpriteAnimation
[22:46:42.347] [info] [MonoDbg] AddEntityToScript - Instantiating and adding script: ChaseController to Entity ID: -35
[22:46:42.347] [info] [SetScriptVars] OK setting fields for: ChaseController
[22:46:42.347] [info] [MonoDbg] AddEntityToScript - Syncing serialized fields for script: ChaseController
[22:46:42.347] [info] [SetScriptVars] OK setting fields for: ChaseController
[22:46:42.347] [info] [MonoDbg] AddEntityToScript - Instantiating and adding script: TargetFacingFlip to Entity ID: -35
[22:46:42.348] [info] [SetScriptVars] OK setting fields for: TargetFacingFlip
[22:46:42.348] [info] [MonoDbg] AddEntityToScript - Syncing serialized fields for script: TargetFacingFlip
[22:46:42.348] [info] [SetScriptVars] OK setting fields for: TargetFacingFlip
[22:46:42.348] [info] [MonoDbg] AddEntityToScript - Instantiating and adding script: SeaCow to Entity ID: -35
[22:46:42.348] [info] [SetScriptVars] OK setting fields for: SeaCow
[22:46:42.349] [info] [MonoDbg] AddEntityToScript - Syncing serialized fields for script: SeaCow
[22:46:42.349] [info] [SetScriptVars] OK setting fields for: SeaCow
[22:46:42.349] [info] [MonoDbg] AddEntityToScript - Instantiating and adding script: HP to Entity ID: -35
[22:46:42.349] [info] [SetScriptVars] OK setting fields for: HP
[22:46:42.349] [info] [MonoDbg] AddEntityToScript - Syncing serialized fields for script: HP
[22:46:42.349] [info] [SetScriptVars] OK setting fields for: HP
[22:46:42.350] [info] [MonoDbg] AddEntityToScript - Instantiating and adding script: ParticleOffset to Entity ID: -35
[22:46:42.350] [info] [SetScriptVars] no group for scriptName: ParticleOffset  groups: 10
[22:46:42.350] [info] [MonoDbg] AddEntityToScript - Syncing serialized fields for script: ParticleOffset
[22:46:42.350] [info] [SetScriptVars] no group for scriptName: ParticleOffset  groups: 10
[22:46:42.350] [info] [MonoDbg] AddEntityToScript - Instantiating and adding script: AttackCollision to Entity ID: -35
[22:46:42.350] [info] [SetScriptVars] OK setting fields for: AttackCollision
[22:46:42.351] [info] [MonoDbg] AddEntityToScript - Syncing serialized fields for script: AttackCollision
[22:46:42.351] [info] [SetScriptVars] OK setting fields for: AttackCollision
[22:46:42.351] [info] [MonoDbg] AddEntityToScript - Instantiating and adding script: ExpDropper to Entity ID: -35
[22:46:42.351] [info] [SetScriptVars] OK setting fields for: ExpDropper
[22:46:42.351] [info] [MonoDbg] AddEntityToScript - Syncing serialized fields for script: ExpDropper
[22:46:42.352] [info] [SetScriptVars] OK setting fields for: ExpDropper
[22:46:42.352] [info] [MonoDbg] AddEntityToScript - Instantiating and adding script: DespawnTimer to Entity ID: -35
[22:46:42.352] [info] [SetScriptVars] OK setting fields for: DespawnTimer
[22:46:42.352] [info] [MonoDbg] AddEntityToScript - Syncing serialized fields for script: DespawnTimer
[22:46:42.352] [info] [SetScriptVars] OK setting fields for: DespawnTimer
[22:46:42.352] [info] [MonoDbg] AddEntityToScript - Instantiating and adding script: FlashOnDamaged to Entity ID: -35
[22:46:42.353] [info] [SetScriptVars] OK setting fields for: FlashOnDamaged
[22:46:42.353] [info] [MonoDbg] AddEntityToScript - Syncing serialized fields for script: FlashOnDamaged
[22:46:42.353] [info] [SetScriptVars] OK setting fields for: FlashOnDamaged
[22:46:42.353] [info] [MonoDbg] AddEntityToScript - Instantiating and adding script: ShakeSelfOnDamaged to Entity ID: -35
[22:46:42.353] [info] [SetScriptVars] OK setting fields for: ShakeSelfOnDamaged
[22:46:42.354] [info] [MonoDbg] AddEntityToScript - Syncing serialized fields for script: ShakeSelfOnDamaged
[22:46:42.354] [info] [SetScriptVars] OK setting fields for: ShakeSelfOnDamaged
[22:46:42.354] [info] [SOURCE_DETECTOR] C# requested CreateEntity: Prefab = enemySwimParticle
[22:46:42.354] [info] [SOURCE_DETECTOR] Engine creating Entity (Internal)
[22:46:42.354] [info] [CPP ECS] FromJson - Adding component 'Transform' to entity 'enemySwimParticle'
[22:46:42.355] [info] [CPP ECS] FromJson - Adding component 'Variables' to entity 'enemySwimParticle'
[22:46:42.355] [info] [CPP ECS] FromJson - Adding component 'ParticleSystem2D' to entity 'enemySwimParticle'
[22:46:42.355] [error] Entity not found for ID: 0
[22:46:42.371] [error] Entity not found for ID: 0
[22:46:42.386] [error] Entity not found for ID: 0
[22:46:42.400] [error] Entity not found for ID: 0
[22:46:42.415] [error] Entity not found for ID: 0
[22:46:42.431] [error] Entity not found for ID: 0
[22:46:42.447] [error] Entity not found for ID: 0
[22:46:42.464] [error] Entity not found for ID: 0
[22:46:42.479] [error] Entity not found for ID: 0
[22:46:42.480] [info] Collision Enter 2D Event Invoked
[22:46:42.480] [info] Collision Enter 2D Event Invoked
[22:46:42.481] [info] Collision Enter 2D Event Invoked
[22:46:42.481] [info] Collision Enter 2D Event Invoked
[22:46:42.481] [info] Collision Enter 2D Event Invoked
[22:46:42.481] [info] Collision Enter 2D Event Invoked
[22:46:42.481] [info] Collision Enter 2D Event Invoked
[22:46:42.481] [info] Collision Enter 2D Event Invoked
[22:46:42.482] [info] Collision Enter 2D Event Invoked
[22:46:42.482] [info] Collision Enter 2D Event Invoked
[22:46:42.482] [info] Collision Enter 2D Event Invoked
[22:46:42.482] [info] Collision Enter 2D Event Invoked
[22:46:42.482] [info] Collision Enter 2D Event Invoked
[22:46:42.482] [info] Collision Enter 2D Event Invoked
[22:46:42.483] [info] Collision Enter 2D Event Invoked
[22:46:42.497] [error] Entity not found for ID: 0
[22:46:42.513] [error] Entity not found for ID: 0
[22:46:42.531] [error] Entity not found for ID: 0
[22:46:42.548] [error] Entity not found for ID: 0
[22:46:42.565] [error] Entity not found for ID: 0
[22:46:42.580] [error] Entity not found for ID: 0
[22:46:42.597] [error] Entity not found for ID: 0
[22:46:42.599] [info] Collision Exit 2D Event Invoked
[22:46:42.599] [info] Collision Exit 2D Event Invoked
[22:46:42.599] [info] Collision Exit 2D Event Invoked
[22:46:42.600] [info] Collision Exit 2D Event Invoked
[22:46:42.600] [info] Collision Exit 2D Event Invoked
[22:46:42.600] [info] Collision Exit 2D Event Invoked
[22:46:42.600] [info] Collision Exit 2D Event Invoked
[22:46:42.600] [info] Collision Exit 2D Event Invoked
[22:46:42.600] [info] Collision Exit 2D Event Invoked
[22:46:42.601] [info] Collision Exit 2D Event Invoked
[22:46:42.601] [info] Collision Exit 2D Event Invoked
[22:46:42.601] [info] Collision Exit 2D Event Invoked
[22:46:42.601] [info] Collision Exit 2D Event Invoked
[22:46:42.601] [info] Collision Exit 2D Event Invoked
[22:46:42.601] [info] Collision Exit 2D Event Invoked
[22:46:42.614] [error] Entity not found for ID: 0
[22:46:42.630] [error] Entity not found for ID: 0
[22:46:42.645] [error] Entity not found for ID: 0
[22:46:42.660] [error] Entity not found for ID: 0
[22:46:42.676] [error] Entity not found for ID: 0
[22:46:42.693] [error] Entity not found for ID: 0
[22:46:42.711] [error] Entity not found for ID: 0
[22:46:42.727] [error] Entity not found for ID: 0
[22:46:42.743] [error] Entity not found for ID: 0
[22:46:42.760] [error] Entity not found for ID: 0
[22:46:42.760] [info] [SOURCE_DETECTOR] C# requested CreateEntity: Prefab = MorayEel
[22:46:42.760] [info] [SOURCE_DETECTOR] Engine creating Entity (Internal)
[22:46:42.761] [info] [CPP ECS] FromJson - Adding component 'Transform' to entity 'MorayEel'
[22:46:42.761] [info] [CPP ECS] FromJson - Adding component 'CircleCollider' to entity 'MorayEel'
[22:46:42.761] [info] [CPP ECS] FromJson - Adding component 'Variables' to entity 'MorayEel'
[22:46:42.761] [info] [CPP ECS] FromJson - Adding component 'Script' to entity 'MorayEel'
[22:46:42.761] [info] [CPP ECS] FromJson - Adding component 'SpriteRenderer' to entity 'MorayEel'
[22:46:42.762] [info] [CPP ECS] FromJson - Adding component 'Rigidbody2D' to entity 'MorayEel'
[22:46:42.762] [info] Script MorayEelSpawnMove found for Entity ID: -16
[22:46:42.762] [info] [SetScriptVars] OK setting fields for: MorayEelSpawnMove
[22:46:42.777] [info] [MonoDbg] AddEntityToScript - Instantiating and adding script: SpriteAnimation to Entity ID: -16
[22:46:42.777] [info] [SetScriptVars] OK setting fields for: SpriteAnimation
[22:46:42.777] [info] [MonoDbg] AddEntityToScript - Syncing serialized fields for script: SpriteAnimation
[22:46:42.777] [info] [SetScriptVars] OK setting fields for: SpriteAnimation
[22:46:42.777] [info] [MonoDbg] AddEntityToScript - Instantiating and adding script: MorayEelSpawnMove to Entity ID: -16
[22:46:42.778] [info] [MonoDbg] AddEntityToScript - Syncing serialized fields for script: MorayEelSpawnMove
[22:46:42.778] [info] [SetScriptVars] OK setting fields for: MorayEelSpawnMove
[22:46:42.778] [info] [MonoDbg] AddEntityToScript - Instantiating and adding script: ChaseController to Entity ID: -16
[22:46:42.778] [info] [SetScriptVars] OK setting fields for: ChaseController
[22:46:42.778] [info] [MonoDbg] AddEntityToScript - Syncing serialized fields for script: ChaseController
[22:46:42.779] [info] [SetScriptVars] OK setting fields for: ChaseController
[22:46:42.779] [info] [MonoDbg] AddEntityToScript - Instantiating and adding script: ChaseAnimation to Entity ID: -16
[22:46:42.779] [info] [SetScriptVars] OK setting fields for: ChaseAnimation
[22:46:42.779] [info] [MonoDbg] AddEntityToScript - Syncing serialized fields for script: ChaseAnimation
[22:46:42.779] [info] [SetScriptVars] OK setting fields for: ChaseAnimation
[22:46:42.780] [info] [MonoDbg] AddEntityToScript - Instantiating and adding script: SmallFryChaseMove to Entity ID: -16
[22:46:42.780] [info] [SetScriptVars] OK setting fields for: SmallFryChaseMove
[22:46:42.780] [info] [MonoDbg] AddEntityToScript - Syncing serialized fields for script: SmallFryChaseMove
[22:46:42.780] [info] [SetScriptVars] OK setting fields for: SmallFryChaseMove
[22:46:42.780] [info] [MonoDbg] AddEntityToScript - Instantiating and adding script: TargetFacingFlip to Entity ID: -16
[22:46:42.780] [info] [SetScriptVars] OK setting fields for: TargetFacingFlip
[22:46:42.781] [info] [MonoDbg] AddEntityToScript - Syncing serialized fields for script: TargetFacingFlip
[22:46:42.781] [info] [SetScriptVars] OK setting fields for: TargetFacingFlip
[22:46:42.781] [info] [MonoDbg] AddEntityToScript - Instantiating and adding script: MorayEel to Entity ID: -16
[22:46:42.781] [info] [SetScriptVars] OK setting fields for: MorayEel
[22:46:42.781] [info] [MonoDbg] AddEntityToScript - Syncing serialized fields for script: MorayEel
[22:46:42.781] [info] [SetScriptVars] OK setting fields for: MorayEel
[22:46:42.782] [info] [MonoDbg] AddEntityToScript - Instantiating and adding script: HP to Entity ID: -16
[22:46:42.782] [info] [SetScriptVars] OK setting fields for: HP
[22:46:42.782] [info] [MonoDbg] AddEntityToScript - Syncing serialized fields for script: HP
[22:46:42.782] [info] [SetScriptVars] OK setting fields for: HP
[22:46:42.782] [info] [MonoDbg] AddEntityToScript - Instantiating and adding script: DespawnTimer to Entity ID: -16
[22:46:42.783] [info] [SetScriptVars] OK setting fields for: DespawnTimer
[22:46:42.783] [info] [MonoDbg] AddEntityToScript - Syncing serialized fields for script: DespawnTimer
[22:46:42.783] [info] [SetScriptVars] OK setting fields for: DespawnTimer
[22:46:42.783] [info] [MonoDbg] AddEntityToScript - Instantiating and adding script: ExpDropper to Entity ID: -16
[22:46:42.783] [info] [SetScriptVars] OK setting fields for: ExpDropper
[22:46:42.783] [info] [MonoDbg] AddEntityToScript - Syncing serialized fields for script: ExpDropper
[22:46:42.784] [info] [SetScriptVars] OK setting fields for: ExpDropper
[22:46:42.784] [info] [MonoDbg] AddEntityToScript - Instantiating and adding script: ParticleOffset to Entity ID: -16
[22:46:42.784] [info] [SetScriptVars] OK setting fields for: ParticleOffset
[22:46:42.784] [info] [MonoDbg] AddEntityToScript - Syncing serialized fields for script: ParticleOffset
[22:46:42.784] [info] [SetScriptVars] OK setting fields for: ParticleOffset
[22:46:42.784] [info] [MonoDbg] AddEntityToScript - Instantiating and adding script: AttackCollision to Entity ID: -16
[22:46:42.785] [info] [SetScriptVars] OK setting fields for: AttackCollision
[22:46:42.785] [info] [MonoDbg] AddEntityToScript - Syncing serialized fields for script: AttackCollision
[22:46:42.785] [info] [SetScriptVars] OK setting fields for: AttackCollision
[22:46:42.785] [info] [MonoDbg] AddEntityToScript - Instantiating and adding script: FlashOnDamaged to Entity ID: -16
[22:46:42.785] [info] [SetScriptVars] OK setting fields for: FlashOnDamaged
[22:46:42.785] [info] [MonoDbg] AddEntityToScript - Syncing serialized fields for script: FlashOnDamaged
[22:46:42.785] [info] [SetScriptVars] OK setting fields for: FlashOnDamaged
[22:46:42.786] [info] [MonoDbg] AddEntityToScript - Instantiating and adding script: ShakeSelfOnDamaged to Entity ID: -16
[22:46:42.786] [info] [SetScriptVars] OK setting fields for: ShakeSelfOnDamaged
[22:46:42.786] [info] [MonoDbg] AddEntityToScript - Syncing serialized fields for script: ShakeSelfOnDamaged
[22:46:42.786] [info] [SetScriptVars] OK setting fields for: ShakeSelfOnDamaged
[22:46:42.787] [info] [SOURCE_DETECTOR] C# requested CreateEntity: Prefab = enemySwimParticle
[22:46:42.787] [info] [SOURCE_DETECTOR] Engine creating Entity (Internal)
[22:46:42.787] [info] [CPP ECS] FromJson - Adding component 'Transform' to entity 'enemySwimParticle'
[22:46:42.787] [info] [CPP ECS] FromJson - Adding component 'Variables' to entity 'enemySwimParticle'
[22:46:42.787] [info] [CPP ECS] FromJson - Adding component 'ParticleSystem2D' to entity 'enemySwimParticle'
[22:46:42.788] [error] Entity not found for ID: 0
[22:46:42.803] [error] Entity not found for ID: 0
[22:46:42.817] [error] Entity not found for ID: 0
[22:46:42.833] [error] Entity not found for ID: 0
[22:46:42.848] [error] Entity not found for ID: 0
[22:46:42.864] [error] Entity not found for ID: 0
[22:46:42.879] [error] Entity not found for ID: 0
[22:46:42.894] [error] Entity not found for ID: 0
[22:46:42.910] [error] Entity not found for ID: 0
[22:46:42.927] [error] Entity not found for ID: 0
[22:46:42.943] [error] Entity not found for ID: 0
[22:46:42.959] [error] Entity not found for ID: 0
[22:46:42.977] [error] Entity not found for ID: 0
[22:46:42.993] [error] Entity not found for ID: 0
[22:46:43.010] [error] Entity not found for ID: 0
[22:46:43.026] [error] Entity not found for ID: 0
[22:46:43.043] [error] Entity not found for ID: 0
[22:46:43.060] [error] Entity not found for ID: 0
[22:46:43.077] [error] Entity not found for ID: 0
[22:46:43.093] [error] Entity not found for ID: 0
[22:46:43.110] [info] [SOURCE_DETECTOR] C# requested CreateEntity: Prefab = playerDashParticle
[22:46:43.110] [info] [SOURCE_DETECTOR] Engine creating Entity (Internal)
[22:46:43.110] [info] [CPP ECS] FromJson - Adding component 'Transform' to entity 'playerDashParticle'
[22:46:43.110] [info] [CPP ECS] FromJson - Adding component 'Variables' to entity 'playerDashParticle'
[22:46:43.110] [info] [CPP ECS] FromJson - Adding component 'ParticleSystem2D' to entity 'playerDashParticle'
[22:46:43.111] [error] Entity not found for ID: 0
[22:46:43.127] [error] Entity not found for ID: 0
[22:46:43.143] [error] Entity not found for ID: 0
[22:46:43.159] [error] Entity not found for ID: 0
[22:46:43.177] [error] Entity not found for ID: 0
[22:46:43.193] [error] Entity not found for ID: 0
[22:46:43.210] [error] Entity not found for ID: 0
[22:46:43.227] [error] Entity not found for ID: 0
[22:46:43.243] [error] Entity not found for ID: 0
[22:46:43.259] [error] Entity not found for ID: 0
[22:46:43.276] [error] Entity not found for ID: 0
[22:46:43.293] [error] Entity not found for ID: 0
[22:46:43.310] [error] Entity not found for ID: 0
[22:46:43.326] [error] Entity not found for ID: 0
[22:46:43.327] [info] [SOURCE_DETECTOR] C# requested CreateEntity: Prefab = SpikeFish
[22:46:43.327] [info] [SOURCE_DETECTOR] Engine creating Entity (Internal)
[22:46:43.327] [info] [CPP ECS] FromJson - Adding component 'Transform' to entity 'SpikeFish'
[22:46:43.327] [info] [CPP ECS] FromJson - Adding component 'CircleCollider' to entity 'SpikeFish'
[22:46:43.328] [info] [CPP ECS] FromJson - Adding component 'Variables' to entity 'SpikeFish'
[22:46:43.328] [info] [CPP ECS] FromJson - Adding component 'Script' to entity 'SpikeFish'
[22:46:43.328] [info] [CPP ECS] FromJson - Adding component 'SpriteRenderer' to entity 'SpikeFish'
[22:46:43.328] [info] [CPP ECS] FromJson - Adding component 'Rigidbody2D' to entity 'SpikeFish'
[22:46:43.328] [info] [SOURCE_DETECTOR] Engine creating Entity (Internal)
[22:46:43.328] [info] [CPP ECS] FromJson - Adding component 'Transform' to entity 'SpikeFishAroundNeedle'
[22:46:43.329] [info] [CPP ECS] FromJson - Adding component 'Variables' to entity 'SpikeFishAroundNeedle'
[22:46:43.329] [info] [CPP ECS] FromJson - Adding component 'Script' to entity 'SpikeFishAroundNeedle'
[22:46:43.329] [info] [CPP ECS] FromJson - Adding component 'SpriteRenderer' to entity 'SpikeFishAroundNeedle'
[22:46:43.330] [info] Collision Enter 2D Event Invoked
[22:46:43.330] [info] Collision Enter 2D Event Invoked
[22:46:43.330] [info] Collision Enter 2D Event Invoked
[22:46:43.331] [info] Collision Enter 2D Event Invoked
[22:46:43.345] [info] [MonoDbg] AddEntityToScript - Instantiating and adding script: SmallFryChaseMove to Entity ID: -38
[22:46:43.345] [info] [SetScriptVars] OK setting fields for: SmallFryChaseMove
[22:46:43.345] [info] [MonoDbg] AddEntityToScript - Syncing serialized fields for script: SmallFryChaseMove
[22:46:43.345] [info] [SetScriptVars] OK setting fields for: SmallFryChaseMove
[22:46:43.346] [info] [MonoDbg] AddEntityToScript - Instantiating and adding script: ChaseController to Entity ID: -38
[22:46:43.346] [info] [SetScriptVars] OK setting fields for: ChaseController
[22:46:43.346] [info] [MonoDbg] AddEntityToScript - Syncing serialized fields for script: ChaseController
[22:46:43.346] [info] [SetScriptVars] OK setting fields for: ChaseController
[22:46:43.346] [info] [MonoDbg] AddEntityToScript - Instantiating and adding script: TargetRangeDetector to Entity ID: -38
[22:46:43.347] [info] [SetScriptVars] OK setting fields for: TargetRangeDetector
[22:46:43.347] [info] [MonoDbg] AddEntityToScript - Syncing serialized fields for script: TargetRangeDetector
[22:46:43.347] [info] [SetScriptVars] OK setting fields for: TargetRangeDetector
[22:46:43.347] [info] [MonoDbg] AddEntityToScript - Instantiating and adding script: SpikeFishAttack to Entity ID: -38
[22:46:43.348] [info] [SetScriptVars] OK setting fields for: SpikeFishAttack
[22:46:43.348] [info] [MonoDbg] AddEntityToScript - Syncing serialized fields for script: SpikeFishAttack
[22:46:43.348] [info] [SetScriptVars] OK setting fields for: SpikeFishAttack
[22:46:43.348] [info] [MonoDbg] AddEntityToScript - Instantiating and adding script: SpriteAnimation to Entity ID: -38
[22:46:43.348] [info] [SetScriptVars] OK setting fields for: SpriteAnimation
[22:46:43.349] [info] [MonoDbg] AddEntityToScript - Syncing serialized fields for script: SpriteAnimation
[22:46:43.349] [info] [SetScriptVars] OK setting fields for: SpriteAnimation
[22:46:43.349] [info] [MonoDbg] AddEntityToScript - Instantiating and adding script: SpikeFish to Entity ID: -38
[22:46:43.349] [info] [SetScriptVars] OK setting fields for: SpikeFish
[22:46:43.349] [info] [MonoDbg] AddEntityToScript - Syncing serialized fields for script: SpikeFish
[22:46:43.350] [info] [SetScriptVars] OK setting fields for: SpikeFish
[22:46:43.350] [info] [MonoDbg] AddEntityToScript - Instantiating and adding script: AttackCollision to Entity ID: -38
[22:46:43.350] [info] [SetScriptVars] OK setting fields for: AttackCollision
[22:46:43.350] [info] [MonoDbg] AddEntityToScript - Syncing serialized fields for script: AttackCollision
[22:46:43.350] [info] [SetScriptVars] OK setting fields for: AttackCollision
[22:46:43.350] [info] [MonoDbg] AddEntityToScript - Instantiating and adding script: HP to Entity ID: -38
[22:46:43.351] [info] [SetScriptVars] OK setting fields for: HP
[22:46:43.351] [info] [MonoDbg] AddEntityToScript - Syncing serialized fields for script: HP
[22:46:43.351] [info] [SetScriptVars] OK setting fields for: HP
[22:46:43.351] [info] [MonoDbg] AddEntityToScript - Instantiating and adding script: ExpDropper to Entity ID: -38
[22:46:43.351] [info] [SetScriptVars] OK setting fields for: ExpDropper
[22:46:43.352] [info] [MonoDbg] AddEntityToScript - Syncing serialized fields for script: ExpDropper
[22:46:43.352] [info] [SetScriptVars] OK setting fields for: ExpDropper
[22:46:43.352] [info] [MonoDbg] AddEntityToScript - Instantiating and adding script: DespawnTimer to Entity ID: -38
[22:46:43.352] [info] [SetScriptVars] OK setting fields for: DespawnTimer
[22:46:43.352] [info] [MonoDbg] AddEntityToScript - Syncing serialized fields for script: DespawnTimer
[22:46:43.352] [info] [SetScriptVars] OK setting fields for: DespawnTimer
[22:46:43.353] [info] [MonoDbg] AddEntityToScript - Instantiating and adding script: FlashOnDamaged to Entity ID: -38
[22:46:43.353] [info] [SetScriptVars] OK setting fields for: FlashOnDamaged
[22:46:43.353] [info] [MonoDbg] AddEntityToScript - Syncing serialized fields for script: FlashOnDamaged
[22:46:43.353] [info] [SetScriptVars] OK setting fields for: FlashOnDamaged
[22:46:43.353] [info] [MonoDbg] AddEntityToScript - Instantiating and adding script: ShakeSelfOnDamaged to Entity ID: -38
[22:46:43.353] [info] [SetScriptVars] OK setting fields for: ShakeSelfOnDamaged
[22:46:43.354] [info] [MonoDbg] AddEntityToScript - Syncing serialized fields for script: ShakeSelfOnDamaged
[22:46:43.354] [info] [SetScriptVars] OK setting fields for: ShakeSelfOnDamaged
[22:46:43.354] [info] [MonoDbg] AddEntityToScript - Instantiating and adding script: SpikeFishAroundNeedle to Entity ID: -39
[22:46:43.354] [info] [SetScriptVars] OK setting fields for: SpikeFishAroundNeedle
[22:46:43.355] [info] [MonoDbg] AddEntityToScript - Syncing serialized fields for script: SpikeFishAroundNeedle
[22:46:43.355] [info] [SetScriptVars] OK setting fields for: SpikeFishAroundNeedle
[22:46:43.357] [error] Entity not found for ID: 0
[22:46:43.375] [error] Entity not found for ID: 0
[22:46:43.390] [error] Entity not found for ID: 0
[22:46:43.404] [error] Entity not found for ID: 0
[22:46:43.419] [error] Entity not found for ID: 0
[22:46:43.434] [error] Entity not found for ID: 0
[22:46:43.450] [error] Entity not found for ID: 0
[22:46:43.466] [error] Entity not found for ID: 0
[22:46:43.481] [error] Entity not found for ID: 0
[22:46:43.497] [error] Entity not found for ID: 0
[22:46:43.513] [error] Entity not found for ID: 0
[22:46:43.530] [error] Entity not found for ID: 0
[22:46:43.546] [error] Entity not found for ID: 0
[22:46:43.561] [error] Entity not found for ID: 0
[22:46:43.577] [error] Entity not found for ID: 0
[22:46:43.594] [error] Entity not found for ID: 0
[22:46:43.610] [error] Entity not found for ID: 0
[22:46:43.626] [error] Entity not found for ID: 0
[22:46:43.627] [info] Collision Enter 2D Event Invoked
[22:46:43.628] [info] Collision Enter 2D Event Invoked
[22:46:43.628] [info] Collision Enter 2D Event Invoked
[22:46:43.628] [info] Collision Enter 2D Event Invoked
[22:46:43.628] [info] Collision Enter 2D Event Invoked
[22:46:43.628] [info] Collision Enter 2D Event Invoked
[22:46:43.628] [info] Collision Enter 2D Event Invoked
[22:46:43.629] [info] Collision Enter 2D Event Invoked
[22:46:43.629] [info] Collision Enter 2D Event Invoked
[22:46:43.629] [info] Collision Enter 2D Event Invoked
[22:46:43.629] [info] Collision Enter 2D Event Invoked
[22:46:43.629] [info] Collision Enter 2D Event Invoked
[22:46:43.629] [info] Collision Enter 2D Event Invoked
[22:46:43.630] [info] Collision Enter 2D Event Invoked
[22:46:43.630] [info] Collision Enter 2D Event Invoked
[22:46:43.644] [error] Entity not found for ID: 0
[22:46:43.660] [error] Entity not found for ID: 0
[22:46:43.676] [error] Entity not found for ID: 0
[22:46:43.693] [error] Entity not found for ID: 0
[22:46:43.710] [error] Entity not found for ID: 0
[22:46:43.728] [error] Entity not found for ID: 0
[22:46:43.730] [info] Collision Enter 2D Event Invoked
[22:46:43.730] [info] Collision Enter 2D Event Invoked
[22:46:43.730] [info] Collision Enter 2D Event Invoked
[22:46:43.730] [info] Collision Enter 2D Event Invoked
[22:46:43.730] [info] Collision Enter 2D Event Invoked
[22:46:43.731] [info] Collision Enter 2D Event Invoked
[22:46:43.731] [info] Collision Enter 2D Event Invoked
[22:46:43.731] [info] Collision Enter 2D Event Invoked
[22:46:43.731] [info] Collision Enter 2D Event Invoked
[22:46:43.732] [info] Collision Enter 2D Event Invoked
[22:46:43.732] [info] Collision Enter 2D Event Invoked
[22:46:43.732] [info] Collision Enter 2D Event Invoked
[22:46:43.732] [info] Collision Enter 2D Event Invoked
[22:46:43.732] [info] Collision Enter 2D Event Invoked
[22:46:43.747] [error] Entity not found for ID: 0
[22:46:43.764] [error] Entity not found for ID: 0
[22:46:43.780] [error] Entity not found for ID: 0
[22:46:43.797] [error] Entity not found for ID: 0
[22:46:43.813] [error] Entity not found for ID: 0
[22:46:43.830] [error] Entity not found for ID: 0
[22:46:43.832] [info] Collision Exit 2D Event Invoked
[22:46:43.833] [info] Collision Exit 2D Event Invoked
[22:46:43.833] [info] Collision Exit 2D Event Invoked
[22:46:43.833] [info] Collision Exit 2D Event Invoked
[22:46:43.833] [info] Collision Exit 2D Event Invoked
[22:46:43.833] [info] Collision Exit 2D Event Invoked
[22:46:43.834] [info] Collision Exit 2D Event Invoked
[22:46:43.834] [info] Collision Exit 2D Event Invoked
[22:46:43.834] [info] Collision Exit 2D Event Invoked
[22:46:43.834] [info] Collision Exit 2D Event Invoked
[22:46:43.834] [info] Collision Exit 2D Event Invoked
[22:46:43.834] [info] Collision Exit 2D Event Invoked
[22:46:43.835] [info] Collision Exit 2D Event Invoked
[22:46:43.835] [info] Collision Exit 2D Event Invoked
[22:46:43.835] [info] Collision Exit 2D Event Invoked
[22:46:43.835] [info] Collision Exit 2D Event Invoked
[22:46:43.848] [error] Entity not found for ID: 0
[22:46:43.865] [error] Entity not found for ID: 0
[22:46:43.881] [error] Entity not found for ID: 0
[22:46:43.899] [error] Entity not found for ID: 0
[22:46:43.914] [error] Entity not found for ID: 0
[22:46:43.930] [error] Entity not found for ID: 0
[22:46:43.931] [info] Collision Enter 2D Event Invoked
[22:46:43.932] [info] Collision Enter 2D Event Invoked
[22:46:43.932] [info] Collision Enter 2D Event Invoked
[22:46:43.932] [info] Collision Enter 2D Event Invoked
[22:46:43.932] [info] Collision Enter 2D Event Invoked
[22:46:43.932] [info] Collision Enter 2D Event Invoked
[22:46:43.932] [info] Collision Enter 2D Event Invoked
[22:46:43.933] [info] Collision Enter 2D Event Invoked
[22:46:43.933] [info] Collision Enter 2D Event Invoked
[22:46:43.933] [info] Collision Enter 2D Event Invoked
[22:46:43.933] [info] Collision Enter 2D Event Invoked
[22:46:43.933] [info] Collision Enter 2D Event Invoked
[22:46:43.934] [info] Collision Enter 2D Event Invoked
[22:46:43.934] [info] Collision Enter 2D Event Invoked
[22:46:43.934] [info] Collision Enter 2D Event Invoked
[22:46:43.951] [error] Entity not found for ID: 0
[22:46:43.967] [error] Entity not found for ID: 0
[22:46:43.984] [error] Entity not found for ID: 0
[22:46:44.001] [error] Entity not found for ID: 0
[22:46:44.017] [error] Entity not found for ID: 0
[22:46:44.033] [error] Entity not found for ID: 0
[22:46:44.049] [error] Entity not found for ID: 0
[22:46:44.066] [error] Entity not found for ID: 0
[22:46:44.081] [error] Entity not found for ID: 0
[22:46:44.098] [error] Entity not found for ID: 0
[22:46:44.115] [error] Entity not found for ID: 0
[22:46:44.132] [error] Entity not found for ID: 0
[22:46:44.148] [error] Entity not found for ID: 0
[22:46:44.164] [error] Entity not found for ID: 0
[22:46:44.179] [error] Entity not found for ID: 0
[22:46:44.195] [error] Entity not found for ID: 0
[22:46:44.210] [error] Entity not found for ID: 0
[22:46:44.226] [error] Entity not found for ID: 0
[22:46:44.243] [error] Entity not found for ID: 0
[22:46:44.259] [error] Entity not found for ID: 0
[22:46:44.276] [error] Entity not found for ID: 0
[22:46:44.293] [error] Entity not found for ID: 0
[22:46:44.310] [error] Entity not found for ID: 0
[22:46:44.326] [error] Entity not found for ID: 0
[22:46:44.327] [info] [SOURCE_DETECTOR] C# requested CreateEntity: Prefab = SeaCow
[22:46:44.327] [info] [SOURCE_DETECTOR] Engine creating Entity (Internal)
[22:46:44.327] [info] [CPP ECS] FromJson - Adding component 'Transform' to entity 'SeaCow'
[22:46:44.327] [info] [CPP ECS] FromJson - Adding component 'CircleCollider' to entity 'SeaCow'
[22:46:44.327] [info] [CPP ECS] FromJson - Adding component 'Variables' to entity 'SeaCow'
[22:46:44.327] [info] [CPP ECS] FromJson - Adding component 'Script' to entity 'SeaCow'
[22:46:44.328] [info] [CPP ECS] FromJson - Adding component 'SpriteRenderer' to entity 'SeaCow'
[22:46:44.328] [info] [CPP ECS] FromJson - Adding component 'Rigidbody2D' to entity 'SeaCow'
[22:46:44.329] [info] Collision Enter 2D Event Invoked
[22:46:44.329] [info] Collision Enter 2D Event Invoked
[22:46:44.329] [info] Collision Enter 2D Event Invoked
[22:46:44.329] [info] Collision Enter 2D Event Invoked
[22:46:44.344] [info] [MonoDbg] AddEntityToScript - Instantiating and adding script: SpriteAnimation to Entity ID: -40
[22:46:44.344] [info] [SetScriptVars] OK setting fields for: SpriteAnimation
[22:46:44.344] [info] [MonoDbg] AddEntityToScript - Syncing serialized fields for script: SpriteAnimation
[22:46:44.345] [info] [SetScriptVars] OK setting fields for: SpriteAnimation
[22:46:44.345] [info] [MonoDbg] AddEntityToScript - Instantiating and adding script: ChaseController to Entity ID: -40
[22:46:44.345] [info] [SetScriptVars] OK setting fields for: ChaseController
[22:46:44.345] [info] [MonoDbg] AddEntityToScript - Syncing serialized fields for script: ChaseController
[22:46:44.345] [info] [SetScriptVars] OK setting fields for: ChaseController
[22:46:44.346] [info] [MonoDbg] AddEntityToScript - Instantiating and adding script: TargetFacingFlip to Entity ID: -40
[22:46:44.346] [info] [SetScriptVars] OK setting fields for: TargetFacingFlip
[22:46:44.346] [info] [MonoDbg] AddEntityToScript - Syncing serialized fields for script: TargetFacingFlip
[22:46:44.346] [info] [SetScriptVars] OK setting fields for: TargetFacingFlip
[22:46:44.346] [info] [MonoDbg] AddEntityToScript - Instantiating and adding script: SeaCow to Entity ID: -40
[22:46:44.347] [info] [SetScriptVars] OK setting fields for: SeaCow
[22:46:44.347] [info] [MonoDbg] AddEntityToScript - Syncing serialized fields for script: SeaCow
[22:46:44.347] [info] [SetScriptVars] OK setting fields for: SeaCow
[22:46:44.347] [info] [MonoDbg] AddEntityToScript - Instantiating and adding script: HP to Entity ID: -40
[22:46:44.347] [info] [SetScriptVars] OK setting fields for: HP
[22:46:44.348] [info] [MonoDbg] AddEntityToScript - Syncing serialized fields for script: HP
[22:46:44.348] [info] [SetScriptVars] OK setting fields for: HP
[22:46:44.348] [info] [MonoDbg] AddEntityToScript - Instantiating and adding script: ParticleOffset to Entity ID: -40
[22:46:44.348] [info] [SetScriptVars] no group for scriptName: ParticleOffset  groups: 10
[22:46:44.348] [info] [MonoDbg] AddEntityToScript - Syncing serialized fields for script: ParticleOffset
[22:46:44.348] [info] [SetScriptVars] no group for scriptName: ParticleOffset  groups: 10
[22:46:44.349] [info] [MonoDbg] AddEntityToScript - Instantiating and adding script: AttackCollision to Entity ID: -40
[22:46:44.349] [info] [SetScriptVars] OK setting fields for: AttackCollision
[22:46:44.349] [info] [MonoDbg] AddEntityToScript - Syncing serialized fields for script: AttackCollision
[22:46:44.349] [info] [SetScriptVars] OK setting fields for: AttackCollision
[22:46:44.349] [info] [MonoDbg] AddEntityToScript - Instantiating and adding script: ExpDropper to Entity ID: -40
[22:46:44.349] [info] [SetScriptVars] OK setting fields for: ExpDropper
[22:46:44.350] [info] [MonoDbg] AddEntityToScript - Syncing serialized fields for script: ExpDropper
[22:46:44.350] [info] [SetScriptVars] OK setting fields for: ExpDropper
[22:46:44.350] [info] [MonoDbg] AddEntityToScript - Instantiating and adding script: DespawnTimer to Entity ID: -40
[22:46:44.350] [info] [SetScriptVars] OK setting fields for: DespawnTimer
[22:46:44.350] [info] [MonoDbg] AddEntityToScript - Syncing serialized fields for script: DespawnTimer
[22:46:44.350] [info] [SetScriptVars] OK setting fields for: DespawnTimer
[22:46:44.351] [info] [MonoDbg] AddEntityToScript - Instantiating and adding script: FlashOnDamaged to Entity ID: -40
[22:46:44.351] [info] [SetScriptVars] OK setting fields for: FlashOnDamaged
[22:46:44.351] [info] [MonoDbg] AddEntityToScript - Syncing serialized fields for script: FlashOnDamaged
[22:46:44.351] [info] [SetScriptVars] OK setting fields for: FlashOnDamaged
[22:46:44.351] [info] [MonoDbg] AddEntityToScript - Instantiating and adding script: ShakeSelfOnDamaged to Entity ID: -40
[22:46:44.351] [info] [SetScriptVars] OK setting fields for: ShakeSelfOnDamaged
[22:46:44.352] [info] [MonoDbg] AddEntityToScript - Syncing serialized fields for script: ShakeSelfOnDamaged
[22:46:44.352] [info] [SetScriptVars] OK setting fields for: ShakeSelfOnDamaged
[22:46:44.352] [info] [SOURCE_DETECTOR] C# requested CreateEntity: Prefab = enemySwimParticle
[22:46:44.352] [info] [SOURCE_DETECTOR] Engine creating Entity (Internal)
[22:46:44.352] [info] [CPP ECS] FromJson - Adding component 'Transform' to entity 'enemySwimParticle'
[22:46:44.353] [info] [CPP ECS] FromJson - Adding component 'Variables' to entity 'enemySwimParticle'
[22:46:44.353] [info] [CPP ECS] FromJson - Adding component 'ParticleSystem2D' to entity 'enemySwimParticle'
[22:46:44.353] [error] Entity not found for ID: 0
[22:46:44.370] [error] Entity not found for ID: 0
[22:46:44.385] [error] Entity not found for ID: 0
[22:46:44.401] [error] Entity not found for ID: 0
[22:46:44.416] [error] Entity not found for ID: 0
[22:46:44.433] [error] Entity not found for ID: 0
[22:46:44.450] [error] Entity not found for ID: 0
[22:46:44.467] [error] Entity not found for ID: 0
[22:46:44.470] [info] Collision Exit 2D Event Invoked
[22:46:44.470] [info] Collision Exit 2D Event Invoked
[22:46:44.470] [info] Collision Exit 2D Event Invoked
[22:46:44.471] [info] Collision Exit 2D Event Invoked
[22:46:44.471] [info] Collision Exit 2D Event Invoked
[22:46:44.471] [info] Collision Exit 2D Event Invoked
[22:46:44.471] [info] Collision Exit 2D Event Invoked
[22:46:44.471] [info] Collision Exit 2D Event Invoked
[22:46:44.472] [info] Collision Exit 2D Event Invoked
[22:46:44.472] [info] Collision Exit 2D Event Invoked
[22:46:44.472] [info] Collision Exit 2D Event Invoked
[22:46:44.472] [info] Collision Exit 2D Event Invoked
[22:46:44.472] [info] Collision Exit 2D Event Invoked
[22:46:44.472] [info] Collision Exit 2D Event Invoked
[22:46:44.473] [info] Collision Exit 2D Event Invoked
[22:46:44.488] [error] Entity not found for ID: 0
[22:46:44.504] [error] Entity not found for ID: 0
[22:46:44.519] [error] Entity not found for ID: 0
[22:46:44.535] [error] Entity not found for ID: 0
[22:46:44.552] [error] Entity not found for ID: 0
[22:46:44.568] [error] Entity not found for ID: 0
[22:46:44.584] [error] Entity not found for ID: 0
[22:46:44.600] [error] Entity not found for ID: 0
[22:46:44.615] [error] Entity not found for ID: 0
[22:46:44.631] [error] Entity not found for ID: 0
[22:46:44.646] [error] Entity not found for ID: 0
[22:46:44.662] [error] Entity not found for ID: 0
[22:46:44.679] [error] Entity not found for ID: 0
[22:46:44.695] [error] Entity not found for ID: 0
[22:46:44.711] [error] Entity not found for ID: 0
[22:46:44.712] [info] Collision Enter 2D Event Invoked
[22:46:44.712] [info] Collision Enter 2D Event Invoked
[22:46:44.712] [info] Collision Enter 2D Event Invoked
[22:46:44.712] [info] Collision Enter 2D Event Invoked
[22:46:44.712] [info] Collision Enter 2D Event Invoked
[22:46:44.712] [info] Collision Enter 2D Event Invoked
[22:46:44.713] [info] Collision Enter 2D Event Invoked
[22:46:44.713] [info] Collision Enter 2D Event Invoked
[22:46:44.713] [info] Collision Enter 2D Event Invoked
[22:46:44.713] [info] Collision Enter 2D Event Invoked
[22:46:44.713] [info] Collision Enter 2D Event Invoked
[22:46:44.714] [info] Collision Enter 2D Event Invoked
[22:46:44.714] [info] Collision Enter 2D Event Invoked
[22:46:44.714] [info] Collision Enter 2D Event Invoked
[22:46:44.714] [info] Collision Enter 2D Event Invoked
[22:46:44.729] [error] Entity not found for ID: 0
[22:46:44.745] [error] Entity not found for ID: 0
[22:46:44.760] [error] Entity not found for ID: 0
[22:46:44.777] [error] Entity not found for ID: 0
[22:46:44.794] [error] Entity not found for ID: 0
[22:46:44.812] [error] Entity not found for ID: 0
[22:46:44.828] [error] Entity not found for ID: 0
[22:46:44.845] [error] Entity not found for ID: 0
[22:46:44.861] [error] Entity not found for ID: 0
[22:46:44.877] [error] Entity not found for ID: 0
[22:46:44.893] [error] Entity not found for ID: 0
[22:46:44.910] [error] Entity not found for ID: 0
[22:46:44.926] [error] Entity not found for ID: 0
[22:46:44.942] [error] Entity not found for ID: 0
[22:46:44.960] [error] Entity not found for ID: 0
[22:46:44.976] [error] Entity not found for ID: 0
[22:46:44.993] [error] Entity not found for ID: 0
[22:46:45.010] [error] Entity not found for ID: 0
[22:46:45.027] [error] Entity not found for ID: 0
[22:46:45.043] [error] Entity not found for ID: 0
[22:46:45.060] [error] Entity not found for ID: 0
[22:46:45.077] [error] Entity not found for ID: 0
[22:46:45.094] [error] Entity not found for ID: 0
[22:46:45.111] [error] Entity not found for ID: 0
[22:46:45.128] [error] Entity not found for ID: 0
[22:46:45.146] [error] Entity not found for ID: 0
[22:46:45.162] [error] Entity not found for ID: 0
[22:46:45.179] [error] Entity not found for ID: 0
[22:46:45.195] [error] Entity not found for ID: 0
[22:46:45.212] [error] Entity not found for ID: 0
[22:46:45.229] [error] Entity not found for ID: 0
[22:46:45.245] [error] Entity not found for ID: 0
[22:46:45.261] [error] Entity not found for ID: 0
[22:46:45.277] [error] Entity not found for ID: 0
[22:46:45.294] [error] Entity not found for ID: 0
[22:46:45.311] [error] Entity not found for ID: 0
[22:46:45.329] [error] Entity not found for ID: 0
[22:46:45.330] [info] [SOURCE_DETECTOR] C# requested CreateEntity: Prefab = FlapjackOctopus
[22:46:45.330] [info] [SOURCE_DETECTOR] Engine creating Entity (Internal)
[22:46:45.330] [info] [CPP ECS] FromJson - Adding component 'Transform' to entity 'FlapjackOctopus'
[22:46:45.330] [info] [CPP ECS] FromJson - Adding component 'CircleCollider' to entity 'FlapjackOctopus'
[22:46:45.330] [info] [CPP ECS] FromJson - Adding component 'Variables' to entity 'FlapjackOctopus'
[22:46:45.330] [info] [CPP ECS] FromJson - Adding component 'Script' to entity 'FlapjackOctopus'
[22:46:45.331] [info] [CPP ECS] FromJson - Adding component 'SpriteRenderer' to entity 'FlapjackOctopus'
[22:46:45.331] [info] [CPP ECS] FromJson - Adding component 'Rigidbody2D' to entity 'FlapjackOctopus'
[22:46:45.332] [info] Collision Enter 2D Event Invoked
[22:46:45.332] [info] Collision Enter 2D Event Invoked
[22:46:45.332] [info] Collision Enter 2D Event Invoked
[22:46:45.333] [info] Collision Enter 2D Event Invoked
[22:46:45.350] [info] [MonoDbg] AddEntityToScript - Instantiating and adding script: SpriteAnimation to Entity ID: -6
[22:46:45.351] [info] [SetScriptVars] OK setting fields for: SpriteAnimation
[22:46:45.351] [info] [MonoDbg] AddEntityToScript - Syncing serialized fields for script: SpriteAnimation
[22:46:45.351] [info] [SetScriptVars] OK setting fields for: SpriteAnimation
[22:46:45.351] [info] [MonoDbg] AddEntityToScript - Instantiating and adding script: TargetRangeDetector to Entity ID: -6
[22:46:45.351] [info] [SetScriptVars] OK setting fields for: TargetRangeDetector
[22:46:45.351] [info] [MonoDbg] AddEntityToScript - Syncing serialized fields for script: TargetRangeDetector
[22:46:45.352] [info] [SetScriptVars] OK setting fields for: TargetRangeDetector
[22:46:45.352] [info] [MonoDbg] AddEntityToScript - Instantiating and adding script: FlapjackOctopus to Entity ID: -6
[22:46:45.352] [info] [SetScriptVars] OK setting fields for: FlapjackOctopus
[22:46:45.352] [info] [MonoDbg] AddEntityToScript - Syncing serialized fields for script: FlapjackOctopus
[22:46:45.352] [info] [SetScriptVars] OK setting fields for: FlapjackOctopus
[22:46:45.352] [info] [MonoDbg] AddEntityToScript - Instantiating and adding script: HP to Entity ID: -6
[22:46:45.353] [info] [SetScriptVars] OK setting fields for: HP
[22:46:45.353] [info] [MonoDbg] AddEntityToScript - Syncing serialized fields for script: HP
[22:46:45.353] [info] [SetScriptVars] OK setting fields for: HP
[22:46:45.353] [info] [MonoDbg] AddEntityToScript - Instantiating and adding script: ParticleOffset to Entity ID: -6
[22:46:45.353] [info] [SetScriptVars] no group for scriptName: ParticleOffset  groups: 9
[22:46:45.354] [info] [MonoDbg] AddEntityToScript - Syncing serialized fields for script: ParticleOffset
[22:46:45.354] [info] [SetScriptVars] no group for scriptName: ParticleOffset  groups: 9
[22:46:45.354] [info] [MonoDbg] AddEntityToScript - Instantiating and adding script: AttackCollision to Entity ID: -6
[22:46:45.354] [info] [SetScriptVars] OK setting fields for: AttackCollision
[22:46:45.354] [info] [MonoDbg] AddEntityToScript - Syncing serialized fields for script: AttackCollision
[22:46:45.354] [info] [SetScriptVars] OK setting fields for: AttackCollision
[22:46:45.354] [info] [MonoDbg] AddEntityToScript - Instantiating and adding script: ExpDropper to Entity ID: -6
[22:46:45.355] [info] [SetScriptVars] OK setting fields for: ExpDropper
[22:46:45.355] [info] [MonoDbg] AddEntityToScript - Syncing serialized fields for script: ExpDropper
[22:46:45.355] [info] [SetScriptVars] OK setting fields for: ExpDropper
[22:46:45.355] [info] [MonoDbg] AddEntityToScript - Instantiating and adding script: DespawnTimer to Entity ID: -6
[22:46:45.355] [info] [SetScriptVars] OK setting fields for: DespawnTimer
[22:46:45.355] [info] [MonoDbg] AddEntityToScript - Syncing serialized fields for script: DespawnTimer
[22:46:45.356] [info] [SetScriptVars] OK setting fields for: DespawnTimer
[22:46:45.356] [info] [MonoDbg] AddEntityToScript - Instantiating and adding script: FlashOnDamaged to Entity ID: -6
[22:46:45.356] [info] [SetScriptVars] OK setting fields for: FlashOnDamaged
[22:46:45.356] [info] [MonoDbg] AddEntityToScript - Syncing serialized fields for script: FlashOnDamaged
[22:46:45.356] [info] [SetScriptVars] OK setting fields for: FlashOnDamaged
[22:46:45.357] [info] [MonoDbg] AddEntityToScript - Instantiating and adding script: ShakeSelfOnDamaged to Entity ID: -6
[22:46:45.357] [info] [SetScriptVars] OK setting fields for: ShakeSelfOnDamaged
[22:46:45.357] [info] [MonoDbg] AddEntityToScript - Syncing serialized fields for script: ShakeSelfOnDamaged
[22:46:45.357] [info] [SetScriptVars] OK setting fields for: ShakeSelfOnDamaged
[22:46:45.357] [info] [SOURCE_DETECTOR] C# requested CreateEntity: Prefab = surfaceOctopusParticle
[22:46:45.358] [info] [SOURCE_DETECTOR] Engine creating Entity (Internal)
[22:46:45.358] [info] [CPP ECS] FromJson - Adding component 'Transform' to entity 'surfaceOctopusParticle'
[22:46:45.358] [info] [CPP ECS] FromJson - Adding component 'Variables' to entity 'surfaceOctopusParticle'
[22:46:45.358] [info] [CPP ECS] FromJson - Adding component 'ParticleSystem2D' to entity 'surfaceOctopusParticle'
[22:46:45.359] [error] Entity not found for ID: 0
[22:46:45.377] [error] Entity not found for ID: 0
[22:46:45.394] [error] Entity not found for ID: 0
[22:46:45.410] [error] Entity not found for ID: 0
[22:46:45.427] [error] Entity not found for ID: 0
[22:46:45.444] [error] Entity not found for ID: 0
[22:46:45.461] [error] Entity not found for ID: 0
[22:46:45.478] [error] Entity not found for ID: 0
[22:46:45.495] [error] Entity not found for ID: 0
[22:46:45.513] [error] Entity not found for ID: 0
[22:46:45.531] [error] Entity not found for ID: 0
[22:46:45.548] [error] Entity not found for ID: 0
[22:46:45.564] [error] Entity not found for ID: 0
[22:46:45.581] [error] Entity not found for ID: 0
[22:46:45.598] [error] Entity not found for ID: 0
[22:46:45.615] [error] Entity not found for ID: 0
[22:46:45.632] [error] Entity not found for ID: 0
[22:46:45.650] [error] Entity not found for ID: 0
[22:46:45.667] [error] Entity not found for ID: 0
[22:46:45.683] [error] Entity not found for ID: 0
[22:46:45.700] [error] Entity not found for ID: 0
[22:46:45.717] [error] Entity not found for ID: 0
[22:46:45.735] [error] Entity not found for ID: 0
[22:46:45.753] [error] Entity not found for ID: 0
[22:46:45.772] [error] Entity not found for ID: 0
[22:46:45.789] [error] Entity not found for ID: 0
[22:46:45.807] [error] Entity not found for ID: 0
[22:46:45.823] [error] Entity not found for ID: 0
[22:46:45.840] [error] Entity not found for ID: 0
[22:46:45.858] [error] Entity not found for ID: 0
[22:46:45.875] [error] Entity not found for ID: 0
[22:46:45.891] [error] Entity not found for ID: 0
[22:46:45.908] [error] Entity not found for ID: 0
[22:46:45.925] [error] Entity not found for ID: 0
[22:46:45.941] [error] Entity not found for ID: 0
[22:46:45.959] [error] Entity not found for ID: 0
[22:46:45.976] [error] Entity not found for ID: 0
[22:46:45.993] [error] Entity not found for ID: 0
[22:46:46.011] [error] Entity not found for ID: 0
[22:46:46.028] [error] Entity not found for ID: 0
[22:46:46.045] [error] Entity not found for ID: 0
[22:46:46.061] [error] Entity not found for ID: 0
[22:46:46.078] [error] Entity not found for ID: 0
[22:46:46.095] [error] Entity not found for ID: 0
[22:46:46.112] [error] Entity not found for ID: 0
[22:46:46.129] [error] Entity not found for ID: 0
[22:46:46.130] [info] Collision Enter 2D Event Invoked
[22:46:46.130] [info] Collision Enter 2D Event Invoked
[22:46:46.131] [info] Collision Enter 2D Event Invoked
[22:46:46.131] [info] Collision Enter 2D Event Invoked
[22:46:46.131] [info] Collision Enter 2D Event Invoked
[22:46:46.131] [info] Collision Enter 2D Event Invoked
[22:46:46.132] [info] Collision Enter 2D Event Invoked
[22:46:46.132] [info] Collision Enter 2D Event Invoked
[22:46:46.132] [info] Collision Enter 2D Event Invoked
[22:46:46.132] [info] Collision Enter 2D Event Invoked
[22:46:46.132] [info] Collision Enter 2D Event Invoked
[22:46:46.132] [info] Collision Enter 2D Event Invoked
[22:46:46.133] [info] Collision Enter 2D Event Invoked
[22:46:46.133] [info] Collision Enter 2D Event Invoked
[22:46:46.133] [info] Collision Enter 2D Event Invoked
[22:46:46.133] [info] [SOURCE_DETECTOR] C# requested CreateEntity: Prefab = PlayerHitEffect
[22:46:46.133] [info] [SOURCE_DETECTOR] Engine creating Entity (Internal)
[22:46:46.133] [info] [CPP ECS] FromJson - Adding component 'Transform' to entity 'PlayerHitEffect'
[22:46:46.134] [info] [CPP ECS] FromJson - Adding component 'Variables' to entity 'PlayerHitEffect'
[22:46:46.134] [info] [SOURCE_DETECTOR] Engine creating Entity (Internal)
[22:46:46.134] [info] [CPP ECS] FromJson - Adding component 'Transform' to entity 'HitEffect1'
[22:46:46.134] [info] [CPP ECS] FromJson - Adding component 'Variables' to entity 'HitEffect1'
[22:46:46.134] [info] [CPP ECS] FromJson - Adding component 'SpriteRenderer' to entity 'HitEffect1'
[22:46:46.134] [info] [CPP ECS] FromJson - Adding component 'Script' to entity 'HitEffect1'
[22:46:46.135] [info] [SOURCE_DETECTOR] Engine creating Entity (Internal)
[22:46:46.135] [info] [CPP ECS] FromJson - Adding component 'Transform' to entity 'HitEffect2'
[22:46:46.135] [info] [CPP ECS] FromJson - Adding component 'Variables' to entity 'HitEffect2'
[22:46:46.135] [info] [CPP ECS] FromJson - Adding component 'SpriteRenderer' to entity 'HitEffect2'
[22:46:46.135] [info] [CPP ECS] FromJson - Adding component 'Script' to entity 'HitEffect2'
[22:46:46.135] [error] Script component not found for Entity ID: -43
[22:46:46.136] [info] [SetScriptVars] no group for scriptName: TimedDestruction  groups: 0
[22:46:46.136] [info] Collision Enter 2D Event Invoked
[22:46:46.136] [info] Collision Enter 2D Event Invoked
[22:46:46.136] [info] Collision Enter 2D Event Invoked
[22:46:46.136] [info] Collision Enter 2D Event Invoked
[22:46:46.136] [info] Collision Enter 2D Event Invoked
[22:46:46.137] [info] Collision Enter 2D Event Invoked
[22:46:46.137] [info] Collision Enter 2D Event Invoked
[22:46:46.137] [info] Collision Enter 2D Event Invoked
[22:46:46.137] [info] Collision Enter 2D Event Invoked
[22:46:46.137] [info] Collision Enter 2D Event Invoked
[22:46:46.138] [info] Collision Enter 2D Event Invoked
[22:46:46.138] [info] Collision Enter 2D Event Invoked
[22:46:46.138] [info] Collision Enter 2D Event Invoked
[22:46:46.138] [info] Collision Enter 2D Event Invoked
[22:46:46.138] [info] Collision Enter 2D Event Invoked
[22:46:46.138] [info] Collision Enter 2D Event Invoked
[22:46:46.139] [info] Collision Enter 2D Event Invoked
[22:46:46.139] [info] Collision Enter 2D Event Invoked
[22:46:46.139] [info] Collision Enter 2D Event Invoked
[22:46:46.139] [info] Collision Enter 2D Event Invoked
[22:46:46.155] [info] [MonoDbg] AddEntityToScript - Instantiating and adding script: TransformTween to Entity ID: -44
[22:46:46.155] [info] [SetScriptVars] OK setting fields for: TransformTween
[22:46:46.155] [info] [MonoDbg] AddEntityToScript - Syncing serialized fields for script: TransformTween
[22:46:46.155] [info] [SetScriptVars] OK setting fields for: TransformTween
[22:46:46.155] [info] [MonoDbg] AddEntityToScript - Instantiating and adding script: TransformTween to Entity ID: -45
[22:46:46.156] [info] [SetScriptVars] OK setting fields for: TransformTween
[22:46:46.156] [info] [MonoDbg] AddEntityToScript - Syncing serialized fields for script: TransformTween
[22:46:46.156] [info] [SetScriptVars] OK setting fields for: TransformTween
[22:46:46.157] [error] Entity not found for ID: 0
[22:46:46.160] [info] Collision Exit 2D Event Invoked
[22:46:46.160] [info] Collision Exit 2D Event Invoked
[22:46:46.160] [info] Collision Exit 2D Event Invoked
[22:46:46.160] [info] Collision Exit 2D Event Invoked
[22:46:46.161] [info] Collision Exit 2D Event Invoked
[22:46:46.161] [info] Collision Exit 2D Event Invoked
[22:46:46.161] [info] Collision Exit 2D Event Invoked
[22:46:46.161] [info] Collision Exit 2D Event Invoked
[22:46:46.161] [info] Collision Exit 2D Event Invoked
[22:46:46.161] [info] Collision Exit 2D Event Invoked
[22:46:46.162] [info] Collision Exit 2D Event Invoked
[22:46:46.162] [info] Collision Exit 2D Event Invoked
[22:46:46.162] [info] Collision Exit 2D Event Invoked
[22:46:46.162] [info] Collision Exit 2D Event Invoked
[22:46:46.162] [info] Collision Exit 2D Event Invoked
[22:46:46.162] [info] Collision Exit 2D Event Invoked
[22:46:46.163] [info] Collision Exit 2D Event Invoked
[22:46:46.163] [info] Collision Exit 2D Event Invoked
[22:46:46.163] [info] Collision Exit 2D Event Invoked
[22:46:46.163] [info] Collision Exit 2D Event Invoked
[22:46:46.163] [info] Collision Exit 2D Event Invoked
[22:46:46.164] [info] Collision Exit 2D Event Invoked
[22:46:46.164] [info] Collision Exit 2D Event Invoked
[22:46:46.164] [info] Collision Exit 2D Event Invoked
[22:46:46.164] [info] Collision Exit 2D Event Invoked
[22:46:46.164] [info] Collision Exit 2D Event Invoked
[22:46:46.164] [info] Collision Exit 2D Event Invoked
[22:46:46.165] [info] Collision Exit 2D Event Invoked
[22:46:46.165] [info] Collision Exit 2D Event Invoked
[22:46:46.165] [info] Collision Exit 2D Event Invoked
[22:46:46.165] [info] Collision Exit 2D Event Invoked
[22:46:46.165] [info] Collision Exit 2D Event Invoked
[22:46:46.165] [info] Collision Exit 2D Event Invoked
[22:46:46.166] [info] Collision Exit 2D Event Invoked
[22:46:46.166] [info] Collision Exit 2D Event Invoked
[22:46:46.179] [error] Entity not found for ID: 0
[22:46:46.195] [error] Entity not found for ID: 0
[22:46:46.212] [error] Entity not found for ID: 0
[22:46:46.229] [error] Entity not found for ID: 0
[22:46:46.246] [error] Entity not found for ID: 0
[22:46:46.262] [error] Entity not found for ID: 0
[22:46:46.279] [error] Entity not found for ID: 0
[22:46:46.296] [error] Entity not found for ID: 0
[22:46:46.314] [error] Entity not found for ID: 0
[22:46:46.314] [info] [SOURCE_DETECTOR] C# requested CreateEntity: Prefab = FlapjackOctopus
[22:46:46.315] [info] [SOURCE_DETECTOR] Engine creating Entity (Internal)
[22:46:46.315] [info] [CPP ECS] FromJson - Adding component 'Transform' to entity 'FlapjackOctopus'
[22:46:46.315] [info] [CPP ECS] FromJson - Adding component 'CircleCollider' to entity 'FlapjackOctopus'
[22:46:46.315] [info] [CPP ECS] FromJson - Adding component 'Variables' to entity 'FlapjackOctopus'
[22:46:46.315] [info] [CPP ECS] FromJson - Adding component 'Script' to entity 'FlapjackOctopus'
[22:46:46.315] [info] [CPP ECS] FromJson - Adding component 'SpriteRenderer' to entity 'FlapjackOctopus'
[22:46:46.316] [info] [CPP ECS] FromJson - Adding component 'Rigidbody2D' to entity 'FlapjackOctopus'
[22:46:46.317] [info] Collision Enter 2D Event Invoked
[22:46:46.317] [info] Collision Enter 2D Event Invoked
[22:46:46.317] [info] Collision Enter 2D Event Invoked
[22:46:46.317] [info] Collision Enter 2D Event Invoked
[22:46:46.333] [info] [MonoDbg] AddEntityToScript - Instantiating and adding script: SpriteAnimation to Entity ID: -46
[22:46:46.333] [info] [SetScriptVars] OK setting fields for: SpriteAnimation
[22:46:46.333] [info] [MonoDbg] AddEntityToScript - Syncing serialized fields for script: SpriteAnimation
[22:46:46.334] [info] [SetScriptVars] OK setting fields for: SpriteAnimation
[22:46:46.334] [info] [MonoDbg] AddEntityToScript - Instantiating and adding script: TargetRangeDetector to Entity ID: -46
[22:46:46.334] [info] [SetScriptVars] OK setting fields for: TargetRangeDetector
[22:46:46.334] [info] [MonoDbg] AddEntityToScript - Syncing serialized fields for script: TargetRangeDetector
[22:46:46.334] [info] [SetScriptVars] OK setting fields for: TargetRangeDetector
[22:46:46.335] [info] [MonoDbg] AddEntityToScript - Instantiating and adding script: FlapjackOctopus to Entity ID: -46
[22:46:46.335] [info] [SetScriptVars] OK setting fields for: FlapjackOctopus
[22:46:46.335] [info] [MonoDbg] AddEntityToScript - Syncing serialized fields for script: FlapjackOctopus
[22:46:46.335] [info] [SetScriptVars] OK setting fields for: FlapjackOctopus
[22:46:46.335] [info] [MonoDbg] AddEntityToScript - Instantiating and adding script: HP to Entity ID: -46
[22:46:46.335] [info] [SetScriptVars] OK setting fields for: HP
[22:46:46.336] [info] [MonoDbg] AddEntityToScript - Syncing serialized fields for script: HP
[22:46:46.336] [info] [SetScriptVars] OK setting fields for: HP
[22:46:46.336] [info] [MonoDbg] AddEntityToScript - Instantiating and adding script: ParticleOffset to Entity ID: -46
[22:46:46.336] [info] [SetScriptVars] no group for scriptName: ParticleOffset  groups: 9
[22:46:46.336] [info] [MonoDbg] AddEntityToScript - Syncing serialized fields for script: ParticleOffset
[22:46:46.336] [info] [SetScriptVars] no group for scriptName: ParticleOffset  groups: 9
[22:46:46.337] [info] [MonoDbg] AddEntityToScript - Instantiating and adding script: AttackCollision to Entity ID: -46
[22:46:46.337] [info] [SetScriptVars] OK setting fields for: AttackCollision
[22:46:46.337] [info] [MonoDbg] AddEntityToScript - Syncing serialized fields for script: AttackCollision
[22:46:46.337] [info] [SetScriptVars] OK setting fields for: AttackCollision
[22:46:46.337] [info] [MonoDbg] AddEntityToScript - Instantiating and adding script: ExpDropper to Entity ID: -46
[22:46:46.337] [info] [SetScriptVars] OK setting fields for: ExpDropper
[22:46:46.338] [info] [MonoDbg] AddEntityToScript - Syncing serialized fields for script: ExpDropper
[22:46:46.338] [info] [SetScriptVars] OK setting fields for: ExpDropper
[22:46:46.338] [info] [MonoDbg] AddEntityToScript - Instantiating and adding script: DespawnTimer to Entity ID: -46
[22:46:46.338] [info] [SetScriptVars] OK setting fields for: DespawnTimer
[22:46:46.338] [info] [MonoDbg] AddEntityToScript - Syncing serialized fields for script: DespawnTimer
[22:46:46.338] [info] [SetScriptVars] OK setting fields for: DespawnTimer
[22:46:46.339] [info] [MonoDbg] AddEntityToScript - Instantiating and adding script: FlashOnDamaged to Entity ID: -46
[22:46:46.339] [info] [SetScriptVars] OK setting fields for: FlashOnDamaged
[22:46:46.339] [info] [MonoDbg] AddEntityToScript - Syncing serialized fields for script: FlashOnDamaged
[22:46:46.339] [info] [SetScriptVars] OK setting fields for: FlashOnDamaged
[22:46:46.339] [info] [MonoDbg] AddEntityToScript - Instantiating and adding script: ShakeSelfOnDamaged to Entity ID: -46
[22:46:46.339] [info] [SetScriptVars] OK setting fields for: ShakeSelfOnDamaged
[22:46:46.340] [info] [MonoDbg] AddEntityToScript - Syncing serialized fields for script: ShakeSelfOnDamaged
[22:46:46.340] [info] [SetScriptVars] OK setting fields for: ShakeSelfOnDamaged
[22:46:46.340] [info] [SOURCE_DETECTOR] C# requested CreateEntity: Prefab = surfaceOctopusParticle
[22:46:46.340] [info] [SOURCE_DETECTOR] Engine creating Entity (Internal)
[22:46:46.341] [info] [CPP ECS] FromJson - Adding component 'Transform' to entity 'surfaceOctopusParticle'
[22:46:46.341] [info] [CPP ECS] FromJson - Adding component 'Variables' to entity 'surfaceOctopusParticle'
[22:46:46.341] [info] [CPP ECS] FromJson - Adding component 'ParticleSystem2D' to entity 'surfaceOctopusParticle'
[22:46:46.341] [error] Entity not found for ID: 0
[22:46:46.359] [error] Entity not found for ID: 0
[22:46:46.375] [error] Entity not found for ID: 0
[22:46:46.392] [error] Entity not found for ID: 0
[22:46:46.393] [info] Collision Enter 2D Event Invoked
[22:46:46.393] [info] Collision Enter 2D Event Invoked
[22:46:46.393] [info] Collision Enter 2D Event Invoked
[22:46:46.394] [info] Collision Enter 2D Event Invoked
[22:46:46.394] [info] Collision Enter 2D Event Invoked
[22:46:46.394] [info] Collision Enter 2D Event Invoked
[22:46:46.394] [info] Collision Enter 2D Event Invoked
[22:46:46.394] [info] Collision Enter 2D Event Invoked
[22:46:46.394] [info] Collision Enter 2D Event Invoked
[22:46:46.395] [info] Collision Enter 2D Event Invoked
[22:46:46.395] [info] Collision Enter 2D Event Invoked
[22:46:46.395] [info] Collision Enter 2D Event Invoked
[22:46:46.395] [info] Collision Enter 2D Event Invoked
[22:46:46.395] [info] Collision Enter 2D Event Invoked
[22:46:46.395] [info] Collision Enter 2D Event Invoked
[22:46:46.396] [info] [SOURCE_DETECTOR] C# requested CreateEntity: Prefab = PlayerHitEffect
[22:46:46.396] [info] [SOURCE_DETECTOR] Engine creating Entity (Internal)
[22:46:46.396] [info] [CPP ECS] FromJson - Adding component 'Transform' to entity 'PlayerHitEffect'
[22:46:46.396] [info] [CPP ECS] FromJson - Adding component 'Variables' to entity 'PlayerHitEffect'
[22:46:46.396] [info] [SOURCE_DETECTOR] Engine creating Entity (Internal)
[22:46:46.397] [info] [CPP ECS] FromJson - Adding component 'Transform' to entity 'HitEffect1'
[22:46:46.397] [info] [CPP ECS] FromJson - Adding component 'Variables' to entity 'HitEffect1'
[22:46:46.397] [info] [CPP ECS] FromJson - Adding component 'SpriteRenderer' to entity 'HitEffect1'
[22:46:46.397] [info] [CPP ECS] FromJson - Adding component 'Script' to entity 'HitEffect1'
[22:46:46.397] [info] [SOURCE_DETECTOR] Engine creating Entity (Internal)
[22:46:46.397] [info] [CPP ECS] FromJson - Adding component 'Transform' to entity 'HitEffect2'
[22:46:46.398] [info] [CPP ECS] FromJson - Adding component 'Variables' to entity 'HitEffect2'
[22:46:46.398] [info] [CPP ECS] FromJson - Adding component 'SpriteRenderer' to entity 'HitEffect2'
[22:46:46.398] [info] [CPP ECS] FromJson - Adding component 'Script' to entity 'HitEffect2'
[22:46:46.398] [error] Script component not found for Entity ID: -48
[22:46:46.398] [info] [SetScriptVars] no group for scriptName: TimedDestruction  groups: 0
[22:46:46.399] [info] Collision Enter 2D Event Invoked
[22:46:46.399] [info] Collision Enter 2D Event Invoked
[22:46:46.399] [info] Collision Enter 2D Event Invoked
[22:46:46.399] [info] Collision Enter 2D Event Invoked
[22:46:46.399] [info] Collision Enter 2D Event Invoked
[22:46:46.399] [info] Collision Enter 2D Event Invoked
[22:46:46.400] [info] Collision Enter 2D Event Invoked
[22:46:46.400] [info] Collision Enter 2D Event Invoked
[22:46:46.400] [info] Collision Enter 2D Event Invoked
[22:46:46.400] [info] Collision Enter 2D Event Invoked
[22:46:46.400] [info] Collision Enter 2D Event Invoked
[22:46:46.400] [info] Collision Enter 2D Event Invoked
[22:46:46.401] [info] Collision Enter 2D Event Invoked
[22:46:46.401] [info] Collision Enter 2D Event Invoked
[22:46:46.401] [info] Collision Enter 2D Event Invoked
[22:46:46.401] [info] Collision Enter 2D Event Invoked
[22:46:46.401] [info] Collision Enter 2D Event Invoked
[22:46:46.402] [info] Collision Enter 2D Event Invoked
[22:46:46.402] [info] Collision Enter 2D Event Invoked
[22:46:46.402] [info] Collision Enter 2D Event Invoked
[22:46:46.419] [info] [MonoDbg] AddEntityToScript - Instantiating and adding script: TransformTween to Entity ID: -49
[22:46:46.420] [info] [SetScriptVars] OK setting fields for: TransformTween
[22:46:46.420] [info] [MonoDbg] AddEntityToScript - Syncing serialized fields for script: TransformTween
[22:46:46.420] [info] [SetScriptVars] OK setting fields for: TransformTween
[22:46:46.420] [info] [MonoDbg] AddEntityToScript - Instantiating and adding script: TransformTween to Entity ID: -50
[22:46:46.421] [info] [SetScriptVars] OK setting fields for: TransformTween
[22:46:46.421] [info] [MonoDbg] AddEntityToScript - Syncing serialized fields for script: TransformTween
[22:46:46.421] [info] [SetScriptVars] OK setting fields for: TransformTween
[22:46:46.421] [error] Entity not found for ID: 0
[22:46:46.438] [error] Entity not found for ID: 0
[22:46:46.439] [error] Entity not found for ID: -44
[22:46:46.439] [error] Entity not found for ID: -45
[22:46:46.442] [info] Collision Exit 2D Event Invoked
[22:46:46.442] [info] Collision Exit 2D Event Invoked
[22:46:46.442] [info] Collision Exit 2D Event Invoked
[22:46:46.443] [info] Collision Exit 2D Event Invoked
[22:46:46.443] [info] Collision Exit 2D Event Invoked
[22:46:46.443] [info] Collision Exit 2D Event Invoked
[22:46:46.443] [info] Collision Exit 2D Event Invoked
[22:46:46.443] [info] Collision Exit 2D Event Invoked
[22:46:46.443] [info] Collision Exit 2D Event Invoked
[22:46:46.444] [info] Collision Exit 2D Event Invoked
[22:46:46.444] [info] Collision Exit 2D Event Invoked
[22:46:46.444] [info] Collision Exit 2D Event Invoked
[22:46:46.444] [info] Collision Exit 2D Event Invoked
[22:46:46.444] [info] Collision Exit 2D Event Invoked
[22:46:46.444] [info] Collision Exit 2D Event Invoked
[22:46:46.445] [info] Collision Exit 2D Event Invoked
[22:46:46.445] [info] Collision Exit 2D Event Invoked
[22:46:46.445] [info] Collision Exit 2D Event Invoked
[22:46:46.445] [info] Collision Exit 2D Event Invoked
[22:46:46.445] [info] Collision Exit 2D Event Invoked
[22:46:46.446] [info] Collision Exit 2D Event Invoked
[22:46:46.446] [info] Collision Exit 2D Event Invoked
[22:46:46.446] [info] Collision Exit 2D Event Invoked
[22:46:46.446] [info] Collision Exit 2D Event Invoked
[22:46:46.446] [info] Collision Exit 2D Event Invoked
[22:46:46.446] [info] Collision Exit 2D Event Invoked
[22:46:46.447] [info] Collision Exit 2D Event Invoked
[22:46:46.447] [info] Collision Exit 2D Event Invoked
[22:46:46.447] [info] Collision Exit 2D Event Invoked
[22:46:46.447] [info] Collision Exit 2D Event Invoked
[22:46:46.447] [info] Collision Exit 2D Event Invoked
[22:46:46.448] [info] Collision Exit 2D Event Invoked
[22:46:46.448] [info] Collision Exit 2D Event Invoked
[22:46:46.448] [info] Collision Exit 2D Event Invoked
[22:46:46.448] [info] Collision Exit 2D Event Invoked
[22:46:46.461] [error] Entity not found for ID: 0
[22:46:46.462] [error] Entity not found for ID: -44
[22:46:46.462] [error] Entity not found for ID: -45
[22:46:46.479] [error] Entity not found for ID: 0
[22:46:46.480] [error] Entity not found for ID: -44
[22:46:46.480] [error] Entity not found for ID: -45
[22:46:46.497] [error] Entity not found for ID: 0
[22:46:46.498] [error] Entity not found for ID: -44
[22:46:46.498] [error] Entity not found for ID: -45
[22:46:46.515] [error] Entity not found for ID: 0
[22:46:46.515] [error] Entity not found for ID: -44
[22:46:46.516] [error] Entity not found for ID: -45
[22:46:46.532] [error] Entity not found for ID: 0
[22:46:46.533] [error] Entity not found for ID: -44
[22:46:46.533] [error] Entity not found for ID: -45
[22:46:46.550] [error] Entity not found for ID: 0
[22:46:46.550] [error] Entity not found for ID: -44
[22:46:46.551] [error] Entity not found for ID: -45
[22:46:46.567] [error] Entity not found for ID: 0
[22:46:46.568] [error] Entity not found for ID: -44
[22:46:46.568] [error] Entity not found for ID: -45
[22:46:46.585] [error] Entity not found for ID: 0
[22:46:46.585] [error] Entity not found for ID: -44
[22:46:46.586] [error] Entity not found for ID: -45
[22:46:46.602] [error] Entity not found for ID: 0
[22:46:46.603] [error] Entity not found for ID: -44
[22:46:46.603] [error] Entity not found for ID: -45
[22:46:46.621] [error] Entity not found for ID: 0
[22:46:46.621] [error] Entity not found for ID: -44
[22:46:46.622] [error] Entity not found for ID: -45
[22:46:46.640] [error] Entity not found for ID: 0
[22:46:46.641] [error] Entity not found for ID: -44
[22:46:46.641] [error] Entity not found for ID: -45
[22:46:46.657] [error] Entity not found for ID: 0
[22:46:46.658] [error] Entity not found for ID: -44
[22:46:46.658] [error] Entity not found for ID: -45
[22:46:46.675] [error] Entity not found for ID: 0
[22:46:46.676] [error] Entity not found for ID: -44
[22:46:46.676] [error] Entity not found for ID: -45
[22:46:46.695] [error] Entity not found for ID: 0
[22:46:46.696] [error] Entity not found for ID: -44
[22:46:46.696] [error] Entity not found for ID: -45
[22:46:46.696] [error] Entity not found for ID: -49
[22:46:46.696] [error] Entity not found for ID: -50
[22:46:46.713] [error] Entity not found for ID: 0
[22:46:46.714] [error] Entity not found for ID: -44
[22:46:46.714] [error] Entity not found for ID: -45
[22:46:46.714] [error] Entity not found for ID: -49
[22:46:46.715] [error] Entity not found for ID: -50
[22:46:46.731] [error] Entity not found for ID: 0
[22:46:46.732] [error] Entity not found for ID: -44
[22:46:46.732] [error] Entity not found for ID: -45
[22:46:46.732] [error] Entity not found for ID: -49
[22:46:46.732] [error] Entity not found for ID: -50
[22:46:46.749] [error] Entity not found for ID: 0
[22:46:46.749] [error] Entity not found for ID: -44
[22:46:46.750] [error] Entity not found for ID: -45
[22:46:46.750] [error] Entity not found for ID: -49
[22:46:46.750] [error] Entity not found for ID: -50
[22:46:46.766] [error] Entity not found for ID: 0
[22:46:46.767] [error] Entity not found for ID: -44
[22:46:46.767] [error] Entity not found for ID: -45
[22:46:46.767] [error] Entity not found for ID: -49
[22:46:46.767] [error] Entity not found for ID: -50
[22:46:46.784] [error] Entity not found for ID: 0
[22:46:46.784] [error] Entity not found for ID: -44
[22:46:46.785] [error] Entity not found for ID: -45
[22:46:46.785] [error] Entity not found for ID: -49
[22:46:46.785] [error] Entity not found for ID: -50
[22:46:46.785] [info] Collision Enter 2D Event Invoked
[22:46:46.785] [info] Collision Enter 2D Event Invoked
[22:46:46.786] [info] Collision Enter 2D Event Invoked
[22:46:46.786] [info] Collision Enter 2D Event Invoked
[22:46:46.786] [info] Collision Enter 2D Event Invoked
[22:46:46.786] [info] Collision Enter 2D Event Invoked
[22:46:46.786] [info] Collision Enter 2D Event Invoked
[22:46:46.787] [info] Collision Enter 2D Event Invoked
[22:46:46.787] [info] Collision Enter 2D Event Invoked
[22:46:46.787] [info] Collision Enter 2D Event Invoked
[22:46:46.787] [info] Collision Enter 2D Event Invoked
[22:46:46.787] [info] Collision Enter 2D Event Invoked
[22:46:46.787] [info] Collision Enter 2D Event Invoked
[22:46:46.787] [info] Collision Enter 2D Event Invoked
[22:46:46.788] [info] Collision Enter 2D Event Invoked
[22:46:46.788] [info] [SOURCE_DETECTOR] C# requested CreateEntity: Prefab = PlayerHitEffect
[22:46:46.788] [info] [SOURCE_DETECTOR] Engine creating Entity (Internal)
[22:46:46.788] [info] [CPP ECS] FromJson - Adding component 'Transform' to entity 'PlayerHitEffect'
[22:46:46.788] [info] [CPP ECS] FromJson - Adding component 'Variables' to entity 'PlayerHitEffect'
[22:46:46.788] [info] [SOURCE_DETECTOR] Engine creating Entity (Internal)
[22:46:46.789] [info] [CPP ECS] FromJson - Adding component 'Transform' to entity 'HitEffect1'
[22:46:46.789] [info] [CPP ECS] FromJson - Adding component 'Variables' to entity 'HitEffect1'
[22:46:46.789] [info] [CPP ECS] FromJson - Adding component 'SpriteRenderer' to entity 'HitEffect1'
[22:46:46.789] [info] [CPP ECS] FromJson - Adding component 'Script' to entity 'HitEffect1'
[22:46:46.789] [info] [SOURCE_DETECTOR] Engine creating Entity (Internal)
[22:46:46.789] [info] [CPP ECS] FromJson - Adding component 'Transform' to entity 'HitEffect2'
[22:46:46.790] [info] [CPP ECS] FromJson - Adding component 'Variables' to entity 'HitEffect2'
[22:46:46.790] [info] [CPP ECS] FromJson - Adding component 'SpriteRenderer' to entity 'HitEffect2'
[22:46:46.790] [info] [CPP ECS] FromJson - Adding component 'Script' to entity 'HitEffect2'
[22:46:46.790] [error] Script component not found for Entity ID: -43
[22:46:46.790] [info] [SetScriptVars] no group for scriptName: TimedDestruction  groups: 0
[22:46:46.791] [info] Collision Enter 2D Event Invoked
[22:46:46.791] [info] Collision Enter 2D Event Invoked
[22:46:46.791] [info] Collision Enter 2D Event Invoked
[22:46:46.791] [info] Collision Enter 2D Event Invoked
[22:46:46.791] [info] Collision Enter 2D Event Invoked
[22:46:46.791] [info] Collision Enter 2D Event Invoked
[22:46:46.792] [info] Collision Enter 2D Event Invoked
[22:46:46.792] [info] Collision Enter 2D Event Invoked
[22:46:46.792] [info] Collision Enter 2D Event Invoked
[22:46:46.792] [info] Collision Enter 2D Event Invoked
[22:46:46.792] [info] Collision Enter 2D Event Invoked
[22:46:46.792] [info] Collision Enter 2D Event Invoked
[22:46:46.793] [info] Collision Enter 2D Event Invoked
[22:46:46.793] [info] Collision Enter 2D Event Invoked
[22:46:46.793] [info] Collision Enter 2D Event Invoked
[22:46:46.793] [info] Collision Enter 2D Event Invoked
[22:46:46.793] [info] Collision Enter 2D Event Invoked
[22:46:46.793] [info] Collision Enter 2D Event Invoked
[22:46:46.794] [info] Collision Enter 2D Event Invoked
[22:46:46.794] [info] Collision Enter 2D Event Invoked
[22:46:46.809] [info] [MonoDbg] AddEntityToScript - Instantiating and adding script: TransformTween to Entity ID: -44
[22:46:46.810] [info] [MonoDbg] AddEntityToScript - Syncing serialized fields for script: TransformTween
[22:46:46.810] [info] [SetScriptVars] OK setting fields for: TransformTween
[22:46:46.810] [info] [MonoDbg] AddEntityToScript - Instantiating and adding script: TransformTween to Entity ID: -45
[22:46:46.810] [info] [MonoDbg] AddEntityToScript - Syncing serialized fields for script: TransformTween
[22:46:46.810] [info] [SetScriptVars] OK setting fields for: TransformTween
[22:46:46.811] [error] Entity not found for ID: 0
[22:46:46.812] [error] Entity not found for ID: -49
[22:46:46.812] [error] Entity not found for ID: -50
[22:46:46.829] [error] Entity not found for ID: 0
[22:46:46.830] [error] Entity not found for ID: -49
[22:46:46.830] [error] Entity not found for ID: -50
[22:46:46.833] [info] Collision Exit 2D Event Invoked
[22:46:46.834] [info] Collision Exit 2D Event Invoked
[22:46:46.834] [info] Collision Exit 2D Event Invoked
[22:46:46.834] [info] Collision Exit 2D Event Invoked
[22:46:46.834] [info] Collision Exit 2D Event Invoked
[22:46:46.834] [info] Collision Exit 2D Event Invoked
[22:46:46.835] [info] Collision Exit 2D Event Invoked
[22:46:46.835] [info] Collision Exit 2D Event Invoked
[22:46:46.835] [info] Collision Exit 2D Event Invoked
[22:46:46.835] [info] Collision Exit 2D Event Invoked
[22:46:46.835] [info] Collision Exit 2D Event Invoked
[22:46:46.835] [info] Collision Exit 2D Event Invoked
[22:46:46.836] [info] Collision Exit 2D Event Invoked
[22:46:46.836] [info] Collision Exit 2D Event Invoked
[22:46:46.836] [info] Collision Exit 2D Event Invoked
[22:46:46.836] [info] Collision Exit 2D Event Invoked
[22:46:46.836] [info] Collision Exit 2D Event Invoked
[22:46:46.837] [info] Collision Exit 2D Event Invoked
[22:46:46.837] [info] Collision Exit 2D Event Invoked
[22:46:46.837] [info] Collision Exit 2D Event Invoked
[22:46:46.837] [info] Collision Exit 2D Event Invoked
[22:46:46.837] [info] Collision Exit 2D Event Invoked
[22:46:46.837] [info] Collision Exit 2D Event Invoked
[22:46:46.838] [info] Collision Exit 2D Event Invoked
[22:46:46.838] [info] Collision Exit 2D Event Invoked
[22:46:46.838] [info] Collision Exit 2D Event Invoked
[22:46:46.838] [info] Collision Exit 2D Event Invoked
[22:46:46.838] [info] Collision Exit 2D Event Invoked
[22:46:46.838] [info] Collision Exit 2D Event Invoked
[22:46:46.839] [info] Collision Exit 2D Event Invoked
[22:46:46.839] [info] Collision Exit 2D Event Invoked
[22:46:46.839] [info] Collision Exit 2D Event Invoked
[22:46:46.839] [info] Collision Exit 2D Event Invoked
[22:46:46.839] [info] Collision Exit 2D Event Invoked
[22:46:46.840] [info] Collision Exit 2D Event Invoked
[22:46:46.853] [error] Entity not found for ID: 0
[22:46:46.854] [error] Entity not found for ID: -49
[22:46:46.854] [error] Entity not found for ID: -50
[22:46:46.871] [error] Entity not found for ID: 0
[22:46:46.872] [error] Entity not found for ID: -49
[22:46:46.872] [error] Entity not found for ID: -50
[22:46:46.889] [error] Entity not found for ID: 0
[22:46:46.890] [error] Entity not found for ID: -49
[22:46:46.890] [error] Entity not found for ID: -50
[22:46:46.891] [info] Collision Enter 2D Event Invoked
[22:46:46.891] [info] Collision Enter 2D Event Invoked
[22:46:46.891] [info] Collision Enter 2D Event Invoked
[22:46:46.891] [info] Collision Enter 2D Event Invoked
[22:46:46.891] [info] Collision Enter 2D Event Invoked
[22:46:46.892] [info] Collision Enter 2D Event Invoked
[22:46:46.892] [info] Collision Enter 2D Event Invoked
[22:46:46.892] [info] Collision Enter 2D Event Invoked
[22:46:46.892] [info] Collision Enter 2D Event Invoked
[22:46:46.892] [info] Collision Enter 2D Event Invoked
[22:46:46.892] [info] Collision Enter 2D Event Invoked
[22:46:46.893] [info] Collision Enter 2D Event Invoked
[22:46:46.893] [info] Collision Enter 2D Event Invoked
[22:46:46.893] [info] Collision Enter 2D Event Invoked
[22:46:46.893] [info] Collision Enter 2D Event Invoked
[22:46:46.910] [error] Entity not found for ID: 0
[22:46:46.911] [error] Entity not found for ID: -49
[22:46:46.911] [error] Entity not found for ID: -50
[22:46:46.927] [error] Entity not found for ID: 0
[22:46:46.928] [error] Entity not found for ID: -49
[22:46:46.928] [error] Entity not found for ID: -50
[22:46:46.944] [error] Entity not found for ID: 0
[22:46:46.945] [error] Entity not found for ID: -49
[22:46:46.945] [error] Entity not found for ID: -50
[22:46:46.962] [error] Entity not found for ID: 0
[22:46:46.963] [error] Entity not found for ID: -49
[22:46:46.963] [error] Entity not found for ID: -50
[22:46:46.963] [info] Collision Enter 2D Event Invoked
[22:46:46.964] [info] Collision Enter 2D Event Invoked
[22:46:46.964] [info] Collision Enter 2D Event Invoked
[22:46:46.964] [info] Collision Enter 2D Event Invoked
[22:46:46.964] [info] Collision Enter 2D Event Invoked
[22:46:46.964] [info] Collision Enter 2D Event Invoked
[22:46:46.965] [info] Collision Enter 2D Event Invoked
[22:46:46.965] [info] Collision Enter 2D Event Invoked
[22:46:46.965] [info] Collision Enter 2D Event Invoked
[22:46:46.965] [info] Collision Enter 2D Event Invoked
[22:46:46.965] [info] Collision Enter 2D Event Invoked
[22:46:46.965] [info] Collision Enter 2D Event Invoked
[22:46:46.966] [info] Collision Enter 2D Event Invoked
[22:46:46.966] [info] Collision Enter 2D Event Invoked
[22:46:46.966] [info] Collision Enter 2D Event Invoked
[22:46:46.966] [info] Collision Enter 2D Event Invoked
[22:46:46.966] [info] Collision Enter 2D Event Invoked
[22:46:46.967] [info] Collision Enter 2D Event Invoked
[22:46:46.967] [info] Collision Enter 2D Event Invoked
[22:46:46.967] [info] Collision Enter 2D Event Invoked
[22:46:46.967] [info] Collision Enter 2D Event Invoked
[22:46:46.967] [info] Collision Enter 2D Event Invoked
[22:46:46.968] [info] Collision Enter 2D Event Invoked
[22:46:46.968] [info] Collision Enter 2D Event Invoked
[22:46:46.968] [info] Collision Enter 2D Event Invoked
[22:46:46.968] [info] Collision Enter 2D Event Invoked
[22:46:46.968] [info] Collision Enter 2D Event Invoked
[22:46:46.969] [info] Collision Enter 2D Event Invoked
[22:46:46.969] [info] Collision Enter 2D Event Invoked
[22:46:46.969] [info] Collision Enter 2D Event Invoked
[22:46:46.969] [info] Collision Enter 2D Event Invoked
[22:46:46.969] [info] Collision Enter 2D Event Invoked
[22:46:46.969] [info] Collision Enter 2D Event Invoked
[22:46:46.970] [info] Collision Enter 2D Event Invoked
[22:46:46.970] [info] Collision Enter 2D Event Invoked
[22:46:46.970] [info] Collision Enter 2D Event Invoked
[22:46:46.970] [info] Collision Enter 2D Event Invoked
[22:46:46.970] [info] Collision Enter 2D Event Invoked
[22:46:46.970] [info] Collision Enter 2D Event Invoked
[22:46:46.971] [info] Collision Enter 2D Event Invoked
[22:46:46.971] [info] Collision Enter 2D Event Invoked
[22:46:46.971] [info] Collision Enter 2D Event Invoked
[22:46:46.971] [info] Collision Enter 2D Event Invoked
[22:46:46.971] [info] Collision Enter 2D Event Invoked
[22:46:46.972] [info] Collision Enter 2D Event Invoked
[22:46:46.972] [info] Collision Enter 2D Event Invoked
[22:46:46.972] [info] Collision Enter 2D Event Invoked
[22:46:46.972] [info] Collision Enter 2D Event Invoked
[22:46:46.972] [info] Collision Enter 2D Event Invoked
[22:46:46.973] [info] Collision Enter 2D Event Invoked
[22:46:46.973] [info] Collision Enter 2D Event Invoked
[22:46:46.973] [info] Collision Enter 2D Event Invoked
[22:46:46.973] [info] Collision Enter 2D Event Invoked
[22:46:46.973] [info] Collision Enter 2D Event Invoked
[22:46:46.973] [info] Collision Enter 2D Event Invoked
[22:46:46.974] [info] Collision Enter 2D Event Invoked
[22:46:46.974] [info] Collision Enter 2D Event Invoked
[22:46:46.974] [info] Collision Enter 2D Event Invoked
[22:46:46.974] [info] Collision Enter 2D Event Invoked
[22:46:46.974] [info] Collision Enter 2D Event Invoked
[22:46:46.974] [info] Collision Enter 2D Event Invoked
[22:46:46.975] [info] Collision Enter 2D Event Invoked
[22:46:46.975] [info] Collision Enter 2D Event Invoked
[22:46:46.975] [info] Collision Enter 2D Event Invoked
[22:46:46.975] [info] Collision Enter 2D Event Invoked
[22:46:46.975] [info] Collision Enter 2D Event Invoked
[22:46:46.976] [info] Collision Enter 2D Event Invoked
[22:46:46.976] [info] Collision Enter 2D Event Invoked
[22:46:46.976] [info] Collision Enter 2D Event Invoked
[22:46:46.976] [info] Collision Enter 2D Event Invoked
[22:46:46.976] [info] Collision Enter 2D Event Invoked
[22:46:46.976] [info] Collision Enter 2D Event Invoked
[22:46:46.977] [info] Collision Enter 2D Event Invoked
[22:46:46.977] [info] Collision Enter 2D Event Invoked
[22:46:46.977] [info] Collision Enter 2D Event Invoked
[22:46:46.993] [error] Entity not found for ID: 0
[22:46:46.994] [error] Entity not found for ID: -49
[22:46:46.994] [error] Entity not found for ID: -50
[22:46:46.994] [info] Collision Enter 2D Event Invoked
[22:46:46.995] [info] Collision Enter 2D Event Invoked
[22:46:46.995] [info] Collision Enter 2D Event Invoked
[22:46:46.995] [info] Collision Enter 2D Event Invoked
[22:46:46.995] [info] Collision Enter 2D Event Invoked
[22:46:46.995] [info] Collision Enter 2D Event Invoked
[22:46:46.996] [info] Collision Enter 2D Event Invoked
[22:46:46.996] [info] Collision Enter 2D Event Invoked
[22:46:46.996] [info] Collision Enter 2D Event Invoked
[22:46:46.996] [info] Collision Enter 2D Event Invoked
[22:46:46.996] [info] Collision Enter 2D Event Invoked
[22:46:46.997] [info] Collision Enter 2D Event Invoked
[22:46:46.997] [info] Collision Enter 2D Event Invoked
[22:46:46.997] [info] Collision Enter 2D Event Invoked
[22:46:46.997] [info] Collision Enter 2D Event Invoked
[22:46:46.997] [info] Collision Enter 2D Event Invoked
[22:46:46.997] [info] Collision Enter 2D Event Invoked
[22:46:46.998] [info] Collision Enter 2D Event Invoked
[22:46:46.998] [info] Collision Enter 2D Event Invoked
[22:46:46.998] [info] Collision Enter 2D Event Invoked
[22:46:46.998] [info] Collision Enter 2D Event Invoked
[22:46:46.998] [info] Collision Enter 2D Event Invoked
[22:46:46.999] [info] Collision Enter 2D Event Invoked
[22:46:46.999] [info] Collision Enter 2D Event Invoked
[22:46:46.999] [info] Collision Enter 2D Event Invoked
[22:46:46.999] [info] Collision Enter 2D Event Invoked
[22:46:46.999] [info] Collision Enter 2D Event Invoked
[22:46:46.999] [info] Collision Enter 2D Event Invoked
[22:46:47.000] [info] Collision Enter 2D Event Invoked
[22:46:47.000] [info] Collision Enter 2D Event Invoked
[22:46:47.000] [info] Collision Enter 2D Event Invoked
[22:46:47.000] [info] Collision Enter 2D Event Invoked
[22:46:47.000] [info] Collision Enter 2D Event Invoked
[22:46:47.001] [info] Collision Enter 2D Event Invoked
[22:46:47.001] [info] Collision Enter 2D Event Invoked
[22:46:47.001] [info] Collision Enter 2D Event Invoked
[22:46:47.001] [info] Collision Enter 2D Event Invoked
[22:46:47.001] [info] Collision Enter 2D Event Invoked
[22:46:47.001] [info] Collision Enter 2D Event Invoked
[22:46:47.002] [info] Collision Enter 2D Event Invoked
[22:46:47.002] [info] Collision Enter 2D Event Invoked
[22:46:47.002] [info] Collision Enter 2D Event Invoked
[22:46:47.002] [info] Collision Enter 2D Event Invoked
[22:46:47.002] [info] Collision Enter 2D Event Invoked
[22:46:47.003] [info] Collision Enter 2D Event Invoked
[22:46:47.003] [info] Collision Enter 2D Event Invoked
[22:46:47.003] [info] Collision Enter 2D Event Invoked
[22:46:47.003] [info] Collision Enter 2D Event Invoked
[22:46:47.003] [info] Collision Enter 2D Event Invoked
[22:46:47.003] [info] Collision Enter 2D Event Invoked
[22:46:47.019] [error] Entity not found for ID: 0
[22:46:47.020] [error] Entity not found for ID: -49
[22:46:47.020] [error] Entity not found for ID: -50
[22:46:47.021] [info] Collision Enter 2D Event Invoked
[22:46:47.021] [info] Collision Enter 2D Event Invoked
[22:46:47.021] [info] Collision Enter 2D Event Invoked
[22:46:47.021] [info] Collision Enter 2D Event Invoked
[22:46:47.021] [info] Collision Enter 2D Event Invoked
[22:46:47.022] [info] Collision Enter 2D Event Invoked
[22:46:47.022] [info] Collision Enter 2D Event Invoked
[22:46:47.022] [info] Collision Enter 2D Event Invoked
[22:46:47.022] [info] Collision Enter 2D Event Invoked
[22:46:47.022] [info] Collision Enter 2D Event Invoked
[22:46:47.023] [info] Collision Enter 2D Event Invoked
[22:46:47.023] [info] Collision Enter 2D Event Invoked
[22:46:47.023] [info] Collision Enter 2D Event Invoked
[22:46:47.041] [error] Entity not found for ID: 0
[22:46:47.041] [error] Entity not found for ID: 0
[22:46:47.042] [error] Entity not found for ID: -49
[22:46:47.042] [error] Entity not found for ID: -50
[22:46:47.045] [info] Collision Exit 2D Event Invoked
[22:46:47.045] [info] Collision Exit 2D Event Invoked
[22:46:47.045] [info] Collision Exit 2D Event Invoked
[22:46:47.045] [info] Collision Exit 2D Event Invoked
[22:46:47.045] [info] Collision Exit 2D Event Invoked
[22:46:47.046] [info] Collision Exit 2D Event Invoked
[22:46:47.046] [info] Collision Exit 2D Event Invoked
[22:46:47.046] [info] Collision Exit 2D Event Invoked
[22:46:47.046] [info] Collision Exit 2D Event Invoked
[22:46:47.046] [info] Collision Exit 2D Event Invoked
[22:46:47.046] [info] Collision Exit 2D Event Invoked
[22:46:47.047] [info] Collision Exit 2D Event Invoked
[22:46:47.047] [info] Collision Exit 2D Event Invoked
[22:46:47.060] [error] Entity not found for ID: 0
[22:46:47.060] [error] Entity not found for ID: 0
[22:46:47.061] [error] Entity not found for ID: -49
[22:46:47.061] [error] Entity not found for ID: -50
[22:46:47.077] [error] Entity not found for ID: 0
[22:46:47.078] [error] Entity not found for ID: 0
[22:46:47.079] [error] Entity not found for ID: -49
[22:46:47.079] [error] Entity not found for ID: -50
[22:46:47.096] [error] Entity not found for ID: 0
[22:46:47.096] [error] Entity not found for ID: 0
[22:46:47.097] [error] Entity not found for ID: -49
[22:46:47.097] [error] Entity not found for ID: -50
[22:46:47.115] [error] Entity not found for ID: 0
[22:46:47.115] [error] Entity not found for ID: 0
[22:46:47.116] [error] Entity not found for ID: -49
[22:46:47.116] [error] Entity not found for ID: -50
[22:46:47.133] [error] Entity not found for ID: 0
[22:46:47.133] [error] Entity not found for ID: 0
[22:46:47.134] [error] Entity not found for ID: -49
[22:46:47.134] [error] Entity not found for ID: -50
[22:46:47.134] [info] Collision Enter 2D Event Invoked
[22:46:47.135] [info] Collision Enter 2D Event Invoked
[22:46:47.135] [info] Collision Enter 2D Event Invoked
[22:46:47.135] [info] Collision Enter 2D Event Invoked
[22:46:47.135] [info] Collision Enter 2D Event Invoked
[22:46:47.135] [info] Collision Enter 2D Event Invoked
[22:46:47.135] [info] Collision Enter 2D Event Invoked
[22:46:47.136] [info] Collision Enter 2D Event Invoked
[22:46:47.136] [info] Collision Enter 2D Event Invoked
[22:46:47.136] [info] Collision Enter 2D Event Invoked
[22:46:47.136] [info] Collision Enter 2D Event Invoked
[22:46:47.136] [info] Collision Enter 2D Event Invoked
[22:46:47.137] [info] Collision Enter 2D Event Invoked
[22:46:47.137] [info] Collision Enter 2D Event Invoked
[22:46:47.137] [info] Collision Enter 2D Event Invoked
[22:46:47.137] [info] Collision Enter 2D Event Invoked
[22:46:47.137] [info] Collision Enter 2D Event Invoked
[22:46:47.137] [info] Collision Enter 2D Event Invoked
[22:46:47.138] [info] Collision Enter 2D Event Invoked
[22:46:47.138] [info] Collision Enter 2D Event Invoked
[22:46:47.138] [info] Collision Enter 2D Event Invoked
[22:46:47.138] [info] Collision Enter 2D Event Invoked
[22:46:47.138] [info] Collision Enter 2D Event Invoked
[22:46:47.139] [info] Collision Enter 2D Event Invoked
[22:46:47.139] [info] Collision Enter 2D Event Invoked
[22:46:47.139] [info] Collision Enter 2D Event Invoked
[22:46:47.139] [info] Collision Enter 2D Event Invoked
[22:46:47.139] [info] Collision Enter 2D Event Invoked
[22:46:47.156] [error] Entity not found for ID: 0
[22:46:47.156] [error] Entity not found for ID: 0
[22:46:47.157] [error] Entity not found for ID: -49
[22:46:47.157] [error] Entity not found for ID: -50
[22:46:47.160] [info] Collision Exit 2D Event Invoked
[22:46:47.160] [info] Collision Exit 2D Event Invoked
[22:46:47.161] [info] Collision Exit 2D Event Invoked
[22:46:47.161] [info] Collision Exit 2D Event Invoked
[22:46:47.161] [info] Collision Exit 2D Event Invoked
[22:46:47.161] [info] Collision Exit 2D Event Invoked
[22:46:47.161] [info] Collision Exit 2D Event Invoked
[22:46:47.161] [info] Collision Exit 2D Event Invoked
[22:46:47.162] [info] Collision Exit 2D Event Invoked
[22:46:47.162] [info] Collision Exit 2D Event Invoked
[22:46:47.162] [info] Collision Exit 2D Event Invoked
[22:46:47.162] [info] Collision Exit 2D Event Invoked
[22:46:47.162] [info] Collision Exit 2D Event Invoked
[22:46:47.175] [error] Entity not found for ID: 0
[22:46:47.176] [error] Entity not found for ID: 0
[22:46:47.176] [error] Entity not found for ID: -44
[22:46:47.177] [error] Entity not found for ID: -45
[22:46:47.177] [error] Entity not found for ID: -49
[22:46:47.177] [error] Entity not found for ID: -50
[22:46:47.193] [error] Entity not found for ID: 0
[22:46:47.194] [error] Entity not found for ID: 0
[22:46:47.194] [error] Entity not found for ID: -44
[22:46:47.194] [error] Entity not found for ID: -45
[22:46:47.194] [error] Entity not found for ID: -49
[22:46:47.195] [error] Entity not found for ID: -50
[22:46:47.211] [error] Entity not found for ID: 0
[22:46:47.211] [error] Entity not found for ID: 0
[22:46:47.212] [error] Entity not found for ID: -44
[22:46:47.212] [error] Entity not found for ID: -45
[22:46:47.212] [error] Entity not found for ID: -49
[22:46:47.212] [error] Entity not found for ID: -50
[22:46:47.229] [error] Entity not found for ID: 0
[22:46:47.229] [error] Entity not found for ID: 0
[22:46:47.230] [error] Entity not found for ID: -44
[22:46:47.230] [error] Entity not found for ID: -45
[22:46:47.230] [error] Entity not found for ID: -49
[22:46:47.231] [error] Entity not found for ID: -50
[22:46:47.247] [error] Entity not found for ID: 0
[22:46:47.248] [error] Entity not found for ID: 0
[22:46:47.249] [error] Entity not found for ID: -44
[22:46:47.249] [error] Entity not found for ID: -45
[22:46:47.249] [error] Entity not found for ID: -49
[22:46:47.249] [error] Entity not found for ID: -50
[22:46:47.249] [info] Collision Enter 2D Event Invoked
[22:46:47.250] [info] Collision Enter 2D Event Invoked
[22:46:47.250] [info] Collision Enter 2D Event Invoked
[22:46:47.250] [info] Collision Enter 2D Event Invoked
[22:46:47.250] [info] Collision Enter 2D Event Invoked
[22:46:47.250] [info] Collision Enter 2D Event Invoked
[22:46:47.250] [info] Collision Enter 2D Event Invoked
[22:46:47.251] [info] Collision Enter 2D Event Invoked
[22:46:47.251] [info] Collision Enter 2D Event Invoked
[22:46:47.251] [info] Collision Enter 2D Event Invoked
[22:46:47.251] [info] Collision Enter 2D Event Invoked
[22:46:47.251] [info] Collision Enter 2D Event Invoked
[22:46:47.252] [info] Collision Enter 2D Event Invoked
[22:46:47.268] [error] Entity not found for ID: 0
[22:46:47.268] [error] Entity not found for ID: 0
[22:46:47.269] [error] Entity not found for ID: -44
[22:46:47.269] [error] Entity not found for ID: -45
[22:46:47.269] [error] Entity not found for ID: -49
[22:46:47.269] [error] Entity not found for ID: -50
[22:46:47.272] [info] Collision Exit 2D Event Invoked
[22:46:47.273] [info] Collision Exit 2D Event Invoked
[22:46:47.273] [info] Collision Exit 2D Event Invoked
[22:46:47.273] [info] Collision Exit 2D Event Invoked
[22:46:47.273] [info] Collision Exit 2D Event Invoked
[22:46:47.273] [info] Collision Exit 2D Event Invoked
[22:46:47.274] [info] Collision Exit 2D Event Invoked
[22:46:47.274] [info] Collision Exit 2D Event Invoked
[22:46:47.274] [info] Collision Exit 2D Event Invoked
[22:46:47.274] [info] Collision Exit 2D Event Invoked
[22:46:47.274] [info] Collision Exit 2D Event Invoked
[22:46:47.274] [info] Collision Exit 2D Event Invoked
[22:46:47.275] [info] Collision Exit 2D Event Invoked
[22:46:47.288] [error] Entity not found for ID: 0
[22:46:47.288] [error] Entity not found for ID: 0
[22:46:47.289] [error] Entity not found for ID: -44
[22:46:47.289] [error] Entity not found for ID: -45
[22:46:47.289] [error] Entity not found for ID: -49
[22:46:47.289] [error] Entity not found for ID: -50
[22:46:47.305] [error] Entity not found for ID: 0
[22:46:47.305] [error] Entity not found for ID: 0
[22:46:47.306] [error] Entity not found for ID: -44
[22:46:47.306] [error] Entity not found for ID: -45
[22:46:47.306] [error] Entity not found for ID: -49
[22:46:47.307] [error] Entity not found for ID: -50
[22:46:47.323] [error] Entity not found for ID: 0
[22:46:47.323] [error] Entity not found for ID: 0
[22:46:47.323] [error] Entity not found for ID: -44
[22:46:47.324] [error] Entity not found for ID: -45
[22:46:47.324] [error] Entity not found for ID: -49
[22:46:47.324] [error] Entity not found for ID: -50
[22:46:47.324] [info] Collision Enter 2D Event Invoked
[22:46:47.325] [info] Collision Enter 2D Event Invoked
[22:46:47.325] [info] Collision Enter 2D Event Invoked
[22:46:47.325] [info] Collision Enter 2D Event Invoked
[22:46:47.325] [info] Collision Enter 2D Event Invoked
[22:46:47.325] [info] Collision Enter 2D Event Invoked
[22:46:47.325] [info] Collision Enter 2D Event Invoked
[22:46:47.326] [info] Collision Enter 2D Event Invoked
[22:46:47.326] [info] Collision Enter 2D Event Invoked
[22:46:47.326] [info] Collision Enter 2D Event Invoked
[22:46:47.326] [info] Collision Enter 2D Event Invoked
[22:46:47.326] [info] Collision Enter 2D Event Invoked
[22:46:47.327] [info] Collision Enter 2D Event Invoked
[22:46:47.343] [error] Entity not found for ID: 0
[22:46:47.343] [error] Entity not found for ID: 0
[22:46:47.344] [error] Entity not found for ID: -44
[22:46:47.344] [error] Entity not found for ID: -45
[22:46:47.344] [error] Entity not found for ID: -49
[22:46:47.344] [error] Entity not found for ID: -50
[22:46:47.345] [info] Collision Enter 2D Event Invoked
[22:46:47.345] [info] Collision Enter 2D Event Invoked
[22:46:47.345] [info] Collision Enter 2D Event Invoked
[22:46:47.345] [info] Collision Enter 2D Event Invoked
[22:46:47.346] [info] Collision Enter 2D Event Invoked
[22:46:47.346] [info] Collision Enter 2D Event Invoked
[22:46:47.346] [info] Collision Enter 2D Event Invoked
[22:46:47.346] [info] Collision Enter 2D Event Invoked
[22:46:47.346] [info] Collision Enter 2D Event Invoked
[22:46:47.347] [info] Collision Enter 2D Event Invoked
[22:46:47.347] [info] Collision Enter 2D Event Invoked
[22:46:47.347] [info] Collision Enter 2D Event Invoked
[22:46:47.347] [info] Collision Enter 2D Event Invoked
[22:46:47.347] [info] Collision Enter 2D Event Invoked
[22:46:47.364] [error] Entity not found for ID: 0
[22:46:47.364] [error] Entity not found for ID: 0
[22:46:47.365] [error] Entity not found for ID: -44
[22:46:47.365] [error] Entity not found for ID: -45
[22:46:47.365] [error] Entity not found for ID: -49
[22:46:47.366] [error] Entity not found for ID: -50
[22:46:47.384] [error] Entity not found for ID: 0
[22:46:47.384] [error] Entity not found for ID: 0
[22:46:47.384] [info] [SOURCE_DETECTOR] C# requested CreateEntity: Prefab = SeaCow
[22:46:47.384] [info] [SOURCE_DETECTOR] Engine creating Entity (Internal)
[22:46:47.385] [info] [CPP ECS] FromJson - Adding component 'Transform' to entity 'SeaCow'
[22:46:47.385] [info] [CPP ECS] FromJson - Adding component 'CircleCollider' to entity 'SeaCow'
[22:46:47.385] [info] [CPP ECS] FromJson - Adding component 'Variables' to entity 'SeaCow'
[22:46:47.385] [info] [CPP ECS] FromJson - Adding component 'Script' to entity 'SeaCow'
[22:46:47.386] [info] [CPP ECS] FromJson - Adding component 'SpriteRenderer' to entity 'SeaCow'
[22:46:47.386] [info] [CPP ECS] FromJson - Adding component 'Rigidbody2D' to entity 'SeaCow'
[22:46:47.386] [error] Entity not found for ID: -44
[22:46:47.386] [error] Entity not found for ID: -45
[22:46:47.387] [error] Entity not found for ID: -49
[22:46:47.387] [error] Entity not found for ID: -50
[22:46:47.388] [info] Collision Enter 2D Event Invoked
[22:46:47.388] [info] Collision Enter 2D Event Invoked
[22:46:47.388] [info] Collision Enter 2D Event Invoked
[22:46:47.388] [info] Collision Enter 2D Event Invoked
[22:46:47.391] [info] Collision Exit 2D Event Invoked
[22:46:47.391] [info] Collision Exit 2D Event Invoked
[22:46:47.391] [info] Collision Exit 2D Event Invoked
[22:46:47.392] [info] Collision Exit 2D Event Invoked
[22:46:47.392] [info] Collision Exit 2D Event Invoked
[22:46:47.392] [info] Collision Exit 2D Event Invoked
[22:46:47.392] [info] Collision Exit 2D Event Invoked
[22:46:47.392] [info] Collision Exit 2D Event Invoked
[22:46:47.392] [info] Collision Exit 2D Event Invoked
[22:46:47.393] [info] Collision Exit 2D Event Invoked
[22:46:47.393] [info] Collision Exit 2D Event Invoked
[22:46:47.393] [info] Collision Exit 2D Event Invoked
[22:46:47.393] [info] Collision Exit 2D Event Invoked
[22:46:47.393] [info] Collision Exit 2D Event Invoked
[22:46:47.393] [info] Collision Exit 2D Event Invoked
[22:46:47.394] [info] Collision Exit 2D Event Invoked
[22:46:47.394] [info] Collision Exit 2D Event Invoked
[22:46:47.394] [info] Collision Exit 2D Event Invoked
[22:46:47.394] [info] Collision Exit 2D Event Invoked
[22:46:47.394] [info] Collision Exit 2D Event Invoked
[22:46:47.394] [info] Collision Exit 2D Event Invoked
[22:46:47.395] [info] Collision Exit 2D Event Invoked
[22:46:47.395] [info] Collision Exit 2D Event Invoked
[22:46:47.395] [info] Collision Exit 2D Event Invoked
[22:46:47.395] [info] Collision Exit 2D Event Invoked
[22:46:47.395] [info] Collision Exit 2D Event Invoked
[22:46:47.396] [info] Collision Exit 2D Event Invoked
[22:46:47.409] [info] [MonoDbg] AddEntityToScript - Instantiating and adding script: SpriteAnimation to Entity ID: -48
[22:46:47.409] [info] [SetScriptVars] OK setting fields for: SpriteAnimation
[22:46:47.409] [info] [MonoDbg] AddEntityToScript - Syncing serialized fields for script: SpriteAnimation
[22:46:47.409] [info] [SetScriptVars] OK setting fields for: SpriteAnimation
[22:46:47.409] [info] [MonoDbg] AddEntityToScript - Instantiating and adding script: ChaseController to Entity ID: -48
[22:46:47.410] [info] [SetScriptVars] OK setting fields for: ChaseController
[22:46:47.410] [info] [MonoDbg] AddEntityToScript - Syncing serialized fields for script: ChaseController
[22:46:47.410] [info] [SetScriptVars] OK setting fields for: ChaseController
[22:46:47.410] [info] [MonoDbg] AddEntityToScript - Instantiating and adding script: TargetFacingFlip to Entity ID: -48
[22:46:47.410] [info] [SetScriptVars] OK setting fields for: TargetFacingFlip
[22:46:47.410] [info] [MonoDbg] AddEntityToScript - Syncing serialized fields for script: TargetFacingFlip
[22:46:47.411] [info] [SetScriptVars] OK setting fields for: TargetFacingFlip
[22:46:47.411] [info] [MonoDbg] AddEntityToScript - Instantiating and adding script: SeaCow to Entity ID: -48
[22:46:47.411] [info] [SetScriptVars] OK setting fields for: SeaCow
[22:46:47.411] [info] [MonoDbg] AddEntityToScript - Syncing serialized fields for script: SeaCow
[22:46:47.411] [info] [SetScriptVars] OK setting fields for: SeaCow
[22:46:47.411] [info] [MonoDbg] AddEntityToScript - Instantiating and adding script: HP to Entity ID: -48
[22:46:47.412] [info] [SetScriptVars] OK setting fields for: HP
[22:46:47.412] [info] [MonoDbg] AddEntityToScript - Syncing serialized fields for script: HP
[22:46:47.412] [info] [SetScriptVars] OK setting fields for: HP
[22:46:47.412] [info] [MonoDbg] AddEntityToScript - Instantiating and adding script: ParticleOffset to Entity ID: -48
[22:46:47.412] [info] [SetScriptVars] no group for scriptName: ParticleOffset  groups: 10
[22:46:47.413] [info] [MonoDbg] AddEntityToScript - Syncing serialized fields for script: ParticleOffset
[22:46:47.413] [info] [SetScriptVars] no group for scriptName: ParticleOffset  groups: 10
[22:46:47.413] [info] [MonoDbg] AddEntityToScript - Instantiating and adding script: AttackCollision to Entity ID: -48
[22:46:47.413] [info] [SetScriptVars] OK setting fields for: AttackCollision
[22:46:47.413] [info] [MonoDbg] AddEntityToScript - Syncing serialized fields for script: AttackCollision
[22:46:47.413] [info] [SetScriptVars] OK setting fields for: AttackCollision
[22:46:47.413] [info] [MonoDbg] AddEntityToScript - Instantiating and adding script: ExpDropper to Entity ID: -48
[22:46:47.414] [info] [SetScriptVars] OK setting fields for: ExpDropper
[22:46:47.414] [info] [MonoDbg] AddEntityToScript - Syncing serialized fields for script: ExpDropper
[22:46:47.414] [info] [SetScriptVars] OK setting fields for: ExpDropper
[22:46:47.414] [info] [MonoDbg] AddEntityToScript - Instantiating and adding script: DespawnTimer to Entity ID: -48
[22:46:47.414] [info] [SetScriptVars] OK setting fields for: DespawnTimer
[22:46:47.414] [info] [MonoDbg] AddEntityToScript - Syncing serialized fields for script: DespawnTimer
[22:46:47.415] [info] [SetScriptVars] OK setting fields for: DespawnTimer
[22:46:47.415] [info] [MonoDbg] AddEntityToScript - Instantiating and adding script: FlashOnDamaged to Entity ID: -48
[22:46:47.415] [info] [SetScriptVars] OK setting fields for: FlashOnDamaged
[22:46:47.415] [info] [MonoDbg] AddEntityToScript - Syncing serialized fields for script: FlashOnDamaged
[22:46:47.415] [info] [SetScriptVars] OK setting fields for: FlashOnDamaged
[22:46:47.416] [info] [MonoDbg] AddEntityToScript - Instantiating and adding script: ShakeSelfOnDamaged to Entity ID: -48
[22:46:47.416] [info] [SetScriptVars] OK setting fields for: ShakeSelfOnDamaged
[22:46:47.416] [info] [MonoDbg] AddEntityToScript - Syncing serialized fields for script: ShakeSelfOnDamaged
[22:46:47.416] [info] [SetScriptVars] OK setting fields for: ShakeSelfOnDamaged
[22:46:47.416] [info] [SOURCE_DETECTOR] C# requested CreateEntity: Prefab = enemySwimParticle
[22:46:47.417] [info] [SOURCE_DETECTOR] Engine creating Entity (Internal)
[22:46:47.417] [info] [CPP ECS] FromJson - Adding component 'Transform' to entity 'enemySwimParticle'
[22:46:47.417] [info] [CPP ECS] FromJson - Adding component 'Variables' to entity 'enemySwimParticle'
[22:46:47.417] [info] [CPP ECS] FromJson - Adding component 'ParticleSystem2D' to entity 'enemySwimParticle'
[22:46:47.418] [error] Entity not found for ID: 0
[22:46:47.418] [error] Entity not found for ID: 0
[22:46:47.419] [error] Entity not found for ID: -44
[22:46:47.419] [error] Entity not found for ID: -45
[22:46:47.419] [error] Entity not found for ID: -50
[22:46:47.436] [error] Entity not found for ID: 0
[22:46:47.436] [error] Entity not found for ID: 0
[22:46:47.437] [error] Entity not found for ID: -44
[22:46:47.437] [error] Entity not found for ID: -45
[22:46:47.437] [error] Entity not found for ID: -50
[22:46:47.453] [error] Entity not found for ID: 0
[22:46:47.453] [error] Entity not found for ID: 0
[22:46:47.454] [error] Entity not found for ID: -44
[22:46:47.454] [error] Entity not found for ID: -45
[22:46:47.454] [error] Entity not found for ID: -50
[22:46:47.471] [error] Entity not found for ID: 0
[22:46:47.471] [error] Entity not found for ID: 0
[22:46:47.472] [error] Entity not found for ID: -44
[22:46:47.472] [error] Entity not found for ID: -45
[22:46:47.472] [error] Entity not found for ID: -50
[22:46:47.489] [error] Entity not found for ID: 0
[22:46:47.489] [error] Entity not found for ID: 0
[22:46:47.489] [error] Entity not found for ID: -44
[22:46:47.490] [error] Entity not found for ID: -45
[22:46:47.490] [error] Entity not found for ID: -50
[22:46:47.506] [error] Entity not found for ID: 0
[22:46:47.506] [error] Entity not found for ID: 0
[22:46:47.507] [error] Entity not found for ID: -44
[22:46:47.507] [error] Entity not found for ID: -45
[22:46:47.507] [error] Entity not found for ID: -50
[22:46:47.523] [error] Entity not found for ID: 0
[22:46:47.524] [error] Entity not found for ID: 0
[22:46:47.524] [error] Entity not found for ID: -44
[22:46:47.524] [error] Entity not found for ID: -45
[22:46:47.525] [error] Entity not found for ID: -50
[22:46:47.541] [error] Entity not found for ID: 0
[22:46:47.541] [error] Entity not found for ID: 0
[22:46:47.542] [error] Entity not found for ID: -44
[22:46:47.542] [error] Entity not found for ID: -45
[22:46:47.542] [error] Entity not found for ID: -50
[22:46:47.561] [error] Entity not found for ID: 0
[22:46:47.561] [error] Entity not found for ID: 0
[22:46:47.562] [error] Entity not found for ID: -44
[22:46:47.562] [error] Entity not found for ID: -45
[22:46:47.562] [error] Entity not found for ID: -50
[22:46:47.579] [error] Entity not found for ID: 0
[22:46:47.579] [error] Entity not found for ID: 0
[22:46:47.580] [error] Entity not found for ID: -44
[22:46:47.580] [error] Entity not found for ID: -45
[22:46:47.580] [error] Entity not found for ID: -50
[22:46:47.597] [error] Entity not found for ID: 0
[22:46:47.597] [error] Entity not found for ID: 0
[22:46:47.598] [error] Entity not found for ID: -44
[22:46:47.598] [error] Entity not found for ID: -45
[22:46:47.598] [error] Entity not found for ID: -50
[22:46:47.615] [error] Entity not found for ID: 0
[22:46:47.615] [error] Entity not found for ID: 0
[22:46:47.616] [error] Entity not found for ID: -44
[22:46:47.616] [error] Entity not found for ID: -45
[22:46:47.616] [error] Entity not found for ID: -50
[22:46:47.632] [error] Entity not found for ID: 0
[22:46:47.633] [error] Entity not found for ID: 0
[22:46:47.633] [error] Entity not found for ID: -44
[22:46:47.633] [error] Entity not found for ID: -45
[22:46:47.634] [error] Entity not found for ID: -50
[22:46:47.634] [info] Collision Enter 2D Event Invoked
[22:46:47.634] [info] Collision Enter 2D Event Invoked
[22:46:47.635] [info] Collision Enter 2D Event Invoked
[22:46:47.635] [info] Collision Enter 2D Event Invoked
[22:46:47.635] [info] Collision Enter 2D Event Invoked
[22:46:47.635] [info] Collision Enter 2D Event Invoked
[22:46:47.635] [info] Collision Enter 2D Event Invoked
[22:46:47.635] [info] Collision Enter 2D Event Invoked
[22:46:47.636] [info] Collision Enter 2D Event Invoked
[22:46:47.636] [info] Collision Enter 2D Event Invoked
[22:46:47.636] [info] Collision Enter 2D Event Invoked
[22:46:47.636] [info] Collision Enter 2D Event Invoked
[22:46:47.636] [info] Collision Enter 2D Event Invoked
[22:46:47.636] [info] Collision Enter 2D Event Invoked
[22:46:47.653] [error] Entity not found for ID: 0
[22:46:47.653] [error] Entity not found for ID: 0
[22:46:47.654] [error] Entity not found for ID: -44
[22:46:47.654] [error] Entity not found for ID: -45
[22:46:47.654] [error] Entity not found for ID: -50
[22:46:47.658] [info] Collision Exit 2D Event Invoked
[22:46:47.658] [info] Collision Exit 2D Event Invoked
[22:46:47.658] [info] Collision Exit 2D Event Invoked
[22:46:47.658] [info] Collision Exit 2D Event Invoked
[22:46:47.659] [info] Collision Exit 2D Event Invoked
[22:46:47.659] [info] Collision Exit 2D Event Invoked
[22:46:47.659] [info] Collision Exit 2D Event Invoked
[22:46:47.659] [info] Collision Exit 2D Event Invoked
[22:46:47.659] [info] Collision Exit 2D Event Invoked
[22:46:47.659] [info] Collision Exit 2D Event Invoked
[22:46:47.660] [info] Collision Exit 2D Event Invoked
[22:46:47.660] [info] Collision Exit 2D Event Invoked
[22:46:47.660] [info] Collision Exit 2D Event Invoked
[22:46:47.660] [info] Collision Exit 2D Event Invoked
[22:46:47.674] [error] Entity not found for ID: 0
[22:46:47.674] [error] Entity not found for ID: 0
[22:46:47.675] [error] Entity not found for ID: -44
[22:46:47.675] [error] Entity not found for ID: -45
[22:46:47.675] [error] Entity not found for ID: -50
[22:46:47.691] [error] Entity not found for ID: 0
[22:46:47.692] [error] Entity not found for ID: 0
[22:46:47.692] [error] Entity not found for ID: -44
[22:46:47.693] [error] Entity not found for ID: -45
[22:46:47.693] [error] Entity not found for ID: -50
[22:46:47.693] [info] Collision Enter 2D Event Invoked
[22:46:47.694] [info] Collision Enter 2D Event Invoked
[22:46:47.694] [info] Collision Enter 2D Event Invoked
[22:46:47.694] [info] Collision Enter 2D Event Invoked
[22:46:47.694] [info] Collision Enter 2D Event Invoked
[22:46:47.694] [info] Collision Enter 2D Event Invoked
[22:46:47.694] [info] Collision Enter 2D Event Invoked
[22:46:47.695] [info] Collision Enter 2D Event Invoked
[22:46:47.695] [info] Collision Enter 2D Event Invoked
[22:46:47.695] [info] Collision Enter 2D Event Invoked
[22:46:47.695] [info] Collision Enter 2D Event Invoked
[22:46:47.695] [info] Collision Enter 2D Event Invoked
[22:46:47.696] [info] Collision Enter 2D Event Invoked
[22:46:47.696] [info] Collision Enter 2D Event Invoked
[22:46:47.713] [error] Entity not found for ID: 0
[22:46:47.713] [error] Entity not found for ID: 0
[22:46:47.714] [error] Entity not found for ID: -44
[22:46:47.714] [error] Entity not found for ID: -45
[22:46:47.714] [error] Entity not found for ID: -50
[22:46:47.731] [error] Entity not found for ID: 0
[22:46:47.732] [error] Entity not found for ID: 0
[22:46:47.732] [error] Entity not found for ID: -44
[22:46:47.732] [error] Entity not found for ID: -45
[22:46:47.733] [error] Entity not found for ID: -50
[22:46:47.749] [error] Entity not found for ID: 0
[22:46:47.750] [error] Entity not found for ID: 0
[22:46:47.750] [error] Entity not found for ID: -44
[22:46:47.751] [error] Entity not found for ID: -45
[22:46:47.751] [error] Entity not found for ID: -50
[22:46:47.770] [error] Entity not found for ID: 0
[22:46:47.770] [error] Entity not found for ID: 0
[22:46:47.771] [error] Entity not found for ID: -44
[22:46:47.771] [error] Entity not found for ID: -45
[22:46:47.771] [error] Entity not found for ID: -50
[22:46:47.788] [error] Entity not found for ID: 0
[22:46:47.789] [error] Entity not found for ID: 0
[22:46:47.789] [error] Entity not found for ID: -44
[22:46:47.789] [error] Entity not found for ID: -45
[22:46:47.790] [error] Entity not found for ID: -50
[22:46:47.808] [error] Entity not found for ID: 0
[22:46:47.809] [error] Entity not found for ID: 0
[22:46:47.809] [error] Entity not found for ID: -44
[22:46:47.810] [error] Entity not found for ID: -45
[22:46:47.810] [error] Entity not found for ID: -50
[22:46:47.827] [error] Entity not found for ID: 0
[22:46:47.827] [error] Entity not found for ID: 0
[22:46:47.828] [error] Entity not found for ID: -44
[22:46:47.828] [error] Entity not found for ID: -45
[22:46:47.828] [error] Entity not found for ID: -50
[22:46:47.845] [error] Entity not found for ID: 0
[22:46:47.845] [error] Entity not found for ID: 0
[22:46:47.846] [error] Entity not found for ID: -44
[22:46:47.846] [error] Entity not found for ID: -45
[22:46:47.847] [error] Entity not found for ID: -50
[22:46:47.864] [error] Entity not found for ID: 0
[22:46:47.864] [error] Entity not found for ID: 0
[22:46:47.865] [error] Entity not found for ID: -44
[22:46:47.865] [error] Entity not found for ID: -45
[22:46:47.865] [error] Entity not found for ID: -50
[22:46:47.883] [error] Entity not found for ID: 0
[22:46:47.883] [error] Entity not found for ID: 0
[22:46:47.884] [error] Entity not found for ID: -44
[22:46:47.884] [error] Entity not found for ID: -45
[22:46:47.884] [error] Entity not found for ID: -50
[22:46:47.901] [error] Entity not found for ID: 0
[22:46:47.902] [error] Entity not found for ID: 0
[22:46:47.902] [error] Entity not found for ID: -44
[22:46:47.902] [error] Entity not found for ID: -45
[22:46:47.903] [error] Entity not found for ID: -50
[22:46:47.921] [error] Entity not found for ID: 0
[22:46:47.921] [error] Entity not found for ID: 0
[22:46:47.922] [error] Entity not found for ID: -44
[22:46:47.922] [error] Entity not found for ID: -45
[22:46:47.922] [error] Entity not found for ID: -50
[22:46:47.939] [error] Entity not found for ID: 0
[22:46:47.939] [error] Entity not found for ID: 0
[22:46:47.940] [error] Entity not found for ID: -44
[22:46:47.940] [error] Entity not found for ID: -45
[22:46:47.940] [error] Entity not found for ID: -50
[22:46:47.957] [error] Entity not found for ID: 0
[22:46:47.957] [error] Entity not found for ID: 0
[22:46:47.958] [error] Entity not found for ID: -44
[22:46:47.958] [error] Entity not found for ID: -45
[22:46:47.958] [error] Entity not found for ID: -50
[22:46:47.977] [error] Entity not found for ID: 0
[22:46:47.978] [error] Entity not found for ID: 0
[22:46:47.978] [error] Entity not found for ID: -44
[22:46:47.978] [error] Entity not found for ID: -45
[22:46:47.979] [error] Entity not found for ID: -50
[22:46:47.997] [error] Entity not found for ID: 0
[22:46:47.997] [error] Entity not found for ID: 0
[22:46:47.998] [error] Entity not found for ID: -44
[22:46:47.998] [error] Entity not found for ID: -45
[22:46:47.998] [error] Entity not found for ID: -50
[22:46:48.017] [error] Entity not found for ID: 0
[22:46:48.017] [error] Entity not found for ID: 0
[22:46:48.018] [error] Entity not found for ID: -44
[22:46:48.018] [error] Entity not found for ID: -45
[22:46:48.018] [error] Entity not found for ID: -50
[22:46:48.035] [error] Entity not found for ID: 0
[22:46:48.035] [error] Entity not found for ID: 0
[22:46:48.036] [error] Entity not found for ID: -44
[22:46:48.036] [error] Entity not found for ID: -45
[22:46:48.036] [error] Entity not found for ID: -50
[22:46:48.053] [error] Entity not found for ID: 0
[22:46:48.053] [error] Entity not found for ID: 0
[22:46:48.054] [error] Entity not found for ID: -44
[22:46:48.054] [error] Entity not found for ID: -45
[22:46:48.054] [error] Entity not found for ID: -50
[22:46:48.071] [error] Entity not found for ID: 0
[22:46:48.071] [error] Entity not found for ID: 0
[22:46:48.072] [error] Entity not found for ID: -44
[22:46:48.073] [error] Entity not found for ID: -45
[22:46:48.073] [error] Entity not found for ID: -50
[22:46:48.089] [error] Entity not found for ID: 0
[22:46:48.090] [error] Entity not found for ID: 0
[22:46:48.090] [error] Entity not found for ID: -44
[22:46:48.090] [error] Entity not found for ID: -45
[22:46:48.091] [error] Entity not found for ID: -50
[22:46:48.107] [error] Entity not found for ID: 0
[22:46:48.107] [error] Entity not found for ID: 0
[22:46:48.108] [error] Entity not found for ID: -44
[22:46:48.108] [error] Entity not found for ID: -45
[22:46:48.108] [error] Entity not found for ID: -50
[22:46:48.109] [info] Collision Enter 2D Event Invoked
[22:46:48.109] [info] Collision Enter 2D Event Invoked
[22:46:48.109] [info] Collision Enter 2D Event Invoked
[22:46:48.109] [info] Collision Enter 2D Event Invoked
[22:46:48.110] [info] Collision Enter 2D Event Invoked
[22:46:48.110] [info] Collision Enter 2D Event Invoked
[22:46:48.110] [info] Collision Enter 2D Event Invoked
[22:46:48.110] [info] Collision Enter 2D Event Invoked
[22:46:48.110] [info] Collision Enter 2D Event Invoked
[22:46:48.110] [info] Collision Enter 2D Event Invoked
[22:46:48.110] [info] Collision Enter 2D Event Invoked
[22:46:48.111] [info] Collision Enter 2D Event Invoked
[22:46:48.111] [info] Collision Enter 2D Event Invoked
[22:46:48.127] [error] Entity not found for ID: 0
[22:46:48.127] [error] Entity not found for ID: 0
[22:46:48.127] [error] Entity not found for ID: 0
[22:46:48.128] [error] Entity not found for ID: -44
[22:46:48.128] [error] Entity not found for ID: -45
[22:46:48.128] [error] Entity not found for ID: -50
[22:46:48.145] [error] Entity not found for ID: 0
[22:46:48.145] [error] Entity not found for ID: 0
[22:46:48.145] [error] Entity not found for ID: 0
[22:46:48.146] [error] Entity not found for ID: -44
[22:46:48.146] [error] Entity not found for ID: -45
[22:46:48.146] [error] Entity not found for ID: -50
[22:46:48.150] [info] Collision Exit 2D Event Invoked
[22:46:48.150] [info] Collision Exit 2D Event Invoked
[22:46:48.150] [info] Collision Exit 2D Event Invoked
[22:46:48.150] [info] Collision Exit 2D Event Invoked
[22:46:48.150] [info] Collision Exit 2D Event Invoked
[22:46:48.150] [info] Collision Exit 2D Event Invoked
[22:46:48.151] [info] Collision Exit 2D Event Invoked
[22:46:48.151] [info] Collision Exit 2D Event Invoked
[22:46:48.151] [info] Collision Exit 2D Event Invoked
[22:46:48.151] [info] Collision Exit 2D Event Invoked
[22:46:48.152] [info] Collision Exit 2D Event Invoked
[22:46:48.152] [info] Collision Exit 2D Event Invoked
[22:46:48.152] [info] Collision Exit 2D Event Invoked
[22:46:48.165] [error] Entity not found for ID: 0
[22:46:48.166] [error] Entity not found for ID: 0
[22:46:48.166] [error] Entity not found for ID: 0
[22:46:48.166] [error] Entity not found for ID: -44
[22:46:48.167] [error] Entity not found for ID: -45
[22:46:48.167] [error] Entity not found for ID: -50
[22:46:48.184] [error] Entity not found for ID: 0
[22:46:48.184] [error] Entity not found for ID: 0
[22:46:48.185] [error] Entity not found for ID: 0
[22:46:48.185] [error] Entity not found for ID: -44
[22:46:48.185] [error] Entity not found for ID: -45
[22:46:48.185] [error] Entity not found for ID: -50
[22:46:48.189] [info] Collision Exit 2D Event Invoked
[22:46:48.189] [info] Collision Exit 2D Event Invoked
[22:46:48.189] [info] Collision Exit 2D Event Invoked
[22:46:48.189] [info] Collision Exit 2D Event Invoked
[22:46:48.189] [info] Collision Exit 2D Event Invoked
[22:46:48.190] [info] Collision Exit 2D Event Invoked
[22:46:48.190] [info] Collision Exit 2D Event Invoked
[22:46:48.190] [info] Collision Exit 2D Event Invoked
[22:46:48.190] [info] Collision Exit 2D Event Invoked
[22:46:48.190] [info] Collision Exit 2D Event Invoked
[22:46:48.191] [info] Collision Exit 2D Event Invoked
[22:46:48.191] [info] Collision Exit 2D Event Invoked
[22:46:48.191] [info] Collision Exit 2D Event Invoked
[22:46:48.191] [info] Collision Exit 2D Event Invoked
[22:46:48.204] [error] Entity not found for ID: 0
[22:46:48.204] [error] Entity not found for ID: 0
[22:46:48.205] [error] Entity not found for ID: 0
[22:46:48.205] [error] Entity not found for ID: -44
[22:46:48.205] [error] Entity not found for ID: -45
[22:46:48.206] [error] Entity not found for ID: -50
[22:46:48.222] [error] Entity not found for ID: 0
[22:46:48.222] [error] Entity not found for ID: 0
[22:46:48.222] [error] Entity not found for ID: 0
[22:46:48.223] [error] Entity not found for ID: -44
[22:46:48.223] [error] Entity not found for ID: -45
[22:46:48.223] [error] Entity not found for ID: -50
[22:46:48.239] [error] Entity not found for ID: 0
[22:46:48.239] [error] Entity not found for ID: 0
[22:46:48.239] [error] Entity not found for ID: 0
[22:46:48.240] [error] Entity not found for ID: -44
[22:46:48.240] [error] Entity not found for ID: -45
[22:46:48.241] [error] Entity not found for ID: -50
[22:46:48.258] [error] Entity not found for ID: 0
[22:46:48.258] [error] Entity not found for ID: 0
[22:46:48.258] [error] Entity not found for ID: 0
[22:46:48.259] [error] Entity not found for ID: -44
[22:46:48.259] [error] Entity not found for ID: -45
[22:46:48.259] [error] Entity not found for ID: -50
[22:46:48.277] [error] Entity not found for ID: 0
[22:46:48.277] [error] Entity not found for ID: 0
[22:46:48.277] [error] Entity not found for ID: 0
[22:46:48.278] [error] Entity not found for ID: -44
[22:46:48.278] [error] Entity not found for ID: -45
[22:46:48.278] [error] Entity not found for ID: -50
[22:46:48.295] [error] Entity not found for ID: 0
[22:46:48.296] [error] Entity not found for ID: 0
[22:46:48.296] [error] Entity not found for ID: 0
[22:46:48.297] [error] Entity not found for ID: -44
[22:46:48.297] [error] Entity not found for ID: -45
[22:46:48.297] [error] Entity not found for ID: -50
[22:46:48.314] [error] Entity not found for ID: 0
[22:46:48.314] [error] Entity not found for ID: 0
[22:46:48.314] [error] Entity not found for ID: 0
[22:46:48.315] [error] Entity not found for ID: -44
[22:46:48.315] [error] Entity not found for ID: -45
[22:46:48.315] [error] Entity not found for ID: -50
[22:46:48.332] [error] Entity not found for ID: 0
[22:46:48.332] [error] Entity not found for ID: 0
[22:46:48.332] [error] Entity not found for ID: 0
[22:46:48.333] [error] Entity not found for ID: -44
[22:46:48.333] [error] Entity not found for ID: -45
[22:46:48.333] [error] Entity not found for ID: -50
[22:46:48.349] [error] Entity not found for ID: 0
[22:46:48.350] [error] Entity not found for ID: 0
[22:46:48.350] [error] Entity not found for ID: 0
[22:46:48.351] [error] Entity not found for ID: -44
[22:46:48.351] [error] Entity not found for ID: -45
[22:46:48.351] [error] Entity not found for ID: -50
[22:46:48.351] [info] Collision Enter 2D Event Invoked
[22:46:48.351] [info] Collision Enter 2D Event Invoked
[22:46:48.352] [info] Collision Enter 2D Event Invoked
[22:46:48.352] [info] Collision Enter 2D Event Invoked
[22:46:48.352] [info] Collision Enter 2D Event Invoked
[22:46:48.352] [info] Collision Enter 2D Event Invoked
[22:46:48.353] [info] Collision Enter 2D Event Invoked
[22:46:48.353] [info] Collision Enter 2D Event Invoked
[22:46:48.353] [info] Collision Enter 2D Event Invoked
[22:46:48.353] [info] Collision Enter 2D Event Invoked
[22:46:48.353] [info] Collision Enter 2D Event Invoked
[22:46:48.353] [info] Collision Enter 2D Event Invoked
[22:46:48.354] [info] Collision Enter 2D Event Invoked
[22:46:48.370] [error] Entity not found for ID: 0
[22:46:48.370] [error] Entity not found for ID: 0
[22:46:48.371] [error] Entity not found for ID: 0
[22:46:48.371] [error] Entity not found for ID: -44
[22:46:48.371] [error] Entity not found for ID: -45
[22:46:48.372] [error] Entity not found for ID: -50
[22:46:48.389] [error] Entity not found for ID: 0
[22:46:48.389] [error] Entity not found for ID: 0
[22:46:48.389] [error] Entity not found for ID: 0
[22:46:48.390] [error] Entity not found for ID: -44
[22:46:48.390] [error] Entity not found for ID: -45
[22:46:48.390] [error] Entity not found for ID: -50
[22:46:48.407] [error] Entity not found for ID: 0
[22:46:48.407] [error] Entity not found for ID: 0
[22:46:48.408] [error] Entity not found for ID: 0
[22:46:48.408] [info] [SOURCE_DETECTOR] C# requested CreateEntity: Prefab = SeaCow
[22:46:48.408] [info] [SOURCE_DETECTOR] Engine creating Entity (Internal)
[22:46:48.408] [info] [CPP ECS] FromJson - Adding component 'Transform' to entity 'SeaCow'
[22:46:48.408] [info] [CPP ECS] FromJson - Adding component 'CircleCollider' to entity 'SeaCow'
[22:46:48.409] [info] [CPP ECS] FromJson - Adding component 'Variables' to entity 'SeaCow'
[22:46:48.409] [info] [CPP ECS] FromJson - Adding component 'Script' to entity 'SeaCow'
[22:46:48.409] [info] [CPP ECS] FromJson - Adding component 'SpriteRenderer' to entity 'SeaCow'
[22:46:48.409] [info] [CPP ECS] FromJson - Adding component 'Rigidbody2D' to entity 'SeaCow'
[22:46:48.410] [error] Entity not found for ID: -44
[22:46:48.410] [error] Entity not found for ID: -45
[22:46:48.411] [info] Collision Enter 2D Event Invoked
[22:46:48.411] [info] Collision Enter 2D Event Invoked
[22:46:48.411] [info] Collision Enter 2D Event Invoked
[22:46:48.411] [info] Collision Enter 2D Event Invoked
[22:46:48.427] [info] [MonoDbg] AddEntityToScript - Instantiating and adding script: SpriteAnimation to Entity ID: -50
[22:46:48.428] [info] [SetScriptVars] OK setting fields for: SpriteAnimation
[22:46:48.428] [info] [MonoDbg] AddEntityToScript - Syncing serialized fields for script: SpriteAnimation
[22:46:48.428] [info] [SetScriptVars] OK setting fields for: SpriteAnimation
[22:46:48.428] [info] [MonoDbg] AddEntityToScript - Instantiating and adding script: ChaseController to Entity ID: -50
[22:46:48.428] [info] [SetScriptVars] OK setting fields for: ChaseController
[22:46:48.429] [info] [MonoDbg] AddEntityToScript - Syncing serialized fields for script: ChaseController
[22:46:48.429] [info] [SetScriptVars] OK setting fields for: ChaseController
[22:46:48.429] [info] [MonoDbg] AddEntityToScript - Instantiating and adding script: TargetFacingFlip to Entity ID: -50
[22:46:48.429] [info] [SetScriptVars] OK setting fields for: TargetFacingFlip
[22:46:48.429] [info] [MonoDbg] AddEntityToScript - Syncing serialized fields for script: TargetFacingFlip
[22:46:48.429] [info] [SetScriptVars] OK setting fields for: TargetFacingFlip
[22:46:48.430] [info] [MonoDbg] AddEntityToScript - Instantiating and adding script: SeaCow to Entity ID: -50
[22:46:48.430] [info] [SetScriptVars] OK setting fields for: SeaCow
[22:46:48.430] [info] [MonoDbg] AddEntityToScript - Syncing serialized fields for script: SeaCow
[22:46:48.430] [info] [SetScriptVars] OK setting fields for: SeaCow
[22:46:48.430] [info] [MonoDbg] AddEntityToScript - Instantiating and adding script: HP to Entity ID: -50
[22:46:48.431] [info] [SetScriptVars] OK setting fields for: HP
[22:46:48.431] [info] [MonoDbg] AddEntityToScript - Syncing serialized fields for script: HP
[22:46:48.431] [info] [SetScriptVars] OK setting fields for: HP
[22:46:48.431] [info] [MonoDbg] AddEntityToScript - Instantiating and adding script: ParticleOffset to Entity ID: -50
[22:46:48.431] [info] [SetScriptVars] no group for scriptName: ParticleOffset  groups: 10
[22:46:48.431] [info] [MonoDbg] AddEntityToScript - Syncing serialized fields for script: ParticleOffset
[22:46:48.432] [info] [SetScriptVars] no group for scriptName: ParticleOffset  groups: 10
[22:46:48.432] [info] [MonoDbg] AddEntityToScript - Instantiating and adding script: AttackCollision to Entity ID: -50
[22:46:48.432] [info] [SetScriptVars] OK setting fields for: AttackCollision
[22:46:48.432] [info] [MonoDbg] AddEntityToScript - Syncing serialized fields for script: AttackCollision
[22:46:48.432] [info] [SetScriptVars] OK setting fields for: AttackCollision
[22:46:48.432] [info] [MonoDbg] AddEntityToScript - Instantiating and adding script: ExpDropper to Entity ID: -50
[22:46:48.433] [info] [SetScriptVars] OK setting fields for: ExpDropper
[22:46:48.433] [info] [MonoDbg] AddEntityToScript - Syncing serialized fields for script: ExpDropper
[22:46:48.433] [info] [SetScriptVars] OK setting fields for: ExpDropper
[22:46:48.433] [info] [MonoDbg] AddEntityToScript - Instantiating and adding script: DespawnTimer to Entity ID: -50
[22:46:48.433] [info] [SetScriptVars] OK setting fields for: DespawnTimer
[22:46:48.434] [info] [MonoDbg] AddEntityToScript - Syncing serialized fields for script: DespawnTimer
[22:46:48.434] [info] [SetScriptVars] OK setting fields for: DespawnTimer
[22:46:48.434] [info] [MonoDbg] AddEntityToScript - Instantiating and adding script: FlashOnDamaged to Entity ID: -50
[22:46:48.434] [info] [SetScriptVars] OK setting fields for: FlashOnDamaged
[22:46:48.434] [info] [MonoDbg] AddEntityToScript - Syncing serialized fields for script: FlashOnDamaged
[22:46:48.434] [info] [SetScriptVars] OK setting fields for: FlashOnDamaged
[22:46:48.435] [info] [MonoDbg] AddEntityToScript - Instantiating and adding script: ShakeSelfOnDamaged to Entity ID: -50
[22:46:48.435] [info] [SetScriptVars] OK setting fields for: ShakeSelfOnDamaged
[22:46:48.435] [info] [MonoDbg] AddEntityToScript - Syncing serialized fields for script: ShakeSelfOnDamaged
[22:46:48.435] [info] [SetScriptVars] OK setting fields for: ShakeSelfOnDamaged
[22:46:48.436] [error] Entity not found for ID: 0
[22:46:48.436] [error] Entity not found for ID: 0
[22:46:48.436] [error] Entity not found for ID: 0
[22:46:48.437] [error] Entity not found for ID: -44
[22:46:48.437] [error] Entity not found for ID: -45
[22:46:48.454] [error] Entity not found for ID: 0
[22:46:48.454] [error] Entity not found for ID: 0
[22:46:48.455] [error] Entity not found for ID: 0
[22:46:48.455] [error] Entity not found for ID: -44
[22:46:48.456] [error] Entity not found for ID: -45
[22:46:48.472] [error] Entity not found for ID: 0
[22:46:48.473] [error] Entity not found for ID: 0
[22:46:48.473] [error] Entity not found for ID: 0
[22:46:48.473] [error] Entity not found for ID: -44
[22:46:48.474] [error] Entity not found for ID: -45
[22:46:48.492] [error] Entity not found for ID: 0
[22:46:48.492] [error] Entity not found for ID: 0
[22:46:48.492] [error] Entity not found for ID: 0
[22:46:48.493] [error] Entity not found for ID: -44
[22:46:48.493] [error] Entity not found for ID: -45
[22:46:48.511] [error] Entity not found for ID: 0
[22:46:48.511] [error] Entity not found for ID: 0
[22:46:48.511] [error] Entity not found for ID: 0
[22:46:48.512] [error] Entity not found for ID: -44
[22:46:48.512] [error] Entity not found for ID: -45
[22:46:48.530] [error] Entity not found for ID: 0
[22:46:48.530] [error] Entity not found for ID: 0
[22:46:48.530] [error] Entity not found for ID: 0
[22:46:48.531] [error] Entity not found for ID: -44
[22:46:48.531] [error] Entity not found for ID: -45
[22:46:48.548] [error] Entity not found for ID: 0
[22:46:48.549] [error] Entity not found for ID: 0
[22:46:48.549] [error] Entity not found for ID: 0
[22:46:48.550] [error] Entity not found for ID: -44
[22:46:48.550] [error] Entity not found for ID: -45
[22:46:48.553] [info] Collision Exit 2D Event Invoked
[22:46:48.553] [info] Collision Exit 2D Event Invoked
[22:46:48.554] [info] Collision Exit 2D Event Invoked
[22:46:48.554] [info] Collision Exit 2D Event Invoked
[22:46:48.554] [info] Collision Exit 2D Event Invoked
[22:46:48.554] [info] Collision Exit 2D Event Invoked
[22:46:48.554] [info] Collision Exit 2D Event Invoked
[22:46:48.555] [info] Collision Exit 2D Event Invoked
[22:46:48.555] [info] Collision Exit 2D Event Invoked
[22:46:48.555] [info] Collision Exit 2D Event Invoked
[22:46:48.555] [info] Collision Exit 2D Event Invoked
[22:46:48.555] [info] Collision Exit 2D Event Invoked
[22:46:48.556] [info] Collision Exit 2D Event Invoked
[22:46:48.569] [error] Entity not found for ID: 0
[22:46:48.569] [error] Entity not found for ID: 0
[22:46:48.569] [error] Entity not found for ID: 0
[22:46:48.570] [error] Entity not found for ID: -44
[22:46:48.570] [error] Entity not found for ID: -45
[22:46:48.586] [error] Entity not found for ID: 0
[22:46:48.586] [error] Entity not found for ID: 0
[22:46:48.587] [error] Entity not found for ID: 0
[22:46:48.587] [error] Entity not found for ID: -44
[22:46:48.588] [error] Entity not found for ID: -45
[22:46:48.606] [error] Entity not found for ID: 0
[22:46:48.606] [error] Entity not found for ID: 0
[22:46:48.607] [error] Entity not found for ID: 0
[22:46:48.607] [error] Entity not found for ID: -44
[22:46:48.607] [error] Entity not found for ID: -45
[22:46:48.624] [error] Entity not found for ID: 0
[22:46:48.625] [error] Entity not found for ID: 0
[22:46:48.625] [error] Entity not found for ID: 0
[22:46:48.625] [error] Entity not found for ID: -44
[22:46:48.626] [error] Entity not found for ID: -45
[22:46:48.626] [info] Collision Enter 2D Event Invoked
[22:46:48.626] [info] Collision Enter 2D Event Invoked
[22:46:48.627] [info] Collision Enter 2D Event Invoked
[22:46:48.627] [info] Collision Enter 2D Event Invoked
[22:46:48.627] [info] Collision Enter 2D Event Invoked
[22:46:48.627] [info] Collision Enter 2D Event Invoked
[22:46:48.627] [info] Collision Enter 2D Event Invoked
[22:46:48.627] [info] Collision Enter 2D Event Invoked
[22:46:48.628] [info] Collision Enter 2D Event Invoked
[22:46:48.628] [info] Collision Enter 2D Event Invoked
[22:46:48.628] [info] Collision Enter 2D Event Invoked
[22:46:48.628] [info] Collision Enter 2D Event Invoked
[22:46:48.628] [info] Collision Enter 2D Event Invoked
[22:46:48.629] [info] Collision Enter 2D Event Invoked
[22:46:48.645] [error] Entity not found for ID: 0
[22:46:48.646] [error] Entity not found for ID: 0
[22:46:48.646] [error] Entity not found for ID: 0
[22:46:48.647] [error] Entity not found for ID: -44
[22:46:48.647] [error] Entity not found for ID: -45
[22:46:48.664] [error] Entity not found for ID: 0
[22:46:48.664] [error] Entity not found for ID: 0
[22:46:48.664] [error] Entity not found for ID: 0
[22:46:48.665] [error] Entity not found for ID: -44
[22:46:48.665] [error] Entity not found for ID: -45
[22:46:48.683] [error] Entity not found for ID: 0
[22:46:48.683] [error] Entity not found for ID: 0
[22:46:48.683] [error] Entity not found for ID: 0
[22:46:48.684] [error] Entity not found for ID: -44
[22:46:48.684] [error] Entity not found for ID: -45
[22:46:48.701] [error] Entity not found for ID: 0
[22:46:48.701] [error] Entity not found for ID: 0
[22:46:48.701] [error] Entity not found for ID: 0
[22:46:48.702] [error] Entity not found for ID: -44
[22:46:48.702] [error] Entity not found for ID: -45
[22:46:48.719] [error] Entity not found for ID: 0
[22:46:48.720] [error] Entity not found for ID: 0
[22:46:48.720] [error] Entity not found for ID: 0
[22:46:48.721] [error] Entity not found for ID: -44
[22:46:48.721] [error] Entity not found for ID: -45
[22:46:48.738] [error] Entity not found for ID: 0
[22:46:48.738] [error] Entity not found for ID: 0
[22:46:48.739] [error] Entity not found for ID: 0
[22:46:48.739] [error] Entity not found for ID: -44
[22:46:48.740] [error] Entity not found for ID: -45
[22:46:48.743] [info] Collision Exit 2D Event Invoked
[22:46:48.743] [info] Collision Exit 2D Event Invoked
[22:46:48.743] [info] Collision Exit 2D Event Invoked
[22:46:48.744] [info] Collision Exit 2D Event Invoked
[22:46:48.744] [info] Collision Exit 2D Event Invoked
[22:46:48.744] [info] Collision Exit 2D Event Invoked
[22:46:48.744] [info] Collision Exit 2D Event Invoked
[22:46:48.744] [info] Collision Exit 2D Event Invoked
[22:46:48.744] [info] Collision Exit 2D Event Invoked
[22:46:48.745] [info] Collision Exit 2D Event Invoked
[22:46:48.745] [info] Collision Exit 2D Event Invoked
[22:46:48.745] [info] Collision Exit 2D Event Invoked
[22:46:48.745] [info] Collision Exit 2D Event Invoked
[22:46:48.745] [info] Collision Exit 2D Event Invoked
[22:46:48.746] [info] Collision Exit 2D Event Invoked
[22:46:48.759] [error] Entity not found for ID: 0
[22:46:48.759] [error] Entity not found for ID: 0
[22:46:48.759] [error] Entity not found for ID: 0
[22:46:48.760] [error] Entity not found for ID: -44
[22:46:48.760] [error] Entity not found for ID: -45
[22:46:48.777] [error] Entity not found for ID: 0
[22:46:48.777] [error] Entity not found for ID: 0
[22:46:48.777] [error] Entity not found for ID: 0
[22:46:48.778] [error] Entity not found for ID: -44
[22:46:48.778] [error] Entity not found for ID: -45
[22:46:48.795] [error] Entity not found for ID: 0
[22:46:48.795] [error] Entity not found for ID: 0
[22:46:48.796] [error] Entity not found for ID: 0
[22:46:48.796] [error] Entity not found for ID: -44
[22:46:48.796] [error] Entity not found for ID: -45
[22:46:48.797] [info] Collision Enter 2D Event Invoked
[22:46:48.797] [info] Collision Enter 2D Event Invoked
[22:46:48.797] [info] Collision Enter 2D Event Invoked
[22:46:48.798] [info] Collision Enter 2D Event Invoked
[22:46:48.798] [info] Collision Enter 2D Event Invoked
[22:46:48.798] [info] Collision Enter 2D Event Invoked
[22:46:48.798] [info] Collision Enter 2D Event Invoked
[22:46:48.798] [info] Collision Enter 2D Event Invoked
[22:46:48.798] [info] Collision Enter 2D Event Invoked
[22:46:48.799] [info] Collision Enter 2D Event Invoked
[22:46:48.799] [info] Collision Enter 2D Event Invoked
[22:46:48.799] [info] Collision Enter 2D Event Invoked
[22:46:48.799] [info] Collision Enter 2D Event Invoked
[22:46:48.816] [error] Entity not found for ID: 0
[22:46:48.816] [error] Entity not found for ID: 0
[22:46:48.817] [error] Entity not found for ID: 0
[22:46:48.817] [error] Entity not found for ID: -44
[22:46:48.818] [error] Entity not found for ID: -45
[22:46:48.835] [error] Entity not found for ID: 0
[22:46:48.835] [error] Entity not found for ID: 0
[22:46:48.835] [error] Entity not found for ID: 0
[22:46:48.836] [error] Entity not found for ID: -44
[22:46:48.837] [error] Entity not found for ID: -45
[22:46:48.854] [error] Entity not found for ID: 0
[22:46:48.854] [error] Entity not found for ID: 0
[22:46:48.854] [error] Entity not found for ID: 0
[22:46:48.855] [error] Entity not found for ID: -44
[22:46:48.855] [error] Entity not found for ID: -45
[22:46:48.858] [info] Collision Exit 2D Event Invoked
[22:46:48.858] [info] Collision Exit 2D Event Invoked
[22:46:48.859] [info] Collision Exit 2D Event Invoked
[22:46:48.859] [info] Collision Exit 2D Event Invoked
[22:46:48.859] [info] Collision Exit 2D Event Invoked
[22:46:48.859] [info] Collision Exit 2D Event Invoked
[22:46:48.859] [info] Collision Exit 2D Event Invoked
[22:46:48.859] [info] Collision Exit 2D Event Invoked
[22:46:48.860] [info] Collision Exit 2D Event Invoked
[22:46:48.860] [info] Collision Exit 2D Event Invoked
[22:46:48.860] [info] Collision Exit 2D Event Invoked
[22:46:48.860] [info] Collision Exit 2D Event Invoked
[22:46:48.860] [info] Collision Exit 2D Event Invoked
[22:46:48.861] [info] Collision Exit 2D Event Invoked
[22:46:48.861] [info] Collision Exit 2D Event Invoked
[22:46:48.861] [info] Collision Exit 2D Event Invoked
[22:46:48.861] [info] Collision Exit 2D Event Invoked
[22:46:48.861] [info] Collision Exit 2D Event Invoked
[22:46:48.861] [info] Collision Exit 2D Event Invoked
[22:46:48.862] [info] Collision Exit 2D Event Invoked
[22:46:48.862] [info] Collision Exit 2D Event Invoked
[22:46:48.862] [info] Collision Exit 2D Event Invoked
[22:46:48.862] [info] Collision Exit 2D Event Invoked
[22:46:48.862] [info] Collision Exit 2D Event Invoked
[22:46:48.863] [info] Collision Exit 2D Event Invoked
[22:46:48.863] [info] Collision Exit 2D Event Invoked
[22:46:48.863] [info] Collision Exit 2D Event Invoked
[22:46:48.877] [error] Entity not found for ID: 0
[22:46:48.878] [error] Entity not found for ID: 0
[22:46:48.878] [error] Entity not found for ID: 0
[22:46:48.879] [error] Entity not found for ID: -44
[22:46:48.879] [error] Entity not found for ID: -45
[22:46:48.897] [error] Entity not found for ID: 0
[22:46:48.897] [error] Entity not found for ID: 0
[22:46:48.897] [error] Entity not found for ID: 0
[22:46:48.898] [error] Entity not found for ID: -44
[22:46:48.898] [error] Entity not found for ID: -45
[22:46:48.916] [error] Entity not found for ID: 0
[22:46:48.916] [error] Entity not found for ID: 0
[22:46:48.916] [error] Entity not found for ID: 0
[22:46:48.917] [error] Entity not found for ID: -44
[22:46:48.917] [error] Entity not found for ID: -45
[22:46:48.933] [error] Entity not found for ID: 0
[22:46:48.934] [error] Entity not found for ID: 0
[22:46:48.934] [error] Entity not found for ID: 0
[22:46:48.935] [error] Entity not found for ID: -44
[22:46:48.935] [error] Entity not found for ID: -45
[22:46:48.952] [error] Entity not found for ID: 0
[22:46:48.952] [error] Entity not found for ID: 0
[22:46:48.952] [error] Entity not found for ID: 0
[22:46:48.953] [error] Entity not found for ID: -44
[22:46:48.953] [error] Entity not found for ID: -45
[22:46:48.973] [error] Entity not found for ID: 0
[22:46:48.973] [error] Entity not found for ID: 0
[22:46:48.973] [error] Entity not found for ID: 0
[22:46:48.974] [error] Entity not found for ID: -44
[22:46:48.974] [error] Entity not found for ID: -45
[22:46:48.991] [error] Entity not found for ID: 0
[22:46:48.991] [error] Entity not found for ID: 0
[22:46:48.991] [error] Entity not found for ID: 0
[22:46:48.992] [error] Entity not found for ID: -44
[22:46:48.992] [error] Entity not found for ID: -45
[22:46:49.011] [error] Entity not found for ID: 0
[22:46:49.011] [error] Entity not found for ID: 0
[22:46:49.011] [error] Entity not found for ID: 0
[22:46:49.012] [error] Entity not found for ID: -44
[22:46:49.012] [error] Entity not found for ID: -45
[22:46:49.028] [error] Entity not found for ID: 0
[22:46:49.028] [error] Entity not found for ID: 0
[22:46:49.028] [error] Entity not found for ID: 0
[22:46:49.029] [error] Entity not found for ID: -44
[22:46:49.029] [error] Entity not found for ID: -45
[22:46:49.046] [error] Entity not found for ID: 0
[22:46:49.047] [error] Entity not found for ID: 0
[22:46:49.047] [error] Entity not found for ID: 0
[22:46:49.048] [error] Entity not found for ID: -44
[22:46:49.048] [error] Entity not found for ID: -45
[22:46:49.064] [error] Entity not found for ID: 0
[22:46:49.064] [error] Entity not found for ID: 0
[22:46:49.064] [error] Entity not found for ID: 0
[22:46:49.065] [error] Entity not found for ID: -44
[22:46:49.065] [error] Entity not found for ID: -45
[22:46:49.065] [info] Collision Enter 2D Event Invoked
[22:46:49.066] [info] Collision Enter 2D Event Invoked
[22:46:49.066] [info] Collision Enter 2D Event Invoked
[22:46:49.066] [info] Collision Enter 2D Event Invoked
[22:46:49.066] [info] Collision Enter 2D Event Invoked
[22:46:49.066] [info] Collision Enter 2D Event Invoked
[22:46:49.067] [info] Collision Enter 2D Event Invoked
[22:46:49.067] [info] Collision Enter 2D Event Invoked
[22:46:49.067] [info] Collision Enter 2D Event Invoked
[22:46:49.067] [info] Collision Enter 2D Event Invoked
[22:46:49.067] [info] Collision Enter 2D Event Invoked
[22:46:49.067] [info] Collision Enter 2D Event Invoked
[22:46:49.068] [info] Collision Enter 2D Event Invoked
[22:46:49.084] [error] Entity not found for ID: 0
[22:46:49.084] [error] Entity not found for ID: 0
[22:46:49.085] [error] Entity not found for ID: 0
[22:46:49.085] [error] Entity not found for ID: 0
[22:46:49.085] [error] Entity not found for ID: -44
[22:46:49.085] [error] Entity not found for ID: -45
[22:46:49.090] [info] Collision Exit 2D Event Invoked
[22:46:49.091] [info] Collision Exit 2D Event Invoked
[22:46:49.091] [info] Collision Exit 2D Event Invoked
[22:46:49.091] [info] Collision Exit 2D Event Invoked
[22:46:49.091] [info] Collision Exit 2D Event Invoked
[22:46:49.091] [info] Collision Exit 2D Event Invoked
[22:46:49.092] [info] Collision Exit 2D Event Invoked
[22:46:49.092] [info] Collision Exit 2D Event Invoked
[22:46:49.092] [info] Collision Exit 2D Event Invoked
[22:46:49.092] [info] Collision Exit 2D Event Invoked
[22:46:49.092] [info] Collision Exit 2D Event Invoked
[22:46:49.093] [info] Collision Exit 2D Event Invoked
[22:46:49.093] [info] Collision Exit 2D Event Invoked
[22:46:49.106] [error] Entity not found for ID: 0
[22:46:49.106] [error] Entity not found for ID: 0
[22:46:49.106] [error] Entity not found for ID: 0
[22:46:49.106] [error] Entity not found for ID: 0
[22:46:49.107] [error] Entity not found for ID: -44
[22:46:49.107] [error] Entity not found for ID: -45
[22:46:49.243] [info] [SOURCE_DETECTOR] Engine creating Entity (Internal)
[22:46:49.243] [info] [CPP ECS] FromJson - Adding component 'CameraComponent' to entity 'MainCamera'
[22:46:49.243] [info] [CPP ECS] FromJson - Adding component 'Transform' to entity 'MainCamera'
[22:46:49.244] [info] [CPP ECS] FromJson - Adding component 'Variables' to entity 'MainCamera'
[22:46:49.244] [info] [CPP ECS] FromJson - Adding component 'ScreenPostEffectTag' to entity 'MainCamera'
[22:46:49.244] [info] [SOURCE_DETECTOR] Engine creating Entity (Internal)
[22:46:49.244] [info] [CPP ECS] FromJson - Adding component 'Transform' to entity 'GameOverText'
[22:46:49.244] [info] [CPP ECS] FromJson - Adding component 'Variables' to entity 'GameOverText'
[22:46:49.244] [info] [CPP ECS] FromJson - Adding component 'SpriteRenderer' to entity 'GameOverText'
[22:46:49.245] [info] [SOURCE_DETECTOR] Engine creating Entity (Internal)
[22:46:49.245] [info] [CPP ECS] FromJson - Adding component 'Transform' to entity 'gameOverOctopus'
[22:46:49.245] [info] [CPP ECS] FromJson - Adding component 'Variables' to entity 'gameOverOctopus'
[22:46:49.245] [info] [CPP ECS] FromJson - Adding component 'ParticleSystem2D' to entity 'gameOverOctopus'
[22:46:49.245] [info] [CPP ECS] FromJson - Adding component 'Transform' to entity 'gameOverOctopus'
[22:46:49.246] [info] [CPP ECS] FromJson - Adding component 'ParticleSystem2D' to entity 'gameOverOctopus'
[22:46:49.246] [info] [SOURCE_DETECTOR] Engine creating Entity (Internal)
[22:46:49.246] [info] [CPP ECS] FromJson - Adding component 'Transform' to entity 'jar'
[22:46:49.246] [info] [CPP ECS] FromJson - Adding component 'Variables' to entity 'jar'
[22:46:49.246] [info] [CPP ECS] FromJson - Adding component 'SpriteRenderer' to entity 'jar'
[22:46:49.247] [info] [CPP ECS] FromJson - Adding component 'Transform' to entity 'jar'
[22:46:49.247] [info] [SOURCE_DETECTOR] Engine creating Entity (Internal)
[22:46:49.247] [info] [CPP ECS] FromJson - Adding component 'Transform' to entity 'utuboParticle'
[22:46:49.247] [info] [CPP ECS] FromJson - Adding component 'Variables' to entity 'utuboParticle'
[22:46:49.247] [info] [CPP ECS] FromJson - Adding component 'ParticleSystem2D' to entity 'utuboParticle'
[22:46:49.247] [info] [CPP ECS] FromJson - Adding component 'Transform' to entity 'utuboParticle'
[22:46:49.248] [info] [CPP ECS] FromJson - Adding component 'ParticleSystem2D' to entity 'utuboParticle'
[22:46:49.248] [info] [SOURCE_DETECTOR] Engine creating Entity (Internal)
[22:46:49.248] [info] [CPP ECS] FromJson - Adding component 'Transform' to entity 'gameOverSeaCow'
[22:46:49.248] [info] [CPP ECS] FromJson - Adding component 'Variables' to entity 'gameOverSeaCow'
[22:46:49.248] [info] [CPP ECS] FromJson - Adding component 'ParticleSystem2D' to entity 'gameOverSeaCow'
[22:46:49.249] [info] [CPP ECS] FromJson - Adding component 'ParticleSystem2D' to entity 'gameOverSeaCow'
[22:46:49.249] [info] [SOURCE_DETECTOR] Engine creating Entity (Internal)
[22:46:49.249] [info] [CPP ECS] FromJson - Adding component 'Transform' to entity 'foamParticle'
[22:46:49.250] [info] [CPP ECS] FromJson - Adding component 'Variables' to entity 'foamParticle'
[22:46:49.250] [info] [CPP ECS] FromJson - Adding component 'ParticleSystem2D' to entity 'foamParticle'
[22:46:49.250] [info] [SOURCE_DETECTOR] Engine creating Entity (Internal)
[22:46:49.250] [info] [CPP ECS] FromJson - Adding component 'Transform' to entity 'spikeFishParticle'
[22:46:49.251] [info] [CPP ECS] FromJson - Adding component 'Variables' to entity 'spikeFishParticle'
[22:46:49.251] [info] [CPP ECS] FromJson - Adding component 'ParticleSystem2D' to entity 'spikeFishParticle'
[22:46:49.251] [info] [CPP ECS] FromJson - Adding component 'Transform' to entity 'spikeFishParticle'
[22:46:49.251] [info] [CPP ECS] FromJson - Adding component 'ParticleSystem2D' to entity 'spikeFishParticle'
[22:46:49.252] [info] [SOURCE_DETECTOR] Engine creating Entity (Internal)
[22:46:49.252] [info] [CPP ECS] FromJson - Adding component 'Transform' to entity 'sand'
[22:46:49.252] [info] [CPP ECS] FromJson - Adding component 'Variables' to entity 'sand'
[22:46:49.252] [info] [CPP ECS] FromJson - Adding component 'SpriteRenderer' to entity 'sand'
[22:46:49.252] [info] [CPP ECS] FromJson - Adding component 'Transform' to entity 'leftSand'
[22:46:49.252] [info] [SOURCE_DETECTOR] Engine creating Entity (Internal)
[22:46:49.253] [info] [CPP ECS] FromJson - Adding component 'Transform' to entity 'lock'
[22:46:49.253] [info] [CPP ECS] FromJson - Adding component 'Variables' to entity 'lock'
[22:46:49.253] [info] [CPP ECS] FromJson - Adding component 'SpriteRenderer' to entity 'lock'
[22:46:49.253] [info] [CPP ECS] FromJson - Adding component 'Transform' to entity 'lock'
[22:46:49.253] [info] [CPP ECS] FromJson - Adding component 'SpriteRenderer' to entity 'lock'
[22:46:49.253] [info] [SOURCE_DETECTOR] Engine creating Entity (Internal)
[22:46:49.254] [info] [CPP ECS] FromJson - Adding component 'Transform' to entity 'lock'
[22:46:49.254] [info] [CPP ECS] FromJson - Adding component 'Variables' to entity 'lock'
[22:46:49.254] [info] [CPP ECS] FromJson - Adding component 'SpriteRenderer' to entity 'lock'
[22:46:49.254] [info] [CPP ECS] FromJson - Adding component 'Transform' to entity 'lock'
[22:46:49.254] [info] [CPP ECS] FromJson - Adding component 'SpriteRenderer' to entity 'lock'
[22:46:49.255] [info] [SOURCE_DETECTOR] Engine creating Entity (Internal)
[22:46:49.255] [info] [CPP ECS] FromJson - Adding component 'Transform' to entity 'seaweed'
[22:46:49.255] [info] [CPP ECS] FromJson - Adding component 'Variables' to entity 'seaweed'
[22:46:49.255] [info] [CPP ECS] FromJson - Adding component 'SpriteRenderer' to entity 'seaweed'
[22:46:49.255] [info] [CPP ECS] FromJson - Adding component 'Script' to entity 'seaweed'
[22:46:49.255] [info] [CPP ECS] FromJson - Adding component 'Transform' to entity 'seaweed'
[22:46:49.256] [info] [CPP ECS] FromJson - Adding component 'Variables' to entity 'seaweed'
[22:46:49.256] [info] [SOURCE_DETECTOR] Engine creating Entity (Internal)
[22:46:49.256] [info] [CPP ECS] FromJson - Adding component 'Transform' to entity 'seaweed'
[22:46:49.256] [info] [CPP ECS] FromJson - Adding component 'Variables' to entity 'seaweed'
[22:46:49.256] [info] [CPP ECS] FromJson - Adding component 'SpriteRenderer' to entity 'seaweed'
[22:46:49.256] [info] [CPP ECS] FromJson - Adding component 'Script' to entity 'seaweed'
[22:46:49.257] [info] [CPP ECS] FromJson - Adding component 'Transform' to entity 'seaweed'
[22:46:49.257] [info] [CPP ECS] FromJson - Adding component 'Variables' to entity 'seaweed'
[22:46:49.257] [info] [SOURCE_DETECTOR] Engine creating Entity (Internal)
[22:46:49.257] [info] [CPP ECS] FromJson - Adding component 'Transform' to entity 'centerSand'
[22:46:49.257] [info] [CPP ECS] FromJson - Adding component 'Variables' to entity 'centerSand'
[22:46:49.258] [info] [CPP ECS] FromJson - Adding component 'SpriteRenderer' to entity 'centerSand'
[22:46:49.258] [info] [SOURCE_DETECTOR] Engine creating Entity (Internal)
[22:46:49.258] [info] [CPP ECS] FromJson - Adding component 'Transform' to entity 'lock'
[22:46:49.258] [info] [CPP ECS] FromJson - Adding component 'Variables' to entity 'lock'
[22:46:49.258] [info] [CPP ECS] FromJson - Adding component 'SpriteRenderer' to entity 'lock'
[22:46:49.258] [info] [CPP ECS] FromJson - Adding component 'Transform' to entity 'lock'
[22:46:49.259] [info] [CPP ECS] FromJson - Adding component 'SpriteRenderer' to entity 'lock'
[22:46:49.259] [info] [SOURCE_DETECTOR] Engine creating Entity (Internal)
[22:46:49.259] [info] [CPP ECS] FromJson - Adding component 'Transform' to entity 'seaweed'
[22:46:49.259] [info] [CPP ECS] FromJson - Adding component 'Variables' to entity 'seaweed'
[22:46:49.259] [info] [CPP ECS] FromJson - Adding component 'SpriteRenderer' to entity 'seaweed'
[22:46:49.260] [info] [CPP ECS] FromJson - Adding component 'Script' to entity 'seaweed'
[22:46:49.260] [info] [CPP ECS] FromJson - Adding component 'Transform' to entity 'seaweed'
[22:46:49.260] [info] [CPP ECS] FromJson - Adding component 'Variables' to entity 'seaweed'
[22:46:49.260] [info] [SOURCE_DETECTOR] Engine creating Entity (Internal)
[22:46:49.260] [info] [CPP ECS] FromJson - Adding component 'Transform' to entity 'rightSand'
[22:46:49.260] [info] [CPP ECS] FromJson - Adding component 'Variables' to entity 'rightSand'
[22:46:49.261] [info] [CPP ECS] FromJson - Adding component 'SpriteRenderer' to entity 'rightSand'
[22:46:49.261] [info] [SOURCE_DETECTOR] Engine creating Entity (Internal)
[22:46:49.261] [info] [CPP ECS] FromJson - Adding component 'Transform' to entity 'lock'
[22:46:49.261] [info] [CPP ECS] FromJson - Adding component 'Variables' to entity 'lock'
[22:46:49.261] [info] [CPP ECS] FromJson - Adding component 'SpriteRenderer' to entity 'lock'
[22:46:49.262] [info] [CPP ECS] FromJson - Adding component 'Transform' to entity 'lock'
[22:46:49.262] [info] [CPP ECS] FromJson - Adding component 'SpriteRenderer' to entity 'lock'
[22:46:49.262] [info] [SOURCE_DETECTOR] Engine creating Entity (Internal)
[22:46:49.262] [info] [CPP ECS] FromJson - Adding component 'Transform' to entity 'lock'
[22:46:49.262] [info] [CPP ECS] FromJson - Adding component 'Variables' to entity 'lock'
[22:46:49.263] [info] [CPP ECS] FromJson - Adding component 'SpriteRenderer' to entity 'lock'
[22:46:49.263] [info] [CPP ECS] FromJson - Adding component 'Transform' to entity 'lock'
[22:46:49.263] [info] [CPP ECS] FromJson - Adding component 'SpriteRenderer' to entity 'lock'
[22:46:49.263] [info] [SOURCE_DETECTOR] Engine creating Entity (Internal)
[22:46:49.263] [info] [CPP ECS] FromJson - Adding component 'Transform' to entity 'seaweed'
[22:46:49.263] [info] [CPP ECS] FromJson - Adding component 'Variables' to entity 'seaweed'
[22:46:49.264] [info] [CPP ECS] FromJson - Adding component 'SpriteRenderer' to entity 'seaweed'
[22:46:49.264] [info] [CPP ECS] FromJson - Adding component 'Script' to entity 'seaweed'
[22:46:49.264] [info] [CPP ECS] FromJson - Adding component 'Transform' to entity 'seaweed'
[22:46:49.264] [info] [CPP ECS] FromJson - Adding component 'Variables' to entity 'seaweed'
[22:46:49.264] [info] [SOURCE_DETECTOR] Engine creating Entity (Internal)
[22:46:49.265] [info] [CPP ECS] FromJson - Adding component 'Transform' to entity 'seaweed'
[22:46:49.265] [info] [CPP ECS] FromJson - Adding component 'Variables' to entity 'seaweed'
[22:46:49.265] [info] [CPP ECS] FromJson - Adding component 'SpriteRenderer' to entity 'seaweed'
[22:46:49.265] [info] [CPP ECS] FromJson - Adding component 'Script' to entity 'seaweed'
[22:46:49.265] [info] [CPP ECS] FromJson - Adding component 'Transform' to entity 'seaweed'
[22:46:49.265] [info] [CPP ECS] FromJson - Adding component 'Variables' to entity 'seaweed'
[22:46:49.266] [info] [SOURCE_DETECTOR] Engine creating Entity (Internal)
[22:46:49.266] [info] [CPP ECS] FromJson - Adding component 'Transform' to entity 'seaweed'
[22:46:49.266] [info] [CPP ECS] FromJson - Adding component 'Variables' to entity 'seaweed'
[22:46:49.266] [info] [CPP ECS] FromJson - Adding component 'SpriteRenderer' to entity 'seaweed'
[22:46:49.266] [info] [CPP ECS] FromJson - Adding component 'Script' to entity 'seaweed'
[22:46:49.266] [info] [CPP ECS] FromJson - Adding component 'Transform' to entity 'seaweed'
[22:46:49.267] [info] [CPP ECS] FromJson - Adding component 'Variables' to entity 'seaweed'
[22:46:49.267] [info] [SOURCE_DETECTOR] Engine creating Entity (Internal)
[22:46:49.267] [info] [CPP ECS] FromJson - Adding component 'BGMPlayer' to entity 'BGMPlayer'
[22:46:49.267] [info] [CPP ECS] FromJson - Adding component 'Transform' to entity 'BGMPlayer'
[22:46:49.267] [info] [CPP ECS] FromJson - Adding component 'Variables' to entity 'BGMPlayer'
[22:46:49.268] [info] [SOURCE_DETECTOR] Engine creating Entity (Internal)
[22:46:49.268] [info] [CPP ECS] FromJson - Adding component 'Transform' to entity 'GameOverUI'
[22:46:49.268] [info] [CPP ECS] FromJson - Adding component 'Variables' to entity 'GameOverUI'
[22:46:49.268] [info] [SOURCE_DETECTOR] Engine creating Entity (Internal)
[22:46:49.268] [info] [CPP ECS] FromJson - Adding component 'Transform' to entity 'Group_0'
[22:46:49.268] [info] [CPP ECS] FromJson - Adding component 'Variables' to entity 'Group_0'
[22:46:49.269] [info] [CPP ECS] FromJson - Adding component 'UIGroupComponent' to entity 'Group_0'
[22:46:49.269] [info] [SOURCE_DETECTOR] Engine creating Entity (Internal)
[22:46:49.269] [info] [CPP ECS] FromJson - Adding component 'UIElementComponent' to entity 'main-menu'
[22:46:49.269] [info] [CPP ECS] FromJson - Adding component 'Transform' to entity 'main-menu'
[22:46:49.269] [info] [CPP ECS] FromJson - Adding component 'Variables' to entity 'main-menu'
[22:46:49.269] [info] [CPP ECS] FromJson - Adding component 'Script' to entity 'main-menu'
[22:46:49.270] [info] [CPP ECS] FromJson - Adding component 'UILinkNavigationComponent' to entity 'main-menu'
[22:46:49.270] [info] [CPP ECS] FromJson - Adding component 'TextRenderer' to entity 'main-menu'
[22:46:49.270] [info] [SOURCE_DETECTOR] Engine creating Entity (Internal)
[22:46:49.270] [info] [CPP ECS] FromJson - Adding component 'UIElementComponent' to entity 'restart'
[22:46:49.270] [info] [CPP ECS] FromJson - Adding component 'Transform' to entity 'restart'
[22:46:49.271] [info] [CPP ECS] FromJson - Adding component 'Variables' to entity 'restart'
[22:46:49.271] [info] [CPP ECS] FromJson - Adding component 'Script' to entity 'restart'
[22:46:49.271] [info] [CPP ECS] FromJson - Adding component 'UILinkNavigationComponent' to entity 'restart'
[22:46:49.271] [info] [CPP ECS] FromJson - Adding component 'TextRenderer' to entity 'restart'
[22:46:49.271] [info] [SOURCE_DETECTOR] Engine creating Entity (Internal)
[22:46:49.272] [info] [CPP ECS] FromJson - Adding component 'UIElementComponent' to entity 'exit-game'
[22:46:49.272] [info] [CPP ECS] FromJson - Adding component 'Transform' to entity 'exit-game'
[22:46:49.272] [info] [CPP ECS] FromJson - Adding component 'Variables' to entity 'exit-game'
[22:46:49.272] [info] [CPP ECS] FromJson - Adding component 'Script' to entity 'exit-game'
[22:46:49.272] [info] [CPP ECS] FromJson - Adding component 'UILinkNavigationComponent' to entity 'exit-game'
[22:46:49.273] [info] [CPP ECS] FromJson - Adding component 'TextRenderer' to entity 'exit-game'
[22:46:49.273] [info] [SOURCE_DETECTOR] Engine creating Entity (Internal)
[22:46:49.273] [info] [CPP ECS] FromJson - Adding component 'UIElementComponent' to entity 'Element_4'
[22:46:49.273] [info] [CPP ECS] FromJson - Adding component 'Transform' to entity 'Element_4'
[22:46:49.273] [info] [CPP ECS] FromJson - Adding component 'Variables' to entity 'Element_4'
[22:46:49.273] [info] [CPP ECS] FromJson - Adding component 'UILinkNavigationComponent' to entity 'Element_4'
[22:46:49.274] [info] [CPP ECS] FromJson - Adding component 'TextRenderer' to entity 'Element_4'
[22:46:49.274] [info] [CPP ECS] FromJson - Adding component 'Script' to entity 'Element_4'
[22:46:49.275] [info] Successfully synced initial components to C# for group: GameOverScene
[22:46:49.276] [info] [MonoDbg] AddEntityToScript - Instantiating and adding script: SpriteAnimation to Entity ID: 12
[22:46:49.276] [info] [SetScriptVars] OK setting fields for: SpriteAnimation
[22:46:49.276] [info] [MonoDbg] AddEntityToScript - Syncing serialized fields for script: SpriteAnimation
[22:46:49.276] [info] [SetScriptVars] OK setting fields for: SpriteAnimation
[22:46:49.276] [info] [MonoDbg] AddEntityToScript - Instantiating and adding script: SpriteAnimation to Entity ID: 13
[22:46:49.277] [info] [SetScriptVars] OK setting fields for: SpriteAnimation
[22:46:49.277] [info] [MonoDbg] AddEntityToScript - Syncing serialized fields for script: SpriteAnimation
[22:46:49.277] [info] [SetScriptVars] OK setting fields for: SpriteAnimation
[22:46:49.277] [info] [MonoDbg] AddEntityToScript - Instantiating and adding script: SpriteAnimation to Entity ID: 16
[22:46:49.278] [info] [SetScriptVars] OK setting fields for: SpriteAnimation
[22:46:49.278] [info] [MonoDbg] AddEntityToScript - Syncing serialized fields for script: SpriteAnimation
[22:46:49.278] [info] [SetScriptVars] OK setting fields for: SpriteAnimation
[22:46:49.278] [info] [MonoDbg] AddEntityToScript - Instantiating and adding script: SpriteAnimation to Entity ID: 20
[22:46:49.278] [info] [SetScriptVars] OK setting fields for: SpriteAnimation
[22:46:49.278] [info] [MonoDbg] AddEntityToScript - Syncing serialized fields for script: SpriteAnimation
[22:46:49.279] [info] [SetScriptVars] OK setting fields for: SpriteAnimation
[22:46:49.279] [info] [MonoDbg] AddEntityToScript - Instantiating and adding script: SpriteAnimation to Entity ID: 21
[22:46:49.279] [info] [SetScriptVars] OK setting fields for: SpriteAnimation
[22:46:49.279] [info] [MonoDbg] AddEntityToScript - Syncing serialized fields for script: SpriteAnimation
[22:46:49.279] [info] [SetScriptVars] OK setting fields for: SpriteAnimation
[22:46:49.280] [info] [MonoDbg] AddEntityToScript - Instantiating and adding script: SpriteAnimation to Entity ID: 22
[22:46:49.280] [info] [SetScriptVars] OK setting fields for: SpriteAnimation
[22:46:49.280] [info] [MonoDbg] AddEntityToScript - Syncing serialized fields for script: SpriteAnimation
[22:46:49.280] [info] [SetScriptVars] OK setting fields for: SpriteAnimation
[22:46:49.281] [info] [MonoDbg] AddEntityToScript - Instantiating and adding script: ClearBackMainMenu to Entity ID: 26
[22:46:49.281] [info] [SetScriptVars] OK setting fields for: ClearBackMainMenu
[22:46:49.282] [info] [MonoDbg] AddEntityToScript - Syncing serialized fields for script: ClearBackMainMenu
[22:46:49.282] [info] [SetScriptVars] OK setting fields for: ClearBackMainMenu
[22:46:49.282] [info] [MonoDbg] AddEntityToScript - Instantiating and adding script: ClearRestart to Entity ID: 27
[22:46:49.282] [info] [SetScriptVars] OK setting fields for: ClearRestart
[22:46:49.283] [info] [MonoDbg] AddEntityToScript - Syncing serialized fields for script: ClearRestart
[22:46:49.283] [info] [SetScriptVars] OK setting fields for: ClearRestart
[22:46:49.283] [info] [MonoDbg] AddEntityToScript - Instantiating and adding script: ClearExitGame to Entity ID: 28
[22:46:49.283] [info] [SetScriptVars] OK setting fields for: ClearExitGame
[22:46:49.284] [info] [MonoDbg] AddEntityToScript - Syncing serialized fields for script: ClearExitGame
[22:46:49.284] [info] [SetScriptVars] OK setting fields for: ClearExitGame
[22:46:49.284] [info] [MonoDbg] AddEntityToScript - Instantiating and adding script: GameOver_RestartCheckpoint to Entity ID: 29
[22:46:49.284] [info] [SetScriptVars] OK setting fields for: GameOver_RestartCheckpoint
[22:46:49.284] [info] [MonoDbg] AddEntityToScript - Syncing serialized fields for script: GameOver_RestartCheckpoint
[22:46:49.285] [info] [SetScriptVars] OK setting fields for: GameOver_RestartCheckpoint
[22:46:49.286] [error] Script component not found for Entity ID: 25
[22:46:49.287] [error] Script component not found for Entity ID: 25
[22:46:49.287] [error] Script component not found for Entity ID: 25
[22:46:49.287] [error] Script component not found for Entity ID: 25
[22:46:49.287] [info] [UI Hierarchy] Resolved element 'main-menu' parent group via GUID: 'Group_0'
[22:46:49.288] [info] [UI Hierarchy] Resolved element 'restart' parent group via GUID: 'Group_0'
[22:46:49.288] [info] [UI Hierarchy] Resolved element 'exit-game' parent group via GUID: 'Group_0'
[22:46:49.288] [info] [UI Hierarchy] Resolved element 'Element_4' parent group via GUID: 'Group_0'
[22:46:49.288] [info] [UI Hierarchy] Resolved currentSelected: 'main-menu' (GUID: 65a491989ee384a190cda3254c7ebb17) for Group 'Group_0'
[22:46:49.288] [info] Script ClearBackMainMenu enable set to 1
[22:46:49.289] [info] Script ClearRestart enable set to 1
[22:46:49.289] [info] Script ClearExitGame enable set to 1
[22:46:49.289] [info] Script GameOver_RestartCheckpoint enable set to 1
[22:46:49.289] [info] [UI Hierarchy] Guessing prefab name from root entity name: 'GameOverUI' -> 'GameOverUI.prefab'
[22:46:49.289] [info] [UI Navigation] Group 'Group_0' gained focus. Initial selection: 'main-menu' (GUID: 65a491989ee384a190cda3254c7ebb17)
[22:46:49.290] [info] [UI Navigation] Focus Change: Group='Group_0', OldSelected='None', NewSelected='main-menu'
[22:46:49.290] [info] [UI Navigation]   -> Calling OnSelect() on 'main-menu' (Script: 'ClearBackMainMenu')
[22:46:49.325] [info] [RenderingCollection] IsEnableCamera: Camera ViewProjection is not ready
[22:46:49.326] [warning] [RenderingFramework] Skipping group: GameOverScene (Camera is Projection Failed)
[22:46:49.328] [info] [UI Hierarchy] Guessing prefab name from root entity name: 'GameOverUI' -> 'GameOverUI.prefab'
[22:46:49.329] [error] Script component not found for Entity ID: 25
[22:46:49.330] [error] Script component not found for Entity ID: 25
[22:46:49.330] [error] Script component not found for Entity ID: 25
[22:46:49.331] [error] Script component not found for Entity ID: 25
[22:46:49.331] [info] [UI Hierarchy] Guessing prefab name from root entity name: 'GameOverUI' -> 'GameOverUI.prefab'
[22:46:49.336] [info] dx depth stencil create success!!
[22:46:49.342] [info] [RenderingFramework] Drawing group: GameOverScene | Index: 0 | groupRenderTex: 3054757472720 | colorResource: 3054438152848 | ClearColor: (0.100000, 0.250000, 0.500000, 1.000000)
[22:46:49.351] [info] [UI Hierarchy] Guessing prefab name from root entity name: 'GameOverUI' -> 'GameOverUI.prefab'
[22:46:49.351] [error] Script component not found for Entity ID: 25
[22:46:49.351] [error] Script component not found for Entity ID: 25
[22:46:49.352] [error] Script component not found for Entity ID: 25
[22:46:49.352] [error] Script component not found for Entity ID: 25
[22:46:49.352] [info] [UI Hierarchy] Guessing prefab name from root entity name: 'GameOverUI' -> 'GameOverUI.prefab'
[22:46:49.359] [info] [UI Hierarchy] Guessing prefab name from root entity name: 'GameOverUI' -> 'GameOverUI.prefab'
[22:46:49.359] [error] Script component not found for Entity ID: 25
[22:46:49.359] [error] Script component not found for Entity ID: 25
[22:46:49.360] [error] Script component not found for Entity ID: 25
[22:46:49.360] [error] Script component not found for Entity ID: 25
[22:46:49.360] [info] [UI Hierarchy] Guessing prefab name from root entity name: 'GameOverUI' -> 'GameOverUI.prefab'
[22:46:49.367] [info] [UI Hierarchy] Guessing prefab name from root entity name: 'GameOverUI' -> 'GameOverUI.prefab'
[22:46:49.367] [error] Script component not found for Entity ID: 25
[22:46:49.368] [error] Script component not found for Entity ID: 25
[22:46:49.368] [error] Script component not found for Entity ID: 25
[22:46:49.368] [error] Script component not found for Entity ID: 25
[22:46:49.368] [info] [UI Hierarchy] Guessing prefab name from root entity name: 'GameOverUI' -> 'GameOverUI.prefab'
[22:46:49.375] [info] [UI Hierarchy] Guessing prefab name from root entity name: 'GameOverUI' -> 'GameOverUI.prefab'
[22:46:49.375] [error] Script component not found for Entity ID: 25
[22:46:49.375] [error] Script component not found for Entity ID: 25
[22:46:49.376] [error] Script component not found for Entity ID: 25
[22:46:49.376] [error] Script component not found for Entity ID: 25
[22:46:49.376] [info] [UI Hierarchy] Guessing prefab name from root entity name: 'GameOverUI' -> 'GameOverUI.prefab'
[22:46:49.388] [info] [UI Hierarchy] Guessing prefab name from root entity name: 'GameOverUI' -> 'GameOverUI.prefab'
[22:46:49.388] [error] Script component not found for Entity ID: 25
[22:46:49.388] [error] Script component not found for Entity ID: 25
[22:46:49.389] [error] Script component not found for Entity ID: 25
[22:46:49.389] [error] Script component not found for Entity ID: 25
[22:46:49.389] [info] [UI Hierarchy] Guessing prefab name from root entity name: 'GameOverUI' -> 'GameOverUI.prefab'
[22:46:49.404] [info] [UI Hierarchy] Guessing prefab name from root entity name: 'GameOverUI' -> 'GameOverUI.prefab'
[22:46:49.405] [error] Script component not found for Entity ID: 25
[22:46:49.405] [error] Script component not found for Entity ID: 25
[22:46:49.405] [error] Script component not found for Entity ID: 25
[22:46:49.405] [error] Script component not found for Entity ID: 25
[22:46:49.406] [info] [UI Hierarchy] Guessing prefab name from root entity name: 'GameOverUI' -> 'GameOverUI.prefab'
[22:46:49.421] [info] [UI Hierarchy] Guessing prefab name from root entity name: 'GameOverUI' -> 'GameOverUI.prefab'
[22:46:49.421] [error] Script component not found for Entity ID: 25
[22:46:49.422] [error] Script component not found for Entity ID: 25
[22:46:49.422] [error] Script component not found for Entity ID: 25
[22:46:49.422] [error] Script component not found for Entity ID: 25
[22:46:49.422] [info] [UI Hierarchy] Guessing prefab name from root entity name: 'GameOverUI' -> 'GameOverUI.prefab'
[22:46:49.438] [info] [UI Hierarchy] Guessing prefab name from root entity name: 'GameOverUI' -> 'GameOverUI.prefab'
[22:46:49.438] [error] Script component not found for Entity ID: 25
[22:46:49.438] [error] Script component not found for Entity ID: 25
[22:46:49.439] [error] Script component not found for Entity ID: 25
[22:46:49.439] [error] Script component not found for Entity ID: 25
[22:46:49.439] [info] [UI Hierarchy] Guessing prefab name from root entity name: 'GameOverUI' -> 'GameOverUI.prefab'
[22:46:49.454] [info] [UI Hierarchy] Guessing prefab name from root entity name: 'GameOverUI' -> 'GameOverUI.prefab'
[22:46:49.455] [error] Script component not found for Entity ID: 25
[22:46:49.455] [error] Script component not found for Entity ID: 25
[22:46:49.455] [error] Script component not found for Entity ID: 25
[22:46:49.455] [error] Script component not found for Entity ID: 25
[22:46:49.456] [info] [UI Hierarchy] Guessing prefab name from root entity name: 'GameOverUI' -> 'GameOverUI.prefab'
[22:46:49.471] [info] [UI Hierarchy] Guessing prefab name from root entity name: 'GameOverUI' -> 'GameOverUI.prefab'
[22:46:49.472] [error] Script component not found for Entity ID: 25
[22:46:49.472] [error] Script component not found for Entity ID: 25
[22:46:49.472] [error] Script component not found for Entity ID: 25
[22:46:49.472] [error] Script component not found for Entity ID: 25
[22:46:49.472] [info] [UI Hierarchy] Guessing prefab name from root entity name: 'GameOverUI' -> 'GameOverUI.prefab'
[22:46:49.488] [info] [UI Hierarchy] Guessing prefab name from root entity name: 'GameOverUI' -> 'GameOverUI.prefab'
[22:46:49.488] [error] Script component not found for Entity ID: 25
[22:46:49.489] [error] Script component not found for Entity ID: 25
[22:46:49.489] [error] Script component not found for Entity ID: 25
[22:46:49.489] [error] Script component not found for Entity ID: 25
[22:46:49.489] [info] [UI Hierarchy] Guessing prefab name from root entity name: 'GameOverUI' -> 'GameOverUI.prefab'
[22:46:49.504] [info] [UI Hierarchy] Guessing prefab name from root entity name: 'GameOverUI' -> 'GameOverUI.prefab'
[22:46:49.505] [error] Script component not found for Entity ID: 25
[22:46:49.505] [error] Script component not found for Entity ID: 25
[22:46:49.505] [error] Script component not found for Entity ID: 25
[22:46:49.506] [error] Script component not found for Entity ID: 25
[22:46:49.506] [info] [UI Hierarchy] Guessing prefab name from root entity name: 'GameOverUI' -> 'GameOverUI.prefab'
[22:46:49.521] [info] [UI Hierarchy] Guessing prefab name from root entity name: 'GameOverUI' -> 'GameOverUI.prefab'
[22:46:49.522] [error] Script component not found for Entity ID: 25
[22:46:49.522] [error] Script component not found for Entity ID: 25
[22:46:49.522] [error] Script component not found for Entity ID: 25
[22:46:49.522] [error] Script component not found for Entity ID: 25
[22:46:49.522] [info] [UI Hierarchy] Guessing prefab name from root entity name: 'GameOverUI' -> 'GameOverUI.prefab'
[22:46:49.538] [info] [UI Hierarchy] Guessing prefab name from root entity name: 'GameOverUI' -> 'GameOverUI.prefab'
[22:46:49.539] [error] Script component not found for Entity ID: 25
[22:46:49.539] [error] Script component not found for Entity ID: 25
[22:46:49.539] [error] Script component not found for Entity ID: 25
[22:46:49.540] [error] Script component not found for Entity ID: 25
[22:46:49.540] [info] [UI Hierarchy] Guessing prefab name from root entity name: 'GameOverUI' -> 'GameOverUI.prefab'
[22:46:49.554] [info] [UI Hierarchy] Guessing prefab name from root entity name: 'GameOverUI' -> 'GameOverUI.prefab'
[22:46:49.555] [error] Script component not found for Entity ID: 25
[22:46:49.555] [error] Script component not found for Entity ID: 25
[22:46:49.555] [error] Script component not found for Entity ID: 25
[22:46:49.556] [error] Script component not found for Entity ID: 25
[22:46:49.556] [info] [UI Hierarchy] Guessing prefab name from root entity name: 'GameOverUI' -> 'GameOverUI.prefab'
[22:46:49.571] [info] [UI Hierarchy] Guessing prefab name from root entity name: 'GameOverUI' -> 'GameOverUI.prefab'
[22:46:49.572] [error] Script component not found for Entity ID: 25
[22:46:49.572] [error] Script component not found for Entity ID: 25
[22:46:49.572] [error] Script component not found for Entity ID: 25
[22:46:49.572] [error] Script component not found for Entity ID: 25
[22:46:49.573] [info] [UI Hierarchy] Guessing prefab name from root entity name: 'GameOverUI' -> 'GameOverUI.prefab'
[22:46:49.588] [info] [UI Hierarchy] Guessing prefab name from root entity name: 'GameOverUI' -> 'GameOverUI.prefab'
[22:46:49.589] [error] Script component not found for Entity ID: 25
[22:46:49.589] [error] Script component not found for Entity ID: 25
[22:46:49.589] [error] Script component not found for Entity ID: 25
[22:46:49.589] [error] Script component not found for Entity ID: 25
[22:46:49.589] [info] [UI Hierarchy] Guessing prefab name from root entity name: 'GameOverUI' -> 'GameOverUI.prefab'
[22:46:49.604] [info] [UI Hierarchy] Guessing prefab name from root entity name: 'GameOverUI' -> 'GameOverUI.prefab'
[22:46:49.605] [error] Script component not found for Entity ID: 25
[22:46:49.605] [error] Script component not found for Entity ID: 25
[22:46:49.605] [error] Script component not found for Entity ID: 25
[22:46:49.605] [error] Script component not found for Entity ID: 25
[22:46:49.606] [info] [UI Hierarchy] Guessing prefab name from root entity name: 'GameOverUI' -> 'GameOverUI.prefab'
[22:46:49.621] [info] [UI Hierarchy] Guessing prefab name from root entity name: 'GameOverUI' -> 'GameOverUI.prefab'
[22:46:49.622] [error] Script component not found for Entity ID: 25
[22:46:49.622] [error] Script component not found for Entity ID: 25
[22:46:49.622] [error] Script component not found for Entity ID: 25
[22:46:49.622] [error] Script component not found for Entity ID: 25
[22:46:49.622] [info] [UI Hierarchy] Guessing prefab name from root entity name: 'GameOverUI' -> 'GameOverUI.prefab'
[22:46:49.638] [info] [UI Hierarchy] Guessing prefab name from root entity name: 'GameOverUI' -> 'GameOverUI.prefab'
[22:46:49.638] [error] Script component not found for Entity ID: 25
[22:46:49.638] [error] Script component not found for Entity ID: 25
[22:46:49.638] [error] Script component not found for Entity ID: 25
[22:46:49.639] [error] Script component not found for Entity ID: 25
[22:46:49.639] [info] [UI Hierarchy] Guessing prefab name from root entity name: 'GameOverUI' -> 'GameOverUI.prefab'
[22:46:49.654] [info] [UI Hierarchy] Guessing prefab name from root entity name: 'GameOverUI' -> 'GameOverUI.prefab'
[22:46:49.655] [error] Script component not found for Entity ID: 25
[22:46:49.655] [error] Script component not found for Entity ID: 25
[22:46:49.655] [error] Script component not found for Entity ID: 25
[22:46:49.656] [error] Script component not found for Entity ID: 25
[22:46:49.656] [info] [UI Hierarchy] Guessing prefab name from root entity name: 'GameOverUI' -> 'GameOverUI.prefab'
[22:46:49.672] [info] [UI Hierarchy] Guessing prefab name from root entity name: 'GameOverUI' -> 'GameOverUI.prefab'
[22:46:49.672] [error] Script component not found for Entity ID: 25
[22:46:49.672] [error] Script component not found for Entity ID: 25
[22:46:49.673] [error] Script component not found for Entity ID: 25
[22:46:49.673] [error] Script component not found for Entity ID: 25
[22:46:49.673] [info] [UI Hierarchy] Guessing prefab name from root entity name: 'GameOverUI' -> 'GameOverUI.prefab'
[22:46:49.689] [info] [UI Hierarchy] Guessing prefab name from root entity name: 'GameOverUI' -> 'GameOverUI.prefab'
[22:46:49.689] [error] Script component not found for Entity ID: 25
[22:46:49.690] [error] Script component not found for Entity ID: 25
[22:46:49.690] [error] Script component not found for Entity ID: 25
[22:46:49.690] [error] Script component not found for Entity ID: 25
[22:46:49.690] [info] [UI Hierarchy] Guessing prefab name from root entity name: 'GameOverUI' -> 'GameOverUI.prefab'
[22:46:49.705] [info] [UI Hierarchy] Guessing prefab name from root entity name: 'GameOverUI' -> 'GameOverUI.prefab'
[22:46:49.706] [error] Script component not found for Entity ID: 25
[22:46:49.706] [error] Script component not found for Entity ID: 25
[22:46:49.706] [error] Script component not found for Entity ID: 25
[22:46:49.707] [error] Script component not found for Entity ID: 25
[22:46:49.707] [info] [UI Hierarchy] Guessing prefab name from root entity name: 'GameOverUI' -> 'GameOverUI.prefab'
[22:46:49.721] [info] [UI Hierarchy] Guessing prefab name from root entity name: 'GameOverUI' -> 'GameOverUI.prefab'
[22:46:49.722] [error] Script component not found for Entity ID: 25
[22:46:49.722] [error] Script component not found for Entity ID: 25
[22:46:49.722] [error] Script component not found for Entity ID: 25
[22:46:49.722] [error] Script component not found for Entity ID: 25
[22:46:49.723] [info] [UI Hierarchy] Guessing prefab name from root entity name: 'GameOverUI' -> 'GameOverUI.prefab'
[22:46:49.738] [info] [UI Hierarchy] Guessing prefab name from root entity name: 'GameOverUI' -> 'GameOverUI.prefab'
[22:46:49.739] [error] Script component not found for Entity ID: 25
[22:46:49.739] [error] Script component not found for Entity ID: 25
[22:46:49.739] [error] Script component not found for Entity ID: 25
[22:46:49.739] [error] Script component not found for Entity ID: 25
[22:46:49.740] [info] [UI Hierarchy] Guessing prefab name from root entity name: 'GameOverUI' -> 'GameOverUI.prefab'
[22:46:49.755] [info] [UI Hierarchy] Guessing prefab name from root entity name: 'GameOverUI' -> 'GameOverUI.prefab'
[22:46:49.756] [error] Script component not found for Entity ID: 25
[22:46:49.756] [error] Script component not found for Entity ID: 25
[22:46:49.756] [error] Script component not found for Entity ID: 25
[22:46:49.756] [error] Script component not found for Entity ID: 25
[22:46:49.756] [info] [UI Hierarchy] Guessing prefab name from root entity name: 'GameOverUI' -> 'GameOverUI.prefab'
[22:46:49.772] [info] [UI Hierarchy] Guessing prefab name from root entity name: 'GameOverUI' -> 'GameOverUI.prefab'
[22:46:49.772] [error] Script component not found for Entity ID: 25
[22:46:49.772] [error] Script component not found for Entity ID: 25
[22:46:49.772] [error] Script component not found for Entity ID: 25
[22:46:49.773] [error] Script component not found for Entity ID: 25
[22:46:49.773] [info] [UI Hierarchy] Guessing prefab name from root entity name: 'GameOverUI' -> 'GameOverUI.prefab'
[22:46:49.788] [info] [UI Hierarchy] Guessing prefab name from root entity name: 'GameOverUI' -> 'GameOverUI.prefab'
[22:46:49.789] [error] Script component not found for Entity ID: 25
[22:46:49.789] [error] Script component not found for Entity ID: 25
[22:46:49.790] [error] Script component not found for Entity ID: 25
[22:46:49.790] [error] Script component not found for Entity ID: 25
[22:46:49.790] [info] [UI Hierarchy] Guessing prefab name from root entity name: 'GameOverUI' -> 'GameOverUI.prefab'
[22:46:49.805] [info] [UI Hierarchy] Guessing prefab name from root entity name: 'GameOverUI' -> 'GameOverUI.prefab'
[22:46:49.806] [error] Script component not found for Entity ID: 25
[22:46:49.806] [error] Script component not found for Entity ID: 25
[22:46:49.806] [error] Script component not found for Entity ID: 25
[22:46:49.806] [error] Script component not found for Entity ID: 25
[22:46:49.807] [info] [UI Hierarchy] Guessing prefab name from root entity name: 'GameOverUI' -> 'GameOverUI.prefab'
[22:46:49.822] [info] [UI Hierarchy] Guessing prefab name from root entity name: 'GameOverUI' -> 'GameOverUI.prefab'
[22:46:49.823] [error] Script component not found for Entity ID: 25
[22:46:49.823] [error] Script component not found for Entity ID: 25
[22:46:49.823] [error] Script component not found for Entity ID: 25
[22:46:49.824] [error] Script component not found for Entity ID: 25
[22:46:49.824] [info] [UI Hierarchy] Guessing prefab name from root entity name: 'GameOverUI' -> 'GameOverUI.prefab'
[22:46:49.838] [info] [UI Hierarchy] Guessing prefab name from root entity name: 'GameOverUI' -> 'GameOverUI.prefab'
[22:46:49.839] [error] Script component not found for Entity ID: 25
[22:46:49.839] [error] Script component not found for Entity ID: 25
[22:46:49.839] [error] Script component not found for Entity ID: 25
[22:46:49.839] [error] Script component not found for Entity ID: 25
[22:46:49.840] [info] [UI Hierarchy] Guessing prefab name from root entity name: 'GameOverUI' -> 'GameOverUI.prefab'
[22:46:49.854] [info] [UI Hierarchy] Guessing prefab name from root entity name: 'GameOverUI' -> 'GameOverUI.prefab'
[22:46:49.855] [error] Script component not found for Entity ID: 25
[22:46:49.855] [error] Script component not found for Entity ID: 25
[22:46:49.855] [error] Script component not found for Entity ID: 25
[22:46:49.856] [error] Script component not found for Entity ID: 25
[22:46:49.856] [info] [UI Hierarchy] Guessing prefab name from root entity name: 'GameOverUI' -> 'GameOverUI.prefab'
[22:46:49.871] [info] [UI Hierarchy] Guessing prefab name from root entity name: 'GameOverUI' -> 'GameOverUI.prefab'
[22:46:49.872] [error] Script component not found for Entity ID: 25
[22:46:49.872] [error] Script component not found for Entity ID: 25
[22:46:49.872] [error] Script component not found for Entity ID: 25
[22:46:49.872] [error] Script component not found for Entity ID: 25
[22:46:49.872] [info] [UI Hierarchy] Guessing prefab name from root entity name: 'GameOverUI' -> 'GameOverUI.prefab'
[22:46:49.888] [info] [UI Hierarchy] Guessing prefab name from root entity name: 'GameOverUI' -> 'GameOverUI.prefab'
[22:46:49.889] [error] Script component not found for Entity ID: 25
[22:46:49.889] [error] Script component not found for Entity ID: 25
[22:46:49.889] [error] Script component not found for Entity ID: 25
[22:46:49.889] [error] Script component not found for Entity ID: 25
[22:46:49.889] [info] [UI Hierarchy] Guessing prefab name from root entity name: 'GameOverUI' -> 'GameOverUI.prefab'
[22:46:49.905] [info] [UI Hierarchy] Guessing prefab name from root entity name: 'GameOverUI' -> 'GameOverUI.prefab'
[22:46:49.905] [error] Script component not found for Entity ID: 25
[22:46:49.905] [error] Script component not found for Entity ID: 25
[22:46:49.906] [error] Script component not found for Entity ID: 25
[22:46:49.906] [error] Script component not found for Entity ID: 25
[22:46:49.906] [info] [UI Hierarchy] Guessing prefab name from root entity name: 'GameOverUI' -> 'GameOverUI.prefab'
[22:46:49.921] [info] [UI Hierarchy] Guessing prefab name from root entity name: 'GameOverUI' -> 'GameOverUI.prefab'
[22:46:49.922] [error] Script component not found for Entity ID: 25
[22:46:49.922] [error] Script component not found for Entity ID: 25
[22:46:49.922] [error] Script component not found for Entity ID: 25
[22:46:49.922] [error] Script component not found for Entity ID: 25
[22:46:49.923] [info] [UI Hierarchy] Guessing prefab name from root entity name: 'GameOverUI' -> 'GameOverUI.prefab'
[22:46:49.938] [info] [UI Hierarchy] Guessing prefab name from root entity name: 'GameOverUI' -> 'GameOverUI.prefab'
[22:46:49.938] [error] Script component not found for Entity ID: 25
[22:46:49.938] [error] Script component not found for Entity ID: 25
[22:46:49.939] [error] Script component not found for Entity ID: 25
[22:46:49.939] [error] Script component not found for Entity ID: 25
[22:46:49.939] [info] [UI Hierarchy] Guessing prefab name from root entity name: 'GameOverUI' -> 'GameOverUI.prefab'
[22:46:49.955] [info] [UI Hierarchy] Guessing prefab name from root entity name: 'GameOverUI' -> 'GameOverUI.prefab'
[22:46:49.955] [error] Script component not found for Entity ID: 25
[22:46:49.955] [error] Script component not found for Entity ID: 25
[22:46:49.956] [error] Script component not found for Entity ID: 25
[22:46:49.956] [error] Script component not found for Entity ID: 25
[22:46:49.956] [info] [UI Hierarchy] Guessing prefab name from root entity name: 'GameOverUI' -> 'GameOverUI.prefab'
[22:46:49.972] [info] [UI Hierarchy] Guessing prefab name from root entity name: 'GameOverUI' -> 'GameOverUI.prefab'
[22:46:49.972] [error] Script component not found for Entity ID: 25
[22:46:49.972] [error] Script component not found for Entity ID: 25
[22:46:49.973] [error] Script component not found for Entity ID: 25
[22:46:49.973] [error] Script component not found for Entity ID: 25
[22:46:49.973] [info] [UI Hierarchy] Guessing prefab name from root entity name: 'GameOverUI' -> 'GameOverUI.prefab'
[22:46:49.989] [info] [UI Hierarchy] Guessing prefab name from root entity name: 'GameOverUI' -> 'GameOverUI.prefab'
[22:46:49.989] [error] Script component not found for Entity ID: 25
[22:46:49.989] [error] Script component not found for Entity ID: 25
[22:46:49.990] [error] Script component not found for Entity ID: 25
[22:46:49.990] [error] Script component not found for Entity ID: 25
[22:46:49.990] [info] [UI Hierarchy] Guessing prefab name from root entity name: 'GameOverUI' -> 'GameOverUI.prefab'
[22:46:50.005] [info] [UI Hierarchy] Guessing prefab name from root entity name: 'GameOverUI' -> 'GameOverUI.prefab'
[22:46:50.006] [error] Script component not found for Entity ID: 25
[22:46:50.006] [error] Script component not found for Entity ID: 25
[22:46:50.006] [error] Script component not found for Entity ID: 25
[22:46:50.006] [error] Script component not found for Entity ID: 25
[22:46:50.006] [info] [UI Hierarchy] Guessing prefab name from root entity name: 'GameOverUI' -> 'GameOverUI.prefab'
[22:46:50.022] [info] [UI Hierarchy] Guessing prefab name from root entity name: 'GameOverUI' -> 'GameOverUI.prefab'
[22:46:50.022] [error] Script component not found for Entity ID: 25
[22:46:50.022] [error] Script component not found for Entity ID: 25
[22:46:50.022] [error] Script component not found for Entity ID: 25
[22:46:50.023] [error] Script component not found for Entity ID: 25
[22:46:50.023] [info] [UI Hierarchy] Guessing prefab name from root entity name: 'GameOverUI' -> 'GameOverUI.prefab'
[22:46:50.038] [info] [UI Hierarchy] Guessing prefab name from root entity name: 'GameOverUI' -> 'GameOverUI.prefab'
[22:46:50.039] [error] Script component not found for Entity ID: 25
[22:46:50.039] [error] Script component not found for Entity ID: 25
[22:46:50.039] [error] Script component not found for Entity ID: 25
[22:46:50.040] [error] Script component not found for Entity ID: 25
[22:46:50.040] [info] [UI Hierarchy] Guessing prefab name from root entity name: 'GameOverUI' -> 'GameOverUI.prefab'
[22:46:50.055] [info] [UI Hierarchy] Guessing prefab name from root entity name: 'GameOverUI' -> 'GameOverUI.prefab'
[22:46:50.055] [error] Script component not found for Entity ID: 25
[22:46:50.056] [error] Script component not found for Entity ID: 25
[22:46:50.056] [error] Script component not found for Entity ID: 25
[22:46:50.056] [error] Script component not found for Entity ID: 25
[22:46:50.056] [info] [UI Hierarchy] Guessing prefab name from root entity name: 'GameOverUI' -> 'GameOverUI.prefab'
[22:46:50.072] [info] [UI Hierarchy] Guessing prefab name from root entity name: 'GameOverUI' -> 'GameOverUI.prefab'
[22:46:50.072] [error] Script component not found for Entity ID: 25
[22:46:50.073] [error] Script component not found for Entity ID: 25
[22:46:50.073] [error] Script component not found for Entity ID: 25
[22:46:50.073] [error] Script component not found for Entity ID: 25
[22:46:50.073] [info] [UI Hierarchy] Guessing prefab name from root entity name: 'GameOverUI' -> 'GameOverUI.prefab'
[22:46:50.089] [info] [UI Hierarchy] Guessing prefab name from root entity name: 'GameOverUI' -> 'GameOverUI.prefab'
[22:46:50.089] [error] Script component not found for Entity ID: 25
[22:46:50.090] [error] Script component not found for Entity ID: 25
[22:46:50.090] [error] Script component not found for Entity ID: 25
[22:46:50.090] [error] Script component not found for Entity ID: 25
[22:46:50.090] [info] [UI Hierarchy] Guessing prefab name from root entity name: 'GameOverUI' -> 'GameOverUI.prefab'
[22:46:50.105] [info] [UI Hierarchy] Guessing prefab name from root entity name: 'GameOverUI' -> 'GameOverUI.prefab'
[22:46:50.106] [error] Script component not found for Entity ID: 25
[22:46:50.106] [error] Script component not found for Entity ID: 25
[22:46:50.106] [error] Script component not found for Entity ID: 25
[22:46:50.106] [error] Script component not found for Entity ID: 25
[22:46:50.107] [info] [UI Hierarchy] Guessing prefab name from root entity name: 'GameOverUI' -> 'GameOverUI.prefab'
[22:46:50.122] [info] [UI Hierarchy] Guessing prefab name from root entity name: 'GameOverUI' -> 'GameOverUI.prefab'
[22:46:50.122] [error] Script component not found for Entity ID: 25
[22:46:50.122] [error] Script component not found for Entity ID: 25
[22:46:50.123] [error] Script component not found for Entity ID: 25
[22:46:50.123] [error] Script component not found for Entity ID: 25
[22:46:50.123] [info] [UI Hierarchy] Guessing prefab name from root entity name: 'GameOverUI' -> 'GameOverUI.prefab'
[22:46:50.138] [info] [UI Hierarchy] Guessing prefab name from root entity name: 'GameOverUI' -> 'GameOverUI.prefab'
[22:46:50.139] [error] Script component not found for Entity ID: 25
[22:46:50.139] [error] Script component not found for Entity ID: 25
[22:46:50.139] [error] Script component not found for Entity ID: 25
[22:46:50.140] [error] Script component not found for Entity ID: 25
[22:46:50.140] [info] [UI Hierarchy] Guessing prefab name from root entity name: 'GameOverUI' -> 'GameOverUI.prefab'
[22:46:50.155] [info] [UI Hierarchy] Guessing prefab name from root entity name: 'GameOverUI' -> 'GameOverUI.prefab'
[22:46:50.156] [error] Script component not found for Entity ID: 25
[22:46:50.156] [error] Script component not found for Entity ID: 25
[22:46:50.156] [error] Script component not found for Entity ID: 25
[22:46:50.156] [error] Script component not found for Entity ID: 25
[22:46:50.156] [info] [UI Hierarchy] Guessing prefab name from root entity name: 'GameOverUI' -> 'GameOverUI.prefab'
[22:46:50.172] [info] [UI Hierarchy] Guessing prefab name from root entity name: 'GameOverUI' -> 'GameOverUI.prefab'
[22:46:50.172] [error] Script component not found for Entity ID: 25
[22:46:50.172] [error] Script component not found for Entity ID: 25
[22:46:50.172] [error] Script component not found for Entity ID: 25
[22:46:50.173] [error] Script component not found for Entity ID: 25
[22:46:50.173] [info] [UI Hierarchy] Guessing prefab name from root entity name: 'GameOverUI' -> 'GameOverUI.prefab'
[22:46:50.188] [info] [UI Hierarchy] Guessing prefab name from root entity name: 'GameOverUI' -> 'GameOverUI.prefab'
[22:46:50.188] [error] Script component not found for Entity ID: 25
[22:46:50.189] [error] Script component not found for Entity ID: 25
[22:46:50.189] [error] Script component not found for Entity ID: 25
[22:46:50.189] [error] Script component not found for Entity ID: 25
[22:46:50.189] [info] [UI Hierarchy] Guessing prefab name from root entity name: 'GameOverUI' -> 'GameOverUI.prefab'
[22:46:50.205] [info] [UI Hierarchy] Guessing prefab name from root entity name: 'GameOverUI' -> 'GameOverUI.prefab'
[22:46:50.205] [error] Script component not found for Entity ID: 25
[22:46:50.205] [error] Script component not found for Entity ID: 25
[22:46:50.206] [error] Script component not found for Entity ID: 25
[22:46:50.206] [error] Script component not found for Entity ID: 25
[22:46:50.206] [info] [UI Hierarchy] Guessing prefab name from root entity name: 'GameOverUI' -> 'GameOverUI.prefab'
[22:46:50.222] [info] [UI Hierarchy] Guessing prefab name from root entity name: 'GameOverUI' -> 'GameOverUI.prefab'
[22:46:50.222] [error] Script component not found for Entity ID: 25
[22:46:50.222] [error] Script component not found for Entity ID: 25
[22:46:50.223] [error] Script component not found for Entity ID: 25
[22:46:50.223] [error] Script component not found for Entity ID: 25
[22:46:50.223] [info] [UI Hierarchy] Guessing prefab name from root entity name: 'GameOverUI' -> 'GameOverUI.prefab'
[22:46:50.238] [info] [UI Hierarchy] Guessing prefab name from root entity name: 'GameOverUI' -> 'GameOverUI.prefab'
[22:46:50.238] [error] Script component not found for Entity ID: 25
[22:46:50.239] [error] Script component not found for Entity ID: 25
[22:46:50.239] [error] Script component not found for Entity ID: 25
[22:46:50.239] [error] Script component not found for Entity ID: 25
[22:46:50.239] [info] [UI Hierarchy] Guessing prefab name from root entity name: 'GameOverUI' -> 'GameOverUI.prefab'
[22:46:50.254] [info] [UI Hierarchy] Guessing prefab name from root entity name: 'GameOverUI' -> 'GameOverUI.prefab'
[22:46:50.255] [error] Script component not found for Entity ID: 25
[22:46:50.255] [error] Script component not found for Entity ID: 25
[22:46:50.255] [error] Script component not found for Entity ID: 25
[22:46:50.256] [error] Script component not found for Entity ID: 25
[22:46:50.256] [info] [UI Hierarchy] Guessing prefab name from root entity name: 'GameOverUI' -> 'GameOverUI.prefab'
[22:46:50.272] [info] [UI Hierarchy] Guessing prefab name from root entity name: 'GameOverUI' -> 'GameOverUI.prefab'
[22:46:50.272] [error] Script component not found for Entity ID: 25
[22:46:50.272] [error] Script component not found for Entity ID: 25
[22:46:50.273] [error] Script component not found for Entity ID: 25
[22:46:50.273] [error] Script component not found for Entity ID: 25
[22:46:50.273] [info] [UI Hierarchy] Guessing prefab name from root entity name: 'GameOverUI' -> 'GameOverUI.prefab'
[22:46:50.288] [info] [UI Hierarchy] Guessing prefab name from root entity name: 'GameOverUI' -> 'GameOverUI.prefab'
[22:46:50.288] [error] Script component not found for Entity ID: 25
[22:46:50.289] [error] Script component not found for Entity ID: 25
[22:46:50.289] [error] Script component not found for Entity ID: 25
[22:46:50.289] [error] Script component not found for Entity ID: 25
[22:46:50.289] [info] [UI Hierarchy] Guessing prefab name from root entity name: 'GameOverUI' -> 'GameOverUI.prefab'
[22:46:50.305] [info] [UI Hierarchy] Guessing prefab name from root entity name: 'GameOverUI' -> 'GameOverUI.prefab'
[22:46:50.305] [error] Script component not found for Entity ID: 25
[22:46:50.305] [error] Script component not found for Entity ID: 25
[22:46:50.306] [error] Script component not found for Entity ID: 25
[22:46:50.306] [error] Script component not found for Entity ID: 25
[22:46:50.306] [info] [UI Hierarchy] Guessing prefab name from root entity name: 'GameOverUI' -> 'GameOverUI.prefab'
[22:46:50.321] [info] [UI Hierarchy] Guessing prefab name from root entity name: 'GameOverUI' -> 'GameOverUI.prefab'
[22:46:50.322] [error] Script component not found for Entity ID: 25
[22:46:50.322] [error] Script component not found for Entity ID: 25
[22:46:50.322] [error] Script component not found for Entity ID: 25
[22:46:50.322] [error] Script component not found for Entity ID: 25
[22:46:50.322] [info] [UI Hierarchy] Guessing prefab name from root entity name: 'GameOverUI' -> 'GameOverUI.prefab'
[22:46:50.338] [info] [UI Hierarchy] Guessing prefab name from root entity name: 'GameOverUI' -> 'GameOverUI.prefab'
[22:46:50.338] [error] Script component not found for Entity ID: 25
[22:46:50.339] [error] Script component not found for Entity ID: 25
[22:46:50.339] [error] Script component not found for Entity ID: 25
[22:46:50.339] [error] Script component not found for Entity ID: 25
[22:46:50.339] [info] [UI Hierarchy] Guessing prefab name from root entity name: 'GameOverUI' -> 'GameOverUI.prefab'
[22:46:50.354] [info] [UI Hierarchy] Guessing prefab name from root entity name: 'GameOverUI' -> 'GameOverUI.prefab'
[22:46:50.355] [error] Script component not found for Entity ID: 25
[22:46:50.355] [error] Script component not found for Entity ID: 25
[22:46:50.355] [error] Script component not found for Entity ID: 25
[22:46:50.356] [error] Script component not found for Entity ID: 25
[22:46:50.356] [info] [UI Hierarchy] Guessing prefab name from root entity name: 'GameOverUI' -> 'GameOverUI.prefab'
[22:46:50.372] [info] [UI Hierarchy] Guessing prefab name from root entity name: 'GameOverUI' -> 'GameOverUI.prefab'
[22:46:50.373] [error] Script component not found for Entity ID: 25
[22:46:50.373] [error] Script component not found for Entity ID: 25
[22:46:50.373] [error] Script component not found for Entity ID: 25
[22:46:50.373] [error] Script component not found for Entity ID: 25
[22:46:50.373] [info] [UI Hierarchy] Guessing prefab name from root entity name: 'GameOverUI' -> 'GameOverUI.prefab'
[22:46:50.388] [info] [UI Hierarchy] Guessing prefab name from root entity name: 'GameOverUI' -> 'GameOverUI.prefab'
[22:46:50.389] [error] Script component not found for Entity ID: 25
[22:46:50.389] [error] Script component not found for Entity ID: 25
[22:46:50.389] [error] Script component not found for Entity ID: 25
[22:46:50.390] [error] Script component not found for Entity ID: 25
[22:46:50.390] [info] [UI Hierarchy] Guessing prefab name from root entity name: 'GameOverUI' -> 'GameOverUI.prefab'
[22:46:50.405] [info] [UI Hierarchy] Guessing prefab name from root entity name: 'GameOverUI' -> 'GameOverUI.prefab'
[22:46:50.406] [error] Script component not found for Entity ID: 25
[22:46:50.406] [error] Script component not found for Entity ID: 25
[22:46:50.406] [error] Script component not found for Entity ID: 25
[22:46:50.406] [error] Script component not found for Entity ID: 25
[22:46:50.406] [info] [UI Hierarchy] Guessing prefab name from root entity name: 'GameOverUI' -> 'GameOverUI.prefab'
[22:46:50.422] [info] [UI Hierarchy] Guessing prefab name from root entity name: 'GameOverUI' -> 'GameOverUI.prefab'
[22:46:50.422] [error] Script component not found for Entity ID: 25
[22:46:50.422] [error] Script component not found for Entity ID: 25
[22:46:50.423] [error] Script component not found for Entity ID: 25
[22:46:50.423] [error] Script component not found for Entity ID: 25
[22:46:50.423] [info] [UI Hierarchy] Guessing prefab name from root entity name: 'GameOverUI' -> 'GameOverUI.prefab'
[22:46:50.438] [info] [UI Hierarchy] Guessing prefab name from root entity name: 'GameOverUI' -> 'GameOverUI.prefab'
[22:46:50.438] [error] Script component not found for Entity ID: 25
[22:46:50.439] [error] Script component not found for Entity ID: 25
[22:46:50.439] [error] Script component not found for Entity ID: 25
[22:46:50.439] [error] Script component not found for Entity ID: 25
[22:46:50.439] [info] [UI Hierarchy] Guessing prefab name from root entity name: 'GameOverUI' -> 'GameOverUI.prefab'
[22:46:50.455] [info] [UI Hierarchy] Guessing prefab name from root entity name: 'GameOverUI' -> 'GameOverUI.prefab'
[22:46:50.455] [error] Script component not found for Entity ID: 25
[22:46:50.456] [error] Script component not found for Entity ID: 25
[22:46:50.456] [error] Script component not found for Entity ID: 25
[22:46:50.456] [error] Script component not found for Entity ID: 25
[22:46:50.456] [info] [UI Hierarchy] Guessing prefab name from root entity name: 'GameOverUI' -> 'GameOverUI.prefab'
[22:46:50.472] [info] [UI Hierarchy] Guessing prefab name from root entity name: 'GameOverUI' -> 'GameOverUI.prefab'
[22:46:50.472] [error] Script component not found for Entity ID: 25
[22:46:50.473] [error] Script component not found for Entity ID: 25
[22:46:50.473] [error] Script component not found for Entity ID: 25
[22:46:50.473] [error] Script component not found for Entity ID: 25
[22:46:50.473] [info] [UI Hierarchy] Guessing prefab name from root entity name: 'GameOverUI' -> 'GameOverUI.prefab'
[22:46:50.489] [info] [UI Hierarchy] Guessing prefab name from root entity name: 'GameOverUI' -> 'GameOverUI.prefab'
[22:46:50.489] [error] Script component not found for Entity ID: 25
[22:46:50.489] [error] Script component not found for Entity ID: 25
[22:46:50.489] [error] Script component not found for Entity ID: 25
[22:46:50.490] [error] Script component not found for Entity ID: 25
[22:46:50.490] [info] [UI Hierarchy] Guessing prefab name from root entity name: 'GameOverUI' -> 'GameOverUI.prefab'
[22:46:50.505] [info] [UI Hierarchy] Guessing prefab name from root entity name: 'GameOverUI' -> 'GameOverUI.prefab'
[22:46:50.506] [error] Script component not found for Entity ID: 25
[22:46:50.506] [error] Script component not found for Entity ID: 25
[22:46:50.506] [error] Script component not found for Entity ID: 25
[22:46:50.506] [error] Script component not found for Entity ID: 25
[22:46:50.506] [info] [UI Hierarchy] Guessing prefab name from root entity name: 'GameOverUI' -> 'GameOverUI.prefab'
[22:46:50.521] [info] [UI Hierarchy] Guessing prefab name from root entity name: 'GameOverUI' -> 'GameOverUI.prefab'
[22:46:50.522] [error] Script component not found for Entity ID: 25
[22:46:50.522] [error] Script component not found for Entity ID: 25
[22:46:50.522] [error] Script component not found for Entity ID: 25
[22:46:50.522] [error] Script component not found for Entity ID: 25
[22:46:50.523] [info] [UI Hierarchy] Guessing prefab name from root entity name: 'GameOverUI' -> 'GameOverUI.prefab'
[22:46:50.538] [info] [UI Hierarchy] Guessing prefab name from root entity name: 'GameOverUI' -> 'GameOverUI.prefab'
[22:46:50.539] [error] Script component not found for Entity ID: 25
[22:46:50.539] [error] Script component not found for Entity ID: 25
[22:46:50.539] [error] Script component not found for Entity ID: 25
[22:46:50.539] [error] Script component not found for Entity ID: 25
[22:46:50.539] [info] [UI Hierarchy] Guessing prefab name from root entity name: 'GameOverUI' -> 'GameOverUI.prefab'
[22:46:50.657] [info] [UI Hierarchy] Guessing prefab name from root entity name: 'GameOverUI' -> 'GameOverUI.prefab'
[22:46:50.657] [error] Script component not found for Entity ID: 25
[22:46:50.658] [error] Script component not found for Entity ID: 25
[22:46:50.658] [error] Script component not found for Entity ID: 25
[22:46:50.658] [error] Script component not found for Entity ID: 25
[22:46:50.658] [info] [UI Hierarchy] Guessing prefab name from root entity name: 'GameOverUI' -> 'GameOverUI.prefab'
[22:46:50.666] [info] [UI Hierarchy] Guessing prefab name from root entity name: 'GameOverUI' -> 'GameOverUI.prefab'
[22:46:50.667] [error] Script component not found for Entity ID: 25
[22:46:50.667] [error] Script component not found for Entity ID: 25
[22:46:50.667] [error] Script component not found for Entity ID: 25
[22:46:50.667] [error] Script component not found for Entity ID: 25
[22:46:50.668] [info] [UI Hierarchy] Guessing prefab name from root entity name: 'GameOverUI' -> 'GameOverUI.prefab'
[22:46:50.719] [info] Logger finalized.
